ISO-10303-21;
HEADER;
/* Generated by software containing ST-Developer
 * from STEP Tools, Inc. (www.steptools.com) 
 */

FILE_DESCRIPTION(
/* description */ (''),
/* implementation_level */ '2;1');

FILE_NAME(
/* name */ 'ShootexGun2 full With Electronics.step',
/* time_stamp */ '2026-06-07T13:42:47+05:30',
/* author */ (''),
/* organization */ (''),
/* preprocessor_version */ 'ST-DEVELOPER v20.1',
/* originating_system */ 'Autodesk Translation Framework v15.8.0.0',
/* authorisation */ '');

FILE_SCHEMA (('AUTOMOTIVE_DESIGN { 1 0 10303 214 3 1 1 }'));
ENDSEC;

DATA;
#10=MECHANICAL_DESIGN_GEOMETRIC_PRESENTATION_REPRESENTATION('',(#374,#375,
#376,#377,#378,#379,#380,#381,#382,#383,#384,#385,#386,#387,#388,#389,#390),
#9180);
#11=ITEM_DEFINED_TRANSFORMATION($,$,#4995,#5397);
#12=ITEM_DEFINED_TRANSFORMATION($,$,#5002,#5398);
#13=ITEM_DEFINED_TRANSFORMATION($,$,#5009,#5399);
#14=ITEM_DEFINED_TRANSFORMATION($,$,#5026,#5400);
#15=ITEM_DEFINED_TRANSFORMATION($,$,#5045,#5401);
#16=ITEM_DEFINED_TRANSFORMATION($,$,#5068,#5402);
#17=ITEM_DEFINED_TRANSFORMATION($,$,#5091,#5403);
#18=ITEM_DEFINED_TRANSFORMATION($,$,#5168,#5404);
#19=ITEM_DEFINED_TRANSFORMATION($,$,#5181,#5405);
#20=ITEM_DEFINED_TRANSFORMATION($,$,#5237,#5406);
#21=(
REPRESENTATION_RELATIONSHIP($,$,#9218,#9217)
REPRESENTATION_RELATIONSHIP_WITH_TRANSFORMATION(#11)
SHAPE_REPRESENTATION_RELATIONSHIP()
);
#22=(
REPRESENTATION_RELATIONSHIP($,$,#9219,#9217)
REPRESENTATION_RELATIONSHIP_WITH_TRANSFORMATION(#12)
SHAPE_REPRESENTATION_RELATIONSHIP()
);
#23=(
REPRESENTATION_RELATIONSHIP($,$,#9220,#9217)
REPRESENTATION_RELATIONSHIP_WITH_TRANSFORMATION(#13)
SHAPE_REPRESENTATION_RELATIONSHIP()
);
#24=(
REPRESENTATION_RELATIONSHIP($,$,#9221,#9217)
REPRESENTATION_RELATIONSHIP_WITH_TRANSFORMATION(#14)
SHAPE_REPRESENTATION_RELATIONSHIP()
);
#25=(
REPRESENTATION_RELATIONSHIP($,$,#9222,#9217)
REPRESENTATION_RELATIONSHIP_WITH_TRANSFORMATION(#15)
SHAPE_REPRESENTATION_RELATIONSHIP()
);
#26=(
REPRESENTATION_RELATIONSHIP($,$,#9223,#9217)
REPRESENTATION_RELATIONSHIP_WITH_TRANSFORMATION(#16)
SHAPE_REPRESENTATION_RELATIONSHIP()
);
#27=(
REPRESENTATION_RELATIONSHIP($,$,#9224,#9217)
REPRESENTATION_RELATIONSHIP_WITH_TRANSFORMATION(#17)
SHAPE_REPRESENTATION_RELATIONSHIP()
);
#28=(
REPRESENTATION_RELATIONSHIP($,$,#9225,#9217)
REPRESENTATION_RELATIONSHIP_WITH_TRANSFORMATION(#18)
SHAPE_REPRESENTATION_RELATIONSHIP()
);
#29=(
REPRESENTATION_RELATIONSHIP($,$,#9226,#9217)
REPRESENTATION_RELATIONSHIP_WITH_TRANSFORMATION(#19)
SHAPE_REPRESENTATION_RELATIONSHIP()
);
#30=(
REPRESENTATION_RELATIONSHIP($,$,#9227,#9217)
REPRESENTATION_RELATIONSHIP_WITH_TRANSFORMATION(#20)
SHAPE_REPRESENTATION_RELATIONSHIP()
);
#31=CONTEXT_DEPENDENT_SHAPE_REPRESENTATION(#21,#9207);
#32=CONTEXT_DEPENDENT_SHAPE_REPRESENTATION(#22,#9208);
#33=CONTEXT_DEPENDENT_SHAPE_REPRESENTATION(#23,#9209);
#34=CONTEXT_DEPENDENT_SHAPE_REPRESENTATION(#24,#9210);
#35=CONTEXT_DEPENDENT_SHAPE_REPRESENTATION(#25,#9211);
#36=CONTEXT_DEPENDENT_SHAPE_REPRESENTATION(#26,#9212);
#37=CONTEXT_DEPENDENT_SHAPE_REPRESENTATION(#27,#9213);
#38=CONTEXT_DEPENDENT_SHAPE_REPRESENTATION(#28,#9214);
#39=CONTEXT_DEPENDENT_SHAPE_REPRESENTATION(#29,#9215);
#40=CONTEXT_DEPENDENT_SHAPE_REPRESENTATION(#30,#9216);
#41=NEXT_ASSEMBLY_USAGE_OCCURRENCE('Component1:1','Component1:1',
'Component1:1',#9229,#9230,'Component1:1');
#42=NEXT_ASSEMBLY_USAGE_OCCURRENCE('Component2:1','Component2:1',
'Component2:1',#9229,#9231,'Component2:1');
#43=NEXT_ASSEMBLY_USAGE_OCCURRENCE('Component3:1','Component3:1',
'Component3:1',#9229,#9232,'Component3:1');
#44=NEXT_ASSEMBLY_USAGE_OCCURRENCE('Component4:1','Component4:1',
'Component4:1',#9229,#9233,'Component4:1');
#45=NEXT_ASSEMBLY_USAGE_OCCURRENCE('Component5:1','Component5:1',
'Component5:1',#9229,#9234,'Component5:1');
#46=NEXT_ASSEMBLY_USAGE_OCCURRENCE('Component6:1','Component6:1',
'Component6:1',#9229,#9235,'Component6:1');
#47=NEXT_ASSEMBLY_USAGE_OCCURRENCE('Component7:1','Component7:1',
'Component7:1',#9229,#9236,'Component7:1');
#48=NEXT_ASSEMBLY_USAGE_OCCURRENCE('Component8:1','Component8:1',
'Component8:1',#9229,#9237,'Component8:1');
#49=NEXT_ASSEMBLY_USAGE_OCCURRENCE('Component9:1','Component9:1',
'Component9:1',#9229,#9238,'Component9:1');
#50=NEXT_ASSEMBLY_USAGE_OCCURRENCE('Component10:1','Component10:1',
'Component10:1',#9229,#9239,'Component10:1');
#51=(
BOUNDED_CURVE()
B_SPLINE_CURVE(3,(#7729,#7730,#7731,#7732,#7733,#7734,#7735,#7736,#7737,
#7738,#7739,#7740,#7741,#7742,#7743,#7744,#7745,#7746,#7747,#7748,#7749,
#7750,#7751,#7752,#7753,#7754,#7755,#7756,#7757,#7758,#7759,#7760,#7761,
#7762,#7763,#7764,#7765,#7766,#7767,#7768,#7769,#7770,#7771),
 .UNSPECIFIED.,.F.,.F.)
B_SPLINE_CURVE_WITH_KNOTS((4,3,3,3,3,3,3,3,3,3,3,3,3,3,4),(0.,1.,1.1925601750547,
1.38512035010941,1.57768052516411,1.76746101695497,1.9756073627901,2.17943868758884,
2.37770778443389,2.57597688127894,3.18692235411543,3.32063872175512,3.4543550893948,
3.59004523707864,3.72573538476247),.UNSPECIFIED.)
CURVE()
GEOMETRIC_REPRESENTATION_ITEM()
RATIONAL_B_SPLINE_CURVE((1.,1.,1.,1.,1.,1.,1.,1.,1.,1.,1.,1.,1.,1.,1.,1.,
1.,1.,1.,1.,1.,1.,1.,1.,1.,1.,1.,1.,1.,1.,1.,1.,1.,1.,1.,1.,1.,1.,1.,1.,
1.,1.,1.))
REPRESENTATION_ITEM('')
);
#52=(
BOUNDED_CURVE()
B_SPLINE_CURVE(3,(#7775,#7776,#7777,#7778,#7779,#7780,#7781,#7782,#7783,
#7784,#7785,#7786,#7787,#7788,#7789,#7790,#7791,#7792,#7793,#7794,#7795,
#7796,#7797,#7798,#7799,#7800,#7801,#7802,#7803,#7804,#7805,#7806,#7807,
#7808,#7809,#7810,#7811,#7812,#7813,#7814,#7815,#7816,#7817),
 .UNSPECIFIED.,.F.,.F.)
B_SPLINE_CURVE_WITH_KNOTS((4,3,3,3,3,3,3,3,3,3,3,3,3,3,4),(-3.72573538476247,
-3.59004523707864,-3.4543550893948,-3.32063872175512,-3.18692235411543,
-2.57597688127894,-2.37770778443389,-2.17943868758884,-1.9756073627901,
-1.76746101695497,-1.57768052516411,-1.38512035010941,-1.1925601750547,
-1.,0.),.UNSPECIFIED.)
CURVE()
GEOMETRIC_REPRESENTATION_ITEM()
RATIONAL_B_SPLINE_CURVE((1.,1.,1.,1.,1.,1.,1.,1.,1.,1.,1.,1.,1.,1.,1.,1.,
1.,1.,1.,1.,1.,1.,1.,1.,1.,1.,1.,1.,1.,1.,1.,1.,1.,1.,1.,1.,1.,1.,1.,1.,
1.,1.,1.))
REPRESENTATION_ITEM('')
);
#53=(
BOUNDED_CURVE()
B_SPLINE_CURVE(3,(#7886,#7887,#7888,#7889,#7890,#7891,#7892,#7893,#7894,
#7895,#7896,#7897,#7898,#7899,#7900,#7901),.UNSPECIFIED.,.F.,.F.)
B_SPLINE_CURVE_WITH_KNOTS((4,3,3,3,3,4),(0.,1.,25.0000000000001,47.8270846719645,
69.6119372222909,91.8282148732621),.UNSPECIFIED.)
CURVE()
GEOMETRIC_REPRESENTATION_ITEM()
RATIONAL_B_SPLINE_CURVE((1.,1.,1.,1.,1.,1.,1.,1.,1.,1.,1.,1.,1.,1.,1.,1.))
REPRESENTATION_ITEM('')
);
#54=(
BOUNDED_CURVE()
B_SPLINE_CURVE(3,(#7903,#7904,#7905,#7906,#7907,#7908,#7909,#7910,#7911,
#7912,#7913,#7914,#7915,#7916,#7917,#7918),.UNSPECIFIED.,.F.,.F.)
B_SPLINE_CURVE_WITH_KNOTS((4,3,3,3,3,4),(-91.8282148732621,-69.6119372222909,
-47.8270846719645,-25.0000000000001,-1.,0.),.UNSPECIFIED.)
CURVE()
GEOMETRIC_REPRESENTATION_ITEM()
RATIONAL_B_SPLINE_CURVE((1.,1.,1.,1.,1.,1.,1.,1.,1.,1.,1.,1.,1.,1.,1.,1.))
REPRESENTATION_ITEM('')
);
#55=(
BOUNDED_CURVE()
B_SPLINE_CURVE(3,(#7975,#7976,#7977,#7978,#7979,#7980,#7981,#7982,#7983,
#7984,#7985,#7986,#7987,#7988,#7989,#7990),.UNSPECIFIED.,.F.,.F.)
B_SPLINE_CURVE_WITH_KNOTS((4,3,3,3,3,4),(0.,1.,2.04532130429522,3.09064260859044,
4.13596391288566,4.69346860850978),.UNSPECIFIED.)
CURVE()
GEOMETRIC_REPRESENTATION_ITEM()
RATIONAL_B_SPLINE_CURVE((1.,1.,1.,1.,1.,1.,1.,1.,1.,1.,1.,1.,1.,1.,1.,1.))
REPRESENTATION_ITEM('')
);
#56=(
BOUNDED_CURVE()
B_SPLINE_CURVE(3,(#7992,#7993,#7994,#7995,#7996,#7997,#7998,#7999,#8000,
#8001,#8002,#8003,#8004,#8005,#8006,#8007),.UNSPECIFIED.,.F.,.F.)
B_SPLINE_CURVE_WITH_KNOTS((4,3,3,3,3,4),(-4.69346860850978,-4.13596391288566,
-3.09064260859044,-2.04532130429522,-1.,0.),.UNSPECIFIED.)
CURVE()
GEOMETRIC_REPRESENTATION_ITEM()
RATIONAL_B_SPLINE_CURVE((1.,1.,1.,1.,1.,1.,1.,1.,1.,1.,1.,1.,1.,1.,1.,1.))
REPRESENTATION_ITEM('')
);
#57=(
BOUNDED_CURVE()
B_SPLINE_CURVE(3,(#8060,#8061,#8062,#8063,#8064,#8065,#8066,#8067,#8068,
#8069),.UNSPECIFIED.,.F.,.F.)
B_SPLINE_CURVE_WITH_KNOTS((4,3,3,4),(0.,1.,2.00000000000001,3.15036028522015),
 .UNSPECIFIED.)
CURVE()
GEOMETRIC_REPRESENTATION_ITEM()
RATIONAL_B_SPLINE_CURVE((1.,1.,1.,1.,1.,1.,1.,1.,1.,1.))
REPRESENTATION_ITEM('')
);
#58=(
BOUNDED_CURVE()
B_SPLINE_CURVE(3,(#8071,#8072,#8073,#8074,#8075,#8076,#8077,#8078,#8079,
#8080),.UNSPECIFIED.,.F.,.F.)
B_SPLINE_CURVE_WITH_KNOTS((4,3,3,4),(-3.15036028522015,-2.00000000000001,
-1.,0.),.UNSPECIFIED.)
CURVE()
GEOMETRIC_REPRESENTATION_ITEM()
RATIONAL_B_SPLINE_CURVE((1.,1.,1.,1.,1.,1.,1.,1.,1.,1.))
REPRESENTATION_ITEM('')
);
#59=(
BOUNDED_CURVE()
B_SPLINE_CURVE(3,(#8201,#8202,#8203,#8204,#8205,#8206,#8207,#8208,#8209,
#8210,#8211,#8212,#8213,#8214,#8215,#8216,#8217,#8218,#8219,#8220,#8221,
#8222,#8223,#8224,#8225,#8226,#8227,#8228,#8229,#8230,#8231,#8232,#8233,
#8234,#8235,#8236,#8237,#8238,#8239,#8240),.UNSPECIFIED.,.F.,.F.)
B_SPLINE_CURVE_WITH_KNOTS((4,3,3,3,3,3,3,3,3,3,3,3,3,4),(0.,1.,2.02293540415127,
3.09353277152369,4.20066285008639,6.06894485766093,7.88501982778192,9.6435741946076,
11.4021285614333,15.4468036051324,16.2758363780645,17.1165988148965,17.9233605223576,
18.7301222298187),.UNSPECIFIED.)
CURVE()
GEOMETRIC_REPRESENTATION_ITEM()
RATIONAL_B_SPLINE_CURVE((1.,1.,1.,1.,1.,1.,1.,1.,1.,1.,1.,1.,1.,1.,1.,1.,
1.,1.,1.,1.,1.,1.,1.,1.,1.,1.,1.,1.,1.,1.,1.,1.,1.,1.,1.,1.,1.,1.,1.,1.))
REPRESENTATION_ITEM('')
);
#60=(
BOUNDED_CURVE()
B_SPLINE_CURVE(3,(#8242,#8243,#8244,#8245,#8246,#8247,#8248,#8249,#8250,
#8251,#8252,#8253,#8254,#8255,#8256,#8257,#8258,#8259,#8260,#8261,#8262,
#8263,#8264,#8265,#8266,#8267,#8268,#8269,#8270,#8271,#8272,#8273,#8274,
#8275,#8276,#8277,#8278,#8279,#8280,#8281),.UNSPECIFIED.,.F.,.F.)
B_SPLINE_CURVE_WITH_KNOTS((4,3,3,3,3,3,3,3,3,3,3,3,3,4),(-18.7301222298187,
-17.9233605223576,-17.1165988148965,-16.2758363780645,-15.4468036051324,
-11.4021285614333,-9.6435741946076,-7.88501982778192,-6.06894485766093,
-4.20066285008639,-3.09353277152369,-2.02293540415127,-1.,0.),
 .UNSPECIFIED.)
CURVE()
GEOMETRIC_REPRESENTATION_ITEM()
RATIONAL_B_SPLINE_CURVE((1.,1.,1.,1.,1.,1.,1.,1.,1.,1.,1.,1.,1.,1.,1.,1.,
1.,1.,1.,1.,1.,1.,1.,1.,1.,1.,1.,1.,1.,1.,1.,1.,1.,1.,1.,1.,1.,1.,1.,1.))
REPRESENTATION_ITEM('')
);
#61=B_SPLINE_SURFACE_WITH_KNOTS('',3,3,((#7607,#7608,#7609,#7610),(#7611,
#7612,#7613,#7614),(#7615,#7616,#7617,#7618),(#7619,#7620,#7621,#7622),
(#7623,#7624,#7625,#7626),(#7627,#7628,#7629,#7630),(#7631,#7632,#7633,
#7634),(#7635,#7636,#7637,#7638),(#7639,#7640,#7641,#7642),(#7643,#7644,
#7645,#7646),(#7647,#7648,#7649,#7650),(#7651,#7652,#7653,#7654),(#7655,
#7656,#7657,#7658),(#7659,#7660,#7661,#7662),(#7663,#7664,#7665,#7666),
(#7667,#7668,#7669,#7670),(#7671,#7672,#7673,#7674),(#7675,#7676,#7677,
#7678),(#7679,#7680,#7681,#7682),(#7683,#7684,#7685,#7686),(#7687,#7688,
#7689,#7690),(#7691,#7692,#7693,#7694),(#7695,#7696,#7697,#7698),(#7699,
#7700,#7701,#7702),(#7703,#7704,#7705,#7706),(#7707,#7708,#7709,#7710),
(#7711,#7712,#7713,#7714),(#7715,#7716,#7717,#7718),(#7719,#7720,#7721,
#7722),(#7723,#7724,#7725,#7726)),.UNSPECIFIED.,.F.,.F.,.F.,(4,2,2,2,2,
2,2,2,2,2,2,2,2,2,4),(4,4),(-3.72573538476247,-3.59004523707864,-3.4543550893948,
-3.32063872175512,-3.18692235411543,-2.57597688127894,-2.37770778443389,
-2.17943868758884,-1.9756073627901,-1.76746101695497,-1.57768052516411,
-1.38512035010941,-1.1925601750547,-1.,0.),(0.,10.),.UNSPECIFIED.);
#62=B_SPLINE_SURFACE_WITH_KNOTS('',3,3,((#7837,#7838,#7839,#7840),(#7841,
#7842,#7843,#7844),(#7845,#7846,#7847,#7848),(#7849,#7850,#7851,#7852),
(#7853,#7854,#7855,#7856),(#7857,#7858,#7859,#7860),(#7861,#7862,#7863,
#7864),(#7865,#7866,#7867,#7868),(#7869,#7870,#7871,#7872),(#7873,#7874,
#7875,#7876),(#7877,#7878,#7879,#7880),(#7881,#7882,#7883,#7884)),
 .UNSPECIFIED.,.F.,.F.,.F.,(4,2,2,2,2,4),(4,4),(-91.8282148732621,-69.6119372222909,
-47.8270846719645,-25.0000000000001,-1.,0.),(0.,10.),.UNSPECIFIED.);
#63=B_SPLINE_SURFACE_WITH_KNOTS('',3,3,((#7926,#7927,#7928,#7929),(#7930,
#7931,#7932,#7933),(#7934,#7935,#7936,#7937),(#7938,#7939,#7940,#7941),
(#7942,#7943,#7944,#7945),(#7946,#7947,#7948,#7949),(#7950,#7951,#7952,
#7953),(#7954,#7955,#7956,#7957),(#7958,#7959,#7960,#7961),(#7962,#7963,
#7964,#7965),(#7966,#7967,#7968,#7969),(#7970,#7971,#7972,#7973)),
 .UNSPECIFIED.,.F.,.F.,.F.,(4,2,2,2,2,4),(4,4),(-4.69346860850978,-4.13596391288566,
-3.09064260859044,-2.04532130429522,-1.,0.),(0.,10.),.UNSPECIFIED.);
#64=B_SPLINE_SURFACE_WITH_KNOTS('',3,3,((#8027,#8028,#8029,#8030),(#8031,
#8032,#8033,#8034),(#8035,#8036,#8037,#8038),(#8039,#8040,#8041,#8042),
(#8043,#8044,#8045,#8046),(#8047,#8048,#8049,#8050),(#8051,#8052,#8053,
#8054),(#8055,#8056,#8057,#8058)),.UNSPECIFIED.,.F.,.F.,.F.,(4,2,2,4),(4,
4),(-3.15036028522015,-2.00000000000001,-1.,0.),(0.,10.),.UNSPECIFIED.);
#65=B_SPLINE_SURFACE_WITH_KNOTS('',3,3,((#8088,#8089,#8090,#8091),(#8092,
#8093,#8094,#8095),(#8096,#8097,#8098,#8099),(#8100,#8101,#8102,#8103),
(#8104,#8105,#8106,#8107),(#8108,#8109,#8110,#8111),(#8112,#8113,#8114,
#8115),(#8116,#8117,#8118,#8119),(#8120,#8121,#8122,#8123),(#8124,#8125,
#8126,#8127),(#8128,#8129,#8130,#8131),(#8132,#8133,#8134,#8135),(#8136,
#8137,#8138,#8139),(#8140,#8141,#8142,#8143),(#8144,#8145,#8146,#8147),
(#8148,#8149,#8150,#8151),(#8152,#8153,#8154,#8155),(#8156,#8157,#8158,
#8159),(#8160,#8161,#8162,#8163),(#8164,#8165,#8166,#8167),(#8168,#8169,
#8170,#8171),(#8172,#8173,#8174,#8175),(#8176,#8177,#8178,#8179),(#8180,
#8181,#8182,#8183),(#8184,#8185,#8186,#8187),(#8188,#8189,#8190,#8191),
(#8192,#8193,#8194,#8195),(#8196,#8197,#8198,#8199)),.UNSPECIFIED.,.F.,
 .F.,.F.,(4,2,2,2,2,2,2,2,2,2,2,2,2,4),(4,4),(-18.7301222298187,-17.9233605223576,
-17.1165988148965,-16.2758363780645,-15.4468036051324,-11.4021285614333,
-9.6435741946076,-7.88501982778192,-6.06894485766093,-4.20066285008639,
-3.09353277152369,-2.02293540415127,-1.,0.),(0.,10.),.UNSPECIFIED.);
#66=CIRCLE('',#5028,0.05085);
#67=CIRCLE('',#5029,0.05085);
#68=CIRCLE('',#5031,0.05085);
#69=CIRCLE('',#5032,0.05085);
#70=CIRCLE('',#5034,0.05085);
#71=CIRCLE('',#5035,0.05085);
#72=CIRCLE('',#5037,0.05085);
#73=CIRCLE('',#5038,0.05085);
#74=CIRCLE('',#5047,0.035850000000032);
#75=CIRCLE('',#5048,0.035850000000032);
#76=CIRCLE('',#5070,0.035850000000032);
#77=CIRCLE('',#5071,0.035850000000032);
#78=CIRCLE('',#5133,0.10085);
#79=CIRCLE('',#5134,0.10085);
#80=CIRCLE('',#5135,0.10085);
#81=CIRCLE('',#5136,0.10085);
#82=CIRCLE('',#5140,0.10085);
#83=CIRCLE('',#5142,0.10085);
#84=CIRCLE('',#5144,0.10085);
#85=CIRCLE('',#5146,0.10085);
#86=CIRCLE('',#5239,0.05085);
#87=CIRCLE('',#5240,0.05085);
#88=CIRCLE('',#5243,0.05085);
#89=CIRCLE('',#5244,0.05085);
#90=CIRCLE('',#5247,0.05085);
#91=CIRCLE('',#5248,0.05085);
#92=CIRCLE('',#5251,0.05085);
#93=CIRCLE('',#5252,0.05085);
#94=CIRCLE('',#5257,0.25085);
#95=CIRCLE('',#5258,0.25085);
#96=CIRCLE('',#5261,0.25085);
#97=CIRCLE('',#5296,0.25085);
#98=CIRCLE('',#5301,0.25085);
#99=CIRCLE('',#5303,0.25085);
#100=CIRCLE('',#5305,0.25085);
#101=CIRCLE('',#5307,0.25085);
#102=CIRCLE('',#5309,0.25085);
#103=CIRCLE('',#5313,0.25085);
#104=CIRCLE('',#5315,0.035850000000032);
#105=CIRCLE('',#5316,0.035850000000032);
#106=CIRCLE('',#5318,0.035850000000032);
#107=CIRCLE('',#5319,0.035850000000032);
#108=CIRCLE('',#5321,0.10085);
#109=CIRCLE('',#5322,0.10085);
#110=CIRCLE('',#5325,0.10085);
#111=CIRCLE('',#5326,0.10085);
#112=CIRCLE('',#5329,0.10085);
#113=CIRCLE('',#5330,0.10085);
#114=CIRCLE('',#5333,0.10085);
#115=CIRCLE('',#5334,0.10085);
#116=CIRCLE('',#5353,0.35085);
#117=CIRCLE('',#5356,0.35085);
#118=CYLINDRICAL_SURFACE('',#5027,0.05085);
#119=CYLINDRICAL_SURFACE('',#5030,0.05085);
#120=CYLINDRICAL_SURFACE('',#5033,0.05085);
#121=CYLINDRICAL_SURFACE('',#5036,0.05085);
#122=CYLINDRICAL_SURFACE('',#5046,0.035850000000032);
#123=CYLINDRICAL_SURFACE('',#5069,0.035850000000032);
#124=CYLINDRICAL_SURFACE('',#5139,0.10085);
#125=CYLINDRICAL_SURFACE('',#5141,0.10085);
#126=CYLINDRICAL_SURFACE('',#5143,0.10085);
#127=CYLINDRICAL_SURFACE('',#5145,0.10085);
#128=CYLINDRICAL_SURFACE('',#5238,0.05085);
#129=CYLINDRICAL_SURFACE('',#5242,0.05085);
#130=CYLINDRICAL_SURFACE('',#5246,0.05085);
#131=CYLINDRICAL_SURFACE('',#5250,0.05085);
#132=CYLINDRICAL_SURFACE('',#5304,0.25085);
#133=CYLINDRICAL_SURFACE('',#5306,0.25085);
#134=CYLINDRICAL_SURFACE('',#5314,0.035850000000032);
#135=CYLINDRICAL_SURFACE('',#5317,0.035850000000032);
#136=CYLINDRICAL_SURFACE('',#5320,0.10085);
#137=CYLINDRICAL_SURFACE('',#5324,0.10085);
#138=CYLINDRICAL_SURFACE('',#5328,0.10085);
#139=CYLINDRICAL_SURFACE('',#5332,0.10085);
#140=CYLINDRICAL_SURFACE('',#5355,0.35085);
#141=CYLINDRICAL_SURFACE('',#5357,0.25085);
#142=FACE_BOUND('',#699,.T.);
#143=FACE_BOUND('',#702,.T.);
#144=FACE_BOUND('',#704,.T.);
#145=FACE_BOUND('',#709,.T.);
#146=FACE_BOUND('',#718,.T.);
#147=FACE_BOUND('',#719,.T.);
#148=FACE_BOUND('',#720,.T.);
#149=FACE_BOUND('',#721,.T.);
#150=FACE_BOUND('',#724,.T.);
#151=FACE_BOUND('',#725,.T.);
#152=FACE_BOUND('',#726,.T.);
#153=FACE_BOUND('',#727,.T.);
#154=FACE_BOUND('',#734,.T.);
#155=FACE_BOUND('',#736,.T.);
#156=FACE_BOUND('',#740,.T.);
#157=FACE_BOUND('',#748,.T.);
#158=FACE_BOUND('',#750,.T.);
#159=FACE_BOUND('',#756,.T.);
#160=FACE_BOUND('',#758,.T.);
#161=FACE_BOUND('',#762,.T.);
#162=FACE_BOUND('',#770,.T.);
#163=FACE_BOUND('',#772,.T.);
#164=FACE_BOUND('',#814,.T.);
#165=FACE_BOUND('',#815,.T.);
#166=FACE_BOUND('',#816,.T.);
#167=FACE_BOUND('',#817,.T.);
#168=FACE_BOUND('',#818,.T.);
#169=FACE_BOUND('',#819,.T.);
#170=FACE_BOUND('',#840,.T.);
#171=FACE_BOUND('',#841,.T.);
#172=FACE_BOUND('',#842,.T.);
#173=FACE_BOUND('',#843,.T.);
#174=FACE_BOUND('',#844,.T.);
#175=FACE_BOUND('',#845,.T.);
#176=FACE_BOUND('',#846,.T.);
#177=FACE_BOUND('',#847,.T.);
#178=FACE_BOUND('',#848,.T.);
#179=FACE_BOUND('',#849,.T.);
#180=FACE_BOUND('',#850,.T.);
#181=FACE_BOUND('',#851,.T.);
#182=FACE_BOUND('',#852,.T.);
#183=FACE_BOUND('',#853,.T.);
#184=FACE_BOUND('',#854,.T.);
#185=FACE_BOUND('',#862,.T.);
#186=FACE_BOUND('',#863,.T.);
#187=FACE_BOUND('',#864,.T.);
#188=FACE_BOUND('',#865,.T.);
#189=FACE_BOUND('',#866,.T.);
#190=FACE_BOUND('',#867,.T.);
#191=FACE_BOUND('',#868,.T.);
#192=FACE_BOUND('',#869,.T.);
#193=FACE_BOUND('',#870,.T.);
#194=FACE_BOUND('',#900,.T.);
#195=FACE_BOUND('',#902,.T.);
#196=FACE_BOUND('',#904,.T.);
#197=FACE_BOUND('',#906,.T.);
#198=FACE_BOUND('',#908,.T.);
#199=FACE_BOUND('',#912,.T.);
#200=FACE_BOUND('',#914,.T.);
#201=FACE_BOUND('',#917,.T.);
#202=FACE_BOUND('',#922,.T.);
#203=FACE_BOUND('',#936,.T.);
#204=FACE_BOUND('',#948,.T.);
#205=FACE_BOUND('',#950,.T.);
#206=FACE_BOUND('',#952,.T.);
#207=FACE_BOUND('',#955,.T.);
#208=FACE_BOUND('',#973,.T.);
#209=FACE_BOUND('',#974,.T.);
#210=FACE_BOUND('',#975,.T.);
#211=FACE_BOUND('',#976,.T.);
#212=FACE_BOUND('',#978,.T.);
#213=FACE_BOUND('',#979,.T.);
#214=FACE_BOUND('',#980,.T.);
#215=FACE_BOUND('',#985,.T.);
#216=FACE_BOUND('',#986,.T.);
#217=FACE_BOUND('',#991,.T.);
#218=FACE_BOUND('',#993,.T.);
#219=FACE_BOUND('',#994,.T.);
#220=FACE_BOUND('',#995,.T.);
#221=FACE_BOUND('',#996,.T.);
#222=FACE_BOUND('',#997,.T.);
#223=FACE_BOUND('',#1004,.T.);
#224=FACE_BOUND('',#1008,.T.);
#225=FACE_BOUND('',#1012,.T.);
#226=FACE_BOUND('',#1015,.T.);
#227=ELLIPSE('',#5010,0.17420874695884,0.156973526032193);
#228=ELLIPSE('',#5011,0.17420874695884,0.156973526032193);
#229=ELLIPSE('',#5012,0.230184623692719,0.207410662388217);
#230=ELLIPSE('',#5013,0.230184623692719,0.207410662388217);
#231=ELLIPSE('',#5015,0.274282866594056,0.24714289678158);
#232=ELLIPSE('',#5016,0.274282866594056,0.24714289678158);
#233=ELLIPSE('',#5019,0.17420874695884,0.156973526032193);
#234=ELLIPSE('',#5020,0.17420874695884,0.156973526032193);
#235=ELLIPSE('',#5022,0.218306772460227,0.196705571889436);
#236=ELLIPSE('',#5023,0.218306772460227,0.196705571889436);
#237=ELLIPSE('',#5054,0.0290157268490204,0.0129678802338059);
#238=ELLIPSE('',#5055,0.0290157268490204,0.0129678802338059);
#239=ELLIPSE('',#5056,0.0290157268490204,0.0129678802338059);
#240=ELLIPSE('',#5061,0.0290157268490204,0.0129678802338059);
#241=ELLIPSE('',#5064,0.7,0.3);
#242=ELLIPSE('',#5065,0.7,0.3);
#243=ELLIPSE('',#5077,0.0290157268490204,0.0129678802338059);
#244=ELLIPSE('',#5078,0.0290157268490204,0.0129678802338059);
#245=ELLIPSE('',#5079,0.0290157268490204,0.0129678802338059);
#246=ELLIPSE('',#5084,0.0290157268490204,0.0129678802338059);
#247=ELLIPSE('',#5087,0.7,0.3);
#248=ELLIPSE('',#5088,0.7,0.3);
#249=ELLIPSE('',#5183,0.787030362569492,0.265328434343511);
#250=ELLIPSE('',#5184,0.94219268151952,0.317597979460381);
#251=ELLIPSE('',#5186,0.787030362569492,0.265328434343511);
#252=ELLIPSE('',#5187,0.942192681519521,0.317597979460381);
#253=ELLIPSE('',#5189,0.309585539093909,0.264360844087737);
#254=ELLIPSE('',#5190,0.370577291180131,0.316476283341531);
#255=ELLIPSE('',#5192,0.496158371437527,0.262692134213977);
#256=ELLIPSE('',#5193,0.593974186815659,0.314443047355568);
#257=ELLIPSE('',#5195,2.64361905566718,0.280469787180377);
#258=ELLIPSE('',#5196,3.16461609573674,0.335742331380724);
#259=ELLIPSE('',#5198,0.346093903696001,0.277776079159525);
#260=ELLIPSE('',#5199,0.414280777787064,0.332534099084735);
#261=ELLIPSE('',#5201,0.309585539093909,0.264360844087737);
#262=ELLIPSE('',#5202,0.370577291180131,0.316476283341531);
#263=ELLIPSE('',#5204,0.496158371437527,0.262692134213977);
#264=ELLIPSE('',#5205,0.59397418681566,0.314443047355568);
#265=ELLIPSE('',#5207,2.6436190556672,0.280469787180377);
#266=ELLIPSE('',#5208,3.16461609573675,0.335742331380724);
#267=ELLIPSE('',#5210,0.346093903696001,0.277776079159525);
#268=ELLIPSE('',#5211,0.414280777787064,0.332534099084735);
#269=ELLIPSE('',#5212,0.224587015913944,0.202366930801573);
#270=ELLIPSE('',#5213,0.224587015913944,0.202366930801573);
#271=ELLIPSE('',#5214,0.280563106585301,0.252804257252673);
#272=ELLIPSE('',#5215,0.280563106585301,0.252804257252673);
#273=ELLIPSE('',#5217,0.335856558797388,0.302623943941521);
#274=ELLIPSE('',#5218,0.335856558797388,0.302623943941521);
#275=ELLIPSE('',#5221,0.36944220933883,0.332886333525595);
#276=ELLIPSE('',#5222,0.0566587730954449,0.0510549222609265);
#277=ELLIPSE('',#5223,0.0566587730954449,0.0510549222609265);
#278=ELLIPSE('',#5224,0.100756964970068,0.0907871807774174);
#279=ELLIPSE('',#5225,0.100756964970068,0.0907871807774174);
#280=ELLIPSE('',#5228,0.221936032222235,0.199975720630017);
#281=ELLIPSE('',#5231,0.277081650331253,0.249664744131599);
#282=ELLIPSE('',#5232,0.36944220933883,0.332886333525595);
#283=ELLIPSE('',#5234,0.277081650331253,0.249664744131599);
#284=ELLIPSE('',#5236,0.221936032222235,0.199975720630017);
#285=ELLIPSE('',#5254,0.277593629217254,0.250127973888269);
#286=ELLIPSE('',#5255,0.277593629217254,0.250127973888269);
#287=ELLIPSE('',#5259,0.281081534170332,0.25327329782753);
#288=ELLIPSE('',#5262,0.281081534170332,0.25327329782753);
#289=ELLIPSE('',#5263,0.346876973666746,0.278282811724652);
#290=ELLIPSE('',#5264,2.65078863777774,0.280989460472514);
#291=ELLIPSE('',#5265,0.497372061287137,0.263191634395258);
#292=ELLIPSE('',#5266,0.310226952937252,0.264846182542242);
#293=ELLIPSE('',#5267,0.789087023466454,0.265832552055488);
#294=ELLIPSE('',#5268,0.789087023466453,0.265832552055488);
#295=ELLIPSE('',#5269,0.310226952937252,0.264846182542242);
#296=ELLIPSE('',#5270,0.497372061287137,0.263191634395258);
#297=ELLIPSE('',#5271,2.65078863777775,0.280989460472514);
#298=ELLIPSE('',#5272,0.346876973666746,0.278282811724652);
#299=ELLIPSE('',#5274,0.944654811390602,0.318201408013161);
#300=ELLIPSE('',#5276,0.944654811390603,0.318201408013161);
#301=ELLIPSE('',#5278,0.371345056257711,0.317057312454527);
#302=ELLIPSE('',#5280,0.595427152369337,0.315040949522519);
#303=ELLIPSE('',#5282,3.17319863853934,0.336364417411611);
#304=ELLIPSE('',#5284,0.415218130523699,0.333140721025281);
#305=ELLIPSE('',#5286,0.371345056257711,0.317057312454527);
#306=ELLIPSE('',#5288,0.595427152369337,0.315040949522519);
#307=ELLIPSE('',#5290,3.17319863853935,0.336364417411611);
#308=ELLIPSE('',#5292,0.415218130523699,0.333140721025281);
#309=ELLIPSE('',#5293,0.336477139289181,0.303185434577303);
#310=ELLIPSE('',#5294,0.336477139289181,0.303185434577303);
#311=ELLIPSE('',#5298,0.370124847869939,0.33350397321603);
#312=ELLIPSE('',#5299,0.370124847869939,0.33350397321603);
#313=ELLIPSE('',#5310,0.274789674014613,0.247601447484592);
#314=ELLIPSE('',#5311,0.274789674014613,0.247601447484592);
#315=ELLIPSE('',#5366,0.230609964206173,0.20779547936117);
#316=ELLIPSE('',#5367,0.230609964206173,0.20779547936117);
#317=ELLIPSE('',#5370,0.174530657791037,0.157264761579828);
#318=ELLIPSE('',#5371,0.174530657791037,0.157264761579828);
#319=ELLIPSE('',#5374,0.0567634804332623,0.0511496356646341);
#320=ELLIPSE('',#5375,0.0567634804332623,0.0511496356646341);
#321=ELLIPSE('',#5378,0.281081534170332,0.25327329782753);
#322=ELLIPSE('',#5379,0.281081534170332,0.25327329782753);
#323=ELLIPSE('',#5382,0.225002013422104,0.202742389598707);
#324=ELLIPSE('',#5383,0.225002013422104,0.202742389598707);
#325=(
BOUNDED_SURFACE()
B_SPLINE_SURFACE(1,2,((#6773,#6774,#6775,#6776,#6777,#6778,#6779,#6780,
#6781),(#6782,#6783,#6784,#6785,#6786,#6787,#6788,#6789,#6790)),
 .UNSPECIFIED.,.F.,.T.,.F.)
B_SPLINE_SURFACE_WITH_KNOTS((2,2),(3,2,2,2,3),(-1.29155406519324,-1.00942125461976),
(-3.14159265358979,-1.5707963267949,0.,1.5707963267949,3.14159265358979),
 .UNSPECIFIED.)
GEOMETRIC_REPRESENTATION_ITEM()
RATIONAL_B_SPLINE_SURFACE(((1.,0.707106781186548,1.,0.707106781186548,1.,
0.707106781186548,1.,0.707106781186548,1.),(1.,0.707106781186548,1.,0.707106781186548,
1.,0.707106781186548,1.,0.707106781186548,1.)))
REPRESENTATION_ITEM('')
SURFACE()
);
#326=(
BOUNDED_SURFACE()
B_SPLINE_SURFACE(1,2,((#6796,#6797,#6798,#6799,#6800,#6801,#6802,#6803,
#6804),(#6805,#6806,#6807,#6808,#6809,#6810,#6811,#6812,#6813)),
 .UNSPECIFIED.,.F.,.T.,.F.)
B_SPLINE_SURFACE_WITH_KNOTS((2,2),(3,2,2,2,3),(-0.43812662702897,7.7715611723761E-16),
(-3.14159265358979,-1.5707963267949,0.,1.5707963267949,3.14159265358979),
 .UNSPECIFIED.)
GEOMETRIC_REPRESENTATION_ITEM()
RATIONAL_B_SPLINE_SURFACE(((1.,0.707106781186548,1.,0.707106781186548,1.,
0.707106781186548,1.,0.707106781186548,1.),(1.,0.707106781186548,1.,0.707106781186548,
1.,0.707106781186548,1.,0.707106781186548,1.)))
REPRESENTATION_ITEM('')
SURFACE()
);
#327=(
BOUNDED_SURFACE()
B_SPLINE_SURFACE(1,2,((#6820,#6821,#6822,#6823,#6824,#6825,#6826,#6827,
#6828),(#6829,#6830,#6831,#6832,#6833,#6834,#6835,#6836,#6837)),
 .UNSPECIFIED.,.F.,.T.,.F.)
B_SPLINE_SURFACE_WITH_KNOTS((2,2),(3,2,2,2,3),(-0.54688073681397,9.99200722162641E-16),
(-3.14159265358979,-1.5707963267949,0.,1.5707963267949,3.14159265358979),
 .UNSPECIFIED.)
GEOMETRIC_REPRESENTATION_ITEM()
RATIONAL_B_SPLINE_SURFACE(((1.,0.707106781186548,1.,0.707106781186548,1.,
0.707106781186548,1.,0.707106781186548,1.),(1.,0.707106781186548,1.,0.707106781186548,
1.,0.707106781186548,1.,0.707106781186548,1.)))
REPRESENTATION_ITEM('')
SURFACE()
);
#328=(
BOUNDED_SURFACE()
B_SPLINE_SURFACE(1,2,((#6845,#6846,#6847,#6848,#6849,#6850,#6851,#6852,
#6853),(#6854,#6855,#6856,#6857,#6858,#6859,#6860,#6861,#6862)),
 .UNSPECIFIED.,.F.,.T.,.F.)
B_SPLINE_SURFACE_WITH_KNOTS((2,2),(3,2,2,2,3),(-1.00942122040527,4.44089209850063E-16),
(-3.14159265358979,-1.5707963267949,0.,1.5707963267949,3.14159265358979),
 .UNSPECIFIED.)
GEOMETRIC_REPRESENTATION_ITEM()
RATIONAL_B_SPLINE_SURFACE(((1.,0.707106781186548,1.,0.707106781186548,1.,
0.707106781186548,1.,0.707106781186548,1.),(1.,0.707106781186548,1.,0.707106781186548,
1.,0.707106781186548,1.,0.707106781186548,1.)))
REPRESENTATION_ITEM('')
SURFACE()
);
#329=(
BOUNDED_SURFACE()
B_SPLINE_SURFACE(1,2,((#6869,#6870,#6871,#6872,#6873,#6874,#6875,#6876,
#6877),(#6878,#6879,#6880,#6881,#6882,#6883,#6884,#6885,#6886)),
 .UNSPECIFIED.,.F.,.T.,.F.)
B_SPLINE_SURFACE_WITH_KNOTS((2,2),(3,2,2,2,3),(-1.03065977674804,6.66133814775094E-16),
(-3.14159265358979,-1.5707963267949,0.,1.5707963267949,3.14159265358979),
 .UNSPECIFIED.)
GEOMETRIC_REPRESENTATION_ITEM()
RATIONAL_B_SPLINE_SURFACE(((1.,0.707106781186548,1.,0.707106781186548,1.,
0.707106781186548,1.,0.707106781186548,1.),(1.,0.707106781186548,1.,0.707106781186548,
1.,0.707106781186548,1.,0.707106781186548,1.)))
REPRESENTATION_ITEM('')
SURFACE()
);
#330=(
BOUNDED_SURFACE()
B_SPLINE_SURFACE(1,2,((#6993,#6994,#6995,#6996,#6997,#6998,#6999),(#7000,
#7001,#7002,#7003,#7004,#7005,#7006)),.UNSPECIFIED.,.F.,.F.,.F.)
B_SPLINE_SURFACE_WITH_KNOTS((2,2),(3,2,2,3),(-17.2622013799392,-0.0292944582923269),
(-0.523242701039229,0.872783317516855,2.26880933607294,3.66483535462902),
 .UNSPECIFIED.)
GEOMETRIC_REPRESENTATION_ITEM()
RATIONAL_B_SPLINE_SURFACE(((1.,0.766120731161137,1.,0.766120731161137,1.,
0.766120731161137,1.),(1.,0.766120731161137,1.,0.766120731161137,1.,0.766120731161137,
1.)))
REPRESENTATION_ITEM('')
SURFACE()
);
#331=(
BOUNDED_SURFACE()
B_SPLINE_SURFACE(1,2,((#7028,#7029,#7030,#7031,#7032,#7033,#7034),(#7035,
#7036,#7037,#7038,#7039,#7040,#7041)),.UNSPECIFIED.,.F.,.F.,.F.)
B_SPLINE_SURFACE_WITH_KNOTS((2,2),(3,2,2,3),(-17.2622013799392,-0.0292944582923269),
(2.61834995255053,4.01437597110664,5.41040198966274,6.80642800821884),
 .UNSPECIFIED.)
GEOMETRIC_REPRESENTATION_ITEM()
RATIONAL_B_SPLINE_SURFACE(((1.,0.766120731161131,1.,0.766120731161131,1.,
0.766120731161131,1.),(1.,0.766120731161131,1.,0.766120731161131,1.,0.766120731161131,
1.)))
REPRESENTATION_ITEM('')
SURFACE()
);
#332=(
BOUNDED_SURFACE()
B_SPLINE_SURFACE(1,2,((#7051,#7052,#7053,#7054,#7055,#7056,#7057,#7058,
#7059),(#7060,#7061,#7062,#7063,#7064,#7065,#7066,#7067,#7068)),
 .UNSPECIFIED.,.F.,.T.,.F.)
B_SPLINE_SURFACE_WITH_KNOTS((2,2),(3,2,2,2,3),(-0.0952380952380959,9.15933995315754E-16),
(-3.14159265358979,-1.5707963267949,0.,1.5707963267949,3.14159265358979),
 .UNSPECIFIED.)
GEOMETRIC_REPRESENTATION_ITEM()
RATIONAL_B_SPLINE_SURFACE(((1.,0.707106781186548,1.,0.707106781186548,1.,
0.707106781186548,1.,0.707106781186548,1.),(1.,0.707106781186548,1.,0.707106781186548,
1.,0.707106781186548,1.,0.707106781186548,1.)))
REPRESENTATION_ITEM('')
SURFACE()
);
#333=(
BOUNDED_SURFACE()
B_SPLINE_SURFACE(1,2,((#7124,#7125,#7126,#7127,#7128,#7129,#7130),(#7131,
#7132,#7133,#7134,#7135,#7136,#7137)),.UNSPECIFIED.,.F.,.F.,.F.)
B_SPLINE_SURFACE_WITH_KNOTS((2,2),(3,2,2,3),(-17.2622013799392,-0.0292944582923269),
(-0.523242701039349,0.872783317516814,2.26880933607298,3.66483535462914),
 .UNSPECIFIED.)
GEOMETRIC_REPRESENTATION_ITEM()
RATIONAL_B_SPLINE_SURFACE(((1.,0.766120731161112,1.,0.766120731161112,1.,
0.766120731161112,1.),(1.,0.766120731161112,1.,0.766120731161112,1.,0.766120731161112,
1.)))
REPRESENTATION_ITEM('')
SURFACE()
);
#334=(
BOUNDED_SURFACE()
B_SPLINE_SURFACE(1,2,((#7159,#7160,#7161,#7162,#7163,#7164,#7165),(#7166,
#7167,#7168,#7169,#7170,#7171,#7172)),.UNSPECIFIED.,.F.,.F.,.F.)
B_SPLINE_SURFACE_WITH_KNOTS((2,2),(3,2,2,3),(-17.2622013799392,-0.0292944582923269),
(2.61834995255053,4.01437597110664,5.41040198966274,6.80642800821884),
 .UNSPECIFIED.)
GEOMETRIC_REPRESENTATION_ITEM()
RATIONAL_B_SPLINE_SURFACE(((1.,0.766120731161131,1.,0.766120731161131,1.,
0.766120731161131,1.),(1.,0.766120731161131,1.,0.766120731161131,1.,0.766120731161131,
1.)))
REPRESENTATION_ITEM('')
SURFACE()
);
#335=(
BOUNDED_SURFACE()
B_SPLINE_SURFACE(1,2,((#7182,#7183,#7184,#7185,#7186,#7187,#7188,#7189,
#7190),(#7191,#7192,#7193,#7194,#7195,#7196,#7197,#7198,#7199)),
 .UNSPECIFIED.,.F.,.T.,.F.)
B_SPLINE_SURFACE_WITH_KNOTS((2,2),(3,2,2,2,3),(-0.0952380952380953,9.15933995315754E-16),
(-3.14159265358979,-1.5707963267949,0.,1.5707963267949,3.14159265358979),
 .UNSPECIFIED.)
GEOMETRIC_REPRESENTATION_ITEM()
RATIONAL_B_SPLINE_SURFACE(((1.,0.707106781186548,1.,0.707106781186548,1.,
0.707106781186548,1.,0.707106781186548,1.),(1.,0.707106781186548,1.,0.707106781186548,
1.,0.707106781186548,1.,0.707106781186548,1.)))
REPRESENTATION_ITEM('')
SURFACE()
);
#336=(
BOUNDED_SURFACE()
B_SPLINE_SURFACE(1,2,((#8355,#8356,#8357,#8358,#8359,#8360,#8361,#8362,
#8363),(#8364,#8365,#8366,#8367,#8368,#8369,#8370,#8371,#8372)),
 .UNSPECIFIED.,.F.,.T.,.F.)
B_SPLINE_SURFACE_WITH_KNOTS((2,2),(3,2,2,2,3),(-0.22263087724611,-0.00378472458232154),
(-3.14159265358979,-1.5707963267949,0.,1.5707963267949,3.14159265358979),
 .UNSPECIFIED.)
GEOMETRIC_REPRESENTATION_ITEM()
RATIONAL_B_SPLINE_SURFACE(((1.,0.707106781186548,1.,0.707106781186548,1.,
0.707106781186548,1.,0.707106781186548,1.),(1.,0.707106781186548,1.,0.707106781186548,
1.,0.707106781186548,1.,0.707106781186548,1.)))
REPRESENTATION_ITEM('')
SURFACE()
);
#337=(
BOUNDED_SURFACE()
B_SPLINE_SURFACE(1,2,((#8378,#8379,#8380,#8381,#8382,#8383,#8384,#8385,
#8386),(#8387,#8388,#8389,#8390,#8391,#8392,#8393,#8394,#8395)),
 .UNSPECIFIED.,.F.,.T.,.F.)
B_SPLINE_SURFACE_WITH_KNOTS((2,2),(3,2,2,2,3),(-1.25052096363985,2.22044604925031E-16),
(-3.14159265358979,-1.5707963267949,0.,1.5707963267949,3.14159265358979),
 .UNSPECIFIED.)
GEOMETRIC_REPRESENTATION_ITEM()
RATIONAL_B_SPLINE_SURFACE(((1.,0.707106781186548,1.,0.707106781186548,1.,
0.707106781186548,1.,0.707106781186548,1.),(1.,0.707106781186548,1.,0.707106781186548,
1.,0.707106781186548,1.,0.707106781186548,1.)))
REPRESENTATION_ITEM('')
SURFACE()
);
#338=(
BOUNDED_SURFACE()
B_SPLINE_SURFACE(1,2,((#8402,#8403,#8404,#8405,#8406,#8407,#8408,#8409,
#8410),(#8411,#8412,#8413,#8414,#8415,#8416,#8417,#8418,#8419)),
 .UNSPECIFIED.,.F.,.T.,.F.)
B_SPLINE_SURFACE_WITH_KNOTS((2,2),(3,2,2,2,3),(-1.19098478294466,4.44089209850063E-16),
(-3.14159265358979,-1.5707963267949,0.,1.5707963267949,3.14159265358979),
 .UNSPECIFIED.)
GEOMETRIC_REPRESENTATION_ITEM()
RATIONAL_B_SPLINE_SURFACE(((1.,0.707106781186548,1.,0.707106781186548,1.,
0.707106781186548,1.,0.707106781186548,1.),(1.,0.707106781186548,1.,0.707106781186548,
1.,0.707106781186548,1.,0.707106781186548,1.)))
REPRESENTATION_ITEM('')
SURFACE()
);
#339=(
BOUNDED_SURFACE()
B_SPLINE_SURFACE(1,2,((#8429,#8430,#8431,#8432,#8433,#8434,#8435,#8436,
#8437),(#8438,#8439,#8440,#8441,#8442,#8443,#8444,#8445,#8446)),
 .UNSPECIFIED.,.F.,.T.,.F.)
B_SPLINE_SURFACE_WITH_KNOTS((2,2),(3,2,2,2,3),(0.0150021029157586,3.54490592526455),
(-3.14159265358979,-1.5707963267949,0.,1.5707963267949,3.14159265358979),
 .UNSPECIFIED.)
GEOMETRIC_REPRESENTATION_ITEM()
RATIONAL_B_SPLINE_SURFACE(((1.,0.707106781186548,1.,0.707106781186548,1.,
0.707106781186548,1.,0.707106781186548,1.),(1.,0.707106781186548,1.,0.707106781186548,
1.,0.707106781186548,1.,0.707106781186548,1.)))
REPRESENTATION_ITEM('')
SURFACE()
);
#340=(
BOUNDED_SURFACE()
B_SPLINE_SURFACE(1,2,((#8452,#8453,#8454,#8455,#8456,#8457,#8458,#8459,
#8460),(#8461,#8462,#8463,#8464,#8465,#8466,#8467,#8468,#8469)),
 .UNSPECIFIED.,.F.,.T.,.F.)
B_SPLINE_SURFACE_WITH_KNOTS((2,2),(3,2,2,2,3),(7.39460787311779E-9,1.98497464193841),
(-3.14159265358979,-1.5707963267949,0.,1.5707963267949,3.14159265358979),
 .UNSPECIFIED.)
GEOMETRIC_REPRESENTATION_ITEM()
RATIONAL_B_SPLINE_SURFACE(((1.,0.707106781186548,1.,0.707106781186548,1.,
0.707106781186548,1.,0.707106781186548,1.),(1.,0.707106781186548,1.,0.707106781186548,
1.,0.707106781186548,1.,0.707106781186548,1.)))
REPRESENTATION_ITEM('')
SURFACE()
);
#341=(
BOUNDED_SURFACE()
B_SPLINE_SURFACE(1,2,((#8483,#8484,#8485,#8486,#8487,#8488,#8489,#8490,
#8491),(#8492,#8493,#8494,#8495,#8496,#8497,#8498,#8499,#8500)),
 .UNSPECIFIED.,.F.,.T.,.F.)
B_SPLINE_SURFACE_WITH_KNOTS((2,2),(3,2,2,2,3),(-3.1031385122974E-15,0.135339178502503),
(-3.14159265358979,-1.5707963267949,0.,1.5707963267949,3.14159265358979),
 .UNSPECIFIED.)
GEOMETRIC_REPRESENTATION_ITEM()
RATIONAL_B_SPLINE_SURFACE(((1.,0.707106781186548,1.,0.707106781186548,1.,
0.707106781186548,1.,0.707106781186548,1.),(1.,0.707106781186548,1.,0.707106781186548,
1.,0.707106781186548,1.,0.707106781186548,1.)))
REPRESENTATION_ITEM('')
SURFACE()
);
#342=(
BOUNDED_SURFACE()
B_SPLINE_SURFACE(1,2,((#8505,#8506,#8507,#8508,#8509,#8510,#8511,#8512,
#8513),(#8514,#8515,#8516,#8517,#8518,#8519,#8520,#8521,#8522)),
 .UNSPECIFIED.,.F.,.T.,.F.)
B_SPLINE_SURFACE_WITH_KNOTS((2,2),(3,2,2,2,3),(-0.0902261211745534,0.0902261211745533),
(-3.14159265358979,-1.5707963267949,0.,1.5707963267949,3.14159265358979),
 .UNSPECIFIED.)
GEOMETRIC_REPRESENTATION_ITEM()
RATIONAL_B_SPLINE_SURFACE(((1.,0.707106781186548,1.,0.707106781186548,1.,
0.707106781186548,1.,0.707106781186548,1.),(1.,0.707106781186548,1.,0.707106781186548,
1.,0.707106781186548,1.,0.707106781186548,1.)))
REPRESENTATION_ITEM('')
SURFACE()
);
#343=(
BOUNDED_SURFACE()
B_SPLINE_SURFACE(1,2,((#8529,#8530,#8531,#8532,#8533,#8534,#8535,#8536,
#8537),(#8538,#8539,#8540,#8541,#8542,#8543,#8544,#8545,#8546)),
 .UNSPECIFIED.,.F.,.T.,.F.)
B_SPLINE_SURFACE_WITH_KNOTS((2,2),(3,2,2,2,3),(-0.112645082043276,0.112645082043276),
(-3.14159265358979,-1.5707963267949,0.,1.5707963267949,3.14159265358979),
 .UNSPECIFIED.)
GEOMETRIC_REPRESENTATION_ITEM()
RATIONAL_B_SPLINE_SURFACE(((1.,0.707106781186548,1.,0.707106781186548,1.,
0.707106781186548,1.,0.707106781186548,1.),(1.,0.707106781186548,1.,0.707106781186548,
1.,0.707106781186548,1.,0.707106781186548,1.)))
REPRESENTATION_ITEM('')
SURFACE()
);
#344=(
BOUNDED_SURFACE()
B_SPLINE_SURFACE(1,2,((#8577,#8578,#8579,#8580,#8581,#8582,#8583,#8584,
#8585),(#8586,#8587,#8588,#8589,#8590,#8591,#8592,#8593,#8594)),
 .UNSPECIFIED.,.F.,.F.,.F.)
B_SPLINE_SURFACE_WITH_KNOTS((2,2),(3,2,2,2,3),(-0.0903046753474731,0.0903046753474732),
(2.16852081369308,3.43330338169419,4.6980859496953,5.96286851769641,7.22765108569752),
 .UNSPECIFIED.)
GEOMETRIC_REPRESENTATION_ITEM()
RATIONAL_B_SPLINE_SURFACE(((1.,0.806616386974954,1.,0.806616386974954,1.,
0.806616386974954,1.,0.806616386974954,1.),(1.,0.806616386974954,1.,0.806616386974954,
1.,0.806616386974954,1.,0.806616386974954,1.)))
REPRESENTATION_ITEM('')
SURFACE()
);
#345=(
BOUNDED_SURFACE()
B_SPLINE_SURFACE(1,2,((#8614,#8615,#8616,#8617,#8618,#8619,#8620,#8621,
#8622),(#8623,#8624,#8625,#8626,#8627,#8628,#8629,#8630,#8631)),
 .UNSPECIFIED.,.F.,.F.,.F.)
B_SPLINE_SURFACE_WITH_KNOTS((2,2),(3,2,2,2,3),(-1.25160964263801,1.77635683940025E-15),
(-1.07297982214816,0.24212658408276,1.55723299031368,2.87233939654459,4.18744580277551),
 .UNSPECIFIED.)
GEOMETRIC_REPRESENTATION_ITEM()
RATIONAL_B_SPLINE_SURFACE(((1.,0.79149003763627,1.,0.79149003763627,1.,
0.79149003763627,1.,0.79149003763627,1.),(1.,0.79149003763627,1.,0.79149003763627,
1.,0.79149003763627,1.,0.79149003763627,1.)))
REPRESENTATION_ITEM('')
SURFACE()
);
#346=(
BOUNDED_SURFACE()
B_SPLINE_SURFACE(1,2,((#8694,#8695,#8696,#8697,#8698,#8699,#8700,#8701,
#8702),(#8703,#8704,#8705,#8706,#8707,#8708,#8709,#8710,#8711)),
 .UNSPECIFIED.,.F.,.T.,.F.)
B_SPLINE_SURFACE_WITH_KNOTS((2,2),(3,2,2,2,3),(-1.19202169801277,4.44089209850063E-16),
(-3.14159265358979,-1.5707963267949,0.,1.5707963267949,3.14159265358979),
 .UNSPECIFIED.)
GEOMETRIC_REPRESENTATION_ITEM()
RATIONAL_B_SPLINE_SURFACE(((1.,0.707106781186548,1.,0.707106781186548,1.,
0.707106781186548,1.,0.707106781186548,1.),(1.,0.707106781186548,1.,0.707106781186548,
1.,0.707106781186548,1.,0.707106781186548,1.)))
REPRESENTATION_ITEM('')
SURFACE()
);
#347=(
BOUNDED_SURFACE()
B_SPLINE_SURFACE(1,2,((#8723,#8724,#8725,#8726,#8727,#8728,#8729,#8730,
#8731),(#8732,#8733,#8734,#8735,#8736,#8737,#8738,#8739,#8740)),
 .UNSPECIFIED.,.F.,.T.,.F.)
B_SPLINE_SURFACE_WITH_KNOTS((2,2),(3,2,2,2,3),(-3.09398123552084E-15,0.135457009759043),
(-3.14159265358979,-1.5707963267949,0.,1.5707963267949,3.14159265358979),
 .UNSPECIFIED.)
GEOMETRIC_REPRESENTATION_ITEM()
RATIONAL_B_SPLINE_SURFACE(((1.,0.707106781186548,1.,0.707106781186548,1.,
0.707106781186548,1.,0.707106781186548,1.),(1.,0.707106781186548,1.,0.707106781186548,
1.,0.707106781186548,1.,0.707106781186548,1.)))
REPRESENTATION_ITEM('')
SURFACE()
);
#348=(
BOUNDED_SURFACE()
B_SPLINE_SURFACE(1,2,((#8762,#8763,#8764,#8765,#8766,#8767,#8768,#8769,
#8770),(#8771,#8772,#8773,#8774,#8775,#8776,#8777,#8778,#8779)),
 .UNSPECIFIED.,.F.,.F.,.F.)
B_SPLINE_SURFACE_WITH_KNOTS((2,2),(3,2,2,2,3),(-0.547356871257146,7.7715611723761E-16),
(-0.896946841916604,0.32936679257274,1.55568042706208,2.78199406155143,
4.00830769604077),.UNSPECIFIED.)
GEOMETRIC_REPRESENTATION_ITEM()
RATIONAL_B_SPLINE_SURFACE(((1.,0.817835498876417,1.,0.817835498876417,1.,
0.817835498876417,1.,0.817835498876417,1.),(1.,0.817835498876417,1.,0.817835498876417,
1.,0.817835498876417,1.,0.817835498876417,1.)))
REPRESENTATION_ITEM('')
SURFACE()
);
#349=(
BOUNDED_SURFACE()
B_SPLINE_SURFACE(1,2,((#8980,#8981,#8982,#8983,#8984,#8985,#8986,#8987,
#8988),(#8989,#8990,#8991,#8992,#8993,#8994,#8995,#8996,#8997)),
 .UNSPECIFIED.,.F.,.T.,.F.)
B_SPLINE_SURFACE_WITH_KNOTS((2,2),(3,2,2,2,3),(-0.98571910852206,8.88178419700125E-16),
(-3.14159265358979,-1.5707963267949,0.,1.5707963267949,3.14159265358979),
 .UNSPECIFIED.)
GEOMETRIC_REPRESENTATION_ITEM()
RATIONAL_B_SPLINE_SURFACE(((1.,0.707106781186548,1.,0.707106781186548,1.,
0.707106781186548,1.,0.707106781186548,1.),(1.,0.707106781186548,1.,0.707106781186548,
1.,0.707106781186548,1.,0.707106781186548,1.)))
REPRESENTATION_ITEM('')
SURFACE()
);
#350=(
BOUNDED_SURFACE()
B_SPLINE_SURFACE(1,2,((#9005,#9006,#9007,#9008,#9009,#9010,#9011,#9012,
#9013),(#9014,#9015,#9016,#9017,#9018,#9019,#9020,#9021,#9022)),
 .UNSPECIFIED.,.F.,.T.,.F.)
B_SPLINE_SURFACE_WITH_KNOTS((2,2),(3,2,2,2,3),(-3.02601676063383,4.44089209850063E-16),
(-3.14159265358979,-1.5707963267949,0.,1.5707963267949,3.14159265358979),
 .UNSPECIFIED.)
GEOMETRIC_REPRESENTATION_ITEM()
RATIONAL_B_SPLINE_SURFACE(((1.,0.707106781186548,1.,0.707106781186548,1.,
0.707106781186548,1.,0.707106781186548,1.),(1.,0.707106781186548,1.,0.707106781186548,
1.,0.707106781186548,1.,0.707106781186548,1.)))
REPRESENTATION_ITEM('')
SURFACE()
);
#351=(
BOUNDED_SURFACE()
B_SPLINE_SURFACE(1,2,((#9030,#9031,#9032,#9033,#9034,#9035,#9036,#9037,
#9038),(#9039,#9040,#9041,#9042,#9043,#9044,#9045,#9046,#9047)),
 .UNSPECIFIED.,.F.,.T.,.F.)
B_SPLINE_SURFACE_WITH_KNOTS((2,2),(3,2,2,2,3),(-3.39466915846455E-16,5.32949459655513),
(-3.14159265358979,-1.5707963267949,0.,1.5707963267949,3.14159265358979),
 .UNSPECIFIED.)
GEOMETRIC_REPRESENTATION_ITEM()
RATIONAL_B_SPLINE_SURFACE(((1.,0.707106781186548,1.,0.707106781186548,1.,
0.707106781186548,1.,0.707106781186548,1.),(1.,0.707106781186548,1.,0.707106781186548,
1.,0.707106781186548,1.,0.707106781186548,1.)))
REPRESENTATION_ITEM('')
SURFACE()
);
#352=(
BOUNDED_SURFACE()
B_SPLINE_SURFACE(1,2,((#9055,#9056,#9057,#9058,#9059,#9060,#9061,#9062,
#9063),(#9064,#9065,#9066,#9067,#9068,#9069,#9070,#9071,#9072)),
 .UNSPECIFIED.,.F.,.T.,.F.)
B_SPLINE_SURFACE_WITH_KNOTS((2,2),(3,2,2,2,3),(-1.78974641402133,2.22044604925031E-16),
(-3.14159265358979,-1.5707963267949,0.,1.5707963267949,3.14159265358979),
 .UNSPECIFIED.)
GEOMETRIC_REPRESENTATION_ITEM()
RATIONAL_B_SPLINE_SURFACE(((1.,0.707106781186548,1.,0.707106781186548,1.,
0.707106781186548,1.,0.707106781186548,1.),(1.,0.707106781186548,1.,0.707106781186548,
1.,0.707106781186548,1.,0.707106781186548,1.)))
REPRESENTATION_ITEM('')
SURFACE()
);
#353=(
BOUNDED_SURFACE()
B_SPLINE_SURFACE(1,2,((#9080,#9081,#9082,#9083,#9084,#9085,#9086,#9087,
#9088),(#9089,#9090,#9091,#9092,#9093,#9094,#9095,#9096,#9097)),
 .UNSPECIFIED.,.F.,.T.,.F.)
B_SPLINE_SURFACE_WITH_KNOTS((2,2),(3,2,2,2,3),(-2.23582296077153,4.44089209850063E-16),
(-3.14159265358979,-1.5707963267949,0.,1.5707963267949,3.14159265358979),
 .UNSPECIFIED.)
GEOMETRIC_REPRESENTATION_ITEM()
RATIONAL_B_SPLINE_SURFACE(((1.,0.707106781186548,1.,0.707106781186548,1.,
0.707106781186548,1.,0.707106781186548,1.),(1.,0.707106781186548,1.,0.707106781186548,
1.,0.707106781186548,1.,0.707106781186548,1.)))
REPRESENTATION_ITEM('')
SURFACE()
);
#354=SHAPE_REPRESENTATION_RELATIONSHIP('SRR','None',#9218,#364);
#355=SHAPE_REPRESENTATION_RELATIONSHIP('SRR','None',#9219,#365);
#356=SHAPE_REPRESENTATION_RELATIONSHIP('SRR','None',#9220,#366);
#357=SHAPE_REPRESENTATION_RELATIONSHIP('SRR','None',#9221,#367);
#358=SHAPE_REPRESENTATION_RELATIONSHIP('SRR','None',#9222,#368);
#359=SHAPE_REPRESENTATION_RELATIONSHIP('SRR','None',#9223,#369);
#360=SHAPE_REPRESENTATION_RELATIONSHIP('SRR','None',#9224,#370);
#361=SHAPE_REPRESENTATION_RELATIONSHIP('SRR','None',#9225,#371);
#362=SHAPE_REPRESENTATION_RELATIONSHIP('SRR','None',#9226,#372);
#363=SHAPE_REPRESENTATION_RELATIONSHIP('SRR','None',#9227,#373);
#364=ADVANCED_BREP_SHAPE_REPRESENTATION('',(#391),#9170);
#365=ADVANCED_BREP_SHAPE_REPRESENTATION('',(#392),#9171);
#366=ADVANCED_BREP_SHAPE_REPRESENTATION('',(#393,#394),#9172);
#367=ADVANCED_BREP_SHAPE_REPRESENTATION('',(#395),#9173);
#368=ADVANCED_BREP_SHAPE_REPRESENTATION('',(#396),#9174);
#369=ADVANCED_BREP_SHAPE_REPRESENTATION('',(#397),#9175);
#370=ADVANCED_BREP_SHAPE_REPRESENTATION('',(#398),#9176);
#371=ADVANCED_BREP_SHAPE_REPRESENTATION('',(#399),#9177);
#372=ADVANCED_BREP_SHAPE_REPRESENTATION('',(#400),#9178);
#373=ADVANCED_BREP_SHAPE_REPRESENTATION('',(#401,#402,#403,#404,#405,#406,
#407),#9179);
#374=STYLED_ITEM('',(#9277),#391);
#375=STYLED_ITEM('',(#9278),#392);
#376=STYLED_ITEM('',(#9279),#393);
#377=STYLED_ITEM('',(#9279),#394);
#378=STYLED_ITEM('',(#9277),#395);
#379=STYLED_ITEM('',(#9279),#396);
#380=STYLED_ITEM('',(#9279),#397);
#381=STYLED_ITEM('',(#9277),#398);
#382=STYLED_ITEM('',(#9279),#399);
#383=STYLED_ITEM('',(#9277),#400);
#384=STYLED_ITEM('',(#9277),#401);
#385=STYLED_ITEM('',(#9277),#402);
#386=STYLED_ITEM('',(#9277),#403);
#387=STYLED_ITEM('',(#9277),#404);
#388=STYLED_ITEM('',(#9277),#405);
#389=STYLED_ITEM('',(#9277),#406);
#390=STYLED_ITEM('',(#9277),#407);
#391=MANIFOLD_SOLID_BREP('Body1',#4866);
#392=MANIFOLD_SOLID_BREP('Body1',#4867);
#393=MANIFOLD_SOLID_BREP('Body1',#4868);
#394=MANIFOLD_SOLID_BREP('Body2',#4869);
#395=MANIFOLD_SOLID_BREP('Body1',#4870);
#396=MANIFOLD_SOLID_BREP('Body1',#4871);
#397=MANIFOLD_SOLID_BREP('Body1',#4872);
#398=MANIFOLD_SOLID_BREP('Body1',#4873);
#399=MANIFOLD_SOLID_BREP('Body1',#4874);
#400=MANIFOLD_SOLID_BREP('Body1',#4875);
#401=MANIFOLD_SOLID_BREP('Body1',#4876);
#402=MANIFOLD_SOLID_BREP('Body20',#4877);
#403=MANIFOLD_SOLID_BREP('Body21',#4878);
#404=MANIFOLD_SOLID_BREP('Body25',#4879);
#405=MANIFOLD_SOLID_BREP('Body27',#4880);
#406=MANIFOLD_SOLID_BREP('Body28',#4881);
#407=MANIFOLD_SOLID_BREP('Body29',#4882);
#408=FACE_OUTER_BOUND('',#684,.T.);
#409=FACE_OUTER_BOUND('',#685,.T.);
#410=FACE_OUTER_BOUND('',#686,.T.);
#411=FACE_OUTER_BOUND('',#687,.T.);
#412=FACE_OUTER_BOUND('',#688,.T.);
#413=FACE_OUTER_BOUND('',#689,.T.);
#414=FACE_OUTER_BOUND('',#690,.T.);
#415=FACE_OUTER_BOUND('',#691,.T.);
#416=FACE_OUTER_BOUND('',#692,.T.);
#417=FACE_OUTER_BOUND('',#693,.T.);
#418=FACE_OUTER_BOUND('',#694,.T.);
#419=FACE_OUTER_BOUND('',#695,.T.);
#420=FACE_OUTER_BOUND('',#696,.T.);
#421=FACE_OUTER_BOUND('',#697,.T.);
#422=FACE_OUTER_BOUND('',#698,.T.);
#423=FACE_OUTER_BOUND('',#700,.T.);
#424=FACE_OUTER_BOUND('',#701,.T.);
#425=FACE_OUTER_BOUND('',#703,.T.);
#426=FACE_OUTER_BOUND('',#705,.T.);
#427=FACE_OUTER_BOUND('',#706,.T.);
#428=FACE_OUTER_BOUND('',#707,.T.);
#429=FACE_OUTER_BOUND('',#708,.T.);
#430=FACE_OUTER_BOUND('',#710,.T.);
#431=FACE_OUTER_BOUND('',#711,.T.);
#432=FACE_OUTER_BOUND('',#712,.T.);
#433=FACE_OUTER_BOUND('',#713,.T.);
#434=FACE_OUTER_BOUND('',#714,.T.);
#435=FACE_OUTER_BOUND('',#715,.T.);
#436=FACE_OUTER_BOUND('',#716,.T.);
#437=FACE_OUTER_BOUND('',#717,.T.);
#438=FACE_OUTER_BOUND('',#722,.T.);
#439=FACE_OUTER_BOUND('',#723,.T.);
#440=FACE_OUTER_BOUND('',#728,.T.);
#441=FACE_OUTER_BOUND('',#729,.T.);
#442=FACE_OUTER_BOUND('',#730,.T.);
#443=FACE_OUTER_BOUND('',#731,.T.);
#444=FACE_OUTER_BOUND('',#732,.T.);
#445=FACE_OUTER_BOUND('',#733,.T.);
#446=FACE_OUTER_BOUND('',#735,.T.);
#447=FACE_OUTER_BOUND('',#737,.T.);
#448=FACE_OUTER_BOUND('',#738,.T.);
#449=FACE_OUTER_BOUND('',#739,.T.);
#450=FACE_OUTER_BOUND('',#741,.T.);
#451=FACE_OUTER_BOUND('',#742,.T.);
#452=FACE_OUTER_BOUND('',#743,.T.);
#453=FACE_OUTER_BOUND('',#744,.T.);
#454=FACE_OUTER_BOUND('',#745,.T.);
#455=FACE_OUTER_BOUND('',#746,.T.);
#456=FACE_OUTER_BOUND('',#747,.T.);
#457=FACE_OUTER_BOUND('',#749,.T.);
#458=FACE_OUTER_BOUND('',#751,.T.);
#459=FACE_OUTER_BOUND('',#752,.T.);
#460=FACE_OUTER_BOUND('',#753,.T.);
#461=FACE_OUTER_BOUND('',#754,.T.);
#462=FACE_OUTER_BOUND('',#755,.T.);
#463=FACE_OUTER_BOUND('',#757,.T.);
#464=FACE_OUTER_BOUND('',#759,.T.);
#465=FACE_OUTER_BOUND('',#760,.T.);
#466=FACE_OUTER_BOUND('',#761,.T.);
#467=FACE_OUTER_BOUND('',#763,.T.);
#468=FACE_OUTER_BOUND('',#764,.T.);
#469=FACE_OUTER_BOUND('',#765,.T.);
#470=FACE_OUTER_BOUND('',#766,.T.);
#471=FACE_OUTER_BOUND('',#767,.T.);
#472=FACE_OUTER_BOUND('',#768,.T.);
#473=FACE_OUTER_BOUND('',#769,.T.);
#474=FACE_OUTER_BOUND('',#771,.T.);
#475=FACE_OUTER_BOUND('',#773,.T.);
#476=FACE_OUTER_BOUND('',#774,.T.);
#477=FACE_OUTER_BOUND('',#775,.T.);
#478=FACE_OUTER_BOUND('',#776,.T.);
#479=FACE_OUTER_BOUND('',#777,.T.);
#480=FACE_OUTER_BOUND('',#778,.T.);
#481=FACE_OUTER_BOUND('',#779,.T.);
#482=FACE_OUTER_BOUND('',#780,.T.);
#483=FACE_OUTER_BOUND('',#781,.T.);
#484=FACE_OUTER_BOUND('',#782,.T.);
#485=FACE_OUTER_BOUND('',#783,.T.);
#486=FACE_OUTER_BOUND('',#784,.T.);
#487=FACE_OUTER_BOUND('',#785,.T.);
#488=FACE_OUTER_BOUND('',#786,.T.);
#489=FACE_OUTER_BOUND('',#787,.T.);
#490=FACE_OUTER_BOUND('',#788,.T.);
#491=FACE_OUTER_BOUND('',#789,.T.);
#492=FACE_OUTER_BOUND('',#790,.T.);
#493=FACE_OUTER_BOUND('',#791,.T.);
#494=FACE_OUTER_BOUND('',#792,.T.);
#495=FACE_OUTER_BOUND('',#793,.T.);
#496=FACE_OUTER_BOUND('',#794,.T.);
#497=FACE_OUTER_BOUND('',#795,.T.);
#498=FACE_OUTER_BOUND('',#796,.T.);
#499=FACE_OUTER_BOUND('',#797,.T.);
#500=FACE_OUTER_BOUND('',#798,.T.);
#501=FACE_OUTER_BOUND('',#799,.T.);
#502=FACE_OUTER_BOUND('',#800,.T.);
#503=FACE_OUTER_BOUND('',#801,.T.);
#504=FACE_OUTER_BOUND('',#802,.T.);
#505=FACE_OUTER_BOUND('',#803,.T.);
#506=FACE_OUTER_BOUND('',#804,.T.);
#507=FACE_OUTER_BOUND('',#805,.T.);
#508=FACE_OUTER_BOUND('',#806,.T.);
#509=FACE_OUTER_BOUND('',#807,.T.);
#510=FACE_OUTER_BOUND('',#808,.T.);
#511=FACE_OUTER_BOUND('',#809,.T.);
#512=FACE_OUTER_BOUND('',#810,.T.);
#513=FACE_OUTER_BOUND('',#811,.T.);
#514=FACE_OUTER_BOUND('',#812,.T.);
#515=FACE_OUTER_BOUND('',#813,.T.);
#516=FACE_OUTER_BOUND('',#820,.T.);
#517=FACE_OUTER_BOUND('',#821,.T.);
#518=FACE_OUTER_BOUND('',#822,.T.);
#519=FACE_OUTER_BOUND('',#823,.T.);
#520=FACE_OUTER_BOUND('',#824,.T.);
#521=FACE_OUTER_BOUND('',#825,.T.);
#522=FACE_OUTER_BOUND('',#826,.T.);
#523=FACE_OUTER_BOUND('',#827,.T.);
#524=FACE_OUTER_BOUND('',#828,.T.);
#525=FACE_OUTER_BOUND('',#829,.T.);
#526=FACE_OUTER_BOUND('',#830,.T.);
#527=FACE_OUTER_BOUND('',#831,.T.);
#528=FACE_OUTER_BOUND('',#832,.T.);
#529=FACE_OUTER_BOUND('',#833,.T.);
#530=FACE_OUTER_BOUND('',#834,.T.);
#531=FACE_OUTER_BOUND('',#835,.T.);
#532=FACE_OUTER_BOUND('',#836,.T.);
#533=FACE_OUTER_BOUND('',#837,.T.);
#534=FACE_OUTER_BOUND('',#838,.T.);
#535=FACE_OUTER_BOUND('',#839,.T.);
#536=FACE_OUTER_BOUND('',#855,.T.);
#537=FACE_OUTER_BOUND('',#856,.T.);
#538=FACE_OUTER_BOUND('',#857,.T.);
#539=FACE_OUTER_BOUND('',#858,.T.);
#540=FACE_OUTER_BOUND('',#859,.T.);
#541=FACE_OUTER_BOUND('',#860,.T.);
#542=FACE_OUTER_BOUND('',#861,.T.);
#543=FACE_OUTER_BOUND('',#871,.T.);
#544=FACE_OUTER_BOUND('',#872,.T.);
#545=FACE_OUTER_BOUND('',#873,.T.);
#546=FACE_OUTER_BOUND('',#874,.T.);
#547=FACE_OUTER_BOUND('',#875,.T.);
#548=FACE_OUTER_BOUND('',#876,.T.);
#549=FACE_OUTER_BOUND('',#877,.T.);
#550=FACE_OUTER_BOUND('',#878,.T.);
#551=FACE_OUTER_BOUND('',#879,.T.);
#552=FACE_OUTER_BOUND('',#880,.T.);
#553=FACE_OUTER_BOUND('',#881,.T.);
#554=FACE_OUTER_BOUND('',#882,.T.);
#555=FACE_OUTER_BOUND('',#883,.T.);
#556=FACE_OUTER_BOUND('',#884,.T.);
#557=FACE_OUTER_BOUND('',#885,.T.);
#558=FACE_OUTER_BOUND('',#886,.T.);
#559=FACE_OUTER_BOUND('',#887,.T.);
#560=FACE_OUTER_BOUND('',#888,.T.);
#561=FACE_OUTER_BOUND('',#889,.T.);
#562=FACE_OUTER_BOUND('',#890,.T.);
#563=FACE_OUTER_BOUND('',#891,.T.);
#564=FACE_OUTER_BOUND('',#892,.T.);
#565=FACE_OUTER_BOUND('',#893,.T.);
#566=FACE_OUTER_BOUND('',#894,.T.);
#567=FACE_OUTER_BOUND('',#895,.T.);
#568=FACE_OUTER_BOUND('',#896,.T.);
#569=FACE_OUTER_BOUND('',#897,.T.);
#570=FACE_OUTER_BOUND('',#898,.T.);
#571=FACE_OUTER_BOUND('',#899,.T.);
#572=FACE_OUTER_BOUND('',#901,.T.);
#573=FACE_OUTER_BOUND('',#903,.T.);
#574=FACE_OUTER_BOUND('',#905,.T.);
#575=FACE_OUTER_BOUND('',#907,.T.);
#576=FACE_OUTER_BOUND('',#909,.T.);
#577=FACE_OUTER_BOUND('',#910,.T.);
#578=FACE_OUTER_BOUND('',#911,.T.);
#579=FACE_OUTER_BOUND('',#913,.T.);
#580=FACE_OUTER_BOUND('',#915,.T.);
#581=FACE_OUTER_BOUND('',#916,.T.);
#582=FACE_OUTER_BOUND('',#918,.T.);
#583=FACE_OUTER_BOUND('',#919,.T.);
#584=FACE_OUTER_BOUND('',#920,.T.);
#585=FACE_OUTER_BOUND('',#921,.T.);
#586=FACE_OUTER_BOUND('',#923,.T.);
#587=FACE_OUTER_BOUND('',#924,.T.);
#588=FACE_OUTER_BOUND('',#925,.T.);
#589=FACE_OUTER_BOUND('',#926,.T.);
#590=FACE_OUTER_BOUND('',#927,.T.);
#591=FACE_OUTER_BOUND('',#928,.T.);
#592=FACE_OUTER_BOUND('',#929,.T.);
#593=FACE_OUTER_BOUND('',#930,.T.);
#594=FACE_OUTER_BOUND('',#931,.T.);
#595=FACE_OUTER_BOUND('',#932,.T.);
#596=FACE_OUTER_BOUND('',#933,.T.);
#597=FACE_OUTER_BOUND('',#934,.T.);
#598=FACE_OUTER_BOUND('',#935,.T.);
#599=FACE_OUTER_BOUND('',#937,.T.);
#600=FACE_OUTER_BOUND('',#938,.T.);
#601=FACE_OUTER_BOUND('',#939,.T.);
#602=FACE_OUTER_BOUND('',#940,.T.);
#603=FACE_OUTER_BOUND('',#941,.T.);
#604=FACE_OUTER_BOUND('',#942,.T.);
#605=FACE_OUTER_BOUND('',#943,.T.);
#606=FACE_OUTER_BOUND('',#944,.T.);
#607=FACE_OUTER_BOUND('',#945,.T.);
#608=FACE_OUTER_BOUND('',#946,.T.);
#609=FACE_OUTER_BOUND('',#947,.T.);
#610=FACE_OUTER_BOUND('',#949,.T.);
#611=FACE_OUTER_BOUND('',#951,.T.);
#612=FACE_OUTER_BOUND('',#953,.T.);
#613=FACE_OUTER_BOUND('',#954,.T.);
#614=FACE_OUTER_BOUND('',#956,.T.);
#615=FACE_OUTER_BOUND('',#957,.T.);
#616=FACE_OUTER_BOUND('',#958,.T.);
#617=FACE_OUTER_BOUND('',#959,.T.);
#618=FACE_OUTER_BOUND('',#960,.T.);
#619=FACE_OUTER_BOUND('',#961,.T.);
#620=FACE_OUTER_BOUND('',#962,.T.);
#621=FACE_OUTER_BOUND('',#963,.T.);
#622=FACE_OUTER_BOUND('',#964,.T.);
#623=FACE_OUTER_BOUND('',#965,.T.);
#624=FACE_OUTER_BOUND('',#966,.T.);
#625=FACE_OUTER_BOUND('',#967,.T.);
#626=FACE_OUTER_BOUND('',#968,.T.);
#627=FACE_OUTER_BOUND('',#969,.T.);
#628=FACE_OUTER_BOUND('',#970,.T.);
#629=FACE_OUTER_BOUND('',#971,.T.);
#630=FACE_OUTER_BOUND('',#972,.T.);
#631=FACE_OUTER_BOUND('',#977,.T.);
#632=FACE_OUTER_BOUND('',#981,.T.);
#633=FACE_OUTER_BOUND('',#982,.T.);
#634=FACE_OUTER_BOUND('',#983,.T.);
#635=FACE_OUTER_BOUND('',#984,.T.);
#636=FACE_OUTER_BOUND('',#987,.T.);
#637=FACE_OUTER_BOUND('',#988,.T.);
#638=FACE_OUTER_BOUND('',#989,.T.);
#639=FACE_OUTER_BOUND('',#990,.T.);
#640=FACE_OUTER_BOUND('',#992,.T.);
#641=FACE_OUTER_BOUND('',#998,.T.);
#642=FACE_OUTER_BOUND('',#999,.T.);
#643=FACE_OUTER_BOUND('',#1000,.T.);
#644=FACE_OUTER_BOUND('',#1001,.T.);
#645=FACE_OUTER_BOUND('',#1002,.T.);
#646=FACE_OUTER_BOUND('',#1003,.T.);
#647=FACE_OUTER_BOUND('',#1005,.T.);
#648=FACE_OUTER_BOUND('',#1006,.T.);
#649=FACE_OUTER_BOUND('',#1007,.T.);
#650=FACE_OUTER_BOUND('',#1009,.T.);
#651=FACE_OUTER_BOUND('',#1010,.T.);
#652=FACE_OUTER_BOUND('',#1011,.T.);
#653=FACE_OUTER_BOUND('',#1013,.T.);
#654=FACE_OUTER_BOUND('',#1014,.T.);
#655=FACE_OUTER_BOUND('',#1016,.T.);
#656=FACE_OUTER_BOUND('',#1017,.T.);
#657=FACE_OUTER_BOUND('',#1018,.T.);
#658=FACE_OUTER_BOUND('',#1019,.T.);
#659=FACE_OUTER_BOUND('',#1020,.T.);
#660=FACE_OUTER_BOUND('',#1021,.T.);
#661=FACE_OUTER_BOUND('',#1022,.T.);
#662=FACE_OUTER_BOUND('',#1023,.T.);
#663=FACE_OUTER_BOUND('',#1024,.T.);
#664=FACE_OUTER_BOUND('',#1025,.T.);
#665=FACE_OUTER_BOUND('',#1026,.T.);
#666=FACE_OUTER_BOUND('',#1027,.T.);
#667=FACE_OUTER_BOUND('',#1028,.T.);
#668=FACE_OUTER_BOUND('',#1029,.T.);
#669=FACE_OUTER_BOUND('',#1030,.T.);
#670=FACE_OUTER_BOUND('',#1031,.T.);
#671=FACE_OUTER_BOUND('',#1032,.T.);
#672=FACE_OUTER_BOUND('',#1033,.T.);
#673=FACE_OUTER_BOUND('',#1034,.T.);
#674=FACE_OUTER_BOUND('',#1035,.T.);
#675=FACE_OUTER_BOUND('',#1036,.T.);
#676=FACE_OUTER_BOUND('',#1037,.T.);
#677=FACE_OUTER_BOUND('',#1038,.T.);
#678=FACE_OUTER_BOUND('',#1039,.T.);
#679=FACE_OUTER_BOUND('',#1040,.T.);
#680=FACE_OUTER_BOUND('',#1041,.T.);
#681=FACE_OUTER_BOUND('',#1042,.T.);
#682=FACE_OUTER_BOUND('',#1043,.T.);
#683=FACE_OUTER_BOUND('',#1044,.T.);
#684=EDGE_LOOP('',(#3084,#3085,#3086,#3087));
#685=EDGE_LOOP('',(#3088,#3089,#3090,#3091));
#686=EDGE_LOOP('',(#3092,#3093,#3094,#3095));
#687=EDGE_LOOP('',(#3096,#3097,#3098,#3099));
#688=EDGE_LOOP('',(#3100,#3101,#3102,#3103));
#689=EDGE_LOOP('',(#3104,#3105,#3106,#3107));
#690=EDGE_LOOP('',(#3108,#3109,#3110,#3111));
#691=EDGE_LOOP('',(#3112,#3113,#3114,#3115));
#692=EDGE_LOOP('',(#3116,#3117,#3118,#3119));
#693=EDGE_LOOP('',(#3120,#3121,#3122,#3123));
#694=EDGE_LOOP('',(#3124,#3125,#3126,#3127));
#695=EDGE_LOOP('',(#3128,#3129,#3130,#3131));
#696=EDGE_LOOP('',(#3132,#3133,#3134,#3135));
#697=EDGE_LOOP('',(#3136,#3137,#3138,#3139));
#698=EDGE_LOOP('',(#3140));
#699=EDGE_LOOP('',(#3141));
#700=EDGE_LOOP('',(#3142,#3143,#3144,#3145));
#701=EDGE_LOOP('',(#3146));
#702=EDGE_LOOP('',(#3147));
#703=EDGE_LOOP('',(#3148));
#704=EDGE_LOOP('',(#3149));
#705=EDGE_LOOP('',(#3150,#3151,#3152,#3153));
#706=EDGE_LOOP('',(#3154));
#707=EDGE_LOOP('',(#3155,#3156,#3157,#3158));
#708=EDGE_LOOP('',(#3159));
#709=EDGE_LOOP('',(#3160));
#710=EDGE_LOOP('',(#3161));
#711=EDGE_LOOP('',(#3162,#3163,#3164,#3165));
#712=EDGE_LOOP('',(#3166,#3167,#3168,#3169));
#713=EDGE_LOOP('',(#3170,#3171,#3172,#3173));
#714=EDGE_LOOP('',(#3174,#3175,#3176,#3177));
#715=EDGE_LOOP('',(#3178,#3179,#3180,#3181));
#716=EDGE_LOOP('',(#3182,#3183,#3184,#3185));
#717=EDGE_LOOP('',(#3186,#3187,#3188,#3189));
#718=EDGE_LOOP('',(#3190));
#719=EDGE_LOOP('',(#3191));
#720=EDGE_LOOP('',(#3192));
#721=EDGE_LOOP('',(#3193));
#722=EDGE_LOOP('',(#3194,#3195,#3196,#3197));
#723=EDGE_LOOP('',(#3198,#3199,#3200,#3201));
#724=EDGE_LOOP('',(#3202));
#725=EDGE_LOOP('',(#3203));
#726=EDGE_LOOP('',(#3204));
#727=EDGE_LOOP('',(#3205));
#728=EDGE_LOOP('',(#3206,#3207,#3208,#3209));
#729=EDGE_LOOP('',(#3210,#3211,#3212,#3213));
#730=EDGE_LOOP('',(#3214,#3215,#3216,#3217));
#731=EDGE_LOOP('',(#3218,#3219,#3220,#3221));
#732=EDGE_LOOP('',(#3222,#3223,#3224,#3225));
#733=EDGE_LOOP('',(#3226,#3227,#3228,#3229));
#734=EDGE_LOOP('',(#3230));
#735=EDGE_LOOP('',(#3231,#3232,#3233,#3234));
#736=EDGE_LOOP('',(#3235,#3236,#3237,#3238,#3239,#3240,#3241,#3242));
#737=EDGE_LOOP('',(#3243,#3244,#3245,#3246));
#738=EDGE_LOOP('',(#3247,#3248,#3249,#3250));
#739=EDGE_LOOP('',(#3251,#3252,#3253,#3254));
#740=EDGE_LOOP('',(#3255));
#741=EDGE_LOOP('',(#3256,#3257,#3258,#3259));
#742=EDGE_LOOP('',(#3260,#3261,#3262,#3263));
#743=EDGE_LOOP('',(#3264,#3265,#3266,#3267));
#744=EDGE_LOOP('',(#3268,#3269,#3270,#3271));
#745=EDGE_LOOP('',(#3272,#3273,#3274,#3275));
#746=EDGE_LOOP('',(#3276,#3277,#3278,#3279));
#747=EDGE_LOOP('',(#3280));
#748=EDGE_LOOP('',(#3281,#3282,#3283,#3284));
#749=EDGE_LOOP('',(#3285));
#750=EDGE_LOOP('',(#3286,#3287,#3288,#3289,#3290,#3291,#3292,#3293));
#751=EDGE_LOOP('',(#3294,#3295,#3296,#3297));
#752=EDGE_LOOP('',(#3298,#3299,#3300,#3301));
#753=EDGE_LOOP('',(#3302,#3303,#3304,#3305));
#754=EDGE_LOOP('',(#3306,#3307,#3308,#3309));
#755=EDGE_LOOP('',(#3310,#3311,#3312,#3313));
#756=EDGE_LOOP('',(#3314));
#757=EDGE_LOOP('',(#3315,#3316,#3317,#3318));
#758=EDGE_LOOP('',(#3319,#3320,#3321,#3322,#3323,#3324,#3325,#3326));
#759=EDGE_LOOP('',(#3327,#3328,#3329,#3330));
#760=EDGE_LOOP('',(#3331,#3332,#3333,#3334));
#761=EDGE_LOOP('',(#3335,#3336,#3337,#3338));
#762=EDGE_LOOP('',(#3339));
#763=EDGE_LOOP('',(#3340,#3341,#3342,#3343));
#764=EDGE_LOOP('',(#3344,#3345,#3346,#3347));
#765=EDGE_LOOP('',(#3348,#3349,#3350,#3351));
#766=EDGE_LOOP('',(#3352,#3353,#3354,#3355));
#767=EDGE_LOOP('',(#3356,#3357,#3358,#3359));
#768=EDGE_LOOP('',(#3360,#3361,#3362,#3363));
#769=EDGE_LOOP('',(#3364));
#770=EDGE_LOOP('',(#3365,#3366,#3367,#3368));
#771=EDGE_LOOP('',(#3369));
#772=EDGE_LOOP('',(#3370,#3371,#3372,#3373,#3374,#3375,#3376,#3377));
#773=EDGE_LOOP('',(#3378,#3379,#3380,#3381));
#774=EDGE_LOOP('',(#3382,#3383,#3384,#3385));
#775=EDGE_LOOP('',(#3386,#3387,#3388,#3389));
#776=EDGE_LOOP('',(#3390,#3391,#3392,#3393));
#777=EDGE_LOOP('',(#3394,#3395,#3396,#3397));
#778=EDGE_LOOP('',(#3398,#3399,#3400,#3401));
#779=EDGE_LOOP('',(#3402,#3403,#3404,#3405));
#780=EDGE_LOOP('',(#3406,#3407,#3408,#3409));
#781=EDGE_LOOP('',(#3410,#3411,#3412,#3413));
#782=EDGE_LOOP('',(#3414,#3415,#3416,#3417));
#783=EDGE_LOOP('',(#3418,#3419,#3420,#3421));
#784=EDGE_LOOP('',(#3422,#3423,#3424,#3425));
#785=EDGE_LOOP('',(#3426,#3427,#3428,#3429));
#786=EDGE_LOOP('',(#3430,#3431,#3432,#3433));
#787=EDGE_LOOP('',(#3434,#3435,#3436,#3437));
#788=EDGE_LOOP('',(#3438,#3439,#3440,#3441));
#789=EDGE_LOOP('',(#3442,#3443,#3444,#3445));
#790=EDGE_LOOP('',(#3446,#3447,#3448,#3449));
#791=EDGE_LOOP('',(#3450,#3451,#3452,#3453));
#792=EDGE_LOOP('',(#3454,#3455,#3456,#3457));
#793=EDGE_LOOP('',(#3458,#3459,#3460,#3461));
#794=EDGE_LOOP('',(#3462,#3463,#3464,#3465));
#795=EDGE_LOOP('',(#3466,#3467,#3468,#3469));
#796=EDGE_LOOP('',(#3470,#3471,#3472,#3473));
#797=EDGE_LOOP('',(#3474,#3475,#3476,#3477));
#798=EDGE_LOOP('',(#3478,#3479,#3480,#3481));
#799=EDGE_LOOP('',(#3482,#3483,#3484,#3485));
#800=EDGE_LOOP('',(#3486,#3487,#3488,#3489));
#801=EDGE_LOOP('',(#3490,#3491,#3492,#3493));
#802=EDGE_LOOP('',(#3494,#3495,#3496,#3497));
#803=EDGE_LOOP('',(#3498,#3499,#3500,#3501));
#804=EDGE_LOOP('',(#3502,#3503,#3504,#3505));
#805=EDGE_LOOP('',(#3506,#3507,#3508,#3509));
#806=EDGE_LOOP('',(#3510,#3511,#3512,#3513));
#807=EDGE_LOOP('',(#3514,#3515,#3516,#3517));
#808=EDGE_LOOP('',(#3518,#3519,#3520,#3521));
#809=EDGE_LOOP('',(#3522,#3523,#3524,#3525,#3526,#3527));
#810=EDGE_LOOP('',(#3528,#3529,#3530,#3531));
#811=EDGE_LOOP('',(#3532,#3533,#3534,#3535));
#812=EDGE_LOOP('',(#3536,#3537,#3538,#3539,#3540,#3541));
#813=EDGE_LOOP('',(#3542,#3543,#3544,#3545,#3546,#3547,#3548,#3549));
#814=EDGE_LOOP('',(#3550,#3551,#3552,#3553,#3554,#3555,#3556,#3557,#3558,
#3559,#3560,#3561));
#815=EDGE_LOOP('',(#3562,#3563,#3564,#3565));
#816=EDGE_LOOP('',(#3566));
#817=EDGE_LOOP('',(#3567));
#818=EDGE_LOOP('',(#3568));
#819=EDGE_LOOP('',(#3569));
#820=EDGE_LOOP('',(#3570,#3571,#3572,#3573));
#821=EDGE_LOOP('',(#3574,#3575,#3576,#3577));
#822=EDGE_LOOP('',(#3578,#3579,#3580,#3581));
#823=EDGE_LOOP('',(#3582,#3583,#3584,#3585));
#824=EDGE_LOOP('',(#3586,#3587,#3588,#3589));
#825=EDGE_LOOP('',(#3590,#3591,#3592,#3593));
#826=EDGE_LOOP('',(#3594,#3595,#3596,#3597));
#827=EDGE_LOOP('',(#3598,#3599,#3600,#3601));
#828=EDGE_LOOP('',(#3602,#3603,#3604,#3605));
#829=EDGE_LOOP('',(#3606,#3607,#3608,#3609));
#830=EDGE_LOOP('',(#3610,#3611,#3612,#3613));
#831=EDGE_LOOP('',(#3614,#3615,#3616,#3617));
#832=EDGE_LOOP('',(#3618,#3619,#3620,#3621));
#833=EDGE_LOOP('',(#3622,#3623,#3624,#3625));
#834=EDGE_LOOP('',(#3626,#3627,#3628,#3629));
#835=EDGE_LOOP('',(#3630,#3631,#3632,#3633));
#836=EDGE_LOOP('',(#3634,#3635,#3636,#3637));
#837=EDGE_LOOP('',(#3638,#3639,#3640,#3641));
#838=EDGE_LOOP('',(#3642,#3643,#3644,#3645));
#839=EDGE_LOOP('',(#3646,#3647,#3648,#3649,#3650,#3651,#3652,#3653));
#840=EDGE_LOOP('',(#3654,#3655,#3656,#3657));
#841=EDGE_LOOP('',(#3658,#3659,#3660,#3661));
#842=EDGE_LOOP('',(#3662,#3663,#3664,#3665));
#843=EDGE_LOOP('',(#3666,#3667,#3668,#3669));
#844=EDGE_LOOP('',(#3670,#3671,#3672,#3673));
#845=EDGE_LOOP('',(#3674,#3675,#3676,#3677));
#846=EDGE_LOOP('',(#3678));
#847=EDGE_LOOP('',(#3679));
#848=EDGE_LOOP('',(#3680));
#849=EDGE_LOOP('',(#3681));
#850=EDGE_LOOP('',(#3682,#3683,#3684,#3685));
#851=EDGE_LOOP('',(#3686,#3687,#3688,#3689));
#852=EDGE_LOOP('',(#3690,#3691,#3692,#3693));
#853=EDGE_LOOP('',(#3694,#3695,#3696,#3697));
#854=EDGE_LOOP('',(#3698,#3699,#3700,#3701));
#855=EDGE_LOOP('',(#3702,#3703,#3704,#3705));
#856=EDGE_LOOP('',(#3706,#3707,#3708,#3709));
#857=EDGE_LOOP('',(#3710,#3711,#3712,#3713));
#858=EDGE_LOOP('',(#3714,#3715,#3716,#3717));
#859=EDGE_LOOP('',(#3718,#3719,#3720,#3721));
#860=EDGE_LOOP('',(#3722,#3723,#3724,#3725));
#861=EDGE_LOOP('',(#3726,#3727,#3728,#3729,#3730,#3731,#3732,#3733,#3734,
#3735,#3736,#3737));
#862=EDGE_LOOP('',(#3738,#3739,#3740,#3741));
#863=EDGE_LOOP('',(#3742,#3743,#3744,#3745));
#864=EDGE_LOOP('',(#3746,#3747,#3748,#3749));
#865=EDGE_LOOP('',(#3750,#3751,#3752,#3753));
#866=EDGE_LOOP('',(#3754,#3755,#3756,#3757));
#867=EDGE_LOOP('',(#3758,#3759,#3760,#3761));
#868=EDGE_LOOP('',(#3762,#3763,#3764,#3765));
#869=EDGE_LOOP('',(#3766,#3767,#3768,#3769));
#870=EDGE_LOOP('',(#3770,#3771,#3772,#3773));
#871=EDGE_LOOP('',(#3774,#3775,#3776,#3777));
#872=EDGE_LOOP('',(#3778,#3779,#3780,#3781));
#873=EDGE_LOOP('',(#3782,#3783,#3784,#3785));
#874=EDGE_LOOP('',(#3786,#3787,#3788,#3789));
#875=EDGE_LOOP('',(#3790,#3791,#3792,#3793));
#876=EDGE_LOOP('',(#3794,#3795,#3796,#3797));
#877=EDGE_LOOP('',(#3798,#3799,#3800,#3801));
#878=EDGE_LOOP('',(#3802,#3803,#3804,#3805));
#879=EDGE_LOOP('',(#3806,#3807,#3808,#3809));
#880=EDGE_LOOP('',(#3810,#3811,#3812,#3813));
#881=EDGE_LOOP('',(#3814,#3815,#3816,#3817));
#882=EDGE_LOOP('',(#3818,#3819,#3820,#3821));
#883=EDGE_LOOP('',(#3822,#3823,#3824,#3825));
#884=EDGE_LOOP('',(#3826,#3827,#3828,#3829));
#885=EDGE_LOOP('',(#3830,#3831,#3832,#3833));
#886=EDGE_LOOP('',(#3834,#3835,#3836,#3837,#3838,#3839,#3840,#3841,#3842,
#3843,#3844,#3845,#3846,#3847,#3848));
#887=EDGE_LOOP('',(#3849,#3850,#3851,#3852,#3853,#3854,#3855,#3856,#3857,
#3858,#3859,#3860,#3861,#3862,#3863));
#888=EDGE_LOOP('',(#3864,#3865,#3866,#3867));
#889=EDGE_LOOP('',(#3868,#3869,#3870,#3871));
#890=EDGE_LOOP('',(#3872,#3873,#3874,#3875));
#891=EDGE_LOOP('',(#3876,#3877,#3878,#3879));
#892=EDGE_LOOP('',(#3880,#3881,#3882,#3883));
#893=EDGE_LOOP('',(#3884,#3885,#3886,#3887));
#894=EDGE_LOOP('',(#3888,#3889,#3890,#3891));
#895=EDGE_LOOP('',(#3892,#3893,#3894,#3895));
#896=EDGE_LOOP('',(#3896,#3897,#3898,#3899));
#897=EDGE_LOOP('',(#3900,#3901,#3902,#3903));
#898=EDGE_LOOP('',(#3904,#3905,#3906,#3907));
#899=EDGE_LOOP('',(#3908,#3909,#3910,#3911));
#900=EDGE_LOOP('',(#3912,#3913,#3914,#3915,#3916,#3917,#3918,#3919,#3920,
#3921));
#901=EDGE_LOOP('',(#3922));
#902=EDGE_LOOP('',(#3923));
#903=EDGE_LOOP('',(#3924,#3925,#3926,#3927));
#904=EDGE_LOOP('',(#3928,#3929,#3930,#3931,#3932,#3933,#3934,#3935,#3936,
#3937));
#905=EDGE_LOOP('',(#3938));
#906=EDGE_LOOP('',(#3939));
#907=EDGE_LOOP('',(#3940));
#908=EDGE_LOOP('',(#3941));
#909=EDGE_LOOP('',(#3942,#3943,#3944,#3945));
#910=EDGE_LOOP('',(#3946,#3947,#3948,#3949));
#911=EDGE_LOOP('',(#3950));
#912=EDGE_LOOP('',(#3951));
#913=EDGE_LOOP('',(#3952));
#914=EDGE_LOOP('',(#3953));
#915=EDGE_LOOP('',(#3954));
#916=EDGE_LOOP('',(#3955));
#917=EDGE_LOOP('',(#3956));
#918=EDGE_LOOP('',(#3957,#3958,#3959,#3960));
#919=EDGE_LOOP('',(#3961));
#920=EDGE_LOOP('',(#3962,#3963,#3964,#3965));
#921=EDGE_LOOP('',(#3966));
#922=EDGE_LOOP('',(#3967));
#923=EDGE_LOOP('',(#3968,#3969,#3970,#3971));
#924=EDGE_LOOP('',(#3972,#3973,#3974,#3975));
#925=EDGE_LOOP('',(#3976));
#926=EDGE_LOOP('',(#3977,#3978,#3979,#3980));
#927=EDGE_LOOP('',(#3981));
#928=EDGE_LOOP('',(#3982,#3983,#3984,#3985));
#929=EDGE_LOOP('',(#3986));
#930=EDGE_LOOP('',(#3987,#3988,#3989,#3990));
#931=EDGE_LOOP('',(#3991));
#932=EDGE_LOOP('',(#3992,#3993,#3994,#3995));
#933=EDGE_LOOP('',(#3996,#3997,#3998,#3999));
#934=EDGE_LOOP('',(#4000,#4001));
#935=EDGE_LOOP('',(#4002,#4003,#4004,#4005));
#936=EDGE_LOOP('',(#4006,#4007,#4008,#4009,#4010,#4011,#4012,#4013,#4014,
#4015));
#937=EDGE_LOOP('',(#4016,#4017,#4018,#4019));
#938=EDGE_LOOP('',(#4020,#4021,#4022,#4023));
#939=EDGE_LOOP('',(#4024,#4025,#4026,#4027));
#940=EDGE_LOOP('',(#4028,#4029,#4030,#4031));
#941=EDGE_LOOP('',(#4032,#4033,#4034,#4035));
#942=EDGE_LOOP('',(#4036,#4037,#4038,#4039));
#943=EDGE_LOOP('',(#4040,#4041,#4042,#4043));
#944=EDGE_LOOP('',(#4044,#4045,#4046,#4047));
#945=EDGE_LOOP('',(#4048,#4049,#4050,#4051));
#946=EDGE_LOOP('',(#4052,#4053,#4054,#4055));
#947=EDGE_LOOP('',(#4056,#4057,#4058,#4059));
#948=EDGE_LOOP('',(#4060,#4061,#4062,#4063,#4064,#4065,#4066,#4067,#4068,
#4069));
#949=EDGE_LOOP('',(#4070));
#950=EDGE_LOOP('',(#4071));
#951=EDGE_LOOP('',(#4072));
#952=EDGE_LOOP('',(#4073));
#953=EDGE_LOOP('',(#4074,#4075,#4076,#4077));
#954=EDGE_LOOP('',(#4078));
#955=EDGE_LOOP('',(#4079));
#956=EDGE_LOOP('',(#4080,#4081));
#957=EDGE_LOOP('',(#4082,#4083,#4084,#4085));
#958=EDGE_LOOP('',(#4086,#4087,#4088,#4089));
#959=EDGE_LOOP('',(#4090,#4091));
#960=EDGE_LOOP('',(#4092,#4093,#4094,#4095));
#961=EDGE_LOOP('',(#4096,#4097));
#962=EDGE_LOOP('',(#4098,#4099,#4100,#4101));
#963=EDGE_LOOP('',(#4102,#4103,#4104,#4105));
#964=EDGE_LOOP('',(#4106,#4107,#4108,#4109));
#965=EDGE_LOOP('',(#4110));
#966=EDGE_LOOP('',(#4111,#4112,#4113,#4114));
#967=EDGE_LOOP('',(#4115));
#968=EDGE_LOOP('',(#4116,#4117,#4118,#4119));
#969=EDGE_LOOP('',(#4120));
#970=EDGE_LOOP('',(#4121,#4122,#4123,#4124));
#971=EDGE_LOOP('',(#4125));
#972=EDGE_LOOP('',(#4126,#4127,#4128,#4129,#4130,#4131,#4132,#4133));
#973=EDGE_LOOP('',(#4134));
#974=EDGE_LOOP('',(#4135));
#975=EDGE_LOOP('',(#4136));
#976=EDGE_LOOP('',(#4137));
#977=EDGE_LOOP('',(#4138,#4139,#4140,#4141,#4142,#4143,#4144,#4145));
#978=EDGE_LOOP('',(#4146));
#979=EDGE_LOOP('',(#4147));
#980=EDGE_LOOP('',(#4148,#4149,#4150,#4151));
#981=EDGE_LOOP('',(#4152,#4153,#4154,#4155));
#982=EDGE_LOOP('',(#4156,#4157,#4158,#4159));
#983=EDGE_LOOP('',(#4160,#4161,#4162,#4163,#4164,#4165,#4166,#4167));
#984=EDGE_LOOP('',(#4168,#4169,#4170,#4171));
#985=EDGE_LOOP('',(#4172));
#986=EDGE_LOOP('',(#4173));
#987=EDGE_LOOP('',(#4174,#4175,#4176,#4177));
#988=EDGE_LOOP('',(#4178,#4179,#4180,#4181));
#989=EDGE_LOOP('',(#4182,#4183,#4184,#4185,#4186,#4187,#4188,#4189));
#990=EDGE_LOOP('',(#4190,#4191,#4192,#4193));
#991=EDGE_LOOP('',(#4194));
#992=EDGE_LOOP('',(#4195,#4196,#4197,#4198,#4199,#4200,#4201,#4202,#4203,
#4204,#4205,#4206,#4207,#4208,#4209,#4210,#4211,#4212,#4213,#4214));
#993=EDGE_LOOP('',(#4215));
#994=EDGE_LOOP('',(#4216));
#995=EDGE_LOOP('',(#4217));
#996=EDGE_LOOP('',(#4218));
#997=EDGE_LOOP('',(#4219,#4220,#4221,#4222));
#998=EDGE_LOOP('',(#4223,#4224,#4225,#4226));
#999=EDGE_LOOP('',(#4227,#4228,#4229,#4230));
#1000=EDGE_LOOP('',(#4231,#4232,#4233,#4234));
#1001=EDGE_LOOP('',(#4235,#4236,#4237,#4238));
#1002=EDGE_LOOP('',(#4239,#4240,#4241,#4242));
#1003=EDGE_LOOP('',(#4243,#4244,#4245,#4246));
#1004=EDGE_LOOP('',(#4247));
#1005=EDGE_LOOP('',(#4248,#4249,#4250,#4251));
#1006=EDGE_LOOP('',(#4252,#4253,#4254,#4255));
#1007=EDGE_LOOP('',(#4256,#4257,#4258,#4259,#4260,#4261,#4262,#4263));
#1008=EDGE_LOOP('',(#4264,#4265,#4266,#4267));
#1009=EDGE_LOOP('',(#4268,#4269,#4270,#4271));
#1010=EDGE_LOOP('',(#4272,#4273,#4274,#4275));
#1011=EDGE_LOOP('',(#4276,#4277,#4278,#4279));
#1012=EDGE_LOOP('',(#4280));
#1013=EDGE_LOOP('',(#4281,#4282,#4283,#4284));
#1014=EDGE_LOOP('',(#4285,#4286,#4287,#4288));
#1015=EDGE_LOOP('',(#4289));
#1016=EDGE_LOOP('',(#4290,#4291,#4292,#4293));
#1017=EDGE_LOOP('',(#4294,#4295,#4296,#4297));
#1018=EDGE_LOOP('',(#4298,#4299,#4300,#4301));
#1019=EDGE_LOOP('',(#4302,#4303,#4304,#4305));
#1020=EDGE_LOOP('',(#4306));
#1021=EDGE_LOOP('',(#4307));
#1022=EDGE_LOOP('',(#4308,#4309,#4310,#4311));
#1023=EDGE_LOOP('',(#4312));
#1024=EDGE_LOOP('',(#4313));
#1025=EDGE_LOOP('',(#4314,#4315,#4316,#4317));
#1026=EDGE_LOOP('',(#4318));
#1027=EDGE_LOOP('',(#4319));
#1028=EDGE_LOOP('',(#4320,#4321,#4322,#4323));
#1029=EDGE_LOOP('',(#4324));
#1030=EDGE_LOOP('',(#4325));
#1031=EDGE_LOOP('',(#4326,#4327,#4328,#4329));
#1032=EDGE_LOOP('',(#4330));
#1033=EDGE_LOOP('',(#4331));
#1034=EDGE_LOOP('',(#4332,#4333,#4334));
#1035=EDGE_LOOP('',(#4335,#4336,#4337));
#1036=EDGE_LOOP('',(#4338,#4339,#4340));
#1037=EDGE_LOOP('',(#4341,#4342,#4343));
#1038=EDGE_LOOP('',(#4344,#4345,#4346));
#1039=EDGE_LOOP('',(#4347,#4348,#4349));
#1040=EDGE_LOOP('',(#4350,#4351,#4352));
#1041=EDGE_LOOP('',(#4353,#4354,#4355));
#1042=EDGE_LOOP('',(#4356,#4357,#4358));
#1043=EDGE_LOOP('',(#4359,#4360,#4361,#4362,#4363,#4364,#4365,#4366,#4367,
#4368));
#1044=EDGE_LOOP('',(#4369,#4370,#4371));
#1045=LINE('',#6722,#1529);
#1046=LINE('',#6724,#1530);
#1047=LINE('',#6726,#1531);
#1048=LINE('',#6727,#1532);
#1049=LINE('',#6731,#1533);
#1050=LINE('',#6733,#1534);
#1051=LINE('',#6735,#1535);
#1052=LINE('',#6736,#1536);
#1053=LINE('',#6738,#1537);
#1054=LINE('',#6739,#1538);
#1055=LINE('',#6741,#1539);
#1056=LINE('',#6743,#1540);
#1057=LINE('',#6749,#1541);
#1058=LINE('',#6751,#1542);
#1059=LINE('',#6753,#1543);
#1060=LINE('',#6754,#1544);
#1061=LINE('',#6758,#1545);
#1062=LINE('',#6760,#1546);
#1063=LINE('',#6762,#1547);
#1064=LINE('',#6763,#1548);
#1065=LINE('',#6765,#1549);
#1066=LINE('',#6766,#1550);
#1067=LINE('',#6768,#1551);
#1068=LINE('',#6770,#1552);
#1069=LINE('',#6794,#1553);
#1070=LINE('',#6817,#1554);
#1071=LINE('',#6841,#1555);
#1072=LINE('',#6866,#1556);
#1073=LINE('',#6890,#1557);
#1074=LINE('',#6899,#1558);
#1075=LINE('',#6905,#1559);
#1076=LINE('',#6911,#1560);
#1077=LINE('',#6917,#1561);
#1078=LINE('',#6922,#1562);
#1079=LINE('',#6924,#1563);
#1080=LINE('',#6926,#1564);
#1081=LINE('',#6927,#1565);
#1082=LINE('',#6931,#1566);
#1083=LINE('',#6933,#1567);
#1084=LINE('',#6935,#1568);
#1085=LINE('',#6936,#1569);
#1086=LINE('',#6938,#1570);
#1087=LINE('',#6939,#1571);
#1088=LINE('',#6941,#1572);
#1089=LINE('',#6943,#1573);
#1090=LINE('',#6950,#1574);
#1091=LINE('',#6955,#1575);
#1092=LINE('',#6957,#1576);
#1093=LINE('',#6959,#1577);
#1094=LINE('',#6960,#1578);
#1095=LINE('',#6963,#1579);
#1096=LINE('',#6965,#1580);
#1097=LINE('',#6966,#1581);
#1098=LINE('',#6969,#1582);
#1099=LINE('',#6971,#1583);
#1100=LINE('',#6972,#1584);
#1101=LINE('',#6974,#1585);
#1102=LINE('',#6975,#1586);
#1103=LINE('',#6981,#1587);
#1104=LINE('',#6983,#1588);
#1105=LINE('',#6985,#1589);
#1106=LINE('',#6989,#1590);
#1107=LINE('',#6991,#1591);
#1108=LINE('',#6992,#1592);
#1109=LINE('',#7008,#1593);
#1110=LINE('',#7011,#1594);
#1111=LINE('',#7014,#1595);
#1112=LINE('',#7015,#1596);
#1113=LINE('',#7018,#1597);
#1114=LINE('',#7019,#1598);
#1115=LINE('',#7022,#1599);
#1116=LINE('',#7023,#1600);
#1117=LINE('',#7026,#1601);
#1118=LINE('',#7027,#1602);
#1119=LINE('',#7044,#1603);
#1120=LINE('',#7047,#1604);
#1121=LINE('',#7048,#1605);
#1122=LINE('',#7050,#1606);
#1123=LINE('',#7072,#1607);
#1124=LINE('',#7081,#1608);
#1125=LINE('',#7086,#1609);
#1126=LINE('',#7088,#1610);
#1127=LINE('',#7090,#1611);
#1128=LINE('',#7091,#1612);
#1129=LINE('',#7094,#1613);
#1130=LINE('',#7096,#1614);
#1131=LINE('',#7097,#1615);
#1132=LINE('',#7100,#1616);
#1133=LINE('',#7102,#1617);
#1134=LINE('',#7103,#1618);
#1135=LINE('',#7105,#1619);
#1136=LINE('',#7106,#1620);
#1137=LINE('',#7112,#1621);
#1138=LINE('',#7114,#1622);
#1139=LINE('',#7116,#1623);
#1140=LINE('',#7120,#1624);
#1141=LINE('',#7122,#1625);
#1142=LINE('',#7123,#1626);
#1143=LINE('',#7139,#1627);
#1144=LINE('',#7142,#1628);
#1145=LINE('',#7145,#1629);
#1146=LINE('',#7146,#1630);
#1147=LINE('',#7149,#1631);
#1148=LINE('',#7150,#1632);
#1149=LINE('',#7153,#1633);
#1150=LINE('',#7154,#1634);
#1151=LINE('',#7157,#1635);
#1152=LINE('',#7158,#1636);
#1153=LINE('',#7175,#1637);
#1154=LINE('',#7178,#1638);
#1155=LINE('',#7179,#1639);
#1156=LINE('',#7181,#1640);
#1157=LINE('',#7203,#1641);
#1158=LINE('',#7211,#1642);
#1159=LINE('',#7213,#1643);
#1160=LINE('',#7215,#1644);
#1161=LINE('',#7216,#1645);
#1162=LINE('',#7219,#1646);
#1163=LINE('',#7221,#1647);
#1164=LINE('',#7222,#1648);
#1165=LINE('',#7225,#1649);
#1166=LINE('',#7227,#1650);
#1167=LINE('',#7228,#1651);
#1168=LINE('',#7230,#1652);
#1169=LINE('',#7231,#1653);
#1170=LINE('',#7235,#1654);
#1171=LINE('',#7237,#1655);
#1172=LINE('',#7239,#1656);
#1173=LINE('',#7240,#1657);
#1174=LINE('',#7243,#1658);
#1175=LINE('',#7245,#1659);
#1176=LINE('',#7246,#1660);
#1177=LINE('',#7249,#1661);
#1178=LINE('',#7251,#1662);
#1179=LINE('',#7252,#1663);
#1180=LINE('',#7254,#1664);
#1181=LINE('',#7255,#1665);
#1182=LINE('',#7259,#1666);
#1183=LINE('',#7261,#1667);
#1184=LINE('',#7263,#1668);
#1185=LINE('',#7264,#1669);
#1186=LINE('',#7267,#1670);
#1187=LINE('',#7269,#1671);
#1188=LINE('',#7270,#1672);
#1189=LINE('',#7273,#1673);
#1190=LINE('',#7275,#1674);
#1191=LINE('',#7276,#1675);
#1192=LINE('',#7278,#1676);
#1193=LINE('',#7279,#1677);
#1194=LINE('',#7283,#1678);
#1195=LINE('',#7285,#1679);
#1196=LINE('',#7287,#1680);
#1197=LINE('',#7288,#1681);
#1198=LINE('',#7291,#1682);
#1199=LINE('',#7293,#1683);
#1200=LINE('',#7294,#1684);
#1201=LINE('',#7297,#1685);
#1202=LINE('',#7299,#1686);
#1203=LINE('',#7300,#1687);
#1204=LINE('',#7302,#1688);
#1205=LINE('',#7303,#1689);
#1206=LINE('',#7307,#1690);
#1207=LINE('',#7309,#1691);
#1208=LINE('',#7311,#1692);
#1209=LINE('',#7312,#1693);
#1210=LINE('',#7315,#1694);
#1211=LINE('',#7317,#1695);
#1212=LINE('',#7318,#1696);
#1213=LINE('',#7321,#1697);
#1214=LINE('',#7323,#1698);
#1215=LINE('',#7324,#1699);
#1216=LINE('',#7326,#1700);
#1217=LINE('',#7327,#1701);
#1218=LINE('',#7331,#1702);
#1219=LINE('',#7333,#1703);
#1220=LINE('',#7335,#1704);
#1221=LINE('',#7336,#1705);
#1222=LINE('',#7339,#1706);
#1223=LINE('',#7341,#1707);
#1224=LINE('',#7342,#1708);
#1225=LINE('',#7345,#1709);
#1226=LINE('',#7347,#1710);
#1227=LINE('',#7348,#1711);
#1228=LINE('',#7350,#1712);
#1229=LINE('',#7351,#1713);
#1230=LINE('',#7355,#1714);
#1231=LINE('',#7357,#1715);
#1232=LINE('',#7359,#1716);
#1233=LINE('',#7360,#1717);
#1234=LINE('',#7363,#1718);
#1235=LINE('',#7365,#1719);
#1236=LINE('',#7366,#1720);
#1237=LINE('',#7369,#1721);
#1238=LINE('',#7371,#1722);
#1239=LINE('',#7372,#1723);
#1240=LINE('',#7374,#1724);
#1241=LINE('',#7375,#1725);
#1242=LINE('',#7379,#1726);
#1243=LINE('',#7381,#1727);
#1244=LINE('',#7383,#1728);
#1245=LINE('',#7384,#1729);
#1246=LINE('',#7387,#1730);
#1247=LINE('',#7389,#1731);
#1248=LINE('',#7390,#1732);
#1249=LINE('',#7393,#1733);
#1250=LINE('',#7395,#1734);
#1251=LINE('',#7396,#1735);
#1252=LINE('',#7398,#1736);
#1253=LINE('',#7399,#1737);
#1254=LINE('',#7403,#1738);
#1255=LINE('',#7405,#1739);
#1256=LINE('',#7407,#1740);
#1257=LINE('',#7408,#1741);
#1258=LINE('',#7411,#1742);
#1259=LINE('',#7413,#1743);
#1260=LINE('',#7414,#1744);
#1261=LINE('',#7417,#1745);
#1262=LINE('',#7419,#1746);
#1263=LINE('',#7420,#1747);
#1264=LINE('',#7422,#1748);
#1265=LINE('',#7423,#1749);
#1266=LINE('',#7427,#1750);
#1267=LINE('',#7429,#1751);
#1268=LINE('',#7431,#1752);
#1269=LINE('',#7433,#1753);
#1270=LINE('',#7435,#1754);
#1271=LINE('',#7436,#1755);
#1272=LINE('',#7439,#1756);
#1273=LINE('',#7441,#1757);
#1274=LINE('',#7442,#1758);
#1275=LINE('',#7445,#1759);
#1276=LINE('',#7447,#1760);
#1277=LINE('',#7448,#1761);
#1278=LINE('',#7450,#1762);
#1279=LINE('',#7452,#1763);
#1280=LINE('',#7454,#1764);
#1281=LINE('',#7455,#1765);
#1282=LINE('',#7459,#1766);
#1283=LINE('',#7461,#1767);
#1284=LINE('',#7463,#1768);
#1285=LINE('',#7465,#1769);
#1286=LINE('',#7467,#1770);
#1287=LINE('',#7469,#1771);
#1288=LINE('',#7471,#1772);
#1289=LINE('',#7472,#1773);
#1290=LINE('',#7474,#1774);
#1291=LINE('',#7476,#1775);
#1292=LINE('',#7478,#1776);
#1293=LINE('',#7480,#1777);
#1294=LINE('',#7482,#1778);
#1295=LINE('',#7484,#1779);
#1296=LINE('',#7486,#1780);
#1297=LINE('',#7488,#1781);
#1298=LINE('',#7489,#1782);
#1299=LINE('',#7492,#1783);
#1300=LINE('',#7494,#1784);
#1301=LINE('',#7496,#1785);
#1302=LINE('',#7497,#1786);
#1303=LINE('',#7508,#1787);
#1304=LINE('',#7509,#1788);
#1305=LINE('',#7512,#1789);
#1306=LINE('',#7513,#1790);
#1307=LINE('',#7516,#1791);
#1308=LINE('',#7520,#1792);
#1309=LINE('',#7524,#1793);
#1310=LINE('',#7528,#1794);
#1311=LINE('',#7532,#1795);
#1312=LINE('',#7534,#1796);
#1313=LINE('',#7535,#1797);
#1314=LINE('',#7538,#1798);
#1315=LINE('',#7539,#1799);
#1316=LINE('',#7542,#1800);
#1317=LINE('',#7544,#1801);
#1318=LINE('',#7545,#1802);
#1319=LINE('',#7548,#1803);
#1320=LINE('',#7549,#1804);
#1321=LINE('',#7552,#1805);
#1322=LINE('',#7553,#1806);
#1323=LINE('',#7556,#1807);
#1324=LINE('',#7557,#1808);
#1325=LINE('',#7560,#1809);
#1326=LINE('',#7562,#1810);
#1327=LINE('',#7563,#1811);
#1328=LINE('',#7566,#1812);
#1329=LINE('',#7567,#1813);
#1330=LINE('',#7570,#1814);
#1331=LINE('',#7571,#1815);
#1332=LINE('',#7573,#1816);
#1333=LINE('',#7576,#1817);
#1334=LINE('',#7577,#1818);
#1335=LINE('',#7579,#1819);
#1336=LINE('',#7582,#1820);
#1337=LINE('',#7583,#1821);
#1338=LINE('',#7586,#1822);
#1339=LINE('',#7588,#1823);
#1340=LINE('',#7589,#1824);
#1341=LINE('',#7591,#1825);
#1342=LINE('',#7593,#1826);
#1343=LINE('',#7597,#1827);
#1344=LINE('',#7598,#1828);
#1345=LINE('',#7601,#1829);
#1346=LINE('',#7602,#1830);
#1347=LINE('',#7604,#1831);
#1348=LINE('',#7773,#1832);
#1349=LINE('',#7818,#1833);
#1350=LINE('',#7821,#1834);
#1351=LINE('',#7823,#1835);
#1352=LINE('',#7824,#1836);
#1353=LINE('',#7827,#1837);
#1354=LINE('',#7829,#1838);
#1355=LINE('',#7830,#1839);
#1356=LINE('',#7833,#1840);
#1357=LINE('',#7835,#1841);
#1358=LINE('',#7836,#1842);
#1359=LINE('',#7919,#1843);
#1360=LINE('',#7922,#1844);
#1361=LINE('',#7924,#1845);
#1362=LINE('',#7925,#1846);
#1363=LINE('',#8008,#1847);
#1364=LINE('',#8011,#1848);
#1365=LINE('',#8013,#1849);
#1366=LINE('',#8014,#1850);
#1367=LINE('',#8017,#1851);
#1368=LINE('',#8019,#1852);
#1369=LINE('',#8020,#1853);
#1370=LINE('',#8023,#1854);
#1371=LINE('',#8025,#1855);
#1372=LINE('',#8026,#1856);
#1373=LINE('',#8081,#1857);
#1374=LINE('',#8084,#1858);
#1375=LINE('',#8086,#1859);
#1376=LINE('',#8087,#1860);
#1377=LINE('',#8282,#1861);
#1378=LINE('',#8285,#1862);
#1379=LINE('',#8287,#1863);
#1380=LINE('',#8288,#1864);
#1381=LINE('',#8290,#1865);
#1382=LINE('',#8291,#1866);
#1383=LINE('',#8300,#1867);
#1384=LINE('',#8303,#1868);
#1385=LINE('',#8309,#1869);
#1386=LINE('',#8315,#1870);
#1387=LINE('',#8321,#1871);
#1388=LINE('',#8327,#1872);
#1389=LINE('',#8333,#1873);
#1390=LINE('',#8338,#1874);
#1391=LINE('',#8344,#1875);
#1392=LINE('',#8350,#1876);
#1393=LINE('',#8376,#1877);
#1394=LINE('',#8399,#1878);
#1395=LINE('',#8423,#1879);
#1396=LINE('',#8450,#1880);
#1397=LINE('',#8473,#1881);
#1398=LINE('',#8502,#1882);
#1399=LINE('',#8525,#1883);
#1400=LINE('',#8547,#1884);
#1401=LINE('',#8553,#1885);
#1402=LINE('',#8560,#1886);
#1403=LINE('',#8567,#1887);
#1404=LINE('',#8574,#1888);
#1405=LINE('',#8597,#1889);
#1406=LINE('',#8601,#1890);
#1407=LINE('',#8632,#1891);
#1408=LINE('',#8633,#1892);
#1409=LINE('',#8656,#1893);
#1410=LINE('',#8659,#1894);
#1411=LINE('',#8662,#1895);
#1412=LINE('',#8666,#1896);
#1413=LINE('',#8670,#1897);
#1414=LINE('',#8674,#1898);
#1415=LINE('',#8678,#1899);
#1416=LINE('',#8683,#1900);
#1417=LINE('',#8687,#1901);
#1418=LINE('',#8691,#1902);
#1419=LINE('',#8715,#1903);
#1420=LINE('',#8743,#1904);
#1421=LINE('',#8752,#1905);
#1422=LINE('',#8755,#1906);
#1423=LINE('',#8781,#1907);
#1424=LINE('',#8784,#1908);
#1425=LINE('',#8791,#1909);
#1426=LINE('',#8797,#1910);
#1427=LINE('',#8803,#1911);
#1428=LINE('',#8810,#1912);
#1429=LINE('',#8817,#1913);
#1430=LINE('',#8824,#1914);
#1431=LINE('',#8830,#1915);
#1432=LINE('',#8832,#1916);
#1433=LINE('',#8834,#1917);
#1434=LINE('',#8836,#1918);
#1435=LINE('',#8838,#1919);
#1436=LINE('',#8840,#1920);
#1437=LINE('',#8842,#1921);
#1438=LINE('',#8843,#1922);
#1439=LINE('',#8846,#1923);
#1440=LINE('',#8848,#1924);
#1441=LINE('',#8850,#1925);
#1442=LINE('',#8852,#1926);
#1443=LINE('',#8854,#1927);
#1444=LINE('',#8856,#1928);
#1445=LINE('',#8857,#1929);
#1446=LINE('',#8860,#1930);
#1447=LINE('',#8862,#1931);
#1448=LINE('',#8864,#1932);
#1449=LINE('',#8865,#1933);
#1450=LINE('',#8868,#1934);
#1451=LINE('',#8869,#1935);
#1452=LINE('',#8872,#1936);
#1453=LINE('',#8874,#1937);
#1454=LINE('',#8875,#1938);
#1455=LINE('',#8878,#1939);
#1456=LINE('',#8880,#1940);
#1457=LINE('',#8882,#1941);
#1458=LINE('',#8884,#1942);
#1459=LINE('',#8886,#1943);
#1460=LINE('',#8888,#1944);
#1461=LINE('',#8889,#1945);
#1462=LINE('',#8891,#1946);
#1463=LINE('',#8893,#1947);
#1464=LINE('',#8896,#1948);
#1465=LINE('',#8898,#1949);
#1466=LINE('',#8899,#1950);
#1467=LINE('',#8902,#1951);
#1468=LINE('',#8904,#1952);
#1469=LINE('',#8906,#1953);
#1470=LINE('',#8908,#1954);
#1471=LINE('',#8910,#1955);
#1472=LINE('',#8911,#1956);
#1473=LINE('',#8914,#1957);
#1474=LINE('',#8915,#1958);
#1475=LINE('',#8918,#1959);
#1476=LINE('',#8920,#1960);
#1477=LINE('',#8922,#1961);
#1478=LINE('',#8924,#1962);
#1479=LINE('',#8926,#1963);
#1480=LINE('',#8927,#1964);
#1481=LINE('',#8929,#1965);
#1482=LINE('',#8931,#1966);
#1483=LINE('',#8933,#1967);
#1484=LINE('',#8935,#1968);
#1485=LINE('',#8936,#1969);
#1486=LINE('',#8939,#1970);
#1487=LINE('',#8941,#1971);
#1488=LINE('',#8943,#1972);
#1489=LINE('',#8944,#1973);
#1490=LINE('',#8946,#1974);
#1491=LINE('',#8947,#1975);
#1492=LINE('',#8949,#1976);
#1493=LINE('',#8951,#1977);
#1494=LINE('',#8953,#1978);
#1495=LINE('',#8955,#1979);
#1496=LINE('',#8957,#1980);
#1497=LINE('',#8961,#1981);
#1498=LINE('',#8964,#1982);
#1499=LINE('',#8968,#1983);
#1500=LINE('',#8969,#1984);
#1501=LINE('',#8972,#1985);
#1502=LINE('',#8975,#1986);
#1503=LINE('',#8978,#1987);
#1504=LINE('',#9001,#1988);
#1505=LINE('',#9026,#1989);
#1506=LINE('',#9051,#1990);
#1507=LINE('',#9076,#1991);
#1508=LINE('',#9101,#1992);
#1509=LINE('',#9108,#1993);
#1510=LINE('',#9110,#1994);
#1511=LINE('',#9111,#1995);
#1512=LINE('',#9114,#1996);
#1513=LINE('',#9115,#1997);
#1514=LINE('',#9118,#1998);
#1515=LINE('',#9119,#1999);
#1516=LINE('',#9122,#2000);
#1517=LINE('',#9123,#2001);
#1518=LINE('',#9126,#2002);
#1519=LINE('',#9127,#2003);
#1520=LINE('',#9130,#2004);
#1521=LINE('',#9131,#2005);
#1522=LINE('',#9134,#2006);
#1523=LINE('',#9135,#2007);
#1524=LINE('',#9138,#2008);
#1525=LINE('',#9139,#2009);
#1526=LINE('',#9142,#2010);
#1527=LINE('',#9143,#2011);
#1528=LINE('',#9145,#2012);
#1529=VECTOR('',#5413,0.0235294117647059);
#1530=VECTOR('',#5414,0.0634090909090909);
#1531=VECTOR('',#5415,0.0235294117647059);
#1532=VECTOR('',#5416,0.0634090909090909);
#1533=VECTOR('',#5419,0.0235294117647059);
#1534=VECTOR('',#5420,0.0634090909090909);
#1535=VECTOR('',#5421,0.0235294117647059);
#1536=VECTOR('',#5422,0.0634090909090909);
#1537=VECTOR('',#5425,0.0825);
#1538=VECTOR('',#5426,0.0825);
#1539=VECTOR('',#5429,0.0825);
#1540=VECTOR('',#5432,0.0825);
#1541=VECTOR('',#5439,0.0235294117647059);
#1542=VECTOR('',#5440,0.0675);
#1543=VECTOR('',#5441,0.0235294117647059);
#1544=VECTOR('',#5442,0.0675);
#1545=VECTOR('',#5445,0.0235294117647059);
#1546=VECTOR('',#5446,0.0675);
#1547=VECTOR('',#5447,0.0235294117647059);
#1548=VECTOR('',#5448,0.0675);
#1549=VECTOR('',#5451,0.0875);
#1550=VECTOR('',#5452,0.0875);
#1551=VECTOR('',#5455,0.0875);
#1552=VECTOR('',#5458,0.0875);
#1553=VECTOR('',#5465,0.17420874695884);
#1554=VECTOR('',#5470,0.230184623692719);
#1555=VECTOR('',#5477,0.274282866594056);
#1556=VECTOR('',#5486,0.17420874695884);
#1557=VECTOR('',#5493,0.218306772460227);
#1558=VECTOR('',#5506,0.05085);
#1559=VECTOR('',#5513,0.05085);
#1560=VECTOR('',#5520,0.05085);
#1561=VECTOR('',#5527,0.05085);
#1562=VECTOR('',#5532,0.01);
#1563=VECTOR('',#5533,0.09);
#1564=VECTOR('',#5534,0.01);
#1565=VECTOR('',#5535,0.09);
#1566=VECTOR('',#5538,0.01);
#1567=VECTOR('',#5539,0.09);
#1568=VECTOR('',#5540,0.01);
#1569=VECTOR('',#5541,0.09);
#1570=VECTOR('',#5544,0.1);
#1571=VECTOR('',#5545,0.1);
#1572=VECTOR('',#5548,0.1);
#1573=VECTOR('',#5551,0.1);
#1574=VECTOR('',#5560,0.035850000000032);
#1575=VECTOR('',#5565,1.);
#1576=VECTOR('',#5566,0.0250012675921122);
#1577=VECTOR('',#5567,0.0150007494858333);
#1578=VECTOR('',#5568,0.0250012675921122);
#1579=VECTOR('',#5571,1.);
#1580=VECTOR('',#5572,0.0250012675921122);
#1581=VECTOR('',#5573,0.0603478374152348);
#1582=VECTOR('',#5576,1.);
#1583=VECTOR('',#5577,0.0603478374152348);
#1584=VECTOR('',#5578,0.0250012675921122);
#1585=VECTOR('',#5581,1.);
#1586=VECTOR('',#5582,0.0150007494858333);
#1587=VECTOR('',#5587,1.);
#1588=VECTOR('',#5588,1.);
#1589=VECTOR('',#5589,1.);
#1590=VECTOR('',#5592,1.);
#1591=VECTOR('',#5593,1.);
#1592=VECTOR('',#5594,1.);
#1593=VECTOR('',#5595,1.);
#1594=VECTOR('',#5598,1.);
#1595=VECTOR('',#5601,1.);
#1596=VECTOR('',#5602,0.0334183332910837);
#1597=VECTOR('',#5605,1.);
#1598=VECTOR('',#5606,0.0334183332910837);
#1599=VECTOR('',#5609,1.);
#1600=VECTOR('',#5610,1.);
#1601=VECTOR('',#5613,0.0334183332910837);
#1602=VECTOR('',#5614,1.);
#1603=VECTOR('',#5617,1.);
#1604=VECTOR('',#5620,1.);
#1605=VECTOR('',#5621,0.0334183332910837);
#1606=VECTOR('',#5624,1.);
#1607=VECTOR('',#5627,0.7);
#1608=VECTOR('',#5640,0.035850000000032);
#1609=VECTOR('',#5645,1.);
#1610=VECTOR('',#5646,0.0250012675921122);
#1611=VECTOR('',#5647,0.0150007494858333);
#1612=VECTOR('',#5648,0.0250012675921122);
#1613=VECTOR('',#5651,1.);
#1614=VECTOR('',#5652,0.0250012675921122);
#1615=VECTOR('',#5653,0.0603478374152348);
#1616=VECTOR('',#5656,1.);
#1617=VECTOR('',#5657,0.0603478374152348);
#1618=VECTOR('',#5658,0.0250012675921122);
#1619=VECTOR('',#5661,1.);
#1620=VECTOR('',#5662,0.0150007494858333);
#1621=VECTOR('',#5667,1.);
#1622=VECTOR('',#5668,1.);
#1623=VECTOR('',#5669,1.);
#1624=VECTOR('',#5672,1.);
#1625=VECTOR('',#5673,1.);
#1626=VECTOR('',#5674,1.);
#1627=VECTOR('',#5675,1.);
#1628=VECTOR('',#5678,1.);
#1629=VECTOR('',#5681,1.);
#1630=VECTOR('',#5682,0.0334183332910837);
#1631=VECTOR('',#5685,1.);
#1632=VECTOR('',#5686,0.0334183332910837);
#1633=VECTOR('',#5689,1.);
#1634=VECTOR('',#5690,1.);
#1635=VECTOR('',#5693,0.0334183332910837);
#1636=VECTOR('',#5694,1.);
#1637=VECTOR('',#5697,1.);
#1638=VECTOR('',#5700,1.);
#1639=VECTOR('',#5701,0.0334183332910837);
#1640=VECTOR('',#5704,1.);
#1641=VECTOR('',#5707,0.7);
#1642=VECTOR('',#5718,1.);
#1643=VECTOR('',#5719,1.);
#1644=VECTOR('',#5720,1.);
#1645=VECTOR('',#5721,1.);
#1646=VECTOR('',#5724,1.);
#1647=VECTOR('',#5725,1.);
#1648=VECTOR('',#5726,1.);
#1649=VECTOR('',#5729,1.);
#1650=VECTOR('',#5730,1.);
#1651=VECTOR('',#5731,1.);
#1652=VECTOR('',#5734,1.);
#1653=VECTOR('',#5735,1.);
#1654=VECTOR('',#5738,1.);
#1655=VECTOR('',#5739,1.);
#1656=VECTOR('',#5740,1.);
#1657=VECTOR('',#5741,1.);
#1658=VECTOR('',#5744,1.);
#1659=VECTOR('',#5745,1.);
#1660=VECTOR('',#5746,1.);
#1661=VECTOR('',#5749,1.);
#1662=VECTOR('',#5750,1.);
#1663=VECTOR('',#5751,1.);
#1664=VECTOR('',#5754,1.);
#1665=VECTOR('',#5755,1.);
#1666=VECTOR('',#5758,1.);
#1667=VECTOR('',#5759,1.);
#1668=VECTOR('',#5760,1.);
#1669=VECTOR('',#5761,1.);
#1670=VECTOR('',#5764,1.);
#1671=VECTOR('',#5765,1.);
#1672=VECTOR('',#5766,1.);
#1673=VECTOR('',#5769,1.);
#1674=VECTOR('',#5770,1.);
#1675=VECTOR('',#5771,1.);
#1676=VECTOR('',#5774,1.);
#1677=VECTOR('',#5775,1.);
#1678=VECTOR('',#5778,1.);
#1679=VECTOR('',#5779,1.);
#1680=VECTOR('',#5780,1.);
#1681=VECTOR('',#5781,1.);
#1682=VECTOR('',#5784,1.);
#1683=VECTOR('',#5785,1.);
#1684=VECTOR('',#5786,1.);
#1685=VECTOR('',#5789,1.);
#1686=VECTOR('',#5790,1.);
#1687=VECTOR('',#5791,1.);
#1688=VECTOR('',#5794,1.);
#1689=VECTOR('',#5795,1.);
#1690=VECTOR('',#5798,1.);
#1691=VECTOR('',#5799,1.);
#1692=VECTOR('',#5800,1.);
#1693=VECTOR('',#5801,1.);
#1694=VECTOR('',#5804,1.);
#1695=VECTOR('',#5805,1.);
#1696=VECTOR('',#5806,1.);
#1697=VECTOR('',#5809,1.);
#1698=VECTOR('',#5810,1.);
#1699=VECTOR('',#5811,1.);
#1700=VECTOR('',#5814,1.);
#1701=VECTOR('',#5815,1.);
#1702=VECTOR('',#5818,1.);
#1703=VECTOR('',#5819,1.);
#1704=VECTOR('',#5820,1.);
#1705=VECTOR('',#5821,1.);
#1706=VECTOR('',#5824,1.);
#1707=VECTOR('',#5825,1.);
#1708=VECTOR('',#5826,1.);
#1709=VECTOR('',#5829,1.);
#1710=VECTOR('',#5830,1.);
#1711=VECTOR('',#5831,1.);
#1712=VECTOR('',#5834,1.);
#1713=VECTOR('',#5835,1.);
#1714=VECTOR('',#5838,1.);
#1715=VECTOR('',#5839,1.);
#1716=VECTOR('',#5840,1.);
#1717=VECTOR('',#5841,1.);
#1718=VECTOR('',#5844,1.);
#1719=VECTOR('',#5845,1.);
#1720=VECTOR('',#5846,1.);
#1721=VECTOR('',#5849,1.);
#1722=VECTOR('',#5850,1.);
#1723=VECTOR('',#5851,1.);
#1724=VECTOR('',#5854,1.);
#1725=VECTOR('',#5855,1.);
#1726=VECTOR('',#5858,1.);
#1727=VECTOR('',#5859,1.);
#1728=VECTOR('',#5860,1.);
#1729=VECTOR('',#5861,1.);
#1730=VECTOR('',#5864,1.);
#1731=VECTOR('',#5865,1.);
#1732=VECTOR('',#5866,1.);
#1733=VECTOR('',#5869,1.);
#1734=VECTOR('',#5870,1.);
#1735=VECTOR('',#5871,1.);
#1736=VECTOR('',#5874,1.);
#1737=VECTOR('',#5875,1.);
#1738=VECTOR('',#5878,1.);
#1739=VECTOR('',#5879,1.);
#1740=VECTOR('',#5880,1.);
#1741=VECTOR('',#5881,1.);
#1742=VECTOR('',#5884,1.);
#1743=VECTOR('',#5885,1.);
#1744=VECTOR('',#5886,1.);
#1745=VECTOR('',#5889,1.);
#1746=VECTOR('',#5890,1.);
#1747=VECTOR('',#5891,1.);
#1748=VECTOR('',#5894,1.);
#1749=VECTOR('',#5895,1.);
#1750=VECTOR('',#5898,1.);
#1751=VECTOR('',#5899,1.);
#1752=VECTOR('',#5900,1.);
#1753=VECTOR('',#5901,1.);
#1754=VECTOR('',#5902,1.);
#1755=VECTOR('',#5903,1.);
#1756=VECTOR('',#5906,1.);
#1757=VECTOR('',#5907,1.);
#1758=VECTOR('',#5908,1.);
#1759=VECTOR('',#5911,1.);
#1760=VECTOR('',#5912,1.);
#1761=VECTOR('',#5913,1.);
#1762=VECTOR('',#5916,1.);
#1763=VECTOR('',#5917,1.);
#1764=VECTOR('',#5918,1.);
#1765=VECTOR('',#5919,1.);
#1766=VECTOR('',#5922,1.);
#1767=VECTOR('',#5923,1.);
#1768=VECTOR('',#5924,1.);
#1769=VECTOR('',#5925,1.);
#1770=VECTOR('',#5926,1.);
#1771=VECTOR('',#5927,1.);
#1772=VECTOR('',#5928,1.);
#1773=VECTOR('',#5929,1.);
#1774=VECTOR('',#5930,1.);
#1775=VECTOR('',#5931,1.);
#1776=VECTOR('',#5932,1.);
#1777=VECTOR('',#5933,1.);
#1778=VECTOR('',#5934,1.);
#1779=VECTOR('',#5935,1.);
#1780=VECTOR('',#5936,1.);
#1781=VECTOR('',#5937,1.);
#1782=VECTOR('',#5938,1.);
#1783=VECTOR('',#5939,1.);
#1784=VECTOR('',#5940,1.);
#1785=VECTOR('',#5941,1.);
#1786=VECTOR('',#5942,1.);
#1787=VECTOR('',#5953,0.080085);
#1788=VECTOR('',#5954,1.);
#1789=VECTOR('',#5957,0.080085);
#1790=VECTOR('',#5958,0.080085);
#1791=VECTOR('',#5961,0.10085);
#1792=VECTOR('',#5966,0.10085);
#1793=VECTOR('',#5971,0.10085);
#1794=VECTOR('',#5976,0.10085);
#1795=VECTOR('',#5981,0.310085);
#1796=VECTOR('',#5982,1.);
#1797=VECTOR('',#5983,0.310085);
#1798=VECTOR('',#5986,0.310085);
#1799=VECTOR('',#5987,1.);
#1800=VECTOR('',#5990,0.1);
#1801=VECTOR('',#5991,0.37);
#1802=VECTOR('',#5992,0.1);
#1803=VECTOR('',#5995,0.1);
#1804=VECTOR('',#5996,0.115);
#1805=VECTOR('',#5999,0.1);
#1806=VECTOR('',#6000,0.115);
#1807=VECTOR('',#6003,0.1);
#1808=VECTOR('',#6004,0.555000000000001);
#1809=VECTOR('',#6007,0.080085);
#1810=VECTOR('',#6008,0.115085);
#1811=VECTOR('',#6009,1.);
#1812=VECTOR('',#6012,0.080085);
#1813=VECTOR('',#6013,0.055085);
#1814=VECTOR('',#6016,0.080085);
#1815=VECTOR('',#6017,0.115085);
#1816=VECTOR('',#6020,0.055085);
#1817=VECTOR('',#6023,0.310085);
#1818=VECTOR('',#6024,1.);
#1819=VECTOR('',#6027,1.);
#1820=VECTOR('',#6030,0.1);
#1821=VECTOR('',#6031,0.1);
#1822=VECTOR('',#6034,0.1);
#1823=VECTOR('',#6035,0.37);
#1824=VECTOR('',#6036,0.1);
#1825=VECTOR('',#6039,0.1);
#1826=VECTOR('',#6042,0.1);
#1827=VECTOR('',#6047,0.450085);
#1828=VECTOR('',#6048,0.080085);
#1829=VECTOR('',#6051,0.080085);
#1830=VECTOR('',#6052,0.080085);
#1831=VECTOR('',#6055,0.450085);
#1832=VECTOR('',#6060,0.0235294117647059);
#1833=VECTOR('',#6061,0.0235294117647059);
#1834=VECTOR('',#6064,0.0775071089413339);
#1835=VECTOR('',#6065,0.0775071089413339);
#1836=VECTOR('',#6066,0.0235294117647059);
#1837=VECTOR('',#6069,0.288162877099791);
#1838=VECTOR('',#6070,0.288162877099791);
#1839=VECTOR('',#6071,0.0235294117647059);
#1840=VECTOR('',#6074,0.0775071089413339);
#1841=VECTOR('',#6075,0.0775071089413339);
#1842=VECTOR('',#6076,0.0235294117647059);
#1843=VECTOR('',#6077,0.0235294117647059);
#1844=VECTOR('',#6080,0.762502369044474);
#1845=VECTOR('',#6081,0.762502369044474);
#1846=VECTOR('',#6082,0.0235294117647059);
#1847=VECTOR('',#6083,0.0235294117647059);
#1848=VECTOR('',#6086,0.0764597155772618);
#1849=VECTOR('',#6087,0.0764597155772618);
#1850=VECTOR('',#6088,0.0235294117647059);
#1851=VECTOR('',#6091,0.219003786595841);
#1852=VECTOR('',#6092,0.219003786595841);
#1853=VECTOR('',#6093,0.0235294117647059);
#1854=VECTOR('',#6096,0.239853080372506);
#1855=VECTOR('',#6097,0.239853080372506);
#1856=VECTOR('',#6098,0.0235294117647059);
#1857=VECTOR('',#6099,0.0235294117647059);
#1858=VECTOR('',#6102,0.0081363635887);
#1859=VECTOR('',#6103,0.0081363635887);
#1860=VECTOR('',#6104,0.0235294117647059);
#1861=VECTOR('',#6105,0.0235294117647059);
#1862=VECTOR('',#6108,0.0775071089413339);
#1863=VECTOR('',#6109,0.0775071089413339);
#1864=VECTOR('',#6110,0.0235294117647059);
#1865=VECTOR('',#6113,0.20747727151185);
#1866=VECTOR('',#6114,0.20747727151185);
#1867=VECTOR('',#6125,0.00949173972514873);
#1868=VECTOR('',#6128,0.0118539344130467);
#1869=VECTOR('',#6135,0.00949173972514874);
#1870=VECTOR('',#6142,0.0127848731201817);
#1871=VECTOR('',#6149,0.0106994061997759);
#1872=VECTOR('',#6156,0.0127175469445792);
#1873=VECTOR('',#6163,0.00954725866146999);
#1874=VECTOR('',#6168,0.0127848731201817);
#1875=VECTOR('',#6175,0.0106994061997759);
#1876=VECTOR('',#6182,0.0127175469445792);
#1877=VECTOR('',#6193,0.224587015913944);
#1878=VECTOR('',#6198,0.280563106585301);
#1879=VECTOR('',#6205,0.335856558797388);
#1880=VECTOR('',#6216,0.0566587730954449);
#1881=VECTOR('',#6221,0.100756964970068);
#1882=VECTOR('',#6236,0.36944220933883);
#1883=VECTOR('',#6243,0.277081650331252);
#1884=VECTOR('',#6248,0.221936032222235);
#1885=VECTOR('',#6255,0.05085);
#1886=VECTOR('',#6264,0.05085);
#1887=VECTOR('',#6273,0.05085);
#1888=VECTOR('',#6282,0.05085);
#1889=VECTOR('',#6287,1.);
#1890=VECTOR('',#6290,1.);
#1891=VECTOR('',#6307,1.);
#1892=VECTOR('',#6308,1.);
#1893=VECTOR('',#6331,0.0118764421189242);
#1894=VECTOR('',#6334,0.00951166938150473);
#1895=VECTOR('',#6337,0.00951166938150473);
#1896=VECTOR('',#6342,0.0128114033118964);
#1897=VECTOR('',#6347,0.0107240014212872);
#1898=VECTOR('',#6352,0.0127420917511165);
#1899=VECTOR('',#6357,0.00956468201602565);
#1900=VECTOR('',#6364,0.0128114033118964);
#1901=VECTOR('',#6369,0.0107240014212872);
#1902=VECTOR('',#6374,0.0127420917511165);
#1903=VECTOR('',#6381,0.336477139289181);
#1904=VECTOR('',#6394,0.370124847869939);
#1905=VECTOR('',#6407,0.25085);
#1906=VECTOR('',#6410,0.25085);
#1907=VECTOR('',#6419,1.);
#1908=VECTOR('',#6422,1.);
#1909=VECTOR('',#6431,0.035850000000032);
#1910=VECTOR('',#6438,0.035850000000032);
#1911=VECTOR('',#6445,0.10085);
#1912=VECTOR('',#6454,0.10085);
#1913=VECTOR('',#6463,0.10085);
#1914=VECTOR('',#6472,0.10085);
#1915=VECTOR('',#6479,1.);
#1916=VECTOR('',#6480,1.);
#1917=VECTOR('',#6481,1.);
#1918=VECTOR('',#6482,1.);
#1919=VECTOR('',#6483,1.);
#1920=VECTOR('',#6484,1.);
#1921=VECTOR('',#6485,1.);
#1922=VECTOR('',#6486,1.);
#1923=VECTOR('',#6489,0.37);
#1924=VECTOR('',#6490,0.1);
#1925=VECTOR('',#6491,0.1);
#1926=VECTOR('',#6492,0.555000000000001);
#1927=VECTOR('',#6493,0.115);
#1928=VECTOR('',#6494,0.115);
#1929=VECTOR('',#6495,0.37);
#1930=VECTOR('',#6496,1.);
#1931=VECTOR('',#6497,1.);
#1932=VECTOR('',#6498,1.);
#1933=VECTOR('',#6499,1.);
#1934=VECTOR('',#6502,1.);
#1935=VECTOR('',#6503,0.1);
#1936=VECTOR('',#6506,0.160085);
#1937=VECTOR('',#6507,0.100085);
#1938=VECTOR('',#6508,1.);
#1939=VECTOR('',#6511,1.);
#1940=VECTOR('',#6512,0.065085);
#1941=VECTOR('',#6513,0.100085);
#1942=VECTOR('',#6514,1.);
#1943=VECTOR('',#6515,1.);
#1944=VECTOR('',#6516,1.);
#1945=VECTOR('',#6517,1.);
#1946=VECTOR('',#6520,0.160085);
#1947=VECTOR('',#6523,1.);
#1948=VECTOR('',#6526,0.115085);
#1949=VECTOR('',#6527,0.080085);
#1950=VECTOR('',#6528,1.);
#1951=VECTOR('',#6531,0.115085);
#1952=VECTOR('',#6532,0.450085);
#1953=VECTOR('',#6533,0.080085);
#1954=VECTOR('',#6534,0.450085);
#1955=VECTOR('',#6535,0.080085);
#1956=VECTOR('',#6536,0.055085);
#1957=VECTOR('',#6539,1.);
#1958=VECTOR('',#6540,1.);
#1959=VECTOR('',#6543,1.);
#1960=VECTOR('',#6544,1.);
#1961=VECTOR('',#6545,1.);
#1962=VECTOR('',#6546,1.);
#1963=VECTOR('',#6547,1.);
#1964=VECTOR('',#6548,1.);
#1965=VECTOR('',#6549,1.);
#1966=VECTOR('',#6550,1.);
#1967=VECTOR('',#6551,1.);
#1968=VECTOR('',#6552,1.);
#1969=VECTOR('',#6553,1.);
#1970=VECTOR('',#6554,1.);
#1971=VECTOR('',#6555,1.);
#1972=VECTOR('',#6556,1.);
#1973=VECTOR('',#6557,1.);
#1974=VECTOR('',#6560,0.310085);
#1975=VECTOR('',#6561,0.310085);
#1976=VECTOR('',#6564,0.310085);
#1977=VECTOR('',#6567,0.1);
#1978=VECTOR('',#6570,0.1);
#1979=VECTOR('',#6573,0.080085);
#1980=VECTOR('',#6576,0.080085);
#1981=VECTOR('',#6581,0.080085);
#1982=VECTOR('',#6584,0.35085);
#1983=VECTOR('',#6591,0.1);
#1984=VECTOR('',#6592,0.1);
#1985=VECTOR('',#6597,0.310085);
#1986=VECTOR('',#6602,0.1);
#1987=VECTOR('',#6607,1.);
#1988=VECTOR('',#6612,0.230609964206173);
#1989=VECTOR('',#6621,0.174530657791037);
#1990=VECTOR('',#6630,0.0567634804332623);
#1991=VECTOR('',#6639,0.281081534170332);
#1992=VECTOR('',#6648,0.225002013422104);
#1993=VECTOR('',#6657,0.0127420917511165);
#1994=VECTOR('',#6658,0.00956468201602565);
#1995=VECTOR('',#6659,0.00705989648840669);
#1996=VECTOR('',#6662,0.0107240014212872);
#1997=VECTOR('',#6663,0.00895257187309371);
#1998=VECTOR('',#6666,0.0128114033118964);
#1999=VECTOR('',#6667,0.00788044010983986);
#2000=VECTOR('',#6670,0.00951166938150473);
#2001=VECTOR('',#6671,0.00658566237256628);
#2002=VECTOR('',#6674,0.0118764421189242);
#2003=VECTOR('',#6675,0.00851891671918117);
#2004=VECTOR('',#6678,0.00951166938150473);
#2005=VECTOR('',#6679,0.00851891671918117);
#2006=VECTOR('',#6682,0.0128114033118964);
#2007=VECTOR('',#6683,0.00658566237256628);
#2008=VECTOR('',#6686,0.0107240014212872);
#2009=VECTOR('',#6687,0.00788044010983986);
#2010=VECTOR('',#6690,0.0127420917511165);
#2011=VECTOR('',#6691,0.00895257187309371);
#2012=VECTOR('',#6694,0.00705989648840669);
#2013=VERTEX_POINT('',#6720);
#2014=VERTEX_POINT('',#6721);
#2015=VERTEX_POINT('',#6723);
#2016=VERTEX_POINT('',#6725);
#2017=VERTEX_POINT('',#6729);
#2018=VERTEX_POINT('',#6730);
#2019=VERTEX_POINT('',#6732);
#2020=VERTEX_POINT('',#6734);
#2021=VERTEX_POINT('',#6747);
#2022=VERTEX_POINT('',#6748);
#2023=VERTEX_POINT('',#6750);
#2024=VERTEX_POINT('',#6752);
#2025=VERTEX_POINT('',#6756);
#2026=VERTEX_POINT('',#6757);
#2027=VERTEX_POINT('',#6759);
#2028=VERTEX_POINT('',#6761);
#2029=VERTEX_POINT('',#6791);
#2030=VERTEX_POINT('',#6793);
#2031=VERTEX_POINT('',#6814);
#2032=VERTEX_POINT('',#6816);
#2033=VERTEX_POINT('',#6838);
#2034=VERTEX_POINT('',#6840);
#2035=VERTEX_POINT('',#6863);
#2036=VERTEX_POINT('',#6865);
#2037=VERTEX_POINT('',#6887);
#2038=VERTEX_POINT('',#6889);
#2039=VERTEX_POINT('',#6896);
#2040=VERTEX_POINT('',#6898);
#2041=VERTEX_POINT('',#6902);
#2042=VERTEX_POINT('',#6904);
#2043=VERTEX_POINT('',#6908);
#2044=VERTEX_POINT('',#6910);
#2045=VERTEX_POINT('',#6914);
#2046=VERTEX_POINT('',#6916);
#2047=VERTEX_POINT('',#6920);
#2048=VERTEX_POINT('',#6921);
#2049=VERTEX_POINT('',#6923);
#2050=VERTEX_POINT('',#6925);
#2051=VERTEX_POINT('',#6929);
#2052=VERTEX_POINT('',#6930);
#2053=VERTEX_POINT('',#6932);
#2054=VERTEX_POINT('',#6934);
#2055=VERTEX_POINT('',#6947);
#2056=VERTEX_POINT('',#6949);
#2057=VERTEX_POINT('',#6953);
#2058=VERTEX_POINT('',#6954);
#2059=VERTEX_POINT('',#6956);
#2060=VERTEX_POINT('',#6958);
#2061=VERTEX_POINT('',#6962);
#2062=VERTEX_POINT('',#6964);
#2063=VERTEX_POINT('',#6968);
#2064=VERTEX_POINT('',#6970);
#2065=VERTEX_POINT('',#6977);
#2066=VERTEX_POINT('',#6978);
#2067=VERTEX_POINT('',#6980);
#2068=VERTEX_POINT('',#6982);
#2069=VERTEX_POINT('',#6984);
#2070=VERTEX_POINT('',#6986);
#2071=VERTEX_POINT('',#6988);
#2072=VERTEX_POINT('',#6990);
#2073=VERTEX_POINT('',#7007);
#2074=VERTEX_POINT('',#7009);
#2075=VERTEX_POINT('',#7013);
#2076=VERTEX_POINT('',#7017);
#2077=VERTEX_POINT('',#7021);
#2078=VERTEX_POINT('',#7025);
#2079=VERTEX_POINT('',#7042);
#2080=VERTEX_POINT('',#7046);
#2081=VERTEX_POINT('',#7069);
#2082=VERTEX_POINT('',#7071);
#2083=VERTEX_POINT('',#7078);
#2084=VERTEX_POINT('',#7080);
#2085=VERTEX_POINT('',#7084);
#2086=VERTEX_POINT('',#7085);
#2087=VERTEX_POINT('',#7087);
#2088=VERTEX_POINT('',#7089);
#2089=VERTEX_POINT('',#7093);
#2090=VERTEX_POINT('',#7095);
#2091=VERTEX_POINT('',#7099);
#2092=VERTEX_POINT('',#7101);
#2093=VERTEX_POINT('',#7108);
#2094=VERTEX_POINT('',#7109);
#2095=VERTEX_POINT('',#7111);
#2096=VERTEX_POINT('',#7113);
#2097=VERTEX_POINT('',#7115);
#2098=VERTEX_POINT('',#7117);
#2099=VERTEX_POINT('',#7119);
#2100=VERTEX_POINT('',#7121);
#2101=VERTEX_POINT('',#7138);
#2102=VERTEX_POINT('',#7140);
#2103=VERTEX_POINT('',#7144);
#2104=VERTEX_POINT('',#7148);
#2105=VERTEX_POINT('',#7152);
#2106=VERTEX_POINT('',#7156);
#2107=VERTEX_POINT('',#7173);
#2108=VERTEX_POINT('',#7177);
#2109=VERTEX_POINT('',#7200);
#2110=VERTEX_POINT('',#7202);
#2111=VERTEX_POINT('',#7209);
#2112=VERTEX_POINT('',#7210);
#2113=VERTEX_POINT('',#7212);
#2114=VERTEX_POINT('',#7214);
#2115=VERTEX_POINT('',#7218);
#2116=VERTEX_POINT('',#7220);
#2117=VERTEX_POINT('',#7224);
#2118=VERTEX_POINT('',#7226);
#2119=VERTEX_POINT('',#7233);
#2120=VERTEX_POINT('',#7234);
#2121=VERTEX_POINT('',#7236);
#2122=VERTEX_POINT('',#7238);
#2123=VERTEX_POINT('',#7242);
#2124=VERTEX_POINT('',#7244);
#2125=VERTEX_POINT('',#7248);
#2126=VERTEX_POINT('',#7250);
#2127=VERTEX_POINT('',#7257);
#2128=VERTEX_POINT('',#7258);
#2129=VERTEX_POINT('',#7260);
#2130=VERTEX_POINT('',#7262);
#2131=VERTEX_POINT('',#7266);
#2132=VERTEX_POINT('',#7268);
#2133=VERTEX_POINT('',#7272);
#2134=VERTEX_POINT('',#7274);
#2135=VERTEX_POINT('',#7281);
#2136=VERTEX_POINT('',#7282);
#2137=VERTEX_POINT('',#7284);
#2138=VERTEX_POINT('',#7286);
#2139=VERTEX_POINT('',#7290);
#2140=VERTEX_POINT('',#7292);
#2141=VERTEX_POINT('',#7296);
#2142=VERTEX_POINT('',#7298);
#2143=VERTEX_POINT('',#7305);
#2144=VERTEX_POINT('',#7306);
#2145=VERTEX_POINT('',#7308);
#2146=VERTEX_POINT('',#7310);
#2147=VERTEX_POINT('',#7314);
#2148=VERTEX_POINT('',#7316);
#2149=VERTEX_POINT('',#7320);
#2150=VERTEX_POINT('',#7322);
#2151=VERTEX_POINT('',#7329);
#2152=VERTEX_POINT('',#7330);
#2153=VERTEX_POINT('',#7332);
#2154=VERTEX_POINT('',#7334);
#2155=VERTEX_POINT('',#7338);
#2156=VERTEX_POINT('',#7340);
#2157=VERTEX_POINT('',#7344);
#2158=VERTEX_POINT('',#7346);
#2159=VERTEX_POINT('',#7353);
#2160=VERTEX_POINT('',#7354);
#2161=VERTEX_POINT('',#7356);
#2162=VERTEX_POINT('',#7358);
#2163=VERTEX_POINT('',#7362);
#2164=VERTEX_POINT('',#7364);
#2165=VERTEX_POINT('',#7368);
#2166=VERTEX_POINT('',#7370);
#2167=VERTEX_POINT('',#7377);
#2168=VERTEX_POINT('',#7378);
#2169=VERTEX_POINT('',#7380);
#2170=VERTEX_POINT('',#7382);
#2171=VERTEX_POINT('',#7386);
#2172=VERTEX_POINT('',#7388);
#2173=VERTEX_POINT('',#7392);
#2174=VERTEX_POINT('',#7394);
#2175=VERTEX_POINT('',#7401);
#2176=VERTEX_POINT('',#7402);
#2177=VERTEX_POINT('',#7404);
#2178=VERTEX_POINT('',#7406);
#2179=VERTEX_POINT('',#7410);
#2180=VERTEX_POINT('',#7412);
#2181=VERTEX_POINT('',#7416);
#2182=VERTEX_POINT('',#7418);
#2183=VERTEX_POINT('',#7425);
#2184=VERTEX_POINT('',#7426);
#2185=VERTEX_POINT('',#7428);
#2186=VERTEX_POINT('',#7430);
#2187=VERTEX_POINT('',#7432);
#2188=VERTEX_POINT('',#7434);
#2189=VERTEX_POINT('',#7438);
#2190=VERTEX_POINT('',#7440);
#2191=VERTEX_POINT('',#7444);
#2192=VERTEX_POINT('',#7446);
#2193=VERTEX_POINT('',#7451);
#2194=VERTEX_POINT('',#7453);
#2195=VERTEX_POINT('',#7457);
#2196=VERTEX_POINT('',#7458);
#2197=VERTEX_POINT('',#7460);
#2198=VERTEX_POINT('',#7462);
#2199=VERTEX_POINT('',#7464);
#2200=VERTEX_POINT('',#7466);
#2201=VERTEX_POINT('',#7468);
#2202=VERTEX_POINT('',#7470);
#2203=VERTEX_POINT('',#7473);
#2204=VERTEX_POINT('',#7475);
#2205=VERTEX_POINT('',#7477);
#2206=VERTEX_POINT('',#7479);
#2207=VERTEX_POINT('',#7481);
#2208=VERTEX_POINT('',#7483);
#2209=VERTEX_POINT('',#7485);
#2210=VERTEX_POINT('',#7487);
#2211=VERTEX_POINT('',#7490);
#2212=VERTEX_POINT('',#7491);
#2213=VERTEX_POINT('',#7493);
#2214=VERTEX_POINT('',#7495);
#2215=VERTEX_POINT('',#7498);
#2216=VERTEX_POINT('',#7500);
#2217=VERTEX_POINT('',#7502);
#2218=VERTEX_POINT('',#7504);
#2219=VERTEX_POINT('',#7507);
#2220=VERTEX_POINT('',#7511);
#2221=VERTEX_POINT('',#7515);
#2222=VERTEX_POINT('',#7519);
#2223=VERTEX_POINT('',#7523);
#2224=VERTEX_POINT('',#7527);
#2225=VERTEX_POINT('',#7531);
#2226=VERTEX_POINT('',#7533);
#2227=VERTEX_POINT('',#7537);
#2228=VERTEX_POINT('',#7541);
#2229=VERTEX_POINT('',#7543);
#2230=VERTEX_POINT('',#7547);
#2231=VERTEX_POINT('',#7551);
#2232=VERTEX_POINT('',#7555);
#2233=VERTEX_POINT('',#7559);
#2234=VERTEX_POINT('',#7561);
#2235=VERTEX_POINT('',#7565);
#2236=VERTEX_POINT('',#7569);
#2237=VERTEX_POINT('',#7575);
#2238=VERTEX_POINT('',#7581);
#2239=VERTEX_POINT('',#7585);
#2240=VERTEX_POINT('',#7587);
#2241=VERTEX_POINT('',#7596);
#2242=VERTEX_POINT('',#7600);
#2243=VERTEX_POINT('',#7727);
#2244=VERTEX_POINT('',#7728);
#2245=VERTEX_POINT('',#7772);
#2246=VERTEX_POINT('',#7774);
#2247=VERTEX_POINT('',#7820);
#2248=VERTEX_POINT('',#7822);
#2249=VERTEX_POINT('',#7826);
#2250=VERTEX_POINT('',#7828);
#2251=VERTEX_POINT('',#7832);
#2252=VERTEX_POINT('',#7834);
#2253=VERTEX_POINT('',#7885);
#2254=VERTEX_POINT('',#7902);
#2255=VERTEX_POINT('',#7921);
#2256=VERTEX_POINT('',#7923);
#2257=VERTEX_POINT('',#7974);
#2258=VERTEX_POINT('',#7991);
#2259=VERTEX_POINT('',#8010);
#2260=VERTEX_POINT('',#8012);
#2261=VERTEX_POINT('',#8016);
#2262=VERTEX_POINT('',#8018);
#2263=VERTEX_POINT('',#8022);
#2264=VERTEX_POINT('',#8024);
#2265=VERTEX_POINT('',#8059);
#2266=VERTEX_POINT('',#8070);
#2267=VERTEX_POINT('',#8083);
#2268=VERTEX_POINT('',#8085);
#2269=VERTEX_POINT('',#8200);
#2270=VERTEX_POINT('',#8241);
#2271=VERTEX_POINT('',#8284);
#2272=VERTEX_POINT('',#8286);
#2273=VERTEX_POINT('',#8296);
#2274=VERTEX_POINT('',#8297);
#2275=VERTEX_POINT('',#8299);
#2276=VERTEX_POINT('',#8301);
#2277=VERTEX_POINT('',#8305);
#2278=VERTEX_POINT('',#8307);
#2279=VERTEX_POINT('',#8311);
#2280=VERTEX_POINT('',#8313);
#2281=VERTEX_POINT('',#8317);
#2282=VERTEX_POINT('',#8319);
#2283=VERTEX_POINT('',#8323);
#2284=VERTEX_POINT('',#8325);
#2285=VERTEX_POINT('',#8329);
#2286=VERTEX_POINT('',#8331);
#2287=VERTEX_POINT('',#8335);
#2288=VERTEX_POINT('',#8337);
#2289=VERTEX_POINT('',#8341);
#2290=VERTEX_POINT('',#8343);
#2291=VERTEX_POINT('',#8347);
#2292=VERTEX_POINT('',#8349);
#2293=VERTEX_POINT('',#8373);
#2294=VERTEX_POINT('',#8375);
#2295=VERTEX_POINT('',#8396);
#2296=VERTEX_POINT('',#8398);
#2297=VERTEX_POINT('',#8420);
#2298=VERTEX_POINT('',#8422);
#2299=VERTEX_POINT('',#8427);
#2300=VERTEX_POINT('',#8447);
#2301=VERTEX_POINT('',#8449);
#2302=VERTEX_POINT('',#8470);
#2303=VERTEX_POINT('',#8472);
#2304=VERTEX_POINT('',#8477);
#2305=VERTEX_POINT('',#8481);
#2306=VERTEX_POINT('',#8501);
#2307=VERTEX_POINT('',#8523);
#2308=VERTEX_POINT('',#8527);
#2309=VERTEX_POINT('',#8550);
#2310=VERTEX_POINT('',#8552);
#2311=VERTEX_POINT('',#8557);
#2312=VERTEX_POINT('',#8559);
#2313=VERTEX_POINT('',#8564);
#2314=VERTEX_POINT('',#8566);
#2315=VERTEX_POINT('',#8571);
#2316=VERTEX_POINT('',#8573);
#2317=VERTEX_POINT('',#8595);
#2318=VERTEX_POINT('',#8596);
#2319=VERTEX_POINT('',#8598);
#2320=VERTEX_POINT('',#8600);
#2321=VERTEX_POINT('',#8604);
#2322=VERTEX_POINT('',#8606);
#2323=VERTEX_POINT('',#8610);
#2324=VERTEX_POINT('',#8611);
#2325=VERTEX_POINT('',#8634);
#2326=VERTEX_POINT('',#8635);
#2327=VERTEX_POINT('',#8637);
#2328=VERTEX_POINT('',#8639);
#2329=VERTEX_POINT('',#8641);
#2330=VERTEX_POINT('',#8643);
#2331=VERTEX_POINT('',#8645);
#2332=VERTEX_POINT('',#8647);
#2333=VERTEX_POINT('',#8649);
#2334=VERTEX_POINT('',#8651);
#2335=VERTEX_POINT('',#8655);
#2336=VERTEX_POINT('',#8657);
#2337=VERTEX_POINT('',#8661);
#2338=VERTEX_POINT('',#8665);
#2339=VERTEX_POINT('',#8669);
#2340=VERTEX_POINT('',#8673);
#2341=VERTEX_POINT('',#8677);
#2342=VERTEX_POINT('',#8681);
#2343=VERTEX_POINT('',#8685);
#2344=VERTEX_POINT('',#8689);
#2345=VERTEX_POINT('',#8712);
#2346=VERTEX_POINT('',#8714);
#2347=VERTEX_POINT('',#8718);
#2348=VERTEX_POINT('',#8721);
#2349=VERTEX_POINT('',#8741);
#2350=VERTEX_POINT('',#8745);
#2351=VERTEX_POINT('',#8750);
#2352=VERTEX_POINT('',#8754);
#2353=VERTEX_POINT('',#8758);
#2354=VERTEX_POINT('',#8759);
#2355=VERTEX_POINT('',#8780);
#2356=VERTEX_POINT('',#8782);
#2357=VERTEX_POINT('',#8788);
#2358=VERTEX_POINT('',#8790);
#2359=VERTEX_POINT('',#8794);
#2360=VERTEX_POINT('',#8796);
#2361=VERTEX_POINT('',#8800);
#2362=VERTEX_POINT('',#8802);
#2363=VERTEX_POINT('',#8807);
#2364=VERTEX_POINT('',#8809);
#2365=VERTEX_POINT('',#8814);
#2366=VERTEX_POINT('',#8816);
#2367=VERTEX_POINT('',#8821);
#2368=VERTEX_POINT('',#8823);
#2369=VERTEX_POINT('',#8828);
#2370=VERTEX_POINT('',#8829);
#2371=VERTEX_POINT('',#8831);
#2372=VERTEX_POINT('',#8833);
#2373=VERTEX_POINT('',#8835);
#2374=VERTEX_POINT('',#8837);
#2375=VERTEX_POINT('',#8839);
#2376=VERTEX_POINT('',#8841);
#2377=VERTEX_POINT('',#8845);
#2378=VERTEX_POINT('',#8847);
#2379=VERTEX_POINT('',#8849);
#2380=VERTEX_POINT('',#8851);
#2381=VERTEX_POINT('',#8853);
#2382=VERTEX_POINT('',#8855);
#2383=VERTEX_POINT('',#8858);
#2384=VERTEX_POINT('',#8859);
#2385=VERTEX_POINT('',#8861);
#2386=VERTEX_POINT('',#8863);
#2387=VERTEX_POINT('',#8867);
#2388=VERTEX_POINT('',#8871);
#2389=VERTEX_POINT('',#8873);
#2390=VERTEX_POINT('',#8877);
#2391=VERTEX_POINT('',#8879);
#2392=VERTEX_POINT('',#8881);
#2393=VERTEX_POINT('',#8883);
#2394=VERTEX_POINT('',#8885);
#2395=VERTEX_POINT('',#8887);
#2396=VERTEX_POINT('',#8895);
#2397=VERTEX_POINT('',#8897);
#2398=VERTEX_POINT('',#8901);
#2399=VERTEX_POINT('',#8903);
#2400=VERTEX_POINT('',#8905);
#2401=VERTEX_POINT('',#8907);
#2402=VERTEX_POINT('',#8909);
#2403=VERTEX_POINT('',#8913);
#2404=VERTEX_POINT('',#8917);
#2405=VERTEX_POINT('',#8919);
#2406=VERTEX_POINT('',#8921);
#2407=VERTEX_POINT('',#8923);
#2408=VERTEX_POINT('',#8925);
#2409=VERTEX_POINT('',#8928);
#2410=VERTEX_POINT('',#8930);
#2411=VERTEX_POINT('',#8932);
#2412=VERTEX_POINT('',#8934);
#2413=VERTEX_POINT('',#8937);
#2414=VERTEX_POINT('',#8938);
#2415=VERTEX_POINT('',#8940);
#2416=VERTEX_POINT('',#8942);
#2417=VERTEX_POINT('',#8958);
#2418=VERTEX_POINT('',#8963);
#2419=VERTEX_POINT('',#8998);
#2420=VERTEX_POINT('',#9000);
#2421=VERTEX_POINT('',#9023);
#2422=VERTEX_POINT('',#9025);
#2423=VERTEX_POINT('',#9048);
#2424=VERTEX_POINT('',#9050);
#2425=VERTEX_POINT('',#9073);
#2426=VERTEX_POINT('',#9075);
#2427=VERTEX_POINT('',#9098);
#2428=VERTEX_POINT('',#9100);
#2429=VERTEX_POINT('',#9106);
#2430=VERTEX_POINT('',#9107);
#2431=VERTEX_POINT('',#9109);
#2432=VERTEX_POINT('',#9113);
#2433=VERTEX_POINT('',#9117);
#2434=VERTEX_POINT('',#9121);
#2435=VERTEX_POINT('',#9125);
#2436=VERTEX_POINT('',#9129);
#2437=VERTEX_POINT('',#9133);
#2438=VERTEX_POINT('',#9137);
#2439=VERTEX_POINT('',#9141);
#2440=EDGE_CURVE('',#2013,#2014,#1045,.T.);
#2441=EDGE_CURVE('',#2014,#2015,#1046,.T.);
#2442=EDGE_CURVE('',#2015,#2016,#1047,.T.);
#2443=EDGE_CURVE('',#2016,#2013,#1048,.T.);
#2444=EDGE_CURVE('',#2017,#2018,#1049,.T.);
#2445=EDGE_CURVE('',#2018,#2019,#1050,.T.);
#2446=EDGE_CURVE('',#2019,#2020,#1051,.T.);
#2447=EDGE_CURVE('',#2020,#2017,#1052,.T.);
#2448=EDGE_CURVE('',#2016,#2019,#1053,.T.);
#2449=EDGE_CURVE('',#2013,#2018,#1054,.T.);
#2450=EDGE_CURVE('',#2015,#2020,#1055,.T.);
#2451=EDGE_CURVE('',#2014,#2017,#1056,.T.);
#2452=EDGE_CURVE('',#2021,#2022,#1057,.T.);
#2453=EDGE_CURVE('',#2022,#2023,#1058,.T.);
#2454=EDGE_CURVE('',#2023,#2024,#1059,.T.);
#2455=EDGE_CURVE('',#2024,#2021,#1060,.T.);
#2456=EDGE_CURVE('',#2025,#2026,#1061,.T.);
#2457=EDGE_CURVE('',#2026,#2027,#1062,.T.);
#2458=EDGE_CURVE('',#2027,#2028,#1063,.T.);
#2459=EDGE_CURVE('',#2028,#2025,#1064,.T.);
#2460=EDGE_CURVE('',#2024,#2027,#1065,.T.);
#2461=EDGE_CURVE('',#2021,#2026,#1066,.T.);
#2462=EDGE_CURVE('',#2023,#2028,#1067,.T.);
#2463=EDGE_CURVE('',#2022,#2025,#1068,.T.);
#2464=EDGE_CURVE('',#2029,#2029,#227,.T.);
#2465=EDGE_CURVE('',#2029,#2030,#1069,.T.);
#2466=EDGE_CURVE('',#2030,#2030,#228,.T.);
#2467=EDGE_CURVE('',#2031,#2031,#229,.T.);
#2468=EDGE_CURVE('',#2031,#2032,#1070,.T.);
#2469=EDGE_CURVE('',#2032,#2032,#230,.T.);
#2470=EDGE_CURVE('',#2033,#2033,#231,.T.);
#2471=EDGE_CURVE('',#2033,#2034,#1071,.T.);
#2472=EDGE_CURVE('',#2034,#2034,#232,.T.);
#2473=EDGE_CURVE('',#2035,#2035,#233,.T.);
#2474=EDGE_CURVE('',#2035,#2036,#1072,.T.);
#2475=EDGE_CURVE('',#2036,#2036,#234,.T.);
#2476=EDGE_CURVE('',#2037,#2037,#235,.T.);
#2477=EDGE_CURVE('',#2037,#2038,#1073,.T.);
#2478=EDGE_CURVE('',#2038,#2038,#236,.T.);
#2479=EDGE_CURVE('',#2039,#2039,#66,.T.);
#2480=EDGE_CURVE('',#2039,#2040,#1074,.T.);
#2481=EDGE_CURVE('',#2040,#2040,#67,.T.);
#2482=EDGE_CURVE('',#2041,#2041,#68,.T.);
#2483=EDGE_CURVE('',#2041,#2042,#1075,.T.);
#2484=EDGE_CURVE('',#2042,#2042,#69,.T.);
#2485=EDGE_CURVE('',#2043,#2043,#70,.T.);
#2486=EDGE_CURVE('',#2043,#2044,#1076,.T.);
#2487=EDGE_CURVE('',#2044,#2044,#71,.T.);
#2488=EDGE_CURVE('',#2045,#2045,#72,.T.);
#2489=EDGE_CURVE('',#2045,#2046,#1077,.T.);
#2490=EDGE_CURVE('',#2046,#2046,#73,.T.);
#2491=EDGE_CURVE('',#2047,#2048,#1078,.T.);
#2492=EDGE_CURVE('',#2048,#2049,#1079,.T.);
#2493=EDGE_CURVE('',#2049,#2050,#1080,.T.);
#2494=EDGE_CURVE('',#2050,#2047,#1081,.T.);
#2495=EDGE_CURVE('',#2051,#2052,#1082,.T.);
#2496=EDGE_CURVE('',#2052,#2053,#1083,.T.);
#2497=EDGE_CURVE('',#2053,#2054,#1084,.T.);
#2498=EDGE_CURVE('',#2054,#2051,#1085,.T.);
#2499=EDGE_CURVE('',#2050,#2053,#1086,.T.);
#2500=EDGE_CURVE('',#2047,#2052,#1087,.T.);
#2501=EDGE_CURVE('',#2049,#2054,#1088,.T.);
#2502=EDGE_CURVE('',#2048,#2051,#1089,.T.);
#2503=EDGE_CURVE('',#2055,#2055,#74,.T.);
#2504=EDGE_CURVE('',#2055,#2056,#1090,.T.);
#2505=EDGE_CURVE('',#2056,#2056,#75,.T.);
#2506=EDGE_CURVE('',#2057,#2058,#1091,.T.);
#2507=EDGE_CURVE('',#2059,#2057,#1092,.T.);
#2508=EDGE_CURVE('',#2060,#2059,#1093,.T.);
#2509=EDGE_CURVE('',#2058,#2060,#1094,.T.);
#2510=EDGE_CURVE('',#2061,#2057,#1095,.T.);
#2511=EDGE_CURVE('',#2061,#2062,#1096,.T.);
#2512=EDGE_CURVE('',#2062,#2059,#1097,.T.);
#2513=EDGE_CURVE('',#2058,#2063,#1098,.T.);
#2514=EDGE_CURVE('',#2060,#2064,#1099,.T.);
#2515=EDGE_CURVE('',#2064,#2063,#1100,.T.);
#2516=EDGE_CURVE('',#2063,#2061,#1101,.T.);
#2517=EDGE_CURVE('',#2064,#2062,#1102,.T.);
#2518=EDGE_CURVE('',#2065,#2066,#237,.T.);
#2519=EDGE_CURVE('',#2066,#2067,#1103,.T.);
#2520=EDGE_CURVE('',#2067,#2068,#1104,.T.);
#2521=EDGE_CURVE('',#2068,#2069,#1105,.T.);
#2522=EDGE_CURVE('',#2069,#2070,#238,.T.);
#2523=EDGE_CURVE('',#2070,#2071,#1106,.T.);
#2524=EDGE_CURVE('',#2071,#2072,#1107,.T.);
#2525=EDGE_CURVE('',#2072,#2065,#1108,.T.);
#2526=EDGE_CURVE('',#2069,#2073,#1109,.T.);
#2527=EDGE_CURVE('',#2074,#2073,#239,.T.);
#2528=EDGE_CURVE('',#2074,#2070,#1110,.T.);
#2529=EDGE_CURVE('',#2075,#2074,#1111,.T.);
#2530=EDGE_CURVE('',#2071,#2075,#1112,.T.);
#2531=EDGE_CURVE('',#2076,#2075,#1113,.T.);
#2532=EDGE_CURVE('',#2076,#2072,#1114,.T.);
#2533=EDGE_CURVE('',#2077,#2076,#1115,.T.);
#2534=EDGE_CURVE('',#2065,#2077,#1116,.T.);
#2535=EDGE_CURVE('',#2078,#2068,#1117,.T.);
#2536=EDGE_CURVE('',#2073,#2078,#1118,.T.);
#2537=EDGE_CURVE('',#2079,#2077,#240,.T.);
#2538=EDGE_CURVE('',#2079,#2066,#1119,.T.);
#2539=EDGE_CURVE('',#2080,#2079,#1120,.T.);
#2540=EDGE_CURVE('',#2067,#2080,#1121,.T.);
#2541=EDGE_CURVE('',#2078,#2080,#1122,.T.);
#2542=EDGE_CURVE('',#2081,#2081,#241,.T.);
#2543=EDGE_CURVE('',#2081,#2082,#1123,.T.);
#2544=EDGE_CURVE('',#2082,#2082,#242,.T.);
#2545=EDGE_CURVE('',#2083,#2083,#76,.T.);
#2546=EDGE_CURVE('',#2083,#2084,#1124,.T.);
#2547=EDGE_CURVE('',#2084,#2084,#77,.T.);
#2548=EDGE_CURVE('',#2085,#2086,#1125,.T.);
#2549=EDGE_CURVE('',#2087,#2085,#1126,.T.);
#2550=EDGE_CURVE('',#2088,#2087,#1127,.T.);
#2551=EDGE_CURVE('',#2086,#2088,#1128,.T.);
#2552=EDGE_CURVE('',#2089,#2085,#1129,.T.);
#2553=EDGE_CURVE('',#2089,#2090,#1130,.T.);
#2554=EDGE_CURVE('',#2090,#2087,#1131,.T.);
#2555=EDGE_CURVE('',#2086,#2091,#1132,.T.);
#2556=EDGE_CURVE('',#2088,#2092,#1133,.T.);
#2557=EDGE_CURVE('',#2092,#2091,#1134,.T.);
#2558=EDGE_CURVE('',#2091,#2089,#1135,.T.);
#2559=EDGE_CURVE('',#2092,#2090,#1136,.T.);
#2560=EDGE_CURVE('',#2093,#2094,#243,.T.);
#2561=EDGE_CURVE('',#2094,#2095,#1137,.T.);
#2562=EDGE_CURVE('',#2095,#2096,#1138,.T.);
#2563=EDGE_CURVE('',#2096,#2097,#1139,.T.);
#2564=EDGE_CURVE('',#2097,#2098,#244,.T.);
#2565=EDGE_CURVE('',#2098,#2099,#1140,.T.);
#2566=EDGE_CURVE('',#2099,#2100,#1141,.T.);
#2567=EDGE_CURVE('',#2100,#2093,#1142,.T.);
#2568=EDGE_CURVE('',#2097,#2101,#1143,.T.);
#2569=EDGE_CURVE('',#2102,#2101,#245,.T.);
#2570=EDGE_CURVE('',#2102,#2098,#1144,.T.);
#2571=EDGE_CURVE('',#2103,#2102,#1145,.T.);
#2572=EDGE_CURVE('',#2099,#2103,#1146,.T.);
#2573=EDGE_CURVE('',#2104,#2103,#1147,.T.);
#2574=EDGE_CURVE('',#2104,#2100,#1148,.T.);
#2575=EDGE_CURVE('',#2105,#2104,#1149,.T.);
#2576=EDGE_CURVE('',#2093,#2105,#1150,.T.);
#2577=EDGE_CURVE('',#2106,#2096,#1151,.T.);
#2578=EDGE_CURVE('',#2101,#2106,#1152,.T.);
#2579=EDGE_CURVE('',#2107,#2105,#246,.T.);
#2580=EDGE_CURVE('',#2107,#2094,#1153,.T.);
#2581=EDGE_CURVE('',#2108,#2107,#1154,.T.);
#2582=EDGE_CURVE('',#2095,#2108,#1155,.T.);
#2583=EDGE_CURVE('',#2106,#2108,#1156,.T.);
#2584=EDGE_CURVE('',#2109,#2109,#247,.T.);
#2585=EDGE_CURVE('',#2109,#2110,#1157,.T.);
#2586=EDGE_CURVE('',#2110,#2110,#248,.T.);
#2587=EDGE_CURVE('',#2111,#2112,#1158,.T.);
#2588=EDGE_CURVE('',#2111,#2113,#1159,.T.);
#2589=EDGE_CURVE('',#2114,#2113,#1160,.T.);
#2590=EDGE_CURVE('',#2114,#2112,#1161,.T.);
#2591=EDGE_CURVE('',#2112,#2115,#1162,.T.);
#2592=EDGE_CURVE('',#2116,#2114,#1163,.T.);
#2593=EDGE_CURVE('',#2115,#2116,#1164,.T.);
#2594=EDGE_CURVE('',#2115,#2117,#1165,.T.);
#2595=EDGE_CURVE('',#2118,#2116,#1166,.T.);
#2596=EDGE_CURVE('',#2118,#2117,#1167,.T.);
#2597=EDGE_CURVE('',#2117,#2111,#1168,.T.);
#2598=EDGE_CURVE('',#2113,#2118,#1169,.T.);
#2599=EDGE_CURVE('',#2119,#2120,#1170,.T.);
#2600=EDGE_CURVE('',#2119,#2121,#1171,.T.);
#2601=EDGE_CURVE('',#2122,#2121,#1172,.T.);
#2602=EDGE_CURVE('',#2122,#2120,#1173,.T.);
#2603=EDGE_CURVE('',#2120,#2123,#1174,.T.);
#2604=EDGE_CURVE('',#2124,#2122,#1175,.T.);
#2605=EDGE_CURVE('',#2123,#2124,#1176,.T.);
#2606=EDGE_CURVE('',#2123,#2125,#1177,.T.);
#2607=EDGE_CURVE('',#2126,#2124,#1178,.T.);
#2608=EDGE_CURVE('',#2126,#2125,#1179,.T.);
#2609=EDGE_CURVE('',#2125,#2119,#1180,.T.);
#2610=EDGE_CURVE('',#2121,#2126,#1181,.T.);
#2611=EDGE_CURVE('',#2127,#2128,#1182,.T.);
#2612=EDGE_CURVE('',#2127,#2129,#1183,.T.);
#2613=EDGE_CURVE('',#2130,#2129,#1184,.T.);
#2614=EDGE_CURVE('',#2130,#2128,#1185,.T.);
#2615=EDGE_CURVE('',#2128,#2131,#1186,.T.);
#2616=EDGE_CURVE('',#2132,#2130,#1187,.T.);
#2617=EDGE_CURVE('',#2131,#2132,#1188,.T.);
#2618=EDGE_CURVE('',#2131,#2133,#1189,.T.);
#2619=EDGE_CURVE('',#2134,#2132,#1190,.T.);
#2620=EDGE_CURVE('',#2134,#2133,#1191,.T.);
#2621=EDGE_CURVE('',#2133,#2127,#1192,.T.);
#2622=EDGE_CURVE('',#2129,#2134,#1193,.T.);
#2623=EDGE_CURVE('',#2135,#2136,#1194,.T.);
#2624=EDGE_CURVE('',#2135,#2137,#1195,.T.);
#2625=EDGE_CURVE('',#2138,#2137,#1196,.T.);
#2626=EDGE_CURVE('',#2138,#2136,#1197,.T.);
#2627=EDGE_CURVE('',#2136,#2139,#1198,.T.);
#2628=EDGE_CURVE('',#2140,#2138,#1199,.T.);
#2629=EDGE_CURVE('',#2139,#2140,#1200,.T.);
#2630=EDGE_CURVE('',#2139,#2141,#1201,.T.);
#2631=EDGE_CURVE('',#2142,#2140,#1202,.T.);
#2632=EDGE_CURVE('',#2142,#2141,#1203,.T.);
#2633=EDGE_CURVE('',#2141,#2135,#1204,.T.);
#2634=EDGE_CURVE('',#2137,#2142,#1205,.T.);
#2635=EDGE_CURVE('',#2143,#2144,#1206,.T.);
#2636=EDGE_CURVE('',#2143,#2145,#1207,.T.);
#2637=EDGE_CURVE('',#2146,#2145,#1208,.T.);
#2638=EDGE_CURVE('',#2146,#2144,#1209,.T.);
#2639=EDGE_CURVE('',#2144,#2147,#1210,.T.);
#2640=EDGE_CURVE('',#2148,#2146,#1211,.T.);
#2641=EDGE_CURVE('',#2147,#2148,#1212,.T.);
#2642=EDGE_CURVE('',#2147,#2149,#1213,.T.);
#2643=EDGE_CURVE('',#2150,#2148,#1214,.T.);
#2644=EDGE_CURVE('',#2150,#2149,#1215,.T.);
#2645=EDGE_CURVE('',#2149,#2143,#1216,.T.);
#2646=EDGE_CURVE('',#2145,#2150,#1217,.T.);
#2647=EDGE_CURVE('',#2151,#2152,#1218,.T.);
#2648=EDGE_CURVE('',#2151,#2153,#1219,.T.);
#2649=EDGE_CURVE('',#2154,#2153,#1220,.T.);
#2650=EDGE_CURVE('',#2154,#2152,#1221,.T.);
#2651=EDGE_CURVE('',#2152,#2155,#1222,.T.);
#2652=EDGE_CURVE('',#2156,#2154,#1223,.T.);
#2653=EDGE_CURVE('',#2155,#2156,#1224,.T.);
#2654=EDGE_CURVE('',#2155,#2157,#1225,.T.);
#2655=EDGE_CURVE('',#2158,#2156,#1226,.T.);
#2656=EDGE_CURVE('',#2158,#2157,#1227,.T.);
#2657=EDGE_CURVE('',#2157,#2151,#1228,.T.);
#2658=EDGE_CURVE('',#2153,#2158,#1229,.T.);
#2659=EDGE_CURVE('',#2159,#2160,#1230,.T.);
#2660=EDGE_CURVE('',#2159,#2161,#1231,.T.);
#2661=EDGE_CURVE('',#2162,#2161,#1232,.T.);
#2662=EDGE_CURVE('',#2162,#2160,#1233,.T.);
#2663=EDGE_CURVE('',#2160,#2163,#1234,.T.);
#2664=EDGE_CURVE('',#2164,#2162,#1235,.T.);
#2665=EDGE_CURVE('',#2163,#2164,#1236,.T.);
#2666=EDGE_CURVE('',#2163,#2165,#1237,.T.);
#2667=EDGE_CURVE('',#2166,#2164,#1238,.T.);
#2668=EDGE_CURVE('',#2166,#2165,#1239,.T.);
#2669=EDGE_CURVE('',#2165,#2159,#1240,.T.);
#2670=EDGE_CURVE('',#2161,#2166,#1241,.T.);
#2671=EDGE_CURVE('',#2167,#2168,#1242,.T.);
#2672=EDGE_CURVE('',#2167,#2169,#1243,.T.);
#2673=EDGE_CURVE('',#2170,#2169,#1244,.T.);
#2674=EDGE_CURVE('',#2170,#2168,#1245,.T.);
#2675=EDGE_CURVE('',#2168,#2171,#1246,.T.);
#2676=EDGE_CURVE('',#2172,#2170,#1247,.T.);
#2677=EDGE_CURVE('',#2171,#2172,#1248,.T.);
#2678=EDGE_CURVE('',#2171,#2173,#1249,.T.);
#2679=EDGE_CURVE('',#2174,#2172,#1250,.T.);
#2680=EDGE_CURVE('',#2174,#2173,#1251,.T.);
#2681=EDGE_CURVE('',#2173,#2167,#1252,.T.);
#2682=EDGE_CURVE('',#2169,#2174,#1253,.T.);
#2683=EDGE_CURVE('',#2175,#2176,#1254,.T.);
#2684=EDGE_CURVE('',#2175,#2177,#1255,.T.);
#2685=EDGE_CURVE('',#2178,#2177,#1256,.T.);
#2686=EDGE_CURVE('',#2178,#2176,#1257,.T.);
#2687=EDGE_CURVE('',#2176,#2179,#1258,.T.);
#2688=EDGE_CURVE('',#2180,#2178,#1259,.T.);
#2689=EDGE_CURVE('',#2179,#2180,#1260,.T.);
#2690=EDGE_CURVE('',#2179,#2181,#1261,.T.);
#2691=EDGE_CURVE('',#2182,#2180,#1262,.T.);
#2692=EDGE_CURVE('',#2182,#2181,#1263,.T.);
#2693=EDGE_CURVE('',#2181,#2175,#1264,.T.);
#2694=EDGE_CURVE('',#2177,#2182,#1265,.T.);
#2695=EDGE_CURVE('',#2183,#2184,#1266,.T.);
#2696=EDGE_CURVE('',#2185,#2183,#1267,.T.);
#2697=EDGE_CURVE('',#2186,#2185,#1268,.T.);
#2698=EDGE_CURVE('',#2187,#2186,#1269,.T.);
#2699=EDGE_CURVE('',#2188,#2187,#1270,.T.);
#2700=EDGE_CURVE('',#2184,#2188,#1271,.T.);
#2701=EDGE_CURVE('',#2189,#2183,#1272,.T.);
#2702=EDGE_CURVE('',#2189,#2190,#1273,.T.);
#2703=EDGE_CURVE('',#2185,#2190,#1274,.T.);
#2704=EDGE_CURVE('',#2184,#2191,#1275,.T.);
#2705=EDGE_CURVE('',#2192,#2188,#1276,.T.);
#2706=EDGE_CURVE('',#2192,#2191,#1277,.T.);
#2707=EDGE_CURVE('',#2191,#2189,#1278,.T.);
#2708=EDGE_CURVE('',#2193,#2192,#1279,.T.);
#2709=EDGE_CURVE('',#2194,#2193,#1280,.T.);
#2710=EDGE_CURVE('',#2190,#2194,#1281,.T.);
#2711=EDGE_CURVE('',#2195,#2196,#1282,.T.);
#2712=EDGE_CURVE('',#2197,#2195,#1283,.T.);
#2713=EDGE_CURVE('',#2198,#2197,#1284,.T.);
#2714=EDGE_CURVE('',#2199,#2198,#1285,.T.);
#2715=EDGE_CURVE('',#2200,#2199,#1286,.T.);
#2716=EDGE_CURVE('',#2201,#2200,#1287,.T.);
#2717=EDGE_CURVE('',#2202,#2201,#1288,.T.);
#2718=EDGE_CURVE('',#2196,#2202,#1289,.T.);
#2719=EDGE_CURVE('',#2203,#2194,#1290,.T.);
#2720=EDGE_CURVE('',#2204,#2203,#1291,.T.);
#2721=EDGE_CURVE('',#2205,#2204,#1292,.T.);
#2722=EDGE_CURVE('',#2206,#2205,#1293,.T.);
#2723=EDGE_CURVE('',#2207,#2206,#1294,.T.);
#2724=EDGE_CURVE('',#2208,#2207,#1295,.T.);
#2725=EDGE_CURVE('',#2209,#2208,#1296,.T.);
#2726=EDGE_CURVE('',#2210,#2209,#1297,.T.);
#2727=EDGE_CURVE('',#2186,#2210,#1298,.T.);
#2728=EDGE_CURVE('',#2211,#2212,#1299,.T.);
#2729=EDGE_CURVE('',#2213,#2211,#1300,.T.);
#2730=EDGE_CURVE('',#2214,#2213,#1301,.T.);
#2731=EDGE_CURVE('',#2212,#2214,#1302,.T.);
#2732=EDGE_CURVE('',#2215,#2215,#78,.T.);
#2733=EDGE_CURVE('',#2216,#2216,#79,.T.);
#2734=EDGE_CURVE('',#2217,#2217,#80,.T.);
#2735=EDGE_CURVE('',#2218,#2218,#81,.T.);
#2736=EDGE_CURVE('',#2219,#2193,#1303,.T.);
#2737=EDGE_CURVE('',#2203,#2219,#1304,.T.);
#2738=EDGE_CURVE('',#2220,#2210,#1305,.T.);
#2739=EDGE_CURVE('',#2187,#2220,#1306,.T.);
#2740=EDGE_CURVE('',#2218,#2221,#1307,.T.);
#2741=EDGE_CURVE('',#2221,#2221,#82,.T.);
#2742=EDGE_CURVE('',#2217,#2222,#1308,.T.);
#2743=EDGE_CURVE('',#2222,#2222,#83,.T.);
#2744=EDGE_CURVE('',#2216,#2223,#1309,.T.);
#2745=EDGE_CURVE('',#2223,#2223,#84,.T.);
#2746=EDGE_CURVE('',#2215,#2224,#1310,.T.);
#2747=EDGE_CURVE('',#2224,#2224,#85,.T.);
#2748=EDGE_CURVE('',#2213,#2225,#1311,.T.);
#2749=EDGE_CURVE('',#2226,#2225,#1312,.T.);
#2750=EDGE_CURVE('',#2226,#2214,#1313,.T.);
#2751=EDGE_CURVE('',#2227,#2211,#1314,.T.);
#2752=EDGE_CURVE('',#2225,#2227,#1315,.T.);
#2753=EDGE_CURVE('',#2228,#2199,#1316,.T.);
#2754=EDGE_CURVE('',#2229,#2228,#1317,.T.);
#2755=EDGE_CURVE('',#2200,#2229,#1318,.T.);
#2756=EDGE_CURVE('',#2198,#2230,#1319,.T.);
#2757=EDGE_CURVE('',#2230,#2228,#1320,.T.);
#2758=EDGE_CURVE('',#2231,#2197,#1321,.T.);
#2759=EDGE_CURVE('',#2230,#2231,#1322,.T.);
#2760=EDGE_CURVE('',#2232,#2195,#1323,.T.);
#2761=EDGE_CURVE('',#2231,#2232,#1324,.T.);
#2762=EDGE_CURVE('',#2206,#2233,#1325,.T.);
#2763=EDGE_CURVE('',#2233,#2234,#1326,.T.);
#2764=EDGE_CURVE('',#2234,#2207,#1327,.T.);
#2765=EDGE_CURVE('',#2235,#2205,#1328,.T.);
#2766=EDGE_CURVE('',#2233,#2235,#1329,.T.);
#2767=EDGE_CURVE('',#2204,#2236,#1330,.T.);
#2768=EDGE_CURVE('',#2235,#2236,#1331,.T.);
#2769=EDGE_CURVE('',#2236,#2219,#1332,.T.);
#2770=EDGE_CURVE('',#2212,#2237,#1333,.T.);
#2771=EDGE_CURVE('',#2227,#2237,#1334,.T.);
#2772=EDGE_CURVE('',#2237,#2226,#1335,.T.);
#2773=EDGE_CURVE('',#2196,#2238,#1336,.T.);
#2774=EDGE_CURVE('',#2238,#2232,#1337,.T.);
#2775=EDGE_CURVE('',#2239,#2238,#1338,.T.);
#2776=EDGE_CURVE('',#2240,#2239,#1339,.T.);
#2777=EDGE_CURVE('',#2229,#2240,#1340,.T.);
#2778=EDGE_CURVE('',#2202,#2239,#1341,.T.);
#2779=EDGE_CURVE('',#2240,#2201,#1342,.T.);
#2780=EDGE_CURVE('',#2234,#2241,#1343,.T.);
#2781=EDGE_CURVE('',#2241,#2208,#1344,.T.);
#2782=EDGE_CURVE('',#2242,#2241,#1345,.T.);
#2783=EDGE_CURVE('',#2209,#2242,#1346,.T.);
#2784=EDGE_CURVE('',#2220,#2242,#1347,.T.);
#2785=EDGE_CURVE('',#2243,#2244,#51,.T.);
#2786=EDGE_CURVE('',#2243,#2245,#1348,.T.);
#2787=EDGE_CURVE('',#2246,#2245,#52,.T.);
#2788=EDGE_CURVE('',#2244,#2246,#1349,.T.);
#2789=EDGE_CURVE('',#2244,#2247,#1350,.T.);
#2790=EDGE_CURVE('',#2248,#2246,#1351,.T.);
#2791=EDGE_CURVE('',#2247,#2248,#1352,.T.);
#2792=EDGE_CURVE('',#2247,#2249,#1353,.T.);
#2793=EDGE_CURVE('',#2250,#2248,#1354,.T.);
#2794=EDGE_CURVE('',#2249,#2250,#1355,.T.);
#2795=EDGE_CURVE('',#2249,#2251,#1356,.T.);
#2796=EDGE_CURVE('',#2252,#2250,#1357,.T.);
#2797=EDGE_CURVE('',#2251,#2252,#1358,.T.);
#2798=EDGE_CURVE('',#2251,#2253,#53,.T.);
#2799=EDGE_CURVE('',#2254,#2252,#54,.T.);
#2800=EDGE_CURVE('',#2253,#2254,#1359,.T.);
#2801=EDGE_CURVE('',#2253,#2255,#1360,.T.);
#2802=EDGE_CURVE('',#2256,#2254,#1361,.T.);
#2803=EDGE_CURVE('',#2255,#2256,#1362,.T.);
#2804=EDGE_CURVE('',#2255,#2257,#55,.T.);
#2805=EDGE_CURVE('',#2258,#2256,#56,.T.);
#2806=EDGE_CURVE('',#2257,#2258,#1363,.T.);
#2807=EDGE_CURVE('',#2257,#2259,#1364,.T.);
#2808=EDGE_CURVE('',#2260,#2258,#1365,.T.);
#2809=EDGE_CURVE('',#2259,#2260,#1366,.T.);
#2810=EDGE_CURVE('',#2259,#2261,#1367,.T.);
#2811=EDGE_CURVE('',#2262,#2260,#1368,.T.);
#2812=EDGE_CURVE('',#2261,#2262,#1369,.T.);
#2813=EDGE_CURVE('',#2261,#2263,#1370,.T.);
#2814=EDGE_CURVE('',#2264,#2262,#1371,.T.);
#2815=EDGE_CURVE('',#2263,#2264,#1372,.T.);
#2816=EDGE_CURVE('',#2263,#2265,#57,.T.);
#2817=EDGE_CURVE('',#2266,#2264,#58,.T.);
#2818=EDGE_CURVE('',#2265,#2266,#1373,.T.);
#2819=EDGE_CURVE('',#2265,#2267,#1374,.T.);
#2820=EDGE_CURVE('',#2268,#2266,#1375,.T.);
#2821=EDGE_CURVE('',#2267,#2268,#1376,.T.);
#2822=EDGE_CURVE('',#2267,#2269,#59,.T.);
#2823=EDGE_CURVE('',#2270,#2268,#60,.T.);
#2824=EDGE_CURVE('',#2269,#2270,#1377,.T.);
#2825=EDGE_CURVE('',#2269,#2271,#1378,.T.);
#2826=EDGE_CURVE('',#2272,#2270,#1379,.T.);
#2827=EDGE_CURVE('',#2271,#2272,#1380,.T.);
#2828=EDGE_CURVE('',#2271,#2243,#1381,.T.);
#2829=EDGE_CURVE('',#2245,#2272,#1382,.T.);
#2830=EDGE_CURVE('',#2273,#2274,#249,.T.);
#2831=EDGE_CURVE('',#2275,#2273,#1383,.T.);
#2832=EDGE_CURVE('',#2276,#2275,#250,.T.);
#2833=EDGE_CURVE('',#2276,#2274,#1384,.T.);
#2834=EDGE_CURVE('',#2274,#2277,#251,.T.);
#2835=EDGE_CURVE('',#2278,#2276,#252,.T.);
#2836=EDGE_CURVE('',#2278,#2277,#1385,.T.);
#2837=EDGE_CURVE('',#2277,#2279,#253,.T.);
#2838=EDGE_CURVE('',#2280,#2278,#254,.T.);
#2839=EDGE_CURVE('',#2280,#2279,#1386,.T.);
#2840=EDGE_CURVE('',#2279,#2281,#255,.T.);
#2841=EDGE_CURVE('',#2282,#2280,#256,.T.);
#2842=EDGE_CURVE('',#2282,#2281,#1387,.T.);
#2843=EDGE_CURVE('',#2281,#2283,#257,.T.);
#2844=EDGE_CURVE('',#2284,#2282,#258,.T.);
#2845=EDGE_CURVE('',#2284,#2283,#1388,.T.);
#2846=EDGE_CURVE('',#2283,#2285,#259,.T.);
#2847=EDGE_CURVE('',#2286,#2284,#260,.T.);
#2848=EDGE_CURVE('',#2286,#2285,#1389,.T.);
#2849=EDGE_CURVE('',#2287,#2273,#261,.T.);
#2850=EDGE_CURVE('',#2288,#2287,#1390,.T.);
#2851=EDGE_CURVE('',#2275,#2288,#262,.T.);
#2852=EDGE_CURVE('',#2289,#2287,#263,.T.);
#2853=EDGE_CURVE('',#2290,#2289,#1391,.T.);
#2854=EDGE_CURVE('',#2288,#2290,#264,.T.);
#2855=EDGE_CURVE('',#2291,#2289,#265,.T.);
#2856=EDGE_CURVE('',#2292,#2291,#1392,.T.);
#2857=EDGE_CURVE('',#2290,#2292,#266,.T.);
#2858=EDGE_CURVE('',#2285,#2291,#267,.T.);
#2859=EDGE_CURVE('',#2292,#2286,#268,.T.);
#2860=EDGE_CURVE('',#2293,#2293,#269,.T.);
#2861=EDGE_CURVE('',#2293,#2294,#1393,.T.);
#2862=EDGE_CURVE('',#2294,#2294,#270,.T.);
#2863=EDGE_CURVE('',#2295,#2295,#271,.T.);
#2864=EDGE_CURVE('',#2295,#2296,#1394,.T.);
#2865=EDGE_CURVE('',#2296,#2296,#272,.T.);
#2866=EDGE_CURVE('',#2297,#2297,#273,.T.);
#2867=EDGE_CURVE('',#2297,#2298,#1395,.T.);
#2868=EDGE_CURVE('',#2298,#2298,#274,.T.);
#2869=EDGE_CURVE('',#2299,#2299,#275,.T.);
#2870=EDGE_CURVE('',#2300,#2300,#276,.T.);
#2871=EDGE_CURVE('',#2300,#2301,#1396,.T.);
#2872=EDGE_CURVE('',#2301,#2301,#277,.T.);
#2873=EDGE_CURVE('',#2302,#2302,#278,.T.);
#2874=EDGE_CURVE('',#2302,#2303,#1397,.T.);
#2875=EDGE_CURVE('',#2303,#2303,#279,.T.);
#2876=EDGE_CURVE('',#2304,#2304,#280,.T.);
#2877=EDGE_CURVE('',#2305,#2305,#281,.T.);
#2878=EDGE_CURVE('',#2299,#2306,#1398,.T.);
#2879=EDGE_CURVE('',#2306,#2306,#282,.T.);
#2880=EDGE_CURVE('',#2307,#2307,#283,.T.);
#2881=EDGE_CURVE('',#2307,#2305,#1399,.T.);
#2882=EDGE_CURVE('',#2308,#2308,#284,.T.);
#2883=EDGE_CURVE('',#2308,#2304,#1400,.T.);
#2884=EDGE_CURVE('',#2309,#2309,#86,.T.);
#2885=EDGE_CURVE('',#2309,#2310,#1401,.T.);
#2886=EDGE_CURVE('',#2310,#2310,#87,.T.);
#2887=EDGE_CURVE('',#2311,#2311,#88,.T.);
#2888=EDGE_CURVE('',#2311,#2312,#1402,.T.);
#2889=EDGE_CURVE('',#2312,#2312,#89,.T.);
#2890=EDGE_CURVE('',#2313,#2313,#90,.T.);
#2891=EDGE_CURVE('',#2313,#2314,#1403,.T.);
#2892=EDGE_CURVE('',#2314,#2314,#91,.T.);
#2893=EDGE_CURVE('',#2315,#2315,#92,.T.);
#2894=EDGE_CURVE('',#2315,#2316,#1404,.T.);
#2895=EDGE_CURVE('',#2316,#2316,#93,.T.);
#2896=EDGE_CURVE('',#2317,#2318,#1405,.T.);
#2897=EDGE_CURVE('',#2317,#2319,#285,.T.);
#2898=EDGE_CURVE('',#2320,#2319,#1406,.T.);
#2899=EDGE_CURVE('',#2318,#2320,#286,.T.);
#2900=EDGE_CURVE('',#2318,#2321,#94,.T.);
#2901=EDGE_CURVE('',#2322,#2320,#95,.T.);
#2902=EDGE_CURVE('',#2321,#2322,#287,.T.);
#2903=EDGE_CURVE('',#2323,#2324,#96,.T.);
#2904=EDGE_CURVE('',#2324,#2323,#288,.T.);
#2905=EDGE_CURVE('',#2321,#2323,#1407,.T.);
#2906=EDGE_CURVE('',#2324,#2322,#1408,.T.);
#2907=EDGE_CURVE('',#2325,#2326,#289,.T.);
#2908=EDGE_CURVE('',#2327,#2325,#290,.T.);
#2909=EDGE_CURVE('',#2328,#2327,#291,.T.);
#2910=EDGE_CURVE('',#2329,#2328,#292,.T.);
#2911=EDGE_CURVE('',#2330,#2329,#293,.T.);
#2912=EDGE_CURVE('',#2331,#2330,#294,.T.);
#2913=EDGE_CURVE('',#2332,#2331,#295,.T.);
#2914=EDGE_CURVE('',#2333,#2332,#296,.T.);
#2915=EDGE_CURVE('',#2334,#2333,#297,.T.);
#2916=EDGE_CURVE('',#2326,#2334,#298,.T.);
#2917=EDGE_CURVE('',#2335,#2330,#1409,.T.);
#2918=EDGE_CURVE('',#2335,#2336,#299,.T.);
#2919=EDGE_CURVE('',#2336,#2331,#1410,.T.);
#2920=EDGE_CURVE('',#2337,#2329,#1411,.T.);
#2921=EDGE_CURVE('',#2337,#2335,#300,.T.);
#2922=EDGE_CURVE('',#2338,#2328,#1412,.T.);
#2923=EDGE_CURVE('',#2338,#2337,#301,.T.);
#2924=EDGE_CURVE('',#2339,#2327,#1413,.T.);
#2925=EDGE_CURVE('',#2339,#2338,#302,.T.);
#2926=EDGE_CURVE('',#2340,#2325,#1414,.T.);
#2927=EDGE_CURVE('',#2340,#2339,#303,.T.);
#2928=EDGE_CURVE('',#2341,#2326,#1415,.T.);
#2929=EDGE_CURVE('',#2341,#2340,#304,.T.);
#2930=EDGE_CURVE('',#2336,#2342,#305,.T.);
#2931=EDGE_CURVE('',#2342,#2332,#1416,.T.);
#2932=EDGE_CURVE('',#2342,#2343,#306,.T.);
#2933=EDGE_CURVE('',#2343,#2333,#1417,.T.);
#2934=EDGE_CURVE('',#2343,#2344,#307,.T.);
#2935=EDGE_CURVE('',#2344,#2334,#1418,.T.);
#2936=EDGE_CURVE('',#2344,#2341,#308,.T.);
#2937=EDGE_CURVE('',#2345,#2345,#309,.T.);
#2938=EDGE_CURVE('',#2345,#2346,#1419,.T.);
#2939=EDGE_CURVE('',#2346,#2346,#310,.T.);
#2940=EDGE_CURVE('',#2347,#2347,#97,.T.);
#2941=EDGE_CURVE('',#2348,#2348,#311,.T.);
#2942=EDGE_CURVE('',#2349,#2349,#312,.T.);
#2943=EDGE_CURVE('',#2349,#2348,#1420,.T.);
#2944=EDGE_CURVE('',#2350,#2350,#98,.T.);
#2945=EDGE_CURVE('',#2319,#2317,#99,.T.);
#2946=EDGE_CURVE('',#2351,#2351,#100,.T.);
#2947=EDGE_CURVE('',#2351,#2350,#1421,.T.);
#2948=EDGE_CURVE('',#2347,#2352,#1422,.T.);
#2949=EDGE_CURVE('',#2352,#2352,#101,.T.);
#2950=EDGE_CURVE('',#2353,#2354,#102,.T.);
#2951=EDGE_CURVE('',#2354,#2353,#313,.T.);
#2952=EDGE_CURVE('',#2355,#2353,#1423,.T.);
#2953=EDGE_CURVE('',#2356,#2355,#314,.T.);
#2954=EDGE_CURVE('',#2354,#2356,#1424,.T.);
#2955=EDGE_CURVE('',#2356,#2355,#103,.T.);
#2956=EDGE_CURVE('',#2357,#2357,#104,.T.);
#2957=EDGE_CURVE('',#2357,#2358,#1425,.T.);
#2958=EDGE_CURVE('',#2358,#2358,#105,.T.);
#2959=EDGE_CURVE('',#2359,#2359,#106,.T.);
#2960=EDGE_CURVE('',#2359,#2360,#1426,.T.);
#2961=EDGE_CURVE('',#2360,#2360,#107,.T.);
#2962=EDGE_CURVE('',#2361,#2361,#108,.T.);
#2963=EDGE_CURVE('',#2361,#2362,#1427,.T.);
#2964=EDGE_CURVE('',#2362,#2362,#109,.T.);
#2965=EDGE_CURVE('',#2363,#2363,#110,.T.);
#2966=EDGE_CURVE('',#2363,#2364,#1428,.T.);
#2967=EDGE_CURVE('',#2364,#2364,#111,.T.);
#2968=EDGE_CURVE('',#2365,#2365,#112,.T.);
#2969=EDGE_CURVE('',#2365,#2366,#1429,.T.);
#2970=EDGE_CURVE('',#2366,#2366,#113,.T.);
#2971=EDGE_CURVE('',#2367,#2367,#114,.T.);
#2972=EDGE_CURVE('',#2367,#2368,#1430,.T.);
#2973=EDGE_CURVE('',#2368,#2368,#115,.T.);
#2974=EDGE_CURVE('',#2369,#2370,#1431,.T.);
#2975=EDGE_CURVE('',#2371,#2369,#1432,.T.);
#2976=EDGE_CURVE('',#2372,#2371,#1433,.T.);
#2977=EDGE_CURVE('',#2373,#2372,#1434,.T.);
#2978=EDGE_CURVE('',#2374,#2373,#1435,.T.);
#2979=EDGE_CURVE('',#2375,#2374,#1436,.T.);
#2980=EDGE_CURVE('',#2376,#2375,#1437,.T.);
#2981=EDGE_CURVE('',#2370,#2376,#1438,.T.);
#2982=EDGE_CURVE('',#2373,#2377,#1439,.T.);
#2983=EDGE_CURVE('',#2378,#2377,#1440,.T.);
#2984=EDGE_CURVE('',#2379,#2378,#1441,.T.);
#2985=EDGE_CURVE('',#2380,#2379,#1442,.T.);
#2986=EDGE_CURVE('',#2381,#2380,#1443,.T.);
#2987=EDGE_CURVE('',#2382,#2381,#1444,.T.);
#2988=EDGE_CURVE('',#2374,#2382,#1445,.T.);
#2989=EDGE_CURVE('',#2383,#2384,#1446,.T.);
#2990=EDGE_CURVE('',#2384,#2385,#1447,.T.);
#2991=EDGE_CURVE('',#2385,#2386,#1448,.T.);
#2992=EDGE_CURVE('',#2386,#2383,#1449,.T.);
#2993=EDGE_CURVE('',#2372,#2387,#1450,.T.);
#2994=EDGE_CURVE('',#2377,#2387,#1451,.T.);
#2995=EDGE_CURVE('',#2369,#2388,#1452,.T.);
#2996=EDGE_CURVE('',#2388,#2389,#1453,.T.);
#2997=EDGE_CURVE('',#2371,#2389,#1454,.T.);
#2998=EDGE_CURVE('',#2389,#2390,#1455,.T.);
#2999=EDGE_CURVE('',#2391,#2388,#1456,.T.);
#3000=EDGE_CURVE('',#2392,#2391,#1457,.T.);
#3001=EDGE_CURVE('',#2393,#2392,#1458,.T.);
#3002=EDGE_CURVE('',#2394,#2393,#1459,.T.);
#3003=EDGE_CURVE('',#2395,#2394,#1460,.T.);
#3004=EDGE_CURVE('',#2390,#2395,#1461,.T.);
#3005=EDGE_CURVE('',#2370,#2391,#1462,.T.);
#3006=EDGE_CURVE('',#2392,#2376,#1463,.T.);
#3007=EDGE_CURVE('',#2395,#2396,#1464,.T.);
#3008=EDGE_CURVE('',#2396,#2397,#1465,.T.);
#3009=EDGE_CURVE('',#2397,#2390,#1466,.T.);
#3010=EDGE_CURVE('',#2394,#2398,#1467,.T.);
#3011=EDGE_CURVE('',#2398,#2399,#1468,.T.);
#3012=EDGE_CURVE('',#2399,#2400,#1469,.T.);
#3013=EDGE_CURVE('',#2401,#2400,#1470,.T.);
#3014=EDGE_CURVE('',#2401,#2402,#1471,.T.);
#3015=EDGE_CURVE('',#2402,#2396,#1472,.T.);
#3016=EDGE_CURVE('',#2393,#2403,#1473,.T.);
#3017=EDGE_CURVE('',#2403,#2398,#1474,.T.);
#3018=EDGE_CURVE('',#2404,#2375,#1475,.T.);
#3019=EDGE_CURVE('',#2405,#2404,#1476,.T.);
#3020=EDGE_CURVE('',#2406,#2405,#1477,.T.);
#3021=EDGE_CURVE('',#2407,#2406,#1478,.T.);
#3022=EDGE_CURVE('',#2408,#2407,#1479,.T.);
#3023=EDGE_CURVE('',#2387,#2408,#1480,.T.);
#3024=EDGE_CURVE('',#2409,#2397,#1481,.T.);
#3025=EDGE_CURVE('',#2410,#2409,#1482,.T.);
#3026=EDGE_CURVE('',#2411,#2410,#1483,.T.);
#3027=EDGE_CURVE('',#2412,#2411,#1484,.T.);
#3028=EDGE_CURVE('',#2403,#2412,#1485,.T.);
#3029=EDGE_CURVE('',#2413,#2414,#1486,.T.);
#3030=EDGE_CURVE('',#2415,#2413,#1487,.T.);
#3031=EDGE_CURVE('',#2416,#2415,#1488,.T.);
#3032=EDGE_CURVE('',#2414,#2416,#1489,.T.);
#3033=EDGE_CURVE('',#2415,#2383,#1490,.T.);
#3034=EDGE_CURVE('',#2386,#2416,#1491,.T.);
#3035=EDGE_CURVE('',#2384,#2413,#1492,.T.);
#3036=EDGE_CURVE('',#2404,#2382,#1493,.T.);
#3037=EDGE_CURVE('',#2378,#2408,#1494,.T.);
#3038=EDGE_CURVE('',#2412,#2399,#1495,.T.);
#3039=EDGE_CURVE('',#2400,#2411,#1496,.T.);
#3040=EDGE_CURVE('',#2417,#2417,#116,.T.);
#3041=EDGE_CURVE('',#2410,#2401,#1497,.T.);
#3042=EDGE_CURVE('',#2417,#2418,#1498,.T.);
#3043=EDGE_CURVE('',#2418,#2418,#117,.T.);
#3044=EDGE_CURVE('',#2381,#2405,#1499,.T.);
#3045=EDGE_CURVE('',#2406,#2380,#1500,.T.);
#3046=EDGE_CURVE('',#2414,#2385,#1501,.T.);
#3047=EDGE_CURVE('',#2407,#2379,#1502,.T.);
#3048=EDGE_CURVE('',#2402,#2409,#1503,.T.);
#3049=EDGE_CURVE('',#2419,#2419,#315,.T.);
#3050=EDGE_CURVE('',#2419,#2420,#1504,.T.);
#3051=EDGE_CURVE('',#2420,#2420,#316,.T.);
#3052=EDGE_CURVE('',#2421,#2421,#317,.T.);
#3053=EDGE_CURVE('',#2421,#2422,#1505,.T.);
#3054=EDGE_CURVE('',#2422,#2422,#318,.T.);
#3055=EDGE_CURVE('',#2423,#2423,#319,.T.);
#3056=EDGE_CURVE('',#2423,#2424,#1506,.T.);
#3057=EDGE_CURVE('',#2424,#2424,#320,.T.);
#3058=EDGE_CURVE('',#2425,#2425,#321,.T.);
#3059=EDGE_CURVE('',#2425,#2426,#1507,.T.);
#3060=EDGE_CURVE('',#2426,#2426,#322,.T.);
#3061=EDGE_CURVE('',#2427,#2427,#323,.T.);
#3062=EDGE_CURVE('',#2427,#2428,#1508,.T.);
#3063=EDGE_CURVE('',#2428,#2428,#324,.T.);
#3064=EDGE_CURVE('',#2429,#2430,#1509,.T.);
#3065=EDGE_CURVE('',#2431,#2430,#1510,.T.);
#3066=EDGE_CURVE('',#2431,#2429,#1511,.T.);
#3067=EDGE_CURVE('',#2432,#2430,#1512,.T.);
#3068=EDGE_CURVE('',#2432,#2429,#1513,.T.);
#3069=EDGE_CURVE('',#2433,#2430,#1514,.T.);
#3070=EDGE_CURVE('',#2433,#2432,#1515,.T.);
#3071=EDGE_CURVE('',#2434,#2430,#1516,.T.);
#3072=EDGE_CURVE('',#2434,#2433,#1517,.T.);
#3073=EDGE_CURVE('',#2435,#2430,#1518,.T.);
#3074=EDGE_CURVE('',#2435,#2434,#1519,.T.);
#3075=EDGE_CURVE('',#2436,#2430,#1520,.T.);
#3076=EDGE_CURVE('',#2436,#2435,#1521,.T.);
#3077=EDGE_CURVE('',#2437,#2430,#1522,.T.);
#3078=EDGE_CURVE('',#2437,#2436,#1523,.T.);
#3079=EDGE_CURVE('',#2438,#2430,#1524,.T.);
#3080=EDGE_CURVE('',#2438,#2437,#1525,.T.);
#3081=EDGE_CURVE('',#2439,#2430,#1526,.T.);
#3082=EDGE_CURVE('',#2439,#2438,#1527,.T.);
#3083=EDGE_CURVE('',#2431,#2439,#1528,.T.);
#3084=ORIENTED_EDGE('',*,*,#2440,.T.);
#3085=ORIENTED_EDGE('',*,*,#2441,.T.);
#3086=ORIENTED_EDGE('',*,*,#2442,.T.);
#3087=ORIENTED_EDGE('',*,*,#2443,.T.);
#3088=ORIENTED_EDGE('',*,*,#2444,.T.);
#3089=ORIENTED_EDGE('',*,*,#2445,.T.);
#3090=ORIENTED_EDGE('',*,*,#2446,.T.);
#3091=ORIENTED_EDGE('',*,*,#2447,.T.);
#3092=ORIENTED_EDGE('',*,*,#2448,.T.);
#3093=ORIENTED_EDGE('',*,*,#2445,.F.);
#3094=ORIENTED_EDGE('',*,*,#2449,.F.);
#3095=ORIENTED_EDGE('',*,*,#2443,.F.);
#3096=ORIENTED_EDGE('',*,*,#2450,.T.);
#3097=ORIENTED_EDGE('',*,*,#2446,.F.);
#3098=ORIENTED_EDGE('',*,*,#2448,.F.);
#3099=ORIENTED_EDGE('',*,*,#2442,.F.);
#3100=ORIENTED_EDGE('',*,*,#2451,.T.);
#3101=ORIENTED_EDGE('',*,*,#2447,.F.);
#3102=ORIENTED_EDGE('',*,*,#2450,.F.);
#3103=ORIENTED_EDGE('',*,*,#2441,.F.);
#3104=ORIENTED_EDGE('',*,*,#2449,.T.);
#3105=ORIENTED_EDGE('',*,*,#2444,.F.);
#3106=ORIENTED_EDGE('',*,*,#2451,.F.);
#3107=ORIENTED_EDGE('',*,*,#2440,.F.);
#3108=ORIENTED_EDGE('',*,*,#2452,.T.);
#3109=ORIENTED_EDGE('',*,*,#2453,.T.);
#3110=ORIENTED_EDGE('',*,*,#2454,.T.);
#3111=ORIENTED_EDGE('',*,*,#2455,.T.);
#3112=ORIENTED_EDGE('',*,*,#2456,.T.);
#3113=ORIENTED_EDGE('',*,*,#2457,.T.);
#3114=ORIENTED_EDGE('',*,*,#2458,.T.);
#3115=ORIENTED_EDGE('',*,*,#2459,.T.);
#3116=ORIENTED_EDGE('',*,*,#2460,.T.);
#3117=ORIENTED_EDGE('',*,*,#2457,.F.);
#3118=ORIENTED_EDGE('',*,*,#2461,.F.);
#3119=ORIENTED_EDGE('',*,*,#2455,.F.);
#3120=ORIENTED_EDGE('',*,*,#2462,.T.);
#3121=ORIENTED_EDGE('',*,*,#2458,.F.);
#3122=ORIENTED_EDGE('',*,*,#2460,.F.);
#3123=ORIENTED_EDGE('',*,*,#2454,.F.);
#3124=ORIENTED_EDGE('',*,*,#2463,.T.);
#3125=ORIENTED_EDGE('',*,*,#2459,.F.);
#3126=ORIENTED_EDGE('',*,*,#2462,.F.);
#3127=ORIENTED_EDGE('',*,*,#2453,.F.);
#3128=ORIENTED_EDGE('',*,*,#2461,.T.);
#3129=ORIENTED_EDGE('',*,*,#2456,.F.);
#3130=ORIENTED_EDGE('',*,*,#2463,.F.);
#3131=ORIENTED_EDGE('',*,*,#2452,.F.);
#3132=ORIENTED_EDGE('',*,*,#2464,.F.);
#3133=ORIENTED_EDGE('',*,*,#2465,.T.);
#3134=ORIENTED_EDGE('',*,*,#2466,.F.);
#3135=ORIENTED_EDGE('',*,*,#2465,.F.);
#3136=ORIENTED_EDGE('',*,*,#2467,.F.);
#3137=ORIENTED_EDGE('',*,*,#2468,.T.);
#3138=ORIENTED_EDGE('',*,*,#2469,.F.);
#3139=ORIENTED_EDGE('',*,*,#2468,.F.);
#3140=ORIENTED_EDGE('',*,*,#2469,.T.);
#3141=ORIENTED_EDGE('',*,*,#2464,.T.);
#3142=ORIENTED_EDGE('',*,*,#2470,.T.);
#3143=ORIENTED_EDGE('',*,*,#2471,.T.);
#3144=ORIENTED_EDGE('',*,*,#2472,.F.);
#3145=ORIENTED_EDGE('',*,*,#2471,.F.);
#3146=ORIENTED_EDGE('',*,*,#2472,.T.);
#3147=ORIENTED_EDGE('',*,*,#2467,.T.);
#3148=ORIENTED_EDGE('',*,*,#2470,.F.);
#3149=ORIENTED_EDGE('',*,*,#2466,.T.);
#3150=ORIENTED_EDGE('',*,*,#2473,.F.);
#3151=ORIENTED_EDGE('',*,*,#2474,.T.);
#3152=ORIENTED_EDGE('',*,*,#2475,.F.);
#3153=ORIENTED_EDGE('',*,*,#2474,.F.);
#3154=ORIENTED_EDGE('',*,*,#2475,.T.);
#3155=ORIENTED_EDGE('',*,*,#2476,.T.);
#3156=ORIENTED_EDGE('',*,*,#2477,.T.);
#3157=ORIENTED_EDGE('',*,*,#2478,.F.);
#3158=ORIENTED_EDGE('',*,*,#2477,.F.);
#3159=ORIENTED_EDGE('',*,*,#2478,.T.);
#3160=ORIENTED_EDGE('',*,*,#2473,.T.);
#3161=ORIENTED_EDGE('',*,*,#2476,.F.);
#3162=ORIENTED_EDGE('',*,*,#2479,.F.);
#3163=ORIENTED_EDGE('',*,*,#2480,.T.);
#3164=ORIENTED_EDGE('',*,*,#2481,.F.);
#3165=ORIENTED_EDGE('',*,*,#2480,.F.);
#3166=ORIENTED_EDGE('',*,*,#2482,.F.);
#3167=ORIENTED_EDGE('',*,*,#2483,.T.);
#3168=ORIENTED_EDGE('',*,*,#2484,.F.);
#3169=ORIENTED_EDGE('',*,*,#2483,.F.);
#3170=ORIENTED_EDGE('',*,*,#2485,.F.);
#3171=ORIENTED_EDGE('',*,*,#2486,.T.);
#3172=ORIENTED_EDGE('',*,*,#2487,.F.);
#3173=ORIENTED_EDGE('',*,*,#2486,.F.);
#3174=ORIENTED_EDGE('',*,*,#2488,.F.);
#3175=ORIENTED_EDGE('',*,*,#2489,.T.);
#3176=ORIENTED_EDGE('',*,*,#2490,.F.);
#3177=ORIENTED_EDGE('',*,*,#2489,.F.);
#3178=ORIENTED_EDGE('',*,*,#2491,.T.);
#3179=ORIENTED_EDGE('',*,*,#2492,.T.);
#3180=ORIENTED_EDGE('',*,*,#2493,.T.);
#3181=ORIENTED_EDGE('',*,*,#2494,.T.);
#3182=ORIENTED_EDGE('',*,*,#2495,.T.);
#3183=ORIENTED_EDGE('',*,*,#2496,.T.);
#3184=ORIENTED_EDGE('',*,*,#2497,.T.);
#3185=ORIENTED_EDGE('',*,*,#2498,.T.);
#3186=ORIENTED_EDGE('',*,*,#2499,.T.);
#3187=ORIENTED_EDGE('',*,*,#2496,.F.);
#3188=ORIENTED_EDGE('',*,*,#2500,.F.);
#3189=ORIENTED_EDGE('',*,*,#2494,.F.);
#3190=ORIENTED_EDGE('',*,*,#2479,.T.);
#3191=ORIENTED_EDGE('',*,*,#2482,.T.);
#3192=ORIENTED_EDGE('',*,*,#2485,.T.);
#3193=ORIENTED_EDGE('',*,*,#2488,.T.);
#3194=ORIENTED_EDGE('',*,*,#2501,.T.);
#3195=ORIENTED_EDGE('',*,*,#2497,.F.);
#3196=ORIENTED_EDGE('',*,*,#2499,.F.);
#3197=ORIENTED_EDGE('',*,*,#2493,.F.);
#3198=ORIENTED_EDGE('',*,*,#2502,.T.);
#3199=ORIENTED_EDGE('',*,*,#2498,.F.);
#3200=ORIENTED_EDGE('',*,*,#2501,.F.);
#3201=ORIENTED_EDGE('',*,*,#2492,.F.);
#3202=ORIENTED_EDGE('',*,*,#2481,.T.);
#3203=ORIENTED_EDGE('',*,*,#2484,.T.);
#3204=ORIENTED_EDGE('',*,*,#2487,.T.);
#3205=ORIENTED_EDGE('',*,*,#2490,.T.);
#3206=ORIENTED_EDGE('',*,*,#2500,.T.);
#3207=ORIENTED_EDGE('',*,*,#2495,.F.);
#3208=ORIENTED_EDGE('',*,*,#2502,.F.);
#3209=ORIENTED_EDGE('',*,*,#2491,.F.);
#3210=ORIENTED_EDGE('',*,*,#2503,.F.);
#3211=ORIENTED_EDGE('',*,*,#2504,.T.);
#3212=ORIENTED_EDGE('',*,*,#2505,.F.);
#3213=ORIENTED_EDGE('',*,*,#2504,.F.);
#3214=ORIENTED_EDGE('',*,*,#2506,.F.);
#3215=ORIENTED_EDGE('',*,*,#2507,.F.);
#3216=ORIENTED_EDGE('',*,*,#2508,.F.);
#3217=ORIENTED_EDGE('',*,*,#2509,.F.);
#3218=ORIENTED_EDGE('',*,*,#2510,.F.);
#3219=ORIENTED_EDGE('',*,*,#2511,.T.);
#3220=ORIENTED_EDGE('',*,*,#2512,.T.);
#3221=ORIENTED_EDGE('',*,*,#2507,.T.);
#3222=ORIENTED_EDGE('',*,*,#2513,.F.);
#3223=ORIENTED_EDGE('',*,*,#2509,.T.);
#3224=ORIENTED_EDGE('',*,*,#2514,.T.);
#3225=ORIENTED_EDGE('',*,*,#2515,.T.);
#3226=ORIENTED_EDGE('',*,*,#2516,.F.);
#3227=ORIENTED_EDGE('',*,*,#2515,.F.);
#3228=ORIENTED_EDGE('',*,*,#2517,.T.);
#3229=ORIENTED_EDGE('',*,*,#2511,.F.);
#3230=ORIENTED_EDGE('',*,*,#2505,.T.);
#3231=ORIENTED_EDGE('',*,*,#2508,.T.);
#3232=ORIENTED_EDGE('',*,*,#2512,.F.);
#3233=ORIENTED_EDGE('',*,*,#2517,.F.);
#3234=ORIENTED_EDGE('',*,*,#2514,.F.);
#3235=ORIENTED_EDGE('',*,*,#2518,.T.);
#3236=ORIENTED_EDGE('',*,*,#2519,.T.);
#3237=ORIENTED_EDGE('',*,*,#2520,.T.);
#3238=ORIENTED_EDGE('',*,*,#2521,.T.);
#3239=ORIENTED_EDGE('',*,*,#2522,.T.);
#3240=ORIENTED_EDGE('',*,*,#2523,.T.);
#3241=ORIENTED_EDGE('',*,*,#2524,.T.);
#3242=ORIENTED_EDGE('',*,*,#2525,.T.);
#3243=ORIENTED_EDGE('',*,*,#2526,.T.);
#3244=ORIENTED_EDGE('',*,*,#2527,.F.);
#3245=ORIENTED_EDGE('',*,*,#2528,.T.);
#3246=ORIENTED_EDGE('',*,*,#2522,.F.);
#3247=ORIENTED_EDGE('',*,*,#2528,.F.);
#3248=ORIENTED_EDGE('',*,*,#2529,.F.);
#3249=ORIENTED_EDGE('',*,*,#2530,.F.);
#3250=ORIENTED_EDGE('',*,*,#2523,.F.);
#3251=ORIENTED_EDGE('',*,*,#2530,.T.);
#3252=ORIENTED_EDGE('',*,*,#2531,.F.);
#3253=ORIENTED_EDGE('',*,*,#2532,.T.);
#3254=ORIENTED_EDGE('',*,*,#2524,.F.);
#3255=ORIENTED_EDGE('',*,*,#2503,.T.);
#3256=ORIENTED_EDGE('',*,*,#2532,.F.);
#3257=ORIENTED_EDGE('',*,*,#2533,.F.);
#3258=ORIENTED_EDGE('',*,*,#2534,.F.);
#3259=ORIENTED_EDGE('',*,*,#2525,.F.);
#3260=ORIENTED_EDGE('',*,*,#2535,.F.);
#3261=ORIENTED_EDGE('',*,*,#2536,.F.);
#3262=ORIENTED_EDGE('',*,*,#2526,.F.);
#3263=ORIENTED_EDGE('',*,*,#2521,.F.);
#3264=ORIENTED_EDGE('',*,*,#2534,.T.);
#3265=ORIENTED_EDGE('',*,*,#2537,.F.);
#3266=ORIENTED_EDGE('',*,*,#2538,.T.);
#3267=ORIENTED_EDGE('',*,*,#2518,.F.);
#3268=ORIENTED_EDGE('',*,*,#2538,.F.);
#3269=ORIENTED_EDGE('',*,*,#2539,.F.);
#3270=ORIENTED_EDGE('',*,*,#2540,.F.);
#3271=ORIENTED_EDGE('',*,*,#2519,.F.);
#3272=ORIENTED_EDGE('',*,*,#2540,.T.);
#3273=ORIENTED_EDGE('',*,*,#2541,.F.);
#3274=ORIENTED_EDGE('',*,*,#2535,.T.);
#3275=ORIENTED_EDGE('',*,*,#2520,.F.);
#3276=ORIENTED_EDGE('',*,*,#2542,.T.);
#3277=ORIENTED_EDGE('',*,*,#2543,.T.);
#3278=ORIENTED_EDGE('',*,*,#2544,.F.);
#3279=ORIENTED_EDGE('',*,*,#2543,.F.);
#3280=ORIENTED_EDGE('',*,*,#2544,.T.);
#3281=ORIENTED_EDGE('',*,*,#2510,.T.);
#3282=ORIENTED_EDGE('',*,*,#2506,.T.);
#3283=ORIENTED_EDGE('',*,*,#2513,.T.);
#3284=ORIENTED_EDGE('',*,*,#2516,.T.);
#3285=ORIENTED_EDGE('',*,*,#2542,.F.);
#3286=ORIENTED_EDGE('',*,*,#2537,.T.);
#3287=ORIENTED_EDGE('',*,*,#2533,.T.);
#3288=ORIENTED_EDGE('',*,*,#2531,.T.);
#3289=ORIENTED_EDGE('',*,*,#2529,.T.);
#3290=ORIENTED_EDGE('',*,*,#2527,.T.);
#3291=ORIENTED_EDGE('',*,*,#2536,.T.);
#3292=ORIENTED_EDGE('',*,*,#2541,.T.);
#3293=ORIENTED_EDGE('',*,*,#2539,.T.);
#3294=ORIENTED_EDGE('',*,*,#2545,.F.);
#3295=ORIENTED_EDGE('',*,*,#2546,.T.);
#3296=ORIENTED_EDGE('',*,*,#2547,.F.);
#3297=ORIENTED_EDGE('',*,*,#2546,.F.);
#3298=ORIENTED_EDGE('',*,*,#2548,.F.);
#3299=ORIENTED_EDGE('',*,*,#2549,.F.);
#3300=ORIENTED_EDGE('',*,*,#2550,.F.);
#3301=ORIENTED_EDGE('',*,*,#2551,.F.);
#3302=ORIENTED_EDGE('',*,*,#2552,.F.);
#3303=ORIENTED_EDGE('',*,*,#2553,.T.);
#3304=ORIENTED_EDGE('',*,*,#2554,.T.);
#3305=ORIENTED_EDGE('',*,*,#2549,.T.);
#3306=ORIENTED_EDGE('',*,*,#2555,.F.);
#3307=ORIENTED_EDGE('',*,*,#2551,.T.);
#3308=ORIENTED_EDGE('',*,*,#2556,.T.);
#3309=ORIENTED_EDGE('',*,*,#2557,.T.);
#3310=ORIENTED_EDGE('',*,*,#2558,.F.);
#3311=ORIENTED_EDGE('',*,*,#2557,.F.);
#3312=ORIENTED_EDGE('',*,*,#2559,.T.);
#3313=ORIENTED_EDGE('',*,*,#2553,.F.);
#3314=ORIENTED_EDGE('',*,*,#2547,.T.);
#3315=ORIENTED_EDGE('',*,*,#2550,.T.);
#3316=ORIENTED_EDGE('',*,*,#2554,.F.);
#3317=ORIENTED_EDGE('',*,*,#2559,.F.);
#3318=ORIENTED_EDGE('',*,*,#2556,.F.);
#3319=ORIENTED_EDGE('',*,*,#2560,.T.);
#3320=ORIENTED_EDGE('',*,*,#2561,.T.);
#3321=ORIENTED_EDGE('',*,*,#2562,.T.);
#3322=ORIENTED_EDGE('',*,*,#2563,.T.);
#3323=ORIENTED_EDGE('',*,*,#2564,.T.);
#3324=ORIENTED_EDGE('',*,*,#2565,.T.);
#3325=ORIENTED_EDGE('',*,*,#2566,.T.);
#3326=ORIENTED_EDGE('',*,*,#2567,.T.);
#3327=ORIENTED_EDGE('',*,*,#2568,.T.);
#3328=ORIENTED_EDGE('',*,*,#2569,.F.);
#3329=ORIENTED_EDGE('',*,*,#2570,.T.);
#3330=ORIENTED_EDGE('',*,*,#2564,.F.);
#3331=ORIENTED_EDGE('',*,*,#2570,.F.);
#3332=ORIENTED_EDGE('',*,*,#2571,.F.);
#3333=ORIENTED_EDGE('',*,*,#2572,.F.);
#3334=ORIENTED_EDGE('',*,*,#2565,.F.);
#3335=ORIENTED_EDGE('',*,*,#2572,.T.);
#3336=ORIENTED_EDGE('',*,*,#2573,.F.);
#3337=ORIENTED_EDGE('',*,*,#2574,.T.);
#3338=ORIENTED_EDGE('',*,*,#2566,.F.);
#3339=ORIENTED_EDGE('',*,*,#2545,.T.);
#3340=ORIENTED_EDGE('',*,*,#2574,.F.);
#3341=ORIENTED_EDGE('',*,*,#2575,.F.);
#3342=ORIENTED_EDGE('',*,*,#2576,.F.);
#3343=ORIENTED_EDGE('',*,*,#2567,.F.);
#3344=ORIENTED_EDGE('',*,*,#2577,.F.);
#3345=ORIENTED_EDGE('',*,*,#2578,.F.);
#3346=ORIENTED_EDGE('',*,*,#2568,.F.);
#3347=ORIENTED_EDGE('',*,*,#2563,.F.);
#3348=ORIENTED_EDGE('',*,*,#2576,.T.);
#3349=ORIENTED_EDGE('',*,*,#2579,.F.);
#3350=ORIENTED_EDGE('',*,*,#2580,.T.);
#3351=ORIENTED_EDGE('',*,*,#2560,.F.);
#3352=ORIENTED_EDGE('',*,*,#2580,.F.);
#3353=ORIENTED_EDGE('',*,*,#2581,.F.);
#3354=ORIENTED_EDGE('',*,*,#2582,.F.);
#3355=ORIENTED_EDGE('',*,*,#2561,.F.);
#3356=ORIENTED_EDGE('',*,*,#2582,.T.);
#3357=ORIENTED_EDGE('',*,*,#2583,.F.);
#3358=ORIENTED_EDGE('',*,*,#2577,.T.);
#3359=ORIENTED_EDGE('',*,*,#2562,.F.);
#3360=ORIENTED_EDGE('',*,*,#2584,.T.);
#3361=ORIENTED_EDGE('',*,*,#2585,.T.);
#3362=ORIENTED_EDGE('',*,*,#2586,.F.);
#3363=ORIENTED_EDGE('',*,*,#2585,.F.);
#3364=ORIENTED_EDGE('',*,*,#2586,.T.);
#3365=ORIENTED_EDGE('',*,*,#2552,.T.);
#3366=ORIENTED_EDGE('',*,*,#2548,.T.);
#3367=ORIENTED_EDGE('',*,*,#2555,.T.);
#3368=ORIENTED_EDGE('',*,*,#2558,.T.);
#3369=ORIENTED_EDGE('',*,*,#2584,.F.);
#3370=ORIENTED_EDGE('',*,*,#2579,.T.);
#3371=ORIENTED_EDGE('',*,*,#2575,.T.);
#3372=ORIENTED_EDGE('',*,*,#2573,.T.);
#3373=ORIENTED_EDGE('',*,*,#2571,.T.);
#3374=ORIENTED_EDGE('',*,*,#2569,.T.);
#3375=ORIENTED_EDGE('',*,*,#2578,.T.);
#3376=ORIENTED_EDGE('',*,*,#2583,.T.);
#3377=ORIENTED_EDGE('',*,*,#2581,.T.);
#3378=ORIENTED_EDGE('',*,*,#2587,.F.);
#3379=ORIENTED_EDGE('',*,*,#2588,.T.);
#3380=ORIENTED_EDGE('',*,*,#2589,.F.);
#3381=ORIENTED_EDGE('',*,*,#2590,.T.);
#3382=ORIENTED_EDGE('',*,*,#2591,.F.);
#3383=ORIENTED_EDGE('',*,*,#2590,.F.);
#3384=ORIENTED_EDGE('',*,*,#2592,.F.);
#3385=ORIENTED_EDGE('',*,*,#2593,.F.);
#3386=ORIENTED_EDGE('',*,*,#2594,.F.);
#3387=ORIENTED_EDGE('',*,*,#2593,.T.);
#3388=ORIENTED_EDGE('',*,*,#2595,.F.);
#3389=ORIENTED_EDGE('',*,*,#2596,.T.);
#3390=ORIENTED_EDGE('',*,*,#2597,.F.);
#3391=ORIENTED_EDGE('',*,*,#2596,.F.);
#3392=ORIENTED_EDGE('',*,*,#2598,.F.);
#3393=ORIENTED_EDGE('',*,*,#2588,.F.);
#3394=ORIENTED_EDGE('',*,*,#2599,.F.);
#3395=ORIENTED_EDGE('',*,*,#2600,.T.);
#3396=ORIENTED_EDGE('',*,*,#2601,.F.);
#3397=ORIENTED_EDGE('',*,*,#2602,.T.);
#3398=ORIENTED_EDGE('',*,*,#2603,.F.);
#3399=ORIENTED_EDGE('',*,*,#2602,.F.);
#3400=ORIENTED_EDGE('',*,*,#2604,.F.);
#3401=ORIENTED_EDGE('',*,*,#2605,.F.);
#3402=ORIENTED_EDGE('',*,*,#2606,.F.);
#3403=ORIENTED_EDGE('',*,*,#2605,.T.);
#3404=ORIENTED_EDGE('',*,*,#2607,.F.);
#3405=ORIENTED_EDGE('',*,*,#2608,.T.);
#3406=ORIENTED_EDGE('',*,*,#2609,.F.);
#3407=ORIENTED_EDGE('',*,*,#2608,.F.);
#3408=ORIENTED_EDGE('',*,*,#2610,.F.);
#3409=ORIENTED_EDGE('',*,*,#2600,.F.);
#3410=ORIENTED_EDGE('',*,*,#2611,.F.);
#3411=ORIENTED_EDGE('',*,*,#2612,.T.);
#3412=ORIENTED_EDGE('',*,*,#2613,.F.);
#3413=ORIENTED_EDGE('',*,*,#2614,.T.);
#3414=ORIENTED_EDGE('',*,*,#2615,.F.);
#3415=ORIENTED_EDGE('',*,*,#2614,.F.);
#3416=ORIENTED_EDGE('',*,*,#2616,.F.);
#3417=ORIENTED_EDGE('',*,*,#2617,.F.);
#3418=ORIENTED_EDGE('',*,*,#2618,.F.);
#3419=ORIENTED_EDGE('',*,*,#2617,.T.);
#3420=ORIENTED_EDGE('',*,*,#2619,.F.);
#3421=ORIENTED_EDGE('',*,*,#2620,.T.);
#3422=ORIENTED_EDGE('',*,*,#2621,.F.);
#3423=ORIENTED_EDGE('',*,*,#2620,.F.);
#3424=ORIENTED_EDGE('',*,*,#2622,.F.);
#3425=ORIENTED_EDGE('',*,*,#2612,.F.);
#3426=ORIENTED_EDGE('',*,*,#2623,.F.);
#3427=ORIENTED_EDGE('',*,*,#2624,.T.);
#3428=ORIENTED_EDGE('',*,*,#2625,.F.);
#3429=ORIENTED_EDGE('',*,*,#2626,.T.);
#3430=ORIENTED_EDGE('',*,*,#2627,.F.);
#3431=ORIENTED_EDGE('',*,*,#2626,.F.);
#3432=ORIENTED_EDGE('',*,*,#2628,.F.);
#3433=ORIENTED_EDGE('',*,*,#2629,.F.);
#3434=ORIENTED_EDGE('',*,*,#2630,.F.);
#3435=ORIENTED_EDGE('',*,*,#2629,.T.);
#3436=ORIENTED_EDGE('',*,*,#2631,.F.);
#3437=ORIENTED_EDGE('',*,*,#2632,.T.);
#3438=ORIENTED_EDGE('',*,*,#2633,.F.);
#3439=ORIENTED_EDGE('',*,*,#2632,.F.);
#3440=ORIENTED_EDGE('',*,*,#2634,.F.);
#3441=ORIENTED_EDGE('',*,*,#2624,.F.);
#3442=ORIENTED_EDGE('',*,*,#2635,.F.);
#3443=ORIENTED_EDGE('',*,*,#2636,.T.);
#3444=ORIENTED_EDGE('',*,*,#2637,.F.);
#3445=ORIENTED_EDGE('',*,*,#2638,.T.);
#3446=ORIENTED_EDGE('',*,*,#2639,.F.);
#3447=ORIENTED_EDGE('',*,*,#2638,.F.);
#3448=ORIENTED_EDGE('',*,*,#2640,.F.);
#3449=ORIENTED_EDGE('',*,*,#2641,.F.);
#3450=ORIENTED_EDGE('',*,*,#2642,.F.);
#3451=ORIENTED_EDGE('',*,*,#2641,.T.);
#3452=ORIENTED_EDGE('',*,*,#2643,.F.);
#3453=ORIENTED_EDGE('',*,*,#2644,.T.);
#3454=ORIENTED_EDGE('',*,*,#2645,.F.);
#3455=ORIENTED_EDGE('',*,*,#2644,.F.);
#3456=ORIENTED_EDGE('',*,*,#2646,.F.);
#3457=ORIENTED_EDGE('',*,*,#2636,.F.);
#3458=ORIENTED_EDGE('',*,*,#2647,.F.);
#3459=ORIENTED_EDGE('',*,*,#2648,.T.);
#3460=ORIENTED_EDGE('',*,*,#2649,.F.);
#3461=ORIENTED_EDGE('',*,*,#2650,.T.);
#3462=ORIENTED_EDGE('',*,*,#2651,.F.);
#3463=ORIENTED_EDGE('',*,*,#2650,.F.);
#3464=ORIENTED_EDGE('',*,*,#2652,.F.);
#3465=ORIENTED_EDGE('',*,*,#2653,.F.);
#3466=ORIENTED_EDGE('',*,*,#2654,.F.);
#3467=ORIENTED_EDGE('',*,*,#2653,.T.);
#3468=ORIENTED_EDGE('',*,*,#2655,.F.);
#3469=ORIENTED_EDGE('',*,*,#2656,.T.);
#3470=ORIENTED_EDGE('',*,*,#2657,.F.);
#3471=ORIENTED_EDGE('',*,*,#2656,.F.);
#3472=ORIENTED_EDGE('',*,*,#2658,.F.);
#3473=ORIENTED_EDGE('',*,*,#2648,.F.);
#3474=ORIENTED_EDGE('',*,*,#2659,.F.);
#3475=ORIENTED_EDGE('',*,*,#2660,.T.);
#3476=ORIENTED_EDGE('',*,*,#2661,.F.);
#3477=ORIENTED_EDGE('',*,*,#2662,.T.);
#3478=ORIENTED_EDGE('',*,*,#2663,.F.);
#3479=ORIENTED_EDGE('',*,*,#2662,.F.);
#3480=ORIENTED_EDGE('',*,*,#2664,.F.);
#3481=ORIENTED_EDGE('',*,*,#2665,.F.);
#3482=ORIENTED_EDGE('',*,*,#2666,.F.);
#3483=ORIENTED_EDGE('',*,*,#2665,.T.);
#3484=ORIENTED_EDGE('',*,*,#2667,.F.);
#3485=ORIENTED_EDGE('',*,*,#2668,.T.);
#3486=ORIENTED_EDGE('',*,*,#2669,.F.);
#3487=ORIENTED_EDGE('',*,*,#2668,.F.);
#3488=ORIENTED_EDGE('',*,*,#2670,.F.);
#3489=ORIENTED_EDGE('',*,*,#2660,.F.);
#3490=ORIENTED_EDGE('',*,*,#2671,.F.);
#3491=ORIENTED_EDGE('',*,*,#2672,.T.);
#3492=ORIENTED_EDGE('',*,*,#2673,.F.);
#3493=ORIENTED_EDGE('',*,*,#2674,.T.);
#3494=ORIENTED_EDGE('',*,*,#2675,.F.);
#3495=ORIENTED_EDGE('',*,*,#2674,.F.);
#3496=ORIENTED_EDGE('',*,*,#2676,.F.);
#3497=ORIENTED_EDGE('',*,*,#2677,.F.);
#3498=ORIENTED_EDGE('',*,*,#2678,.F.);
#3499=ORIENTED_EDGE('',*,*,#2677,.T.);
#3500=ORIENTED_EDGE('',*,*,#2679,.F.);
#3501=ORIENTED_EDGE('',*,*,#2680,.T.);
#3502=ORIENTED_EDGE('',*,*,#2681,.F.);
#3503=ORIENTED_EDGE('',*,*,#2680,.F.);
#3504=ORIENTED_EDGE('',*,*,#2682,.F.);
#3505=ORIENTED_EDGE('',*,*,#2672,.F.);
#3506=ORIENTED_EDGE('',*,*,#2683,.F.);
#3507=ORIENTED_EDGE('',*,*,#2684,.T.);
#3508=ORIENTED_EDGE('',*,*,#2685,.F.);
#3509=ORIENTED_EDGE('',*,*,#2686,.T.);
#3510=ORIENTED_EDGE('',*,*,#2687,.F.);
#3511=ORIENTED_EDGE('',*,*,#2686,.F.);
#3512=ORIENTED_EDGE('',*,*,#2688,.F.);
#3513=ORIENTED_EDGE('',*,*,#2689,.F.);
#3514=ORIENTED_EDGE('',*,*,#2690,.F.);
#3515=ORIENTED_EDGE('',*,*,#2689,.T.);
#3516=ORIENTED_EDGE('',*,*,#2691,.F.);
#3517=ORIENTED_EDGE('',*,*,#2692,.T.);
#3518=ORIENTED_EDGE('',*,*,#2693,.F.);
#3519=ORIENTED_EDGE('',*,*,#2692,.F.);
#3520=ORIENTED_EDGE('',*,*,#2694,.F.);
#3521=ORIENTED_EDGE('',*,*,#2684,.F.);
#3522=ORIENTED_EDGE('',*,*,#2695,.F.);
#3523=ORIENTED_EDGE('',*,*,#2696,.F.);
#3524=ORIENTED_EDGE('',*,*,#2697,.F.);
#3525=ORIENTED_EDGE('',*,*,#2698,.F.);
#3526=ORIENTED_EDGE('',*,*,#2699,.F.);
#3527=ORIENTED_EDGE('',*,*,#2700,.F.);
#3528=ORIENTED_EDGE('',*,*,#2701,.F.);
#3529=ORIENTED_EDGE('',*,*,#2702,.T.);
#3530=ORIENTED_EDGE('',*,*,#2703,.F.);
#3531=ORIENTED_EDGE('',*,*,#2696,.T.);
#3532=ORIENTED_EDGE('',*,*,#2704,.F.);
#3533=ORIENTED_EDGE('',*,*,#2700,.T.);
#3534=ORIENTED_EDGE('',*,*,#2705,.F.);
#3535=ORIENTED_EDGE('',*,*,#2706,.T.);
#3536=ORIENTED_EDGE('',*,*,#2707,.F.);
#3537=ORIENTED_EDGE('',*,*,#2706,.F.);
#3538=ORIENTED_EDGE('',*,*,#2708,.F.);
#3539=ORIENTED_EDGE('',*,*,#2709,.F.);
#3540=ORIENTED_EDGE('',*,*,#2710,.F.);
#3541=ORIENTED_EDGE('',*,*,#2702,.F.);
#3542=ORIENTED_EDGE('',*,*,#2711,.F.);
#3543=ORIENTED_EDGE('',*,*,#2712,.F.);
#3544=ORIENTED_EDGE('',*,*,#2713,.F.);
#3545=ORIENTED_EDGE('',*,*,#2714,.F.);
#3546=ORIENTED_EDGE('',*,*,#2715,.F.);
#3547=ORIENTED_EDGE('',*,*,#2716,.F.);
#3548=ORIENTED_EDGE('',*,*,#2717,.F.);
#3549=ORIENTED_EDGE('',*,*,#2718,.F.);
#3550=ORIENTED_EDGE('',*,*,#2697,.T.);
#3551=ORIENTED_EDGE('',*,*,#2703,.T.);
#3552=ORIENTED_EDGE('',*,*,#2710,.T.);
#3553=ORIENTED_EDGE('',*,*,#2719,.F.);
#3554=ORIENTED_EDGE('',*,*,#2720,.F.);
#3555=ORIENTED_EDGE('',*,*,#2721,.F.);
#3556=ORIENTED_EDGE('',*,*,#2722,.F.);
#3557=ORIENTED_EDGE('',*,*,#2723,.F.);
#3558=ORIENTED_EDGE('',*,*,#2724,.F.);
#3559=ORIENTED_EDGE('',*,*,#2725,.F.);
#3560=ORIENTED_EDGE('',*,*,#2726,.F.);
#3561=ORIENTED_EDGE('',*,*,#2727,.F.);
#3562=ORIENTED_EDGE('',*,*,#2728,.F.);
#3563=ORIENTED_EDGE('',*,*,#2729,.F.);
#3564=ORIENTED_EDGE('',*,*,#2730,.F.);
#3565=ORIENTED_EDGE('',*,*,#2731,.F.);
#3566=ORIENTED_EDGE('',*,*,#2732,.T.);
#3567=ORIENTED_EDGE('',*,*,#2733,.T.);
#3568=ORIENTED_EDGE('',*,*,#2734,.T.);
#3569=ORIENTED_EDGE('',*,*,#2735,.T.);
#3570=ORIENTED_EDGE('',*,*,#2709,.T.);
#3571=ORIENTED_EDGE('',*,*,#2736,.F.);
#3572=ORIENTED_EDGE('',*,*,#2737,.F.);
#3573=ORIENTED_EDGE('',*,*,#2719,.T.);
#3574=ORIENTED_EDGE('',*,*,#2698,.T.);
#3575=ORIENTED_EDGE('',*,*,#2727,.T.);
#3576=ORIENTED_EDGE('',*,*,#2738,.F.);
#3577=ORIENTED_EDGE('',*,*,#2739,.F.);
#3578=ORIENTED_EDGE('',*,*,#2735,.F.);
#3579=ORIENTED_EDGE('',*,*,#2740,.T.);
#3580=ORIENTED_EDGE('',*,*,#2741,.F.);
#3581=ORIENTED_EDGE('',*,*,#2740,.F.);
#3582=ORIENTED_EDGE('',*,*,#2734,.F.);
#3583=ORIENTED_EDGE('',*,*,#2742,.T.);
#3584=ORIENTED_EDGE('',*,*,#2743,.F.);
#3585=ORIENTED_EDGE('',*,*,#2742,.F.);
#3586=ORIENTED_EDGE('',*,*,#2733,.F.);
#3587=ORIENTED_EDGE('',*,*,#2744,.T.);
#3588=ORIENTED_EDGE('',*,*,#2745,.F.);
#3589=ORIENTED_EDGE('',*,*,#2744,.F.);
#3590=ORIENTED_EDGE('',*,*,#2732,.F.);
#3591=ORIENTED_EDGE('',*,*,#2746,.T.);
#3592=ORIENTED_EDGE('',*,*,#2747,.F.);
#3593=ORIENTED_EDGE('',*,*,#2746,.F.);
#3594=ORIENTED_EDGE('',*,*,#2730,.T.);
#3595=ORIENTED_EDGE('',*,*,#2748,.T.);
#3596=ORIENTED_EDGE('',*,*,#2749,.F.);
#3597=ORIENTED_EDGE('',*,*,#2750,.T.);
#3598=ORIENTED_EDGE('',*,*,#2729,.T.);
#3599=ORIENTED_EDGE('',*,*,#2751,.F.);
#3600=ORIENTED_EDGE('',*,*,#2752,.F.);
#3601=ORIENTED_EDGE('',*,*,#2748,.F.);
#3602=ORIENTED_EDGE('',*,*,#2715,.T.);
#3603=ORIENTED_EDGE('',*,*,#2753,.F.);
#3604=ORIENTED_EDGE('',*,*,#2754,.F.);
#3605=ORIENTED_EDGE('',*,*,#2755,.F.);
#3606=ORIENTED_EDGE('',*,*,#2714,.T.);
#3607=ORIENTED_EDGE('',*,*,#2756,.T.);
#3608=ORIENTED_EDGE('',*,*,#2757,.T.);
#3609=ORIENTED_EDGE('',*,*,#2753,.T.);
#3610=ORIENTED_EDGE('',*,*,#2713,.T.);
#3611=ORIENTED_EDGE('',*,*,#2758,.F.);
#3612=ORIENTED_EDGE('',*,*,#2759,.F.);
#3613=ORIENTED_EDGE('',*,*,#2756,.F.);
#3614=ORIENTED_EDGE('',*,*,#2712,.T.);
#3615=ORIENTED_EDGE('',*,*,#2760,.F.);
#3616=ORIENTED_EDGE('',*,*,#2761,.F.);
#3617=ORIENTED_EDGE('',*,*,#2758,.T.);
#3618=ORIENTED_EDGE('',*,*,#2723,.T.);
#3619=ORIENTED_EDGE('',*,*,#2762,.T.);
#3620=ORIENTED_EDGE('',*,*,#2763,.T.);
#3621=ORIENTED_EDGE('',*,*,#2764,.T.);
#3622=ORIENTED_EDGE('',*,*,#2722,.T.);
#3623=ORIENTED_EDGE('',*,*,#2765,.F.);
#3624=ORIENTED_EDGE('',*,*,#2766,.F.);
#3625=ORIENTED_EDGE('',*,*,#2762,.F.);
#3626=ORIENTED_EDGE('',*,*,#2721,.T.);
#3627=ORIENTED_EDGE('',*,*,#2767,.T.);
#3628=ORIENTED_EDGE('',*,*,#2768,.F.);
#3629=ORIENTED_EDGE('',*,*,#2765,.T.);
#3630=ORIENTED_EDGE('',*,*,#2720,.T.);
#3631=ORIENTED_EDGE('',*,*,#2737,.T.);
#3632=ORIENTED_EDGE('',*,*,#2769,.F.);
#3633=ORIENTED_EDGE('',*,*,#2767,.F.);
#3634=ORIENTED_EDGE('',*,*,#2728,.T.);
#3635=ORIENTED_EDGE('',*,*,#2770,.T.);
#3636=ORIENTED_EDGE('',*,*,#2771,.F.);
#3637=ORIENTED_EDGE('',*,*,#2751,.T.);
#3638=ORIENTED_EDGE('',*,*,#2731,.T.);
#3639=ORIENTED_EDGE('',*,*,#2750,.F.);
#3640=ORIENTED_EDGE('',*,*,#2772,.F.);
#3641=ORIENTED_EDGE('',*,*,#2770,.F.);
#3642=ORIENTED_EDGE('',*,*,#2711,.T.);
#3643=ORIENTED_EDGE('',*,*,#2773,.T.);
#3644=ORIENTED_EDGE('',*,*,#2774,.T.);
#3645=ORIENTED_EDGE('',*,*,#2760,.T.);
#3646=ORIENTED_EDGE('',*,*,#2757,.F.);
#3647=ORIENTED_EDGE('',*,*,#2759,.T.);
#3648=ORIENTED_EDGE('',*,*,#2761,.T.);
#3649=ORIENTED_EDGE('',*,*,#2774,.F.);
#3650=ORIENTED_EDGE('',*,*,#2775,.F.);
#3651=ORIENTED_EDGE('',*,*,#2776,.F.);
#3652=ORIENTED_EDGE('',*,*,#2777,.F.);
#3653=ORIENTED_EDGE('',*,*,#2754,.T.);
#3654=ORIENTED_EDGE('',*,*,#2606,.T.);
#3655=ORIENTED_EDGE('',*,*,#2609,.T.);
#3656=ORIENTED_EDGE('',*,*,#2599,.T.);
#3657=ORIENTED_EDGE('',*,*,#2603,.T.);
#3658=ORIENTED_EDGE('',*,*,#2630,.T.);
#3659=ORIENTED_EDGE('',*,*,#2633,.T.);
#3660=ORIENTED_EDGE('',*,*,#2623,.T.);
#3661=ORIENTED_EDGE('',*,*,#2627,.T.);
#3662=ORIENTED_EDGE('',*,*,#2654,.T.);
#3663=ORIENTED_EDGE('',*,*,#2657,.T.);
#3664=ORIENTED_EDGE('',*,*,#2647,.T.);
#3665=ORIENTED_EDGE('',*,*,#2651,.T.);
#3666=ORIENTED_EDGE('',*,*,#2678,.T.);
#3667=ORIENTED_EDGE('',*,*,#2681,.T.);
#3668=ORIENTED_EDGE('',*,*,#2671,.T.);
#3669=ORIENTED_EDGE('',*,*,#2675,.T.);
#3670=ORIENTED_EDGE('',*,*,#2690,.T.);
#3671=ORIENTED_EDGE('',*,*,#2693,.T.);
#3672=ORIENTED_EDGE('',*,*,#2683,.T.);
#3673=ORIENTED_EDGE('',*,*,#2687,.T.);
#3674=ORIENTED_EDGE('',*,*,#2704,.T.);
#3675=ORIENTED_EDGE('',*,*,#2707,.T.);
#3676=ORIENTED_EDGE('',*,*,#2701,.T.);
#3677=ORIENTED_EDGE('',*,*,#2695,.T.);
#3678=ORIENTED_EDGE('',*,*,#2741,.T.);
#3679=ORIENTED_EDGE('',*,*,#2743,.T.);
#3680=ORIENTED_EDGE('',*,*,#2745,.T.);
#3681=ORIENTED_EDGE('',*,*,#2747,.T.);
#3682=ORIENTED_EDGE('',*,*,#2772,.T.);
#3683=ORIENTED_EDGE('',*,*,#2749,.T.);
#3684=ORIENTED_EDGE('',*,*,#2752,.T.);
#3685=ORIENTED_EDGE('',*,*,#2771,.T.);
#3686=ORIENTED_EDGE('',*,*,#2666,.T.);
#3687=ORIENTED_EDGE('',*,*,#2669,.T.);
#3688=ORIENTED_EDGE('',*,*,#2659,.T.);
#3689=ORIENTED_EDGE('',*,*,#2663,.T.);
#3690=ORIENTED_EDGE('',*,*,#2642,.T.);
#3691=ORIENTED_EDGE('',*,*,#2645,.T.);
#3692=ORIENTED_EDGE('',*,*,#2635,.T.);
#3693=ORIENTED_EDGE('',*,*,#2639,.T.);
#3694=ORIENTED_EDGE('',*,*,#2618,.T.);
#3695=ORIENTED_EDGE('',*,*,#2621,.T.);
#3696=ORIENTED_EDGE('',*,*,#2611,.T.);
#3697=ORIENTED_EDGE('',*,*,#2615,.T.);
#3698=ORIENTED_EDGE('',*,*,#2594,.T.);
#3699=ORIENTED_EDGE('',*,*,#2597,.T.);
#3700=ORIENTED_EDGE('',*,*,#2587,.T.);
#3701=ORIENTED_EDGE('',*,*,#2591,.T.);
#3702=ORIENTED_EDGE('',*,*,#2718,.T.);
#3703=ORIENTED_EDGE('',*,*,#2778,.T.);
#3704=ORIENTED_EDGE('',*,*,#2775,.T.);
#3705=ORIENTED_EDGE('',*,*,#2773,.F.);
#3706=ORIENTED_EDGE('',*,*,#2717,.T.);
#3707=ORIENTED_EDGE('',*,*,#2779,.F.);
#3708=ORIENTED_EDGE('',*,*,#2776,.T.);
#3709=ORIENTED_EDGE('',*,*,#2778,.F.);
#3710=ORIENTED_EDGE('',*,*,#2716,.T.);
#3711=ORIENTED_EDGE('',*,*,#2755,.T.);
#3712=ORIENTED_EDGE('',*,*,#2777,.T.);
#3713=ORIENTED_EDGE('',*,*,#2779,.T.);
#3714=ORIENTED_EDGE('',*,*,#2724,.T.);
#3715=ORIENTED_EDGE('',*,*,#2764,.F.);
#3716=ORIENTED_EDGE('',*,*,#2780,.T.);
#3717=ORIENTED_EDGE('',*,*,#2781,.T.);
#3718=ORIENTED_EDGE('',*,*,#2725,.T.);
#3719=ORIENTED_EDGE('',*,*,#2781,.F.);
#3720=ORIENTED_EDGE('',*,*,#2782,.F.);
#3721=ORIENTED_EDGE('',*,*,#2783,.F.);
#3722=ORIENTED_EDGE('',*,*,#2726,.T.);
#3723=ORIENTED_EDGE('',*,*,#2783,.T.);
#3724=ORIENTED_EDGE('',*,*,#2784,.F.);
#3725=ORIENTED_EDGE('',*,*,#2738,.T.);
#3726=ORIENTED_EDGE('',*,*,#2699,.T.);
#3727=ORIENTED_EDGE('',*,*,#2739,.T.);
#3728=ORIENTED_EDGE('',*,*,#2784,.T.);
#3729=ORIENTED_EDGE('',*,*,#2782,.T.);
#3730=ORIENTED_EDGE('',*,*,#2780,.F.);
#3731=ORIENTED_EDGE('',*,*,#2763,.F.);
#3732=ORIENTED_EDGE('',*,*,#2766,.T.);
#3733=ORIENTED_EDGE('',*,*,#2768,.T.);
#3734=ORIENTED_EDGE('',*,*,#2769,.T.);
#3735=ORIENTED_EDGE('',*,*,#2736,.T.);
#3736=ORIENTED_EDGE('',*,*,#2708,.T.);
#3737=ORIENTED_EDGE('',*,*,#2705,.T.);
#3738=ORIENTED_EDGE('',*,*,#2607,.T.);
#3739=ORIENTED_EDGE('',*,*,#2604,.T.);
#3740=ORIENTED_EDGE('',*,*,#2601,.T.);
#3741=ORIENTED_EDGE('',*,*,#2610,.T.);
#3742=ORIENTED_EDGE('',*,*,#2619,.T.);
#3743=ORIENTED_EDGE('',*,*,#2616,.T.);
#3744=ORIENTED_EDGE('',*,*,#2613,.T.);
#3745=ORIENTED_EDGE('',*,*,#2622,.T.);
#3746=ORIENTED_EDGE('',*,*,#2631,.T.);
#3747=ORIENTED_EDGE('',*,*,#2628,.T.);
#3748=ORIENTED_EDGE('',*,*,#2625,.T.);
#3749=ORIENTED_EDGE('',*,*,#2634,.T.);
#3750=ORIENTED_EDGE('',*,*,#2643,.T.);
#3751=ORIENTED_EDGE('',*,*,#2640,.T.);
#3752=ORIENTED_EDGE('',*,*,#2637,.T.);
#3753=ORIENTED_EDGE('',*,*,#2646,.T.);
#3754=ORIENTED_EDGE('',*,*,#2655,.T.);
#3755=ORIENTED_EDGE('',*,*,#2652,.T.);
#3756=ORIENTED_EDGE('',*,*,#2649,.T.);
#3757=ORIENTED_EDGE('',*,*,#2658,.T.);
#3758=ORIENTED_EDGE('',*,*,#2667,.T.);
#3759=ORIENTED_EDGE('',*,*,#2664,.T.);
#3760=ORIENTED_EDGE('',*,*,#2661,.T.);
#3761=ORIENTED_EDGE('',*,*,#2670,.T.);
#3762=ORIENTED_EDGE('',*,*,#2679,.T.);
#3763=ORIENTED_EDGE('',*,*,#2676,.T.);
#3764=ORIENTED_EDGE('',*,*,#2673,.T.);
#3765=ORIENTED_EDGE('',*,*,#2682,.T.);
#3766=ORIENTED_EDGE('',*,*,#2691,.T.);
#3767=ORIENTED_EDGE('',*,*,#2688,.T.);
#3768=ORIENTED_EDGE('',*,*,#2685,.T.);
#3769=ORIENTED_EDGE('',*,*,#2694,.T.);
#3770=ORIENTED_EDGE('',*,*,#2595,.T.);
#3771=ORIENTED_EDGE('',*,*,#2592,.T.);
#3772=ORIENTED_EDGE('',*,*,#2589,.T.);
#3773=ORIENTED_EDGE('',*,*,#2598,.T.);
#3774=ORIENTED_EDGE('',*,*,#2785,.F.);
#3775=ORIENTED_EDGE('',*,*,#2786,.T.);
#3776=ORIENTED_EDGE('',*,*,#2787,.F.);
#3777=ORIENTED_EDGE('',*,*,#2788,.F.);
#3778=ORIENTED_EDGE('',*,*,#2789,.F.);
#3779=ORIENTED_EDGE('',*,*,#2788,.T.);
#3780=ORIENTED_EDGE('',*,*,#2790,.F.);
#3781=ORIENTED_EDGE('',*,*,#2791,.F.);
#3782=ORIENTED_EDGE('',*,*,#2792,.F.);
#3783=ORIENTED_EDGE('',*,*,#2791,.T.);
#3784=ORIENTED_EDGE('',*,*,#2793,.F.);
#3785=ORIENTED_EDGE('',*,*,#2794,.F.);
#3786=ORIENTED_EDGE('',*,*,#2795,.F.);
#3787=ORIENTED_EDGE('',*,*,#2794,.T.);
#3788=ORIENTED_EDGE('',*,*,#2796,.F.);
#3789=ORIENTED_EDGE('',*,*,#2797,.F.);
#3790=ORIENTED_EDGE('',*,*,#2798,.F.);
#3791=ORIENTED_EDGE('',*,*,#2797,.T.);
#3792=ORIENTED_EDGE('',*,*,#2799,.F.);
#3793=ORIENTED_EDGE('',*,*,#2800,.F.);
#3794=ORIENTED_EDGE('',*,*,#2801,.F.);
#3795=ORIENTED_EDGE('',*,*,#2800,.T.);
#3796=ORIENTED_EDGE('',*,*,#2802,.F.);
#3797=ORIENTED_EDGE('',*,*,#2803,.F.);
#3798=ORIENTED_EDGE('',*,*,#2804,.F.);
#3799=ORIENTED_EDGE('',*,*,#2803,.T.);
#3800=ORIENTED_EDGE('',*,*,#2805,.F.);
#3801=ORIENTED_EDGE('',*,*,#2806,.F.);
#3802=ORIENTED_EDGE('',*,*,#2807,.F.);
#3803=ORIENTED_EDGE('',*,*,#2806,.T.);
#3804=ORIENTED_EDGE('',*,*,#2808,.F.);
#3805=ORIENTED_EDGE('',*,*,#2809,.F.);
#3806=ORIENTED_EDGE('',*,*,#2810,.F.);
#3807=ORIENTED_EDGE('',*,*,#2809,.T.);
#3808=ORIENTED_EDGE('',*,*,#2811,.F.);
#3809=ORIENTED_EDGE('',*,*,#2812,.F.);
#3810=ORIENTED_EDGE('',*,*,#2813,.F.);
#3811=ORIENTED_EDGE('',*,*,#2812,.T.);
#3812=ORIENTED_EDGE('',*,*,#2814,.F.);
#3813=ORIENTED_EDGE('',*,*,#2815,.F.);
#3814=ORIENTED_EDGE('',*,*,#2816,.F.);
#3815=ORIENTED_EDGE('',*,*,#2815,.T.);
#3816=ORIENTED_EDGE('',*,*,#2817,.F.);
#3817=ORIENTED_EDGE('',*,*,#2818,.F.);
#3818=ORIENTED_EDGE('',*,*,#2819,.F.);
#3819=ORIENTED_EDGE('',*,*,#2818,.T.);
#3820=ORIENTED_EDGE('',*,*,#2820,.F.);
#3821=ORIENTED_EDGE('',*,*,#2821,.F.);
#3822=ORIENTED_EDGE('',*,*,#2822,.F.);
#3823=ORIENTED_EDGE('',*,*,#2821,.T.);
#3824=ORIENTED_EDGE('',*,*,#2823,.F.);
#3825=ORIENTED_EDGE('',*,*,#2824,.F.);
#3826=ORIENTED_EDGE('',*,*,#2825,.F.);
#3827=ORIENTED_EDGE('',*,*,#2824,.T.);
#3828=ORIENTED_EDGE('',*,*,#2826,.F.);
#3829=ORIENTED_EDGE('',*,*,#2827,.F.);
#3830=ORIENTED_EDGE('',*,*,#2828,.F.);
#3831=ORIENTED_EDGE('',*,*,#2827,.T.);
#3832=ORIENTED_EDGE('',*,*,#2829,.F.);
#3833=ORIENTED_EDGE('',*,*,#2786,.F.);
#3834=ORIENTED_EDGE('',*,*,#2829,.T.);
#3835=ORIENTED_EDGE('',*,*,#2826,.T.);
#3836=ORIENTED_EDGE('',*,*,#2823,.T.);
#3837=ORIENTED_EDGE('',*,*,#2820,.T.);
#3838=ORIENTED_EDGE('',*,*,#2817,.T.);
#3839=ORIENTED_EDGE('',*,*,#2814,.T.);
#3840=ORIENTED_EDGE('',*,*,#2811,.T.);
#3841=ORIENTED_EDGE('',*,*,#2808,.T.);
#3842=ORIENTED_EDGE('',*,*,#2805,.T.);
#3843=ORIENTED_EDGE('',*,*,#2802,.T.);
#3844=ORIENTED_EDGE('',*,*,#2799,.T.);
#3845=ORIENTED_EDGE('',*,*,#2796,.T.);
#3846=ORIENTED_EDGE('',*,*,#2793,.T.);
#3847=ORIENTED_EDGE('',*,*,#2790,.T.);
#3848=ORIENTED_EDGE('',*,*,#2787,.T.);
#3849=ORIENTED_EDGE('',*,*,#2828,.T.);
#3850=ORIENTED_EDGE('',*,*,#2785,.T.);
#3851=ORIENTED_EDGE('',*,*,#2789,.T.);
#3852=ORIENTED_EDGE('',*,*,#2792,.T.);
#3853=ORIENTED_EDGE('',*,*,#2795,.T.);
#3854=ORIENTED_EDGE('',*,*,#2798,.T.);
#3855=ORIENTED_EDGE('',*,*,#2801,.T.);
#3856=ORIENTED_EDGE('',*,*,#2804,.T.);
#3857=ORIENTED_EDGE('',*,*,#2807,.T.);
#3858=ORIENTED_EDGE('',*,*,#2810,.T.);
#3859=ORIENTED_EDGE('',*,*,#2813,.T.);
#3860=ORIENTED_EDGE('',*,*,#2816,.T.);
#3861=ORIENTED_EDGE('',*,*,#2819,.T.);
#3862=ORIENTED_EDGE('',*,*,#2822,.T.);
#3863=ORIENTED_EDGE('',*,*,#2825,.T.);
#3864=ORIENTED_EDGE('',*,*,#2830,.F.);
#3865=ORIENTED_EDGE('',*,*,#2831,.F.);
#3866=ORIENTED_EDGE('',*,*,#2832,.F.);
#3867=ORIENTED_EDGE('',*,*,#2833,.T.);
#3868=ORIENTED_EDGE('',*,*,#2834,.F.);
#3869=ORIENTED_EDGE('',*,*,#2833,.F.);
#3870=ORIENTED_EDGE('',*,*,#2835,.F.);
#3871=ORIENTED_EDGE('',*,*,#2836,.T.);
#3872=ORIENTED_EDGE('',*,*,#2837,.F.);
#3873=ORIENTED_EDGE('',*,*,#2836,.F.);
#3874=ORIENTED_EDGE('',*,*,#2838,.F.);
#3875=ORIENTED_EDGE('',*,*,#2839,.T.);
#3876=ORIENTED_EDGE('',*,*,#2840,.F.);
#3877=ORIENTED_EDGE('',*,*,#2839,.F.);
#3878=ORIENTED_EDGE('',*,*,#2841,.F.);
#3879=ORIENTED_EDGE('',*,*,#2842,.T.);
#3880=ORIENTED_EDGE('',*,*,#2843,.F.);
#3881=ORIENTED_EDGE('',*,*,#2842,.F.);
#3882=ORIENTED_EDGE('',*,*,#2844,.F.);
#3883=ORIENTED_EDGE('',*,*,#2845,.T.);
#3884=ORIENTED_EDGE('',*,*,#2846,.F.);
#3885=ORIENTED_EDGE('',*,*,#2845,.F.);
#3886=ORIENTED_EDGE('',*,*,#2847,.F.);
#3887=ORIENTED_EDGE('',*,*,#2848,.T.);
#3888=ORIENTED_EDGE('',*,*,#2849,.F.);
#3889=ORIENTED_EDGE('',*,*,#2850,.F.);
#3890=ORIENTED_EDGE('',*,*,#2851,.F.);
#3891=ORIENTED_EDGE('',*,*,#2831,.T.);
#3892=ORIENTED_EDGE('',*,*,#2852,.F.);
#3893=ORIENTED_EDGE('',*,*,#2853,.F.);
#3894=ORIENTED_EDGE('',*,*,#2854,.F.);
#3895=ORIENTED_EDGE('',*,*,#2850,.T.);
#3896=ORIENTED_EDGE('',*,*,#2855,.F.);
#3897=ORIENTED_EDGE('',*,*,#2856,.F.);
#3898=ORIENTED_EDGE('',*,*,#2857,.F.);
#3899=ORIENTED_EDGE('',*,*,#2853,.T.);
#3900=ORIENTED_EDGE('',*,*,#2858,.F.);
#3901=ORIENTED_EDGE('',*,*,#2848,.F.);
#3902=ORIENTED_EDGE('',*,*,#2859,.F.);
#3903=ORIENTED_EDGE('',*,*,#2856,.T.);
#3904=ORIENTED_EDGE('',*,*,#2860,.F.);
#3905=ORIENTED_EDGE('',*,*,#2861,.T.);
#3906=ORIENTED_EDGE('',*,*,#2862,.F.);
#3907=ORIENTED_EDGE('',*,*,#2861,.F.);
#3908=ORIENTED_EDGE('',*,*,#2863,.F.);
#3909=ORIENTED_EDGE('',*,*,#2864,.T.);
#3910=ORIENTED_EDGE('',*,*,#2865,.F.);
#3911=ORIENTED_EDGE('',*,*,#2864,.F.);
#3912=ORIENTED_EDGE('',*,*,#2846,.T.);
#3913=ORIENTED_EDGE('',*,*,#2858,.T.);
#3914=ORIENTED_EDGE('',*,*,#2855,.T.);
#3915=ORIENTED_EDGE('',*,*,#2852,.T.);
#3916=ORIENTED_EDGE('',*,*,#2849,.T.);
#3917=ORIENTED_EDGE('',*,*,#2830,.T.);
#3918=ORIENTED_EDGE('',*,*,#2834,.T.);
#3919=ORIENTED_EDGE('',*,*,#2837,.T.);
#3920=ORIENTED_EDGE('',*,*,#2840,.T.);
#3921=ORIENTED_EDGE('',*,*,#2843,.T.);
#3922=ORIENTED_EDGE('',*,*,#2865,.T.);
#3923=ORIENTED_EDGE('',*,*,#2860,.T.);
#3924=ORIENTED_EDGE('',*,*,#2866,.T.);
#3925=ORIENTED_EDGE('',*,*,#2867,.T.);
#3926=ORIENTED_EDGE('',*,*,#2868,.F.);
#3927=ORIENTED_EDGE('',*,*,#2867,.F.);
#3928=ORIENTED_EDGE('',*,*,#2847,.T.);
#3929=ORIENTED_EDGE('',*,*,#2844,.T.);
#3930=ORIENTED_EDGE('',*,*,#2841,.T.);
#3931=ORIENTED_EDGE('',*,*,#2838,.T.);
#3932=ORIENTED_EDGE('',*,*,#2835,.T.);
#3933=ORIENTED_EDGE('',*,*,#2832,.T.);
#3934=ORIENTED_EDGE('',*,*,#2851,.T.);
#3935=ORIENTED_EDGE('',*,*,#2854,.T.);
#3936=ORIENTED_EDGE('',*,*,#2857,.T.);
#3937=ORIENTED_EDGE('',*,*,#2859,.T.);
#3938=ORIENTED_EDGE('',*,*,#2866,.F.);
#3939=ORIENTED_EDGE('',*,*,#2862,.T.);
#3940=ORIENTED_EDGE('',*,*,#2869,.T.);
#3941=ORIENTED_EDGE('',*,*,#2868,.T.);
#3942=ORIENTED_EDGE('',*,*,#2870,.F.);
#3943=ORIENTED_EDGE('',*,*,#2871,.T.);
#3944=ORIENTED_EDGE('',*,*,#2872,.F.);
#3945=ORIENTED_EDGE('',*,*,#2871,.F.);
#3946=ORIENTED_EDGE('',*,*,#2873,.F.);
#3947=ORIENTED_EDGE('',*,*,#2874,.T.);
#3948=ORIENTED_EDGE('',*,*,#2875,.F.);
#3949=ORIENTED_EDGE('',*,*,#2874,.F.);
#3950=ORIENTED_EDGE('',*,*,#2873,.T.);
#3951=ORIENTED_EDGE('',*,*,#2872,.T.);
#3952=ORIENTED_EDGE('',*,*,#2876,.T.);
#3953=ORIENTED_EDGE('',*,*,#2875,.T.);
#3954=ORIENTED_EDGE('',*,*,#2870,.T.);
#3955=ORIENTED_EDGE('',*,*,#2863,.T.);
#3956=ORIENTED_EDGE('',*,*,#2877,.F.);
#3957=ORIENTED_EDGE('',*,*,#2869,.F.);
#3958=ORIENTED_EDGE('',*,*,#2878,.T.);
#3959=ORIENTED_EDGE('',*,*,#2879,.T.);
#3960=ORIENTED_EDGE('',*,*,#2878,.F.);
#3961=ORIENTED_EDGE('',*,*,#2879,.F.);
#3962=ORIENTED_EDGE('',*,*,#2880,.F.);
#3963=ORIENTED_EDGE('',*,*,#2881,.T.);
#3964=ORIENTED_EDGE('',*,*,#2877,.T.);
#3965=ORIENTED_EDGE('',*,*,#2881,.F.);
#3966=ORIENTED_EDGE('',*,*,#2880,.T.);
#3967=ORIENTED_EDGE('',*,*,#2882,.F.);
#3968=ORIENTED_EDGE('',*,*,#2882,.T.);
#3969=ORIENTED_EDGE('',*,*,#2883,.T.);
#3970=ORIENTED_EDGE('',*,*,#2876,.F.);
#3971=ORIENTED_EDGE('',*,*,#2883,.F.);
#3972=ORIENTED_EDGE('',*,*,#2884,.F.);
#3973=ORIENTED_EDGE('',*,*,#2885,.T.);
#3974=ORIENTED_EDGE('',*,*,#2886,.T.);
#3975=ORIENTED_EDGE('',*,*,#2885,.F.);
#3976=ORIENTED_EDGE('',*,*,#2886,.F.);
#3977=ORIENTED_EDGE('',*,*,#2887,.F.);
#3978=ORIENTED_EDGE('',*,*,#2888,.T.);
#3979=ORIENTED_EDGE('',*,*,#2889,.T.);
#3980=ORIENTED_EDGE('',*,*,#2888,.F.);
#3981=ORIENTED_EDGE('',*,*,#2889,.F.);
#3982=ORIENTED_EDGE('',*,*,#2890,.F.);
#3983=ORIENTED_EDGE('',*,*,#2891,.T.);
#3984=ORIENTED_EDGE('',*,*,#2892,.T.);
#3985=ORIENTED_EDGE('',*,*,#2891,.F.);
#3986=ORIENTED_EDGE('',*,*,#2892,.F.);
#3987=ORIENTED_EDGE('',*,*,#2893,.F.);
#3988=ORIENTED_EDGE('',*,*,#2894,.T.);
#3989=ORIENTED_EDGE('',*,*,#2895,.T.);
#3990=ORIENTED_EDGE('',*,*,#2894,.F.);
#3991=ORIENTED_EDGE('',*,*,#2895,.F.);
#3992=ORIENTED_EDGE('',*,*,#2896,.F.);
#3993=ORIENTED_EDGE('',*,*,#2897,.T.);
#3994=ORIENTED_EDGE('',*,*,#2898,.F.);
#3995=ORIENTED_EDGE('',*,*,#2899,.F.);
#3996=ORIENTED_EDGE('',*,*,#2900,.F.);
#3997=ORIENTED_EDGE('',*,*,#2899,.T.);
#3998=ORIENTED_EDGE('',*,*,#2901,.F.);
#3999=ORIENTED_EDGE('',*,*,#2902,.F.);
#4000=ORIENTED_EDGE('',*,*,#2903,.F.);
#4001=ORIENTED_EDGE('',*,*,#2904,.F.);
#4002=ORIENTED_EDGE('',*,*,#2905,.F.);
#4003=ORIENTED_EDGE('',*,*,#2902,.T.);
#4004=ORIENTED_EDGE('',*,*,#2906,.F.);
#4005=ORIENTED_EDGE('',*,*,#2904,.T.);
#4006=ORIENTED_EDGE('',*,*,#2907,.F.);
#4007=ORIENTED_EDGE('',*,*,#2908,.F.);
#4008=ORIENTED_EDGE('',*,*,#2909,.F.);
#4009=ORIENTED_EDGE('',*,*,#2910,.F.);
#4010=ORIENTED_EDGE('',*,*,#2911,.F.);
#4011=ORIENTED_EDGE('',*,*,#2912,.F.);
#4012=ORIENTED_EDGE('',*,*,#2913,.F.);
#4013=ORIENTED_EDGE('',*,*,#2914,.F.);
#4014=ORIENTED_EDGE('',*,*,#2915,.F.);
#4015=ORIENTED_EDGE('',*,*,#2916,.F.);
#4016=ORIENTED_EDGE('',*,*,#2912,.T.);
#4017=ORIENTED_EDGE('',*,*,#2917,.F.);
#4018=ORIENTED_EDGE('',*,*,#2918,.T.);
#4019=ORIENTED_EDGE('',*,*,#2919,.T.);
#4020=ORIENTED_EDGE('',*,*,#2911,.T.);
#4021=ORIENTED_EDGE('',*,*,#2920,.F.);
#4022=ORIENTED_EDGE('',*,*,#2921,.T.);
#4023=ORIENTED_EDGE('',*,*,#2917,.T.);
#4024=ORIENTED_EDGE('',*,*,#2910,.T.);
#4025=ORIENTED_EDGE('',*,*,#2922,.F.);
#4026=ORIENTED_EDGE('',*,*,#2923,.T.);
#4027=ORIENTED_EDGE('',*,*,#2920,.T.);
#4028=ORIENTED_EDGE('',*,*,#2909,.T.);
#4029=ORIENTED_EDGE('',*,*,#2924,.F.);
#4030=ORIENTED_EDGE('',*,*,#2925,.T.);
#4031=ORIENTED_EDGE('',*,*,#2922,.T.);
#4032=ORIENTED_EDGE('',*,*,#2908,.T.);
#4033=ORIENTED_EDGE('',*,*,#2926,.F.);
#4034=ORIENTED_EDGE('',*,*,#2927,.T.);
#4035=ORIENTED_EDGE('',*,*,#2924,.T.);
#4036=ORIENTED_EDGE('',*,*,#2907,.T.);
#4037=ORIENTED_EDGE('',*,*,#2928,.F.);
#4038=ORIENTED_EDGE('',*,*,#2929,.T.);
#4039=ORIENTED_EDGE('',*,*,#2926,.T.);
#4040=ORIENTED_EDGE('',*,*,#2913,.T.);
#4041=ORIENTED_EDGE('',*,*,#2919,.F.);
#4042=ORIENTED_EDGE('',*,*,#2930,.T.);
#4043=ORIENTED_EDGE('',*,*,#2931,.T.);
#4044=ORIENTED_EDGE('',*,*,#2914,.T.);
#4045=ORIENTED_EDGE('',*,*,#2931,.F.);
#4046=ORIENTED_EDGE('',*,*,#2932,.T.);
#4047=ORIENTED_EDGE('',*,*,#2933,.T.);
#4048=ORIENTED_EDGE('',*,*,#2915,.T.);
#4049=ORIENTED_EDGE('',*,*,#2933,.F.);
#4050=ORIENTED_EDGE('',*,*,#2934,.T.);
#4051=ORIENTED_EDGE('',*,*,#2935,.T.);
#4052=ORIENTED_EDGE('',*,*,#2916,.T.);
#4053=ORIENTED_EDGE('',*,*,#2935,.F.);
#4054=ORIENTED_EDGE('',*,*,#2936,.T.);
#4055=ORIENTED_EDGE('',*,*,#2928,.T.);
#4056=ORIENTED_EDGE('',*,*,#2937,.T.);
#4057=ORIENTED_EDGE('',*,*,#2938,.T.);
#4058=ORIENTED_EDGE('',*,*,#2939,.F.);
#4059=ORIENTED_EDGE('',*,*,#2938,.F.);
#4060=ORIENTED_EDGE('',*,*,#2929,.F.);
#4061=ORIENTED_EDGE('',*,*,#2936,.F.);
#4062=ORIENTED_EDGE('',*,*,#2934,.F.);
#4063=ORIENTED_EDGE('',*,*,#2932,.F.);
#4064=ORIENTED_EDGE('',*,*,#2930,.F.);
#4065=ORIENTED_EDGE('',*,*,#2918,.F.);
#4066=ORIENTED_EDGE('',*,*,#2921,.F.);
#4067=ORIENTED_EDGE('',*,*,#2923,.F.);
#4068=ORIENTED_EDGE('',*,*,#2925,.F.);
#4069=ORIENTED_EDGE('',*,*,#2927,.F.);
#4070=ORIENTED_EDGE('',*,*,#2939,.T.);
#4071=ORIENTED_EDGE('',*,*,#2940,.F.);
#4072=ORIENTED_EDGE('',*,*,#2941,.F.);
#4073=ORIENTED_EDGE('',*,*,#2937,.F.);
#4074=ORIENTED_EDGE('',*,*,#2942,.F.);
#4075=ORIENTED_EDGE('',*,*,#2943,.T.);
#4076=ORIENTED_EDGE('',*,*,#2941,.T.);
#4077=ORIENTED_EDGE('',*,*,#2943,.F.);
#4078=ORIENTED_EDGE('',*,*,#2942,.T.);
#4079=ORIENTED_EDGE('',*,*,#2944,.F.);
#4080=ORIENTED_EDGE('',*,*,#2945,.F.);
#4081=ORIENTED_EDGE('',*,*,#2897,.F.);
#4082=ORIENTED_EDGE('',*,*,#2946,.F.);
#4083=ORIENTED_EDGE('',*,*,#2947,.T.);
#4084=ORIENTED_EDGE('',*,*,#2944,.T.);
#4085=ORIENTED_EDGE('',*,*,#2947,.F.);
#4086=ORIENTED_EDGE('',*,*,#2940,.T.);
#4087=ORIENTED_EDGE('',*,*,#2948,.T.);
#4088=ORIENTED_EDGE('',*,*,#2949,.F.);
#4089=ORIENTED_EDGE('',*,*,#2948,.F.);
#4090=ORIENTED_EDGE('',*,*,#2950,.F.);
#4091=ORIENTED_EDGE('',*,*,#2951,.F.);
#4092=ORIENTED_EDGE('',*,*,#2952,.F.);
#4093=ORIENTED_EDGE('',*,*,#2953,.F.);
#4094=ORIENTED_EDGE('',*,*,#2954,.F.);
#4095=ORIENTED_EDGE('',*,*,#2951,.T.);
#4096=ORIENTED_EDGE('',*,*,#2955,.F.);
#4097=ORIENTED_EDGE('',*,*,#2953,.T.);
#4098=ORIENTED_EDGE('',*,*,#2956,.F.);
#4099=ORIENTED_EDGE('',*,*,#2957,.T.);
#4100=ORIENTED_EDGE('',*,*,#2958,.F.);
#4101=ORIENTED_EDGE('',*,*,#2957,.F.);
#4102=ORIENTED_EDGE('',*,*,#2959,.F.);
#4103=ORIENTED_EDGE('',*,*,#2960,.T.);
#4104=ORIENTED_EDGE('',*,*,#2961,.F.);
#4105=ORIENTED_EDGE('',*,*,#2960,.F.);
#4106=ORIENTED_EDGE('',*,*,#2962,.F.);
#4107=ORIENTED_EDGE('',*,*,#2963,.T.);
#4108=ORIENTED_EDGE('',*,*,#2964,.F.);
#4109=ORIENTED_EDGE('',*,*,#2963,.F.);
#4110=ORIENTED_EDGE('',*,*,#2962,.T.);
#4111=ORIENTED_EDGE('',*,*,#2965,.F.);
#4112=ORIENTED_EDGE('',*,*,#2966,.T.);
#4113=ORIENTED_EDGE('',*,*,#2967,.F.);
#4114=ORIENTED_EDGE('',*,*,#2966,.F.);
#4115=ORIENTED_EDGE('',*,*,#2965,.T.);
#4116=ORIENTED_EDGE('',*,*,#2968,.F.);
#4117=ORIENTED_EDGE('',*,*,#2969,.T.);
#4118=ORIENTED_EDGE('',*,*,#2970,.F.);
#4119=ORIENTED_EDGE('',*,*,#2969,.F.);
#4120=ORIENTED_EDGE('',*,*,#2968,.T.);
#4121=ORIENTED_EDGE('',*,*,#2971,.F.);
#4122=ORIENTED_EDGE('',*,*,#2972,.T.);
#4123=ORIENTED_EDGE('',*,*,#2973,.F.);
#4124=ORIENTED_EDGE('',*,*,#2972,.F.);
#4125=ORIENTED_EDGE('',*,*,#2971,.T.);
#4126=ORIENTED_EDGE('',*,*,#2974,.F.);
#4127=ORIENTED_EDGE('',*,*,#2975,.F.);
#4128=ORIENTED_EDGE('',*,*,#2976,.F.);
#4129=ORIENTED_EDGE('',*,*,#2977,.F.);
#4130=ORIENTED_EDGE('',*,*,#2978,.F.);
#4131=ORIENTED_EDGE('',*,*,#2979,.F.);
#4132=ORIENTED_EDGE('',*,*,#2980,.F.);
#4133=ORIENTED_EDGE('',*,*,#2981,.F.);
#4134=ORIENTED_EDGE('',*,*,#2884,.T.);
#4135=ORIENTED_EDGE('',*,*,#2887,.T.);
#4136=ORIENTED_EDGE('',*,*,#2890,.T.);
#4137=ORIENTED_EDGE('',*,*,#2893,.T.);
#4138=ORIENTED_EDGE('',*,*,#2978,.T.);
#4139=ORIENTED_EDGE('',*,*,#2982,.T.);
#4140=ORIENTED_EDGE('',*,*,#2983,.F.);
#4141=ORIENTED_EDGE('',*,*,#2984,.F.);
#4142=ORIENTED_EDGE('',*,*,#2985,.F.);
#4143=ORIENTED_EDGE('',*,*,#2986,.F.);
#4144=ORIENTED_EDGE('',*,*,#2987,.F.);
#4145=ORIENTED_EDGE('',*,*,#2988,.F.);
#4146=ORIENTED_EDGE('',*,*,#2958,.T.);
#4147=ORIENTED_EDGE('',*,*,#2961,.T.);
#4148=ORIENTED_EDGE('',*,*,#2989,.T.);
#4149=ORIENTED_EDGE('',*,*,#2990,.T.);
#4150=ORIENTED_EDGE('',*,*,#2991,.T.);
#4151=ORIENTED_EDGE('',*,*,#2992,.T.);
#4152=ORIENTED_EDGE('',*,*,#2977,.T.);
#4153=ORIENTED_EDGE('',*,*,#2993,.T.);
#4154=ORIENTED_EDGE('',*,*,#2994,.F.);
#4155=ORIENTED_EDGE('',*,*,#2982,.F.);
#4156=ORIENTED_EDGE('',*,*,#2975,.T.);
#4157=ORIENTED_EDGE('',*,*,#2995,.T.);
#4158=ORIENTED_EDGE('',*,*,#2996,.T.);
#4159=ORIENTED_EDGE('',*,*,#2997,.F.);
#4160=ORIENTED_EDGE('',*,*,#2998,.F.);
#4161=ORIENTED_EDGE('',*,*,#2996,.F.);
#4162=ORIENTED_EDGE('',*,*,#2999,.F.);
#4163=ORIENTED_EDGE('',*,*,#3000,.F.);
#4164=ORIENTED_EDGE('',*,*,#3001,.F.);
#4165=ORIENTED_EDGE('',*,*,#3002,.F.);
#4166=ORIENTED_EDGE('',*,*,#3003,.F.);
#4167=ORIENTED_EDGE('',*,*,#3004,.F.);
#4168=ORIENTED_EDGE('',*,*,#2974,.T.);
#4169=ORIENTED_EDGE('',*,*,#3005,.T.);
#4170=ORIENTED_EDGE('',*,*,#2999,.T.);
#4171=ORIENTED_EDGE('',*,*,#2995,.F.);
#4172=ORIENTED_EDGE('',*,*,#2956,.T.);
#4173=ORIENTED_EDGE('',*,*,#2959,.T.);
#4174=ORIENTED_EDGE('',*,*,#2981,.T.);
#4175=ORIENTED_EDGE('',*,*,#3006,.F.);
#4176=ORIENTED_EDGE('',*,*,#3000,.T.);
#4177=ORIENTED_EDGE('',*,*,#3005,.F.);
#4178=ORIENTED_EDGE('',*,*,#3004,.T.);
#4179=ORIENTED_EDGE('',*,*,#3007,.T.);
#4180=ORIENTED_EDGE('',*,*,#3008,.T.);
#4181=ORIENTED_EDGE('',*,*,#3009,.T.);
#4182=ORIENTED_EDGE('',*,*,#3003,.T.);
#4183=ORIENTED_EDGE('',*,*,#3010,.T.);
#4184=ORIENTED_EDGE('',*,*,#3011,.T.);
#4185=ORIENTED_EDGE('',*,*,#3012,.T.);
#4186=ORIENTED_EDGE('',*,*,#3013,.F.);
#4187=ORIENTED_EDGE('',*,*,#3014,.T.);
#4188=ORIENTED_EDGE('',*,*,#3015,.T.);
#4189=ORIENTED_EDGE('',*,*,#3007,.F.);
#4190=ORIENTED_EDGE('',*,*,#3002,.T.);
#4191=ORIENTED_EDGE('',*,*,#3016,.T.);
#4192=ORIENTED_EDGE('',*,*,#3017,.T.);
#4193=ORIENTED_EDGE('',*,*,#3010,.F.);
#4194=ORIENTED_EDGE('',*,*,#2946,.T.);
#4195=ORIENTED_EDGE('',*,*,#2980,.T.);
#4196=ORIENTED_EDGE('',*,*,#3018,.F.);
#4197=ORIENTED_EDGE('',*,*,#3019,.F.);
#4198=ORIENTED_EDGE('',*,*,#3020,.F.);
#4199=ORIENTED_EDGE('',*,*,#3021,.F.);
#4200=ORIENTED_EDGE('',*,*,#3022,.F.);
#4201=ORIENTED_EDGE('',*,*,#3023,.F.);
#4202=ORIENTED_EDGE('',*,*,#2993,.F.);
#4203=ORIENTED_EDGE('',*,*,#2976,.T.);
#4204=ORIENTED_EDGE('',*,*,#2997,.T.);
#4205=ORIENTED_EDGE('',*,*,#2998,.T.);
#4206=ORIENTED_EDGE('',*,*,#3009,.F.);
#4207=ORIENTED_EDGE('',*,*,#3024,.F.);
#4208=ORIENTED_EDGE('',*,*,#3025,.F.);
#4209=ORIENTED_EDGE('',*,*,#3026,.F.);
#4210=ORIENTED_EDGE('',*,*,#3027,.F.);
#4211=ORIENTED_EDGE('',*,*,#3028,.F.);
#4212=ORIENTED_EDGE('',*,*,#3016,.F.);
#4213=ORIENTED_EDGE('',*,*,#3001,.T.);
#4214=ORIENTED_EDGE('',*,*,#3006,.T.);
#4215=ORIENTED_EDGE('',*,*,#2964,.T.);
#4216=ORIENTED_EDGE('',*,*,#2967,.T.);
#4217=ORIENTED_EDGE('',*,*,#2970,.T.);
#4218=ORIENTED_EDGE('',*,*,#2973,.T.);
#4219=ORIENTED_EDGE('',*,*,#3029,.F.);
#4220=ORIENTED_EDGE('',*,*,#3030,.F.);
#4221=ORIENTED_EDGE('',*,*,#3031,.F.);
#4222=ORIENTED_EDGE('',*,*,#3032,.F.);
#4223=ORIENTED_EDGE('',*,*,#3031,.T.);
#4224=ORIENTED_EDGE('',*,*,#3033,.T.);
#4225=ORIENTED_EDGE('',*,*,#2992,.F.);
#4226=ORIENTED_EDGE('',*,*,#3034,.T.);
#4227=ORIENTED_EDGE('',*,*,#3030,.T.);
#4228=ORIENTED_EDGE('',*,*,#3035,.F.);
#4229=ORIENTED_EDGE('',*,*,#2989,.F.);
#4230=ORIENTED_EDGE('',*,*,#3033,.F.);
#4231=ORIENTED_EDGE('',*,*,#2979,.T.);
#4232=ORIENTED_EDGE('',*,*,#2988,.T.);
#4233=ORIENTED_EDGE('',*,*,#3036,.F.);
#4234=ORIENTED_EDGE('',*,*,#3018,.T.);
#4235=ORIENTED_EDGE('',*,*,#3023,.T.);
#4236=ORIENTED_EDGE('',*,*,#3037,.F.);
#4237=ORIENTED_EDGE('',*,*,#2983,.T.);
#4238=ORIENTED_EDGE('',*,*,#2994,.T.);
#4239=ORIENTED_EDGE('',*,*,#3028,.T.);
#4240=ORIENTED_EDGE('',*,*,#3038,.T.);
#4241=ORIENTED_EDGE('',*,*,#3011,.F.);
#4242=ORIENTED_EDGE('',*,*,#3017,.F.);
#4243=ORIENTED_EDGE('',*,*,#3027,.T.);
#4244=ORIENTED_EDGE('',*,*,#3039,.F.);
#4245=ORIENTED_EDGE('',*,*,#3012,.F.);
#4246=ORIENTED_EDGE('',*,*,#3038,.F.);
#4247=ORIENTED_EDGE('',*,*,#3040,.T.);
#4248=ORIENTED_EDGE('',*,*,#3026,.T.);
#4249=ORIENTED_EDGE('',*,*,#3041,.T.);
#4250=ORIENTED_EDGE('',*,*,#3013,.T.);
#4251=ORIENTED_EDGE('',*,*,#3039,.T.);
#4252=ORIENTED_EDGE('',*,*,#3040,.F.);
#4253=ORIENTED_EDGE('',*,*,#3042,.T.);
#4254=ORIENTED_EDGE('',*,*,#3043,.F.);
#4255=ORIENTED_EDGE('',*,*,#3042,.F.);
#4256=ORIENTED_EDGE('',*,*,#2906,.T.);
#4257=ORIENTED_EDGE('',*,*,#2901,.T.);
#4258=ORIENTED_EDGE('',*,*,#2898,.T.);
#4259=ORIENTED_EDGE('',*,*,#2945,.T.);
#4260=ORIENTED_EDGE('',*,*,#2896,.T.);
#4261=ORIENTED_EDGE('',*,*,#2900,.T.);
#4262=ORIENTED_EDGE('',*,*,#2905,.T.);
#4263=ORIENTED_EDGE('',*,*,#2903,.T.);
#4264=ORIENTED_EDGE('',*,*,#2954,.T.);
#4265=ORIENTED_EDGE('',*,*,#2955,.T.);
#4266=ORIENTED_EDGE('',*,*,#2952,.T.);
#4267=ORIENTED_EDGE('',*,*,#2950,.T.);
#4268=ORIENTED_EDGE('',*,*,#3020,.T.);
#4269=ORIENTED_EDGE('',*,*,#3044,.F.);
#4270=ORIENTED_EDGE('',*,*,#2986,.T.);
#4271=ORIENTED_EDGE('',*,*,#3045,.F.);
#4272=ORIENTED_EDGE('',*,*,#3019,.T.);
#4273=ORIENTED_EDGE('',*,*,#3036,.T.);
#4274=ORIENTED_EDGE('',*,*,#2987,.T.);
#4275=ORIENTED_EDGE('',*,*,#3044,.T.);
#4276=ORIENTED_EDGE('',*,*,#3029,.T.);
#4277=ORIENTED_EDGE('',*,*,#3046,.T.);
#4278=ORIENTED_EDGE('',*,*,#2990,.F.);
#4279=ORIENTED_EDGE('',*,*,#3035,.T.);
#4280=ORIENTED_EDGE('',*,*,#2949,.T.);
#4281=ORIENTED_EDGE('',*,*,#3032,.T.);
#4282=ORIENTED_EDGE('',*,*,#3034,.F.);
#4283=ORIENTED_EDGE('',*,*,#2991,.F.);
#4284=ORIENTED_EDGE('',*,*,#3046,.F.);
#4285=ORIENTED_EDGE('',*,*,#3022,.T.);
#4286=ORIENTED_EDGE('',*,*,#3047,.T.);
#4287=ORIENTED_EDGE('',*,*,#2984,.T.);
#4288=ORIENTED_EDGE('',*,*,#3037,.T.);
#4289=ORIENTED_EDGE('',*,*,#3043,.T.);
#4290=ORIENTED_EDGE('',*,*,#3021,.T.);
#4291=ORIENTED_EDGE('',*,*,#3045,.T.);
#4292=ORIENTED_EDGE('',*,*,#2985,.T.);
#4293=ORIENTED_EDGE('',*,*,#3047,.F.);
#4294=ORIENTED_EDGE('',*,*,#3025,.T.);
#4295=ORIENTED_EDGE('',*,*,#3048,.F.);
#4296=ORIENTED_EDGE('',*,*,#3014,.F.);
#4297=ORIENTED_EDGE('',*,*,#3041,.F.);
#4298=ORIENTED_EDGE('',*,*,#3024,.T.);
#4299=ORIENTED_EDGE('',*,*,#3008,.F.);
#4300=ORIENTED_EDGE('',*,*,#3015,.F.);
#4301=ORIENTED_EDGE('',*,*,#3048,.T.);
#4302=ORIENTED_EDGE('',*,*,#3049,.T.);
#4303=ORIENTED_EDGE('',*,*,#3050,.T.);
#4304=ORIENTED_EDGE('',*,*,#3051,.F.);
#4305=ORIENTED_EDGE('',*,*,#3050,.F.);
#4306=ORIENTED_EDGE('',*,*,#3051,.T.);
#4307=ORIENTED_EDGE('',*,*,#3049,.F.);
#4308=ORIENTED_EDGE('',*,*,#3052,.T.);
#4309=ORIENTED_EDGE('',*,*,#3053,.T.);
#4310=ORIENTED_EDGE('',*,*,#3054,.F.);
#4311=ORIENTED_EDGE('',*,*,#3053,.F.);
#4312=ORIENTED_EDGE('',*,*,#3054,.T.);
#4313=ORIENTED_EDGE('',*,*,#3052,.F.);
#4314=ORIENTED_EDGE('',*,*,#3055,.F.);
#4315=ORIENTED_EDGE('',*,*,#3056,.T.);
#4316=ORIENTED_EDGE('',*,*,#3057,.T.);
#4317=ORIENTED_EDGE('',*,*,#3056,.F.);
#4318=ORIENTED_EDGE('',*,*,#3055,.T.);
#4319=ORIENTED_EDGE('',*,*,#3057,.F.);
#4320=ORIENTED_EDGE('',*,*,#3058,.T.);
#4321=ORIENTED_EDGE('',*,*,#3059,.T.);
#4322=ORIENTED_EDGE('',*,*,#3060,.F.);
#4323=ORIENTED_EDGE('',*,*,#3059,.F.);
#4324=ORIENTED_EDGE('',*,*,#3060,.T.);
#4325=ORIENTED_EDGE('',*,*,#3058,.F.);
#4326=ORIENTED_EDGE('',*,*,#3061,.T.);
#4327=ORIENTED_EDGE('',*,*,#3062,.T.);
#4328=ORIENTED_EDGE('',*,*,#3063,.F.);
#4329=ORIENTED_EDGE('',*,*,#3062,.F.);
#4330=ORIENTED_EDGE('',*,*,#3063,.T.);
#4331=ORIENTED_EDGE('',*,*,#3061,.F.);
#4332=ORIENTED_EDGE('',*,*,#3064,.T.);
#4333=ORIENTED_EDGE('',*,*,#3065,.F.);
#4334=ORIENTED_EDGE('',*,*,#3066,.T.);
#4335=ORIENTED_EDGE('',*,*,#3067,.T.);
#4336=ORIENTED_EDGE('',*,*,#3064,.F.);
#4337=ORIENTED_EDGE('',*,*,#3068,.F.);
#4338=ORIENTED_EDGE('',*,*,#3069,.T.);
#4339=ORIENTED_EDGE('',*,*,#3067,.F.);
#4340=ORIENTED_EDGE('',*,*,#3070,.F.);
#4341=ORIENTED_EDGE('',*,*,#3071,.T.);
#4342=ORIENTED_EDGE('',*,*,#3069,.F.);
#4343=ORIENTED_EDGE('',*,*,#3072,.F.);
#4344=ORIENTED_EDGE('',*,*,#3073,.T.);
#4345=ORIENTED_EDGE('',*,*,#3071,.F.);
#4346=ORIENTED_EDGE('',*,*,#3074,.F.);
#4347=ORIENTED_EDGE('',*,*,#3075,.T.);
#4348=ORIENTED_EDGE('',*,*,#3073,.F.);
#4349=ORIENTED_EDGE('',*,*,#3076,.F.);
#4350=ORIENTED_EDGE('',*,*,#3077,.T.);
#4351=ORIENTED_EDGE('',*,*,#3075,.F.);
#4352=ORIENTED_EDGE('',*,*,#3078,.F.);
#4353=ORIENTED_EDGE('',*,*,#3079,.T.);
#4354=ORIENTED_EDGE('',*,*,#3077,.F.);
#4355=ORIENTED_EDGE('',*,*,#3080,.F.);
#4356=ORIENTED_EDGE('',*,*,#3081,.T.);
#4357=ORIENTED_EDGE('',*,*,#3079,.F.);
#4358=ORIENTED_EDGE('',*,*,#3082,.F.);
#4359=ORIENTED_EDGE('',*,*,#3082,.T.);
#4360=ORIENTED_EDGE('',*,*,#3080,.T.);
#4361=ORIENTED_EDGE('',*,*,#3078,.T.);
#4362=ORIENTED_EDGE('',*,*,#3076,.T.);
#4363=ORIENTED_EDGE('',*,*,#3074,.T.);
#4364=ORIENTED_EDGE('',*,*,#3072,.T.);
#4365=ORIENTED_EDGE('',*,*,#3070,.T.);
#4366=ORIENTED_EDGE('',*,*,#3068,.T.);
#4367=ORIENTED_EDGE('',*,*,#3066,.F.);
#4368=ORIENTED_EDGE('',*,*,#3083,.T.);
#4369=ORIENTED_EDGE('',*,*,#3065,.T.);
#4370=ORIENTED_EDGE('',*,*,#3081,.F.);
#4371=ORIENTED_EDGE('',*,*,#3083,.F.);
#4372=PLANE('',#4996);
#4373=PLANE('',#4997);
#4374=PLANE('',#4998);
#4375=PLANE('',#4999);
#4376=PLANE('',#5000);
#4377=PLANE('',#5001);
#4378=PLANE('',#5003);
#4379=PLANE('',#5004);
#4380=PLANE('',#5005);
#4381=PLANE('',#5006);
#4382=PLANE('',#5007);
#4383=PLANE('',#5008);
#4384=PLANE('',#5014);
#4385=PLANE('',#5017);
#4386=PLANE('',#5018);
#4387=PLANE('',#5021);
#4388=PLANE('',#5024);
#4389=PLANE('',#5025);
#4390=PLANE('',#5039);
#4391=PLANE('',#5040);
#4392=PLANE('',#5041);
#4393=PLANE('',#5042);
#4394=PLANE('',#5043);
#4395=PLANE('',#5044);
#4396=PLANE('',#5049);
#4397=PLANE('',#5050);
#4398=PLANE('',#5051);
#4399=PLANE('',#5052);
#4400=PLANE('',#5053);
#4401=PLANE('',#5057);
#4402=PLANE('',#5058);
#4403=PLANE('',#5059);
#4404=PLANE('',#5060);
#4405=PLANE('',#5062);
#4406=PLANE('',#5063);
#4407=PLANE('',#5066);
#4408=PLANE('',#5067);
#4409=PLANE('',#5072);
#4410=PLANE('',#5073);
#4411=PLANE('',#5074);
#4412=PLANE('',#5075);
#4413=PLANE('',#5076);
#4414=PLANE('',#5080);
#4415=PLANE('',#5081);
#4416=PLANE('',#5082);
#4417=PLANE('',#5083);
#4418=PLANE('',#5085);
#4419=PLANE('',#5086);
#4420=PLANE('',#5089);
#4421=PLANE('',#5090);
#4422=PLANE('',#5092);
#4423=PLANE('',#5093);
#4424=PLANE('',#5094);
#4425=PLANE('',#5095);
#4426=PLANE('',#5096);
#4427=PLANE('',#5097);
#4428=PLANE('',#5098);
#4429=PLANE('',#5099);
#4430=PLANE('',#5100);
#4431=PLANE('',#5101);
#4432=PLANE('',#5102);
#4433=PLANE('',#5103);
#4434=PLANE('',#5104);
#4435=PLANE('',#5105);
#4436=PLANE('',#5106);
#4437=PLANE('',#5107);
#4438=PLANE('',#5108);
#4439=PLANE('',#5109);
#4440=PLANE('',#5110);
#4441=PLANE('',#5111);
#4442=PLANE('',#5112);
#4443=PLANE('',#5113);
#4444=PLANE('',#5114);
#4445=PLANE('',#5115);
#4446=PLANE('',#5116);
#4447=PLANE('',#5117);
#4448=PLANE('',#5118);
#4449=PLANE('',#5119);
#4450=PLANE('',#5120);
#4451=PLANE('',#5121);
#4452=PLANE('',#5122);
#4453=PLANE('',#5123);
#4454=PLANE('',#5124);
#4455=PLANE('',#5125);
#4456=PLANE('',#5126);
#4457=PLANE('',#5127);
#4458=PLANE('',#5128);
#4459=PLANE('',#5129);
#4460=PLANE('',#5130);
#4461=PLANE('',#5131);
#4462=PLANE('',#5132);
#4463=PLANE('',#5137);
#4464=PLANE('',#5138);
#4465=PLANE('',#5147);
#4466=PLANE('',#5148);
#4467=PLANE('',#5149);
#4468=PLANE('',#5150);
#4469=PLANE('',#5151);
#4470=PLANE('',#5152);
#4471=PLANE('',#5153);
#4472=PLANE('',#5154);
#4473=PLANE('',#5155);
#4474=PLANE('',#5156);
#4475=PLANE('',#5157);
#4476=PLANE('',#5158);
#4477=PLANE('',#5159);
#4478=PLANE('',#5160);
#4479=PLANE('',#5161);
#4480=PLANE('',#5162);
#4481=PLANE('',#5163);
#4482=PLANE('',#5164);
#4483=PLANE('',#5165);
#4484=PLANE('',#5166);
#4485=PLANE('',#5167);
#4486=PLANE('',#5169);
#4487=PLANE('',#5170);
#4488=PLANE('',#5171);
#4489=PLANE('',#5172);
#4490=PLANE('',#5173);
#4491=PLANE('',#5174);
#4492=PLANE('',#5175);
#4493=PLANE('',#5176);
#4494=PLANE('',#5177);
#4495=PLANE('',#5178);
#4496=PLANE('',#5179);
#4497=PLANE('',#5180);
#4498=PLANE('',#5182);
#4499=PLANE('',#5185);
#4500=PLANE('',#5188);
#4501=PLANE('',#5191);
#4502=PLANE('',#5194);
#4503=PLANE('',#5197);
#4504=PLANE('',#5200);
#4505=PLANE('',#5203);
#4506=PLANE('',#5206);
#4507=PLANE('',#5209);
#4508=PLANE('',#5216);
#4509=PLANE('',#5219);
#4510=PLANE('',#5220);
#4511=PLANE('',#5226);
#4512=PLANE('',#5227);
#4513=PLANE('',#5229);
#4514=PLANE('',#5230);
#4515=PLANE('',#5233);
#4516=PLANE('',#5235);
#4517=PLANE('',#5241);
#4518=PLANE('',#5245);
#4519=PLANE('',#5249);
#4520=PLANE('',#5253);
#4521=PLANE('',#5256);
#4522=PLANE('',#5260);
#4523=PLANE('',#5273);
#4524=PLANE('',#5275);
#4525=PLANE('',#5277);
#4526=PLANE('',#5279);
#4527=PLANE('',#5281);
#4528=PLANE('',#5283);
#4529=PLANE('',#5285);
#4530=PLANE('',#5287);
#4531=PLANE('',#5289);
#4532=PLANE('',#5291);
#4533=PLANE('',#5295);
#4534=PLANE('',#5297);
#4535=PLANE('',#5300);
#4536=PLANE('',#5302);
#4537=PLANE('',#5308);
#4538=PLANE('',#5312);
#4539=PLANE('',#5323);
#4540=PLANE('',#5327);
#4541=PLANE('',#5331);
#4542=PLANE('',#5335);
#4543=PLANE('',#5336);
#4544=PLANE('',#5337);
#4545=PLANE('',#5338);
#4546=PLANE('',#5339);
#4547=PLANE('',#5340);
#4548=PLANE('',#5341);
#4549=PLANE('',#5342);
#4550=PLANE('',#5343);
#4551=PLANE('',#5344);
#4552=PLANE('',#5345);
#4553=PLANE('',#5346);
#4554=PLANE('',#5347);
#4555=PLANE('',#5348);
#4556=PLANE('',#5349);
#4557=PLANE('',#5350);
#4558=PLANE('',#5351);
#4559=PLANE('',#5352);
#4560=PLANE('',#5354);
#4561=PLANE('',#5358);
#4562=PLANE('',#5359);
#4563=PLANE('',#5360);
#4564=PLANE('',#5361);
#4565=PLANE('',#5362);
#4566=PLANE('',#5363);
#4567=PLANE('',#5364);
#4568=PLANE('',#5365);
#4569=PLANE('',#5368);
#4570=PLANE('',#5369);
#4571=PLANE('',#5372);
#4572=PLANE('',#5373);
#4573=PLANE('',#5376);
#4574=PLANE('',#5377);
#4575=PLANE('',#5380);
#4576=PLANE('',#5381);
#4577=PLANE('',#5384);
#4578=PLANE('',#5385);
#4579=PLANE('',#5386);
#4580=PLANE('',#5387);
#4581=PLANE('',#5388);
#4582=PLANE('',#5389);
#4583=PLANE('',#5390);
#4584=PLANE('',#5391);
#4585=PLANE('',#5392);
#4586=PLANE('',#5393);
#4587=PLANE('',#5394);
#4588=PLANE('',#5395);
#4589=PLANE('',#5396);
#4590=ADVANCED_FACE('',(#408),#4372,.T.);
#4591=ADVANCED_FACE('',(#409),#4373,.F.);
#4592=ADVANCED_FACE('',(#410),#4374,.F.);
#4593=ADVANCED_FACE('',(#411),#4375,.F.);
#4594=ADVANCED_FACE('',(#412),#4376,.F.);
#4595=ADVANCED_FACE('',(#413),#4377,.F.);
#4596=ADVANCED_FACE('',(#414),#4378,.T.);
#4597=ADVANCED_FACE('',(#415),#4379,.F.);
#4598=ADVANCED_FACE('',(#416),#4380,.F.);
#4599=ADVANCED_FACE('',(#417),#4381,.F.);
#4600=ADVANCED_FACE('',(#418),#4382,.F.);
#4601=ADVANCED_FACE('',(#419),#4383,.F.);
#4602=ADVANCED_FACE('',(#420),#325,.T.);
#4603=ADVANCED_FACE('',(#421),#326,.T.);
#4604=ADVANCED_FACE('',(#422,#142),#4384,.T.);
#4605=ADVANCED_FACE('',(#423),#327,.F.);
#4606=ADVANCED_FACE('',(#424,#143),#4385,.T.);
#4607=ADVANCED_FACE('',(#425,#144),#4386,.F.);
#4608=ADVANCED_FACE('',(#426),#328,.T.);
#4609=ADVANCED_FACE('',(#427),#4387,.T.);
#4610=ADVANCED_FACE('',(#428),#329,.F.);
#4611=ADVANCED_FACE('',(#429,#145),#4388,.T.);
#4612=ADVANCED_FACE('',(#430),#4389,.F.);
#4613=ADVANCED_FACE('',(#431),#118,.F.);
#4614=ADVANCED_FACE('',(#432),#119,.F.);
#4615=ADVANCED_FACE('',(#433),#120,.F.);
#4616=ADVANCED_FACE('',(#434),#121,.F.);
#4617=ADVANCED_FACE('',(#435),#4390,.T.);
#4618=ADVANCED_FACE('',(#436),#4391,.F.);
#4619=ADVANCED_FACE('',(#437,#146,#147,#148,#149),#4392,.F.);
#4620=ADVANCED_FACE('',(#438),#4393,.F.);
#4621=ADVANCED_FACE('',(#439,#150,#151,#152,#153),#4394,.F.);
#4622=ADVANCED_FACE('',(#440),#4395,.F.);
#4623=ADVANCED_FACE('',(#441),#122,.F.);
#4624=ADVANCED_FACE('',(#442),#4396,.F.);
#4625=ADVANCED_FACE('',(#443),#4397,.F.);
#4626=ADVANCED_FACE('',(#444),#4398,.T.);
#4627=ADVANCED_FACE('',(#445,#154),#4399,.F.);
#4628=ADVANCED_FACE('',(#446,#155),#4400,.F.);
#4629=ADVANCED_FACE('',(#447),#330,.T.);
#4630=ADVANCED_FACE('',(#448),#4401,.F.);
#4631=ADVANCED_FACE('',(#449,#156),#4402,.T.);
#4632=ADVANCED_FACE('',(#450),#4403,.T.);
#4633=ADVANCED_FACE('',(#451),#4404,.F.);
#4634=ADVANCED_FACE('',(#452),#331,.T.);
#4635=ADVANCED_FACE('',(#453),#4405,.T.);
#4636=ADVANCED_FACE('',(#454),#4406,.T.);
#4637=ADVANCED_FACE('',(#455),#332,.F.);
#4638=ADVANCED_FACE('',(#456,#157),#4407,.T.);
#4639=ADVANCED_FACE('',(#457,#158),#4408,.F.);
#4640=ADVANCED_FACE('',(#458),#123,.F.);
#4641=ADVANCED_FACE('',(#459),#4409,.F.);
#4642=ADVANCED_FACE('',(#460),#4410,.F.);
#4643=ADVANCED_FACE('',(#461),#4411,.T.);
#4644=ADVANCED_FACE('',(#462,#159),#4412,.F.);
#4645=ADVANCED_FACE('',(#463,#160),#4413,.F.);
#4646=ADVANCED_FACE('',(#464),#333,.T.);
#4647=ADVANCED_FACE('',(#465),#4414,.F.);
#4648=ADVANCED_FACE('',(#466,#161),#4415,.T.);
#4649=ADVANCED_FACE('',(#467),#4416,.T.);
#4650=ADVANCED_FACE('',(#468),#4417,.F.);
#4651=ADVANCED_FACE('',(#469),#334,.T.);
#4652=ADVANCED_FACE('',(#470),#4418,.T.);
#4653=ADVANCED_FACE('',(#471),#4419,.T.);
#4654=ADVANCED_FACE('',(#472),#335,.F.);
#4655=ADVANCED_FACE('',(#473,#162),#4420,.T.);
#4656=ADVANCED_FACE('',(#474,#163),#4421,.F.);
#4657=ADVANCED_FACE('',(#475),#4422,.F.);
#4658=ADVANCED_FACE('',(#476),#4423,.T.);
#4659=ADVANCED_FACE('',(#477),#4424,.F.);
#4660=ADVANCED_FACE('',(#478),#4425,.F.);
#4661=ADVANCED_FACE('',(#479),#4426,.F.);
#4662=ADVANCED_FACE('',(#480),#4427,.T.);
#4663=ADVANCED_FACE('',(#481),#4428,.F.);
#4664=ADVANCED_FACE('',(#482),#4429,.F.);
#4665=ADVANCED_FACE('',(#483),#4430,.F.);
#4666=ADVANCED_FACE('',(#484),#4431,.T.);
#4667=ADVANCED_FACE('',(#485),#4432,.F.);
#4668=ADVANCED_FACE('',(#486),#4433,.F.);
#4669=ADVANCED_FACE('',(#487),#4434,.F.);
#4670=ADVANCED_FACE('',(#488),#4435,.T.);
#4671=ADVANCED_FACE('',(#489),#4436,.F.);
#4672=ADVANCED_FACE('',(#490),#4437,.F.);
#4673=ADVANCED_FACE('',(#491),#4438,.F.);
#4674=ADVANCED_FACE('',(#492),#4439,.T.);
#4675=ADVANCED_FACE('',(#493),#4440,.F.);
#4676=ADVANCED_FACE('',(#494),#4441,.F.);
#4677=ADVANCED_FACE('',(#495),#4442,.F.);
#4678=ADVANCED_FACE('',(#496),#4443,.T.);
#4679=ADVANCED_FACE('',(#497),#4444,.F.);
#4680=ADVANCED_FACE('',(#498),#4445,.F.);
#4681=ADVANCED_FACE('',(#499),#4446,.F.);
#4682=ADVANCED_FACE('',(#500),#4447,.T.);
#4683=ADVANCED_FACE('',(#501),#4448,.F.);
#4684=ADVANCED_FACE('',(#502),#4449,.F.);
#4685=ADVANCED_FACE('',(#503),#4450,.F.);
#4686=ADVANCED_FACE('',(#504),#4451,.T.);
#4687=ADVANCED_FACE('',(#505),#4452,.F.);
#4688=ADVANCED_FACE('',(#506),#4453,.F.);
#4689=ADVANCED_FACE('',(#507),#4454,.F.);
#4690=ADVANCED_FACE('',(#508),#4455,.T.);
#4691=ADVANCED_FACE('',(#509),#4456,.F.);
#4692=ADVANCED_FACE('',(#510),#4457,.F.);
#4693=ADVANCED_FACE('',(#511),#4458,.T.);
#4694=ADVANCED_FACE('',(#512),#4459,.F.);
#4695=ADVANCED_FACE('',(#513),#4460,.F.);
#4696=ADVANCED_FACE('',(#514),#4461,.F.);
#4697=ADVANCED_FACE('',(#515,#164,#165,#166,#167,#168,#169),#4462,.T.);
#4698=ADVANCED_FACE('',(#516),#4463,.F.);
#4699=ADVANCED_FACE('',(#517),#4464,.F.);
#4700=ADVANCED_FACE('',(#518),#124,.F.);
#4701=ADVANCED_FACE('',(#519),#125,.F.);
#4702=ADVANCED_FACE('',(#520),#126,.F.);
#4703=ADVANCED_FACE('',(#521),#127,.F.);
#4704=ADVANCED_FACE('',(#522),#4465,.T.);
#4705=ADVANCED_FACE('',(#523),#4466,.F.);
#4706=ADVANCED_FACE('',(#524),#4467,.F.);
#4707=ADVANCED_FACE('',(#525),#4468,.T.);
#4708=ADVANCED_FACE('',(#526),#4469,.F.);
#4709=ADVANCED_FACE('',(#527),#4470,.F.);
#4710=ADVANCED_FACE('',(#528),#4471,.T.);
#4711=ADVANCED_FACE('',(#529),#4472,.F.);
#4712=ADVANCED_FACE('',(#530),#4473,.T.);
#4713=ADVANCED_FACE('',(#531),#4474,.T.);
#4714=ADVANCED_FACE('',(#532),#4475,.T.);
#4715=ADVANCED_FACE('',(#533),#4476,.T.);
#4716=ADVANCED_FACE('',(#534),#4477,.F.);
#4717=ADVANCED_FACE('',(#535,#170,#171,#172,#173,#174,#175,#176,#177,#178,
#179,#180,#181,#182,#183,#184),#4478,.F.);
#4718=ADVANCED_FACE('',(#536),#4479,.F.);
#4719=ADVANCED_FACE('',(#537),#4480,.F.);
#4720=ADVANCED_FACE('',(#538),#4481,.T.);
#4721=ADVANCED_FACE('',(#539),#4482,.T.);
#4722=ADVANCED_FACE('',(#540),#4483,.T.);
#4723=ADVANCED_FACE('',(#541),#4484,.T.);
#4724=ADVANCED_FACE('',(#542,#185,#186,#187,#188,#189,#190,#191,#192,#193),
#4485,.T.);
#4725=ADVANCED_FACE('',(#543),#61,.T.);
#4726=ADVANCED_FACE('',(#544),#4486,.T.);
#4727=ADVANCED_FACE('',(#545),#4487,.T.);
#4728=ADVANCED_FACE('',(#546),#4488,.T.);
#4729=ADVANCED_FACE('',(#547),#62,.T.);
#4730=ADVANCED_FACE('',(#548),#4489,.T.);
#4731=ADVANCED_FACE('',(#549),#63,.T.);
#4732=ADVANCED_FACE('',(#550),#4490,.T.);
#4733=ADVANCED_FACE('',(#551),#4491,.T.);
#4734=ADVANCED_FACE('',(#552),#4492,.T.);
#4735=ADVANCED_FACE('',(#553),#64,.T.);
#4736=ADVANCED_FACE('',(#554),#4493,.T.);
#4737=ADVANCED_FACE('',(#555),#65,.T.);
#4738=ADVANCED_FACE('',(#556),#4494,.T.);
#4739=ADVANCED_FACE('',(#557),#4495,.T.);
#4740=ADVANCED_FACE('',(#558),#4496,.T.);
#4741=ADVANCED_FACE('',(#559),#4497,.F.);
#4742=ADVANCED_FACE('',(#560),#4498,.F.);
#4743=ADVANCED_FACE('',(#561),#4499,.F.);
#4744=ADVANCED_FACE('',(#562),#4500,.F.);
#4745=ADVANCED_FACE('',(#563),#4501,.F.);
#4746=ADVANCED_FACE('',(#564),#4502,.F.);
#4747=ADVANCED_FACE('',(#565),#4503,.F.);
#4748=ADVANCED_FACE('',(#566),#4504,.F.);
#4749=ADVANCED_FACE('',(#567),#4505,.F.);
#4750=ADVANCED_FACE('',(#568),#4506,.F.);
#4751=ADVANCED_FACE('',(#569),#4507,.F.);
#4752=ADVANCED_FACE('',(#570),#336,.T.);
#4753=ADVANCED_FACE('',(#571,#194),#337,.T.);
#4754=ADVANCED_FACE('',(#572,#195),#4508,.T.);
#4755=ADVANCED_FACE('',(#573,#196),#338,.F.);
#4756=ADVANCED_FACE('',(#574,#197),#4509,.F.);
#4757=ADVANCED_FACE('',(#575,#198),#4510,.T.);
#4758=ADVANCED_FACE('',(#576),#339,.T.);
#4759=ADVANCED_FACE('',(#577),#340,.F.);
#4760=ADVANCED_FACE('',(#578,#199),#4511,.T.);
#4761=ADVANCED_FACE('',(#579,#200),#4512,.T.);
#4762=ADVANCED_FACE('',(#580),#4513,.T.);
#4763=ADVANCED_FACE('',(#581,#201),#4514,.T.);
#4764=ADVANCED_FACE('',(#582),#341,.F.);
#4765=ADVANCED_FACE('',(#583),#4515,.F.);
#4766=ADVANCED_FACE('',(#584),#342,.F.);
#4767=ADVANCED_FACE('',(#585,#202),#4516,.T.);
#4768=ADVANCED_FACE('',(#586),#343,.T.);
#4769=ADVANCED_FACE('',(#587),#128,.F.);
#4770=ADVANCED_FACE('',(#588),#4517,.F.);
#4771=ADVANCED_FACE('',(#589),#129,.F.);
#4772=ADVANCED_FACE('',(#590),#4518,.F.);
#4773=ADVANCED_FACE('',(#591),#130,.F.);
#4774=ADVANCED_FACE('',(#592),#4519,.F.);
#4775=ADVANCED_FACE('',(#593),#131,.F.);
#4776=ADVANCED_FACE('',(#594),#4520,.F.);
#4777=ADVANCED_FACE('',(#595),#344,.T.);
#4778=ADVANCED_FACE('',(#596),#4521,.F.);
#4779=ADVANCED_FACE('',(#597),#4522,.F.);
#4780=ADVANCED_FACE('',(#598,#203),#345,.F.);
#4781=ADVANCED_FACE('',(#599),#4523,.T.);
#4782=ADVANCED_FACE('',(#600),#4524,.T.);
#4783=ADVANCED_FACE('',(#601),#4525,.T.);
#4784=ADVANCED_FACE('',(#602),#4526,.T.);
#4785=ADVANCED_FACE('',(#603),#4527,.T.);
#4786=ADVANCED_FACE('',(#604),#4528,.T.);
#4787=ADVANCED_FACE('',(#605),#4529,.T.);
#4788=ADVANCED_FACE('',(#606),#4530,.T.);
#4789=ADVANCED_FACE('',(#607),#4531,.T.);
#4790=ADVANCED_FACE('',(#608),#4532,.T.);
#4791=ADVANCED_FACE('',(#609,#204),#346,.T.);
#4792=ADVANCED_FACE('',(#610,#205),#4533,.T.);
#4793=ADVANCED_FACE('',(#611,#206),#4534,.F.);
#4794=ADVANCED_FACE('',(#612),#347,.T.);
#4795=ADVANCED_FACE('',(#613,#207),#4535,.T.);
#4796=ADVANCED_FACE('',(#614),#4536,.F.);
#4797=ADVANCED_FACE('',(#615),#132,.F.);
#4798=ADVANCED_FACE('',(#616),#133,.F.);
#4799=ADVANCED_FACE('',(#617),#4537,.F.);
#4800=ADVANCED_FACE('',(#618),#348,.T.);
#4801=ADVANCED_FACE('',(#619),#4538,.T.);
#4802=ADVANCED_FACE('',(#620),#134,.F.);
#4803=ADVANCED_FACE('',(#621),#135,.F.);
#4804=ADVANCED_FACE('',(#622),#136,.F.);
#4805=ADVANCED_FACE('',(#623),#4539,.T.);
#4806=ADVANCED_FACE('',(#624),#137,.F.);
#4807=ADVANCED_FACE('',(#625),#4540,.T.);
#4808=ADVANCED_FACE('',(#626),#138,.F.);
#4809=ADVANCED_FACE('',(#627),#4541,.T.);
#4810=ADVANCED_FACE('',(#628),#139,.F.);
#4811=ADVANCED_FACE('',(#629),#4542,.T.);
#4812=ADVANCED_FACE('',(#630,#208,#209,#210,#211),#4543,.T.);
#4813=ADVANCED_FACE('',(#631,#212,#213,#214),#4544,.F.);
#4814=ADVANCED_FACE('',(#632),#4545,.F.);
#4815=ADVANCED_FACE('',(#633),#4546,.T.);
#4816=ADVANCED_FACE('',(#634),#4547,.T.);
#4817=ADVANCED_FACE('',(#635,#215,#216),#4548,.T.);
#4818=ADVANCED_FACE('',(#636),#4549,.T.);
#4819=ADVANCED_FACE('',(#637),#4550,.T.);
#4820=ADVANCED_FACE('',(#638),#4551,.T.);
#4821=ADVANCED_FACE('',(#639,#217),#4552,.T.);
#4822=ADVANCED_FACE('',(#640,#218,#219,#220,#221,#222),#4553,.T.);
#4823=ADVANCED_FACE('',(#641),#4554,.T.);
#4824=ADVANCED_FACE('',(#642),#4555,.T.);
#4825=ADVANCED_FACE('',(#643),#4556,.F.);
#4826=ADVANCED_FACE('',(#644),#4557,.F.);
#4827=ADVANCED_FACE('',(#645),#4558,.T.);
#4828=ADVANCED_FACE('',(#646,#223),#4559,.T.);
#4829=ADVANCED_FACE('',(#647),#4560,.T.);
#4830=ADVANCED_FACE('',(#648),#140,.F.);
#4831=ADVANCED_FACE('',(#649,#224),#141,.F.);
#4832=ADVANCED_FACE('',(#650),#4561,.F.);
#4833=ADVANCED_FACE('',(#651),#4562,.T.);
#4834=ADVANCED_FACE('',(#652,#225),#4563,.T.);
#4835=ADVANCED_FACE('',(#653),#4564,.F.);
#4836=ADVANCED_FACE('',(#654,#226),#4565,.F.);
#4837=ADVANCED_FACE('',(#655),#4566,.F.);
#4838=ADVANCED_FACE('',(#656),#4567,.F.);
#4839=ADVANCED_FACE('',(#657),#4568,.T.);
#4840=ADVANCED_FACE('',(#658),#349,.F.);
#4841=ADVANCED_FACE('',(#659),#4569,.T.);
#4842=ADVANCED_FACE('',(#660),#4570,.F.);
#4843=ADVANCED_FACE('',(#661),#350,.F.);
#4844=ADVANCED_FACE('',(#662),#4571,.T.);
#4845=ADVANCED_FACE('',(#663),#4572,.F.);
#4846=ADVANCED_FACE('',(#664),#351,.F.);
#4847=ADVANCED_FACE('',(#665),#4573,.T.);
#4848=ADVANCED_FACE('',(#666),#4574,.F.);
#4849=ADVANCED_FACE('',(#667),#352,.F.);
#4850=ADVANCED_FACE('',(#668),#4575,.T.);
#4851=ADVANCED_FACE('',(#669),#4576,.F.);
#4852=ADVANCED_FACE('',(#670),#353,.F.);
#4853=ADVANCED_FACE('',(#671),#4577,.T.);
#4854=ADVANCED_FACE('',(#672),#4578,.F.);
#4855=ADVANCED_FACE('',(#673),#4579,.T.);
#4856=ADVANCED_FACE('',(#674),#4580,.T.);
#4857=ADVANCED_FACE('',(#675),#4581,.T.);
#4858=ADVANCED_FACE('',(#676),#4582,.T.);
#4859=ADVANCED_FACE('',(#677),#4583,.T.);
#4860=ADVANCED_FACE('',(#678),#4584,.T.);
#4861=ADVANCED_FACE('',(#679),#4585,.T.);
#4862=ADVANCED_FACE('',(#680),#4586,.T.);
#4863=ADVANCED_FACE('',(#681),#4587,.T.);
#4864=ADVANCED_FACE('',(#682),#4588,.T.);
#4865=ADVANCED_FACE('',(#683),#4589,.T.);
#4866=CLOSED_SHELL('',(#4590,#4591,#4592,#4593,#4594,#4595));
#4867=CLOSED_SHELL('',(#4596,#4597,#4598,#4599,#4600,#4601));
#4868=CLOSED_SHELL('',(#4602,#4603,#4604,#4605,#4606,#4607));
#4869=CLOSED_SHELL('',(#4608,#4609,#4610,#4611,#4612));
#4870=CLOSED_SHELL('',(#4613,#4614,#4615,#4616,#4617,#4618,#4619,#4620,
#4621,#4622));
#4871=CLOSED_SHELL('',(#4623,#4624,#4625,#4626,#4627,#4628,#4629,#4630,
#4631,#4632,#4633,#4634,#4635,#4636,#4637,#4638,#4639));
#4872=CLOSED_SHELL('',(#4640,#4641,#4642,#4643,#4644,#4645,#4646,#4647,
#4648,#4649,#4650,#4651,#4652,#4653,#4654,#4655,#4656));
#4873=CLOSED_SHELL('',(#4657,#4658,#4659,#4660,#4661,#4662,#4663,#4664,
#4665,#4666,#4667,#4668,#4669,#4670,#4671,#4672,#4673,#4674,#4675,#4676,
#4677,#4678,#4679,#4680,#4681,#4682,#4683,#4684,#4685,#4686,#4687,#4688,
#4689,#4690,#4691,#4692,#4693,#4694,#4695,#4696,#4697,#4698,#4699,#4700,
#4701,#4702,#4703,#4704,#4705,#4706,#4707,#4708,#4709,#4710,#4711,#4712,
#4713,#4714,#4715,#4716,#4717,#4718,#4719,#4720,#4721,#4722,#4723,#4724));
#4874=CLOSED_SHELL('',(#4725,#4726,#4727,#4728,#4729,#4730,#4731,#4732,
#4733,#4734,#4735,#4736,#4737,#4738,#4739,#4740,#4741));
#4875=CLOSED_SHELL('',(#4742,#4743,#4744,#4745,#4746,#4747,#4748,#4749,
#4750,#4751,#4752,#4753,#4754,#4755,#4756,#4757,#4758,#4759,#4760,#4761,
#4762,#4763,#4764,#4765,#4766,#4767,#4768));
#4876=CLOSED_SHELL('',(#4769,#4770,#4771,#4772,#4773,#4774,#4775,#4776,
#4777,#4778,#4779,#4780,#4781,#4782,#4783,#4784,#4785,#4786,#4787,#4788,
#4789,#4790,#4791,#4792,#4793,#4794,#4795,#4796,#4797,#4798,#4799,#4800,
#4801,#4802,#4803,#4804,#4805,#4806,#4807,#4808,#4809,#4810,#4811,#4812,
#4813,#4814,#4815,#4816,#4817,#4818,#4819,#4820,#4821,#4822,#4823,#4824,
#4825,#4826,#4827,#4828,#4829,#4830,#4831,#4832,#4833,#4834,#4835,#4836,
#4837,#4838,#4839));
#4877=CLOSED_SHELL('',(#4840,#4841,#4842));
#4878=CLOSED_SHELL('',(#4843,#4844,#4845));
#4879=CLOSED_SHELL('',(#4846,#4847,#4848));
#4880=CLOSED_SHELL('',(#4849,#4850,#4851));
#4881=CLOSED_SHELL('',(#4852,#4853,#4854));
#4882=CLOSED_SHELL('',(#4855,#4856,#4857,#4858,#4859,#4860,#4861,#4862,
#4863,#4864,#4865));
#4883=DERIVED_UNIT_ELEMENT(#4903,1.);
#4884=DERIVED_UNIT_ELEMENT(#9182,-3.);
#4885=DERIVED_UNIT_ELEMENT(#4903,1.);
#4886=DERIVED_UNIT_ELEMENT(#9182,-3.);
#4887=DERIVED_UNIT_ELEMENT(#4903,1.);
#4888=DERIVED_UNIT_ELEMENT(#9182,-3.);
#4889=DERIVED_UNIT_ELEMENT(#4903,1.);
#4890=DERIVED_UNIT_ELEMENT(#9182,-3.);
#4891=DERIVED_UNIT_ELEMENT(#4903,1.);
#4892=DERIVED_UNIT_ELEMENT(#9182,-3.);
#4893=DERIVED_UNIT_ELEMENT(#4903,1.);
#4894=DERIVED_UNIT_ELEMENT(#9182,-3.);
#4895=DERIVED_UNIT_ELEMENT(#4903,1.);
#4896=DERIVED_UNIT_ELEMENT(#9182,-3.);
#4897=DERIVED_UNIT_ELEMENT(#4903,1.);
#4898=DERIVED_UNIT_ELEMENT(#9182,-3.);
#4899=DERIVED_UNIT_ELEMENT(#4903,1.);
#4900=DERIVED_UNIT_ELEMENT(#9182,-3.);
#4901=DERIVED_UNIT_ELEMENT(#4903,1.);
#4902=DERIVED_UNIT_ELEMENT(#9182,-3.);
#4903=(
MASS_UNIT()
NAMED_UNIT(*)
SI_UNIT(.KILO.,.GRAM.)
);
#4904=DERIVED_UNIT((#4883,#4884));
#4905=DERIVED_UNIT((#4885,#4886));
#4906=DERIVED_UNIT((#4887,#4888));
#4907=DERIVED_UNIT((#4889,#4890));
#4908=DERIVED_UNIT((#4891,#4892));
#4909=DERIVED_UNIT((#4893,#4894));
#4910=DERIVED_UNIT((#4895,#4896));
#4911=DERIVED_UNIT((#4897,#4898));
#4912=DERIVED_UNIT((#4899,#4900));
#4913=DERIVED_UNIT((#4901,#4902));
#4914=MEASURE_REPRESENTATION_ITEM('density measure',
POSITIVE_RATIO_MEASURE(7850.),#4904);
#4915=MEASURE_REPRESENTATION_ITEM('density measure',
POSITIVE_RATIO_MEASURE(7850.),#4905);
#4916=MEASURE_REPRESENTATION_ITEM('density measure',
POSITIVE_RATIO_MEASURE(7850.),#4906);
#4917=MEASURE_REPRESENTATION_ITEM('density measure',
POSITIVE_RATIO_MEASURE(7850.),#4907);
#4918=MEASURE_REPRESENTATION_ITEM('density measure',
POSITIVE_RATIO_MEASURE(7850.),#4908);
#4919=MEASURE_REPRESENTATION_ITEM('density measure',
POSITIVE_RATIO_MEASURE(7850.),#4909);
#4920=MEASURE_REPRESENTATION_ITEM('density measure',
POSITIVE_RATIO_MEASURE(7850.),#4910);
#4921=MEASURE_REPRESENTATION_ITEM('density measure',
POSITIVE_RATIO_MEASURE(7850.),#4911);
#4922=MEASURE_REPRESENTATION_ITEM('density measure',
POSITIVE_RATIO_MEASURE(7850.),#4912);
#4923=MEASURE_REPRESENTATION_ITEM('density measure',
POSITIVE_RATIO_MEASURE(7850.),#4913);
#4924=PROPERTY_DEFINITION_REPRESENTATION(#4974,#4944);
#4925=PROPERTY_DEFINITION_REPRESENTATION(#4975,#4945);
#4926=PROPERTY_DEFINITION_REPRESENTATION(#4976,#4946);
#4927=PROPERTY_DEFINITION_REPRESENTATION(#4977,#4947);
#4928=PROPERTY_DEFINITION_REPRESENTATION(#4978,#4948);
#4929=PROPERTY_DEFINITION_REPRESENTATION(#4979,#4949);
#4930=PROPERTY_DEFINITION_REPRESENTATION(#4980,#4950);
#4931=PROPERTY_DEFINITION_REPRESENTATION(#4981,#4951);
#4932=PROPERTY_DEFINITION_REPRESENTATION(#4982,#4952);
#4933=PROPERTY_DEFINITION_REPRESENTATION(#4983,#4953);
#4934=PROPERTY_DEFINITION_REPRESENTATION(#4984,#4954);
#4935=PROPERTY_DEFINITION_REPRESENTATION(#4985,#4955);
#4936=PROPERTY_DEFINITION_REPRESENTATION(#4986,#4956);
#4937=PROPERTY_DEFINITION_REPRESENTATION(#4987,#4957);
#4938=PROPERTY_DEFINITION_REPRESENTATION(#4988,#4958);
#4939=PROPERTY_DEFINITION_REPRESENTATION(#4989,#4959);
#4940=PROPERTY_DEFINITION_REPRESENTATION(#4990,#4960);
#4941=PROPERTY_DEFINITION_REPRESENTATION(#4991,#4961);
#4942=PROPERTY_DEFINITION_REPRESENTATION(#4992,#4962);
#4943=PROPERTY_DEFINITION_REPRESENTATION(#4993,#4963);
#4944=REPRESENTATION('material name',(#4964),#9170);
#4945=REPRESENTATION('density',(#4914),#9170);
#4946=REPRESENTATION('material name',(#4965),#9171);
#4947=REPRESENTATION('density',(#4915),#9171);
#4948=REPRESENTATION('material name',(#4966),#9172);
#4949=REPRESENTATION('density',(#4916),#9172);
#4950=REPRESENTATION('material name',(#4967),#9173);
#4951=REPRESENTATION('density',(#4917),#9173);
#4952=REPRESENTATION('material name',(#4968),#9174);
#4953=REPRESENTATION('density',(#4918),#9174);
#4954=REPRESENTATION('material name',(#4969),#9175);
#4955=REPRESENTATION('density',(#4919),#9175);
#4956=REPRESENTATION('material name',(#4970),#9176);
#4957=REPRESENTATION('density',(#4920),#9176);
#4958=REPRESENTATION('material name',(#4971),#9177);
#4959=REPRESENTATION('density',(#4921),#9177);
#4960=REPRESENTATION('material name',(#4972),#9178);
#4961=REPRESENTATION('density',(#4922),#9178);
#4962=REPRESENTATION('material name',(#4973),#9179);
#4963=REPRESENTATION('density',(#4923),#9179);
#4964=DESCRIPTIVE_REPRESENTATION_ITEM('Steel','Steel');
#4965=DESCRIPTIVE_REPRESENTATION_ITEM('Steel','Steel');
#4966=DESCRIPTIVE_REPRESENTATION_ITEM('Steel','Steel');
#4967=DESCRIPTIVE_REPRESENTATION_ITEM('Steel','Steel');
#4968=DESCRIPTIVE_REPRESENTATION_ITEM('Steel','Steel');
#4969=DESCRIPTIVE_REPRESENTATION_ITEM('Steel','Steel');
#4970=DESCRIPTIVE_REPRESENTATION_ITEM('Steel','Steel');
#4971=DESCRIPTIVE_REPRESENTATION_ITEM('Steel','Steel');
#4972=DESCRIPTIVE_REPRESENTATION_ITEM('Steel','Steel');
#4973=DESCRIPTIVE_REPRESENTATION_ITEM('Steel','Steel');
#4974=PROPERTY_DEFINITION('material property','material name',#9230);
#4975=PROPERTY_DEFINITION('material property','density of part',#9230);
#4976=PROPERTY_DEFINITION('material property','material name',#9231);
#4977=PROPERTY_DEFINITION('material property','density of part',#9231);
#4978=PROPERTY_DEFINITION('material property','material name',#9232);
#4979=PROPERTY_DEFINITION('material property','density of part',#9232);
#4980=PROPERTY_DEFINITION('material property','material name',#9233);
#4981=PROPERTY_DEFINITION('material property','density of part',#9233);
#4982=PROPERTY_DEFINITION('material property','material name',#9234);
#4983=PROPERTY_DEFINITION('material property','density of part',#9234);
#4984=PROPERTY_DEFINITION('material property','material name',#9235);
#4985=PROPERTY_DEFINITION('material property','density of part',#9235);
#4986=PROPERTY_DEFINITION('material property','material name',#9236);
#4987=PROPERTY_DEFINITION('material property','density of part',#9236);
#4988=PROPERTY_DEFINITION('material property','material name',#9237);
#4989=PROPERTY_DEFINITION('material property','density of part',#9237);
#4990=PROPERTY_DEFINITION('material property','material name',#9238);
#4991=PROPERTY_DEFINITION('material property','density of part',#9238);
#4992=PROPERTY_DEFINITION('material property','material name',#9239);
#4993=PROPERTY_DEFINITION('material property','density of part',#9239);
#4994=AXIS2_PLACEMENT_3D('',#6717,#5407,#5408);
#4995=AXIS2_PLACEMENT_3D('',#6718,#5409,#5410);
#4996=AXIS2_PLACEMENT_3D('',#6719,#5411,#5412);
#4997=AXIS2_PLACEMENT_3D('',#6728,#5417,#5418);
#4998=AXIS2_PLACEMENT_3D('',#6737,#5423,#5424);
#4999=AXIS2_PLACEMENT_3D('',#6740,#5427,#5428);
#5000=AXIS2_PLACEMENT_3D('',#6742,#5430,#5431);
#5001=AXIS2_PLACEMENT_3D('',#6744,#5433,#5434);
#5002=AXIS2_PLACEMENT_3D('',#6745,#5435,#5436);
#5003=AXIS2_PLACEMENT_3D('',#6746,#5437,#5438);
#5004=AXIS2_PLACEMENT_3D('',#6755,#5443,#5444);
#5005=AXIS2_PLACEMENT_3D('',#6764,#5449,#5450);
#5006=AXIS2_PLACEMENT_3D('',#6767,#5453,#5454);
#5007=AXIS2_PLACEMENT_3D('',#6769,#5456,#5457);
#5008=AXIS2_PLACEMENT_3D('',#6771,#5459,#5460);
#5009=AXIS2_PLACEMENT_3D('',#6772,#5461,#5462);
#5010=AXIS2_PLACEMENT_3D('',#6792,#5463,#5464);
#5011=AXIS2_PLACEMENT_3D('',#6795,#5466,#5467);
#5012=AXIS2_PLACEMENT_3D('',#6815,#5468,#5469);
#5013=AXIS2_PLACEMENT_3D('',#6818,#5471,#5472);
#5014=AXIS2_PLACEMENT_3D('',#6819,#5473,#5474);
#5015=AXIS2_PLACEMENT_3D('',#6839,#5475,#5476);
#5016=AXIS2_PLACEMENT_3D('',#6842,#5478,#5479);
#5017=AXIS2_PLACEMENT_3D('',#6843,#5480,#5481);
#5018=AXIS2_PLACEMENT_3D('',#6844,#5482,#5483);
#5019=AXIS2_PLACEMENT_3D('',#6864,#5484,#5485);
#5020=AXIS2_PLACEMENT_3D('',#6867,#5487,#5488);
#5021=AXIS2_PLACEMENT_3D('',#6868,#5489,#5490);
#5022=AXIS2_PLACEMENT_3D('',#6888,#5491,#5492);
#5023=AXIS2_PLACEMENT_3D('',#6891,#5494,#5495);
#5024=AXIS2_PLACEMENT_3D('',#6892,#5496,#5497);
#5025=AXIS2_PLACEMENT_3D('',#6893,#5498,#5499);
#5026=AXIS2_PLACEMENT_3D('',#6894,#5500,#5501);
#5027=AXIS2_PLACEMENT_3D('',#6895,#5502,#5503);
#5028=AXIS2_PLACEMENT_3D('',#6897,#5504,#5505);
#5029=AXIS2_PLACEMENT_3D('',#6900,#5507,#5508);
#5030=AXIS2_PLACEMENT_3D('',#6901,#5509,#5510);
#5031=AXIS2_PLACEMENT_3D('',#6903,#5511,#5512);
#5032=AXIS2_PLACEMENT_3D('',#6906,#5514,#5515);
#5033=AXIS2_PLACEMENT_3D('',#6907,#5516,#5517);
#5034=AXIS2_PLACEMENT_3D('',#6909,#5518,#5519);
#5035=AXIS2_PLACEMENT_3D('',#6912,#5521,#5522);
#5036=AXIS2_PLACEMENT_3D('',#6913,#5523,#5524);
#5037=AXIS2_PLACEMENT_3D('',#6915,#5525,#5526);
#5038=AXIS2_PLACEMENT_3D('',#6918,#5528,#5529);
#5039=AXIS2_PLACEMENT_3D('',#6919,#5530,#5531);
#5040=AXIS2_PLACEMENT_3D('',#6928,#5536,#5537);
#5041=AXIS2_PLACEMENT_3D('',#6937,#5542,#5543);
#5042=AXIS2_PLACEMENT_3D('',#6940,#5546,#5547);
#5043=AXIS2_PLACEMENT_3D('',#6942,#5549,#5550);
#5044=AXIS2_PLACEMENT_3D('',#6944,#5552,#5553);
#5045=AXIS2_PLACEMENT_3D('',#6945,#5554,#5555);
#5046=AXIS2_PLACEMENT_3D('',#6946,#5556,#5557);
#5047=AXIS2_PLACEMENT_3D('',#6948,#5558,#5559);
#5048=AXIS2_PLACEMENT_3D('',#6951,#5561,#5562);
#5049=AXIS2_PLACEMENT_3D('',#6952,#5563,#5564);
#5050=AXIS2_PLACEMENT_3D('',#6961,#5569,#5570);
#5051=AXIS2_PLACEMENT_3D('',#6967,#5574,#5575);
#5052=AXIS2_PLACEMENT_3D('',#6973,#5579,#5580);
#5053=AXIS2_PLACEMENT_3D('',#6976,#5583,#5584);
#5054=AXIS2_PLACEMENT_3D('',#6979,#5585,#5586);
#5055=AXIS2_PLACEMENT_3D('',#6987,#5590,#5591);
#5056=AXIS2_PLACEMENT_3D('',#7010,#5596,#5597);
#5057=AXIS2_PLACEMENT_3D('',#7012,#5599,#5600);
#5058=AXIS2_PLACEMENT_3D('',#7016,#5603,#5604);
#5059=AXIS2_PLACEMENT_3D('',#7020,#5607,#5608);
#5060=AXIS2_PLACEMENT_3D('',#7024,#5611,#5612);
#5061=AXIS2_PLACEMENT_3D('',#7043,#5615,#5616);
#5062=AXIS2_PLACEMENT_3D('',#7045,#5618,#5619);
#5063=AXIS2_PLACEMENT_3D('',#7049,#5622,#5623);
#5064=AXIS2_PLACEMENT_3D('',#7070,#5625,#5626);
#5065=AXIS2_PLACEMENT_3D('',#7073,#5628,#5629);
#5066=AXIS2_PLACEMENT_3D('',#7074,#5630,#5631);
#5067=AXIS2_PLACEMENT_3D('',#7075,#5632,#5633);
#5068=AXIS2_PLACEMENT_3D('',#7076,#5634,#5635);
#5069=AXIS2_PLACEMENT_3D('',#7077,#5636,#5637);
#5070=AXIS2_PLACEMENT_3D('',#7079,#5638,#5639);
#5071=AXIS2_PLACEMENT_3D('',#7082,#5641,#5642);
#5072=AXIS2_PLACEMENT_3D('',#7083,#5643,#5644);
#5073=AXIS2_PLACEMENT_3D('',#7092,#5649,#5650);
#5074=AXIS2_PLACEMENT_3D('',#7098,#5654,#5655);
#5075=AXIS2_PLACEMENT_3D('',#7104,#5659,#5660);
#5076=AXIS2_PLACEMENT_3D('',#7107,#5663,#5664);
#5077=AXIS2_PLACEMENT_3D('',#7110,#5665,#5666);
#5078=AXIS2_PLACEMENT_3D('',#7118,#5670,#5671);
#5079=AXIS2_PLACEMENT_3D('',#7141,#5676,#5677);
#5080=AXIS2_PLACEMENT_3D('',#7143,#5679,#5680);
#5081=AXIS2_PLACEMENT_3D('',#7147,#5683,#5684);
#5082=AXIS2_PLACEMENT_3D('',#7151,#5687,#5688);
#5083=AXIS2_PLACEMENT_3D('',#7155,#5691,#5692);
#5084=AXIS2_PLACEMENT_3D('',#7174,#5695,#5696);
#5085=AXIS2_PLACEMENT_3D('',#7176,#5698,#5699);
#5086=AXIS2_PLACEMENT_3D('',#7180,#5702,#5703);
#5087=AXIS2_PLACEMENT_3D('',#7201,#5705,#5706);
#5088=AXIS2_PLACEMENT_3D('',#7204,#5708,#5709);
#5089=AXIS2_PLACEMENT_3D('',#7205,#5710,#5711);
#5090=AXIS2_PLACEMENT_3D('',#7206,#5712,#5713);
#5091=AXIS2_PLACEMENT_3D('',#7207,#5714,#5715);
#5092=AXIS2_PLACEMENT_3D('',#7208,#5716,#5717);
#5093=AXIS2_PLACEMENT_3D('',#7217,#5722,#5723);
#5094=AXIS2_PLACEMENT_3D('',#7223,#5727,#5728);
#5095=AXIS2_PLACEMENT_3D('',#7229,#5732,#5733);
#5096=AXIS2_PLACEMENT_3D('',#7232,#5736,#5737);
#5097=AXIS2_PLACEMENT_3D('',#7241,#5742,#5743);
#5098=AXIS2_PLACEMENT_3D('',#7247,#5747,#5748);
#5099=AXIS2_PLACEMENT_3D('',#7253,#5752,#5753);
#5100=AXIS2_PLACEMENT_3D('',#7256,#5756,#5757);
#5101=AXIS2_PLACEMENT_3D('',#7265,#5762,#5763);
#5102=AXIS2_PLACEMENT_3D('',#7271,#5767,#5768);
#5103=AXIS2_PLACEMENT_3D('',#7277,#5772,#5773);
#5104=AXIS2_PLACEMENT_3D('',#7280,#5776,#5777);
#5105=AXIS2_PLACEMENT_3D('',#7289,#5782,#5783);
#5106=AXIS2_PLACEMENT_3D('',#7295,#5787,#5788);
#5107=AXIS2_PLACEMENT_3D('',#7301,#5792,#5793);
#5108=AXIS2_PLACEMENT_3D('',#7304,#5796,#5797);
#5109=AXIS2_PLACEMENT_3D('',#7313,#5802,#5803);
#5110=AXIS2_PLACEMENT_3D('',#7319,#5807,#5808);
#5111=AXIS2_PLACEMENT_3D('',#7325,#5812,#5813);
#5112=AXIS2_PLACEMENT_3D('',#7328,#5816,#5817);
#5113=AXIS2_PLACEMENT_3D('',#7337,#5822,#5823);
#5114=AXIS2_PLACEMENT_3D('',#7343,#5827,#5828);
#5115=AXIS2_PLACEMENT_3D('',#7349,#5832,#5833);
#5116=AXIS2_PLACEMENT_3D('',#7352,#5836,#5837);
#5117=AXIS2_PLACEMENT_3D('',#7361,#5842,#5843);
#5118=AXIS2_PLACEMENT_3D('',#7367,#5847,#5848);
#5119=AXIS2_PLACEMENT_3D('',#7373,#5852,#5853);
#5120=AXIS2_PLACEMENT_3D('',#7376,#5856,#5857);
#5121=AXIS2_PLACEMENT_3D('',#7385,#5862,#5863);
#5122=AXIS2_PLACEMENT_3D('',#7391,#5867,#5868);
#5123=AXIS2_PLACEMENT_3D('',#7397,#5872,#5873);
#5124=AXIS2_PLACEMENT_3D('',#7400,#5876,#5877);
#5125=AXIS2_PLACEMENT_3D('',#7409,#5882,#5883);
#5126=AXIS2_PLACEMENT_3D('',#7415,#5887,#5888);
#5127=AXIS2_PLACEMENT_3D('',#7421,#5892,#5893);
#5128=AXIS2_PLACEMENT_3D('',#7424,#5896,#5897);
#5129=AXIS2_PLACEMENT_3D('',#7437,#5904,#5905);
#5130=AXIS2_PLACEMENT_3D('',#7443,#5909,#5910);
#5131=AXIS2_PLACEMENT_3D('',#7449,#5914,#5915);
#5132=AXIS2_PLACEMENT_3D('',#7456,#5920,#5921);
#5133=AXIS2_PLACEMENT_3D('',#7499,#5943,#5944);
#5134=AXIS2_PLACEMENT_3D('',#7501,#5945,#5946);
#5135=AXIS2_PLACEMENT_3D('',#7503,#5947,#5948);
#5136=AXIS2_PLACEMENT_3D('',#7505,#5949,#5950);
#5137=AXIS2_PLACEMENT_3D('',#7506,#5951,#5952);
#5138=AXIS2_PLACEMENT_3D('',#7510,#5955,#5956);
#5139=AXIS2_PLACEMENT_3D('',#7514,#5959,#5960);
#5140=AXIS2_PLACEMENT_3D('',#7517,#5962,#5963);
#5141=AXIS2_PLACEMENT_3D('',#7518,#5964,#5965);
#5142=AXIS2_PLACEMENT_3D('',#7521,#5967,#5968);
#5143=AXIS2_PLACEMENT_3D('',#7522,#5969,#5970);
#5144=AXIS2_PLACEMENT_3D('',#7525,#5972,#5973);
#5145=AXIS2_PLACEMENT_3D('',#7526,#5974,#5975);
#5146=AXIS2_PLACEMENT_3D('',#7529,#5977,#5978);
#5147=AXIS2_PLACEMENT_3D('',#7530,#5979,#5980);
#5148=AXIS2_PLACEMENT_3D('',#7536,#5984,#5985);
#5149=AXIS2_PLACEMENT_3D('',#7540,#5988,#5989);
#5150=AXIS2_PLACEMENT_3D('',#7546,#5993,#5994);
#5151=AXIS2_PLACEMENT_3D('',#7550,#5997,#5998);
#5152=AXIS2_PLACEMENT_3D('',#7554,#6001,#6002);
#5153=AXIS2_PLACEMENT_3D('',#7558,#6005,#6006);
#5154=AXIS2_PLACEMENT_3D('',#7564,#6010,#6011);
#5155=AXIS2_PLACEMENT_3D('',#7568,#6014,#6015);
#5156=AXIS2_PLACEMENT_3D('',#7572,#6018,#6019);
#5157=AXIS2_PLACEMENT_3D('',#7574,#6021,#6022);
#5158=AXIS2_PLACEMENT_3D('',#7578,#6025,#6026);
#5159=AXIS2_PLACEMENT_3D('',#7580,#6028,#6029);
#5160=AXIS2_PLACEMENT_3D('',#7584,#6032,#6033);
#5161=AXIS2_PLACEMENT_3D('',#7590,#6037,#6038);
#5162=AXIS2_PLACEMENT_3D('',#7592,#6040,#6041);
#5163=AXIS2_PLACEMENT_3D('',#7594,#6043,#6044);
#5164=AXIS2_PLACEMENT_3D('',#7595,#6045,#6046);
#5165=AXIS2_PLACEMENT_3D('',#7599,#6049,#6050);
#5166=AXIS2_PLACEMENT_3D('',#7603,#6053,#6054);
#5167=AXIS2_PLACEMENT_3D('',#7605,#6056,#6057);
#5168=AXIS2_PLACEMENT_3D('',#7606,#6058,#6059);
#5169=AXIS2_PLACEMENT_3D('',#7819,#6062,#6063);
#5170=AXIS2_PLACEMENT_3D('',#7825,#6067,#6068);
#5171=AXIS2_PLACEMENT_3D('',#7831,#6072,#6073);
#5172=AXIS2_PLACEMENT_3D('',#7920,#6078,#6079);
#5173=AXIS2_PLACEMENT_3D('',#8009,#6084,#6085);
#5174=AXIS2_PLACEMENT_3D('',#8015,#6089,#6090);
#5175=AXIS2_PLACEMENT_3D('',#8021,#6094,#6095);
#5176=AXIS2_PLACEMENT_3D('',#8082,#6100,#6101);
#5177=AXIS2_PLACEMENT_3D('',#8283,#6106,#6107);
#5178=AXIS2_PLACEMENT_3D('',#8289,#6111,#6112);
#5179=AXIS2_PLACEMENT_3D('',#8292,#6115,#6116);
#5180=AXIS2_PLACEMENT_3D('',#8293,#6117,#6118);
#5181=AXIS2_PLACEMENT_3D('',#8294,#6119,#6120);
#5182=AXIS2_PLACEMENT_3D('',#8295,#6121,#6122);
#5183=AXIS2_PLACEMENT_3D('',#8298,#6123,#6124);
#5184=AXIS2_PLACEMENT_3D('',#8302,#6126,#6127);
#5185=AXIS2_PLACEMENT_3D('',#8304,#6129,#6130);
#5186=AXIS2_PLACEMENT_3D('',#8306,#6131,#6132);
#5187=AXIS2_PLACEMENT_3D('',#8308,#6133,#6134);
#5188=AXIS2_PLACEMENT_3D('',#8310,#6136,#6137);
#5189=AXIS2_PLACEMENT_3D('',#8312,#6138,#6139);
#5190=AXIS2_PLACEMENT_3D('',#8314,#6140,#6141);
#5191=AXIS2_PLACEMENT_3D('',#8316,#6143,#6144);
#5192=AXIS2_PLACEMENT_3D('',#8318,#6145,#6146);
#5193=AXIS2_PLACEMENT_3D('',#8320,#6147,#6148);
#5194=AXIS2_PLACEMENT_3D('',#8322,#6150,#6151);
#5195=AXIS2_PLACEMENT_3D('',#8324,#6152,#6153);
#5196=AXIS2_PLACEMENT_3D('',#8326,#6154,#6155);
#5197=AXIS2_PLACEMENT_3D('',#8328,#6157,#6158);
#5198=AXIS2_PLACEMENT_3D('',#8330,#6159,#6160);
#5199=AXIS2_PLACEMENT_3D('',#8332,#6161,#6162);
#5200=AXIS2_PLACEMENT_3D('',#8334,#6164,#6165);
#5201=AXIS2_PLACEMENT_3D('',#8336,#6166,#6167);
#5202=AXIS2_PLACEMENT_3D('',#8339,#6169,#6170);
#5203=AXIS2_PLACEMENT_3D('',#8340,#6171,#6172);
#5204=AXIS2_PLACEMENT_3D('',#8342,#6173,#6174);
#5205=AXIS2_PLACEMENT_3D('',#8345,#6176,#6177);
#5206=AXIS2_PLACEMENT_3D('',#8346,#6178,#6179);
#5207=AXIS2_PLACEMENT_3D('',#8348,#6180,#6181);
#5208=AXIS2_PLACEMENT_3D('',#8351,#6183,#6184);
#5209=AXIS2_PLACEMENT_3D('',#8352,#6185,#6186);
#5210=AXIS2_PLACEMENT_3D('',#8353,#6187,#6188);
#5211=AXIS2_PLACEMENT_3D('',#8354,#6189,#6190);
#5212=AXIS2_PLACEMENT_3D('',#8374,#6191,#6192);
#5213=AXIS2_PLACEMENT_3D('',#8377,#6194,#6195);
#5214=AXIS2_PLACEMENT_3D('',#8397,#6196,#6197);
#5215=AXIS2_PLACEMENT_3D('',#8400,#6199,#6200);
#5216=AXIS2_PLACEMENT_3D('',#8401,#6201,#6202);
#5217=AXIS2_PLACEMENT_3D('',#8421,#6203,#6204);
#5218=AXIS2_PLACEMENT_3D('',#8424,#6206,#6207);
#5219=AXIS2_PLACEMENT_3D('',#8425,#6208,#6209);
#5220=AXIS2_PLACEMENT_3D('',#8426,#6210,#6211);
#5221=AXIS2_PLACEMENT_3D('',#8428,#6212,#6213);
#5222=AXIS2_PLACEMENT_3D('',#8448,#6214,#6215);
#5223=AXIS2_PLACEMENT_3D('',#8451,#6217,#6218);
#5224=AXIS2_PLACEMENT_3D('',#8471,#6219,#6220);
#5225=AXIS2_PLACEMENT_3D('',#8474,#6222,#6223);
#5226=AXIS2_PLACEMENT_3D('',#8475,#6224,#6225);
#5227=AXIS2_PLACEMENT_3D('',#8476,#6226,#6227);
#5228=AXIS2_PLACEMENT_3D('',#8478,#6228,#6229);
#5229=AXIS2_PLACEMENT_3D('',#8479,#6230,#6231);
#5230=AXIS2_PLACEMENT_3D('',#8480,#6232,#6233);
#5231=AXIS2_PLACEMENT_3D('',#8482,#6234,#6235);
#5232=AXIS2_PLACEMENT_3D('',#8503,#6237,#6238);
#5233=AXIS2_PLACEMENT_3D('',#8504,#6239,#6240);
#5234=AXIS2_PLACEMENT_3D('',#8524,#6241,#6242);
#5235=AXIS2_PLACEMENT_3D('',#8526,#6244,#6245);
#5236=AXIS2_PLACEMENT_3D('',#8528,#6246,#6247);
#5237=AXIS2_PLACEMENT_3D('',#8548,#6249,#6250);
#5238=AXIS2_PLACEMENT_3D('',#8549,#6251,#6252);
#5239=AXIS2_PLACEMENT_3D('',#8551,#6253,#6254);
#5240=AXIS2_PLACEMENT_3D('',#8554,#6256,#6257);
#5241=AXIS2_PLACEMENT_3D('',#8555,#6258,#6259);
#5242=AXIS2_PLACEMENT_3D('',#8556,#6260,#6261);
#5243=AXIS2_PLACEMENT_3D('',#8558,#6262,#6263);
#5244=AXIS2_PLACEMENT_3D('',#8561,#6265,#6266);
#5245=AXIS2_PLACEMENT_3D('',#8562,#6267,#6268);
#5246=AXIS2_PLACEMENT_3D('',#8563,#6269,#6270);
#5247=AXIS2_PLACEMENT_3D('',#8565,#6271,#6272);
#5248=AXIS2_PLACEMENT_3D('',#8568,#6274,#6275);
#5249=AXIS2_PLACEMENT_3D('',#8569,#6276,#6277);
#5250=AXIS2_PLACEMENT_3D('',#8570,#6278,#6279);
#5251=AXIS2_PLACEMENT_3D('',#8572,#6280,#6281);
#5252=AXIS2_PLACEMENT_3D('',#8575,#6283,#6284);
#5253=AXIS2_PLACEMENT_3D('',#8576,#6285,#6286);
#5254=AXIS2_PLACEMENT_3D('',#8599,#6288,#6289);
#5255=AXIS2_PLACEMENT_3D('',#8602,#6291,#6292);
#5256=AXIS2_PLACEMENT_3D('',#8603,#6293,#6294);
#5257=AXIS2_PLACEMENT_3D('',#8605,#6295,#6296);
#5258=AXIS2_PLACEMENT_3D('',#8607,#6297,#6298);
#5259=AXIS2_PLACEMENT_3D('',#8608,#6299,#6300);
#5260=AXIS2_PLACEMENT_3D('',#8609,#6301,#6302);
#5261=AXIS2_PLACEMENT_3D('',#8612,#6303,#6304);
#5262=AXIS2_PLACEMENT_3D('',#8613,#6305,#6306);
#5263=AXIS2_PLACEMENT_3D('',#8636,#6309,#6310);
#5264=AXIS2_PLACEMENT_3D('',#8638,#6311,#6312);
#5265=AXIS2_PLACEMENT_3D('',#8640,#6313,#6314);
#5266=AXIS2_PLACEMENT_3D('',#8642,#6315,#6316);
#5267=AXIS2_PLACEMENT_3D('',#8644,#6317,#6318);
#5268=AXIS2_PLACEMENT_3D('',#8646,#6319,#6320);
#5269=AXIS2_PLACEMENT_3D('',#8648,#6321,#6322);
#5270=AXIS2_PLACEMENT_3D('',#8650,#6323,#6324);
#5271=AXIS2_PLACEMENT_3D('',#8652,#6325,#6326);
#5272=AXIS2_PLACEMENT_3D('',#8653,#6327,#6328);
#5273=AXIS2_PLACEMENT_3D('',#8654,#6329,#6330);
#5274=AXIS2_PLACEMENT_3D('',#8658,#6332,#6333);
#5275=AXIS2_PLACEMENT_3D('',#8660,#6335,#6336);
#5276=AXIS2_PLACEMENT_3D('',#8663,#6338,#6339);
#5277=AXIS2_PLACEMENT_3D('',#8664,#6340,#6341);
#5278=AXIS2_PLACEMENT_3D('',#8667,#6343,#6344);
#5279=AXIS2_PLACEMENT_3D('',#8668,#6345,#6346);
#5280=AXIS2_PLACEMENT_3D('',#8671,#6348,#6349);
#5281=AXIS2_PLACEMENT_3D('',#8672,#6350,#6351);
#5282=AXIS2_PLACEMENT_3D('',#8675,#6353,#6354);
#5283=AXIS2_PLACEMENT_3D('',#8676,#6355,#6356);
#5284=AXIS2_PLACEMENT_3D('',#8679,#6358,#6359);
#5285=AXIS2_PLACEMENT_3D('',#8680,#6360,#6361);
#5286=AXIS2_PLACEMENT_3D('',#8682,#6362,#6363);
#5287=AXIS2_PLACEMENT_3D('',#8684,#6365,#6366);
#5288=AXIS2_PLACEMENT_3D('',#8686,#6367,#6368);
#5289=AXIS2_PLACEMENT_3D('',#8688,#6370,#6371);
#5290=AXIS2_PLACEMENT_3D('',#8690,#6372,#6373);
#5291=AXIS2_PLACEMENT_3D('',#8692,#6375,#6376);
#5292=AXIS2_PLACEMENT_3D('',#8693,#6377,#6378);
#5293=AXIS2_PLACEMENT_3D('',#8713,#6379,#6380);
#5294=AXIS2_PLACEMENT_3D('',#8716,#6382,#6383);
#5295=AXIS2_PLACEMENT_3D('',#8717,#6384,#6385);
#5296=AXIS2_PLACEMENT_3D('',#8719,#6386,#6387);
#5297=AXIS2_PLACEMENT_3D('',#8720,#6388,#6389);
#5298=AXIS2_PLACEMENT_3D('',#8722,#6390,#6391);
#5299=AXIS2_PLACEMENT_3D('',#8742,#6392,#6393);
#5300=AXIS2_PLACEMENT_3D('',#8744,#6395,#6396);
#5301=AXIS2_PLACEMENT_3D('',#8746,#6397,#6398);
#5302=AXIS2_PLACEMENT_3D('',#8747,#6399,#6400);
#5303=AXIS2_PLACEMENT_3D('',#8748,#6401,#6402);
#5304=AXIS2_PLACEMENT_3D('',#8749,#6403,#6404);
#5305=AXIS2_PLACEMENT_3D('',#8751,#6405,#6406);
#5306=AXIS2_PLACEMENT_3D('',#8753,#6408,#6409);
#5307=AXIS2_PLACEMENT_3D('',#8756,#6411,#6412);
#5308=AXIS2_PLACEMENT_3D('',#8757,#6413,#6414);
#5309=AXIS2_PLACEMENT_3D('',#8760,#6415,#6416);
#5310=AXIS2_PLACEMENT_3D('',#8761,#6417,#6418);
#5311=AXIS2_PLACEMENT_3D('',#8783,#6420,#6421);
#5312=AXIS2_PLACEMENT_3D('',#8785,#6423,#6424);
#5313=AXIS2_PLACEMENT_3D('',#8786,#6425,#6426);
#5314=AXIS2_PLACEMENT_3D('',#8787,#6427,#6428);
#5315=AXIS2_PLACEMENT_3D('',#8789,#6429,#6430);
#5316=AXIS2_PLACEMENT_3D('',#8792,#6432,#6433);
#5317=AXIS2_PLACEMENT_3D('',#8793,#6434,#6435);
#5318=AXIS2_PLACEMENT_3D('',#8795,#6436,#6437);
#5319=AXIS2_PLACEMENT_3D('',#8798,#6439,#6440);
#5320=AXIS2_PLACEMENT_3D('',#8799,#6441,#6442);
#5321=AXIS2_PLACEMENT_3D('',#8801,#6443,#6444);
#5322=AXIS2_PLACEMENT_3D('',#8804,#6446,#6447);
#5323=AXIS2_PLACEMENT_3D('',#8805,#6448,#6449);
#5324=AXIS2_PLACEMENT_3D('',#8806,#6450,#6451);
#5325=AXIS2_PLACEMENT_3D('',#8808,#6452,#6453);
#5326=AXIS2_PLACEMENT_3D('',#8811,#6455,#6456);
#5327=AXIS2_PLACEMENT_3D('',#8812,#6457,#6458);
#5328=AXIS2_PLACEMENT_3D('',#8813,#6459,#6460);
#5329=AXIS2_PLACEMENT_3D('',#8815,#6461,#6462);
#5330=AXIS2_PLACEMENT_3D('',#8818,#6464,#6465);
#5331=AXIS2_PLACEMENT_3D('',#8819,#6466,#6467);
#5332=AXIS2_PLACEMENT_3D('',#8820,#6468,#6469);
#5333=AXIS2_PLACEMENT_3D('',#8822,#6470,#6471);
#5334=AXIS2_PLACEMENT_3D('',#8825,#6473,#6474);
#5335=AXIS2_PLACEMENT_3D('',#8826,#6475,#6476);
#5336=AXIS2_PLACEMENT_3D('',#8827,#6477,#6478);
#5337=AXIS2_PLACEMENT_3D('',#8844,#6487,#6488);
#5338=AXIS2_PLACEMENT_3D('',#8866,#6500,#6501);
#5339=AXIS2_PLACEMENT_3D('',#8870,#6504,#6505);
#5340=AXIS2_PLACEMENT_3D('',#8876,#6509,#6510);
#5341=AXIS2_PLACEMENT_3D('',#8890,#6518,#6519);
#5342=AXIS2_PLACEMENT_3D('',#8892,#6521,#6522);
#5343=AXIS2_PLACEMENT_3D('',#8894,#6524,#6525);
#5344=AXIS2_PLACEMENT_3D('',#8900,#6529,#6530);
#5345=AXIS2_PLACEMENT_3D('',#8912,#6537,#6538);
#5346=AXIS2_PLACEMENT_3D('',#8916,#6541,#6542);
#5347=AXIS2_PLACEMENT_3D('',#8945,#6558,#6559);
#5348=AXIS2_PLACEMENT_3D('',#8948,#6562,#6563);
#5349=AXIS2_PLACEMENT_3D('',#8950,#6565,#6566);
#5350=AXIS2_PLACEMENT_3D('',#8952,#6568,#6569);
#5351=AXIS2_PLACEMENT_3D('',#8954,#6571,#6572);
#5352=AXIS2_PLACEMENT_3D('',#8956,#6574,#6575);
#5353=AXIS2_PLACEMENT_3D('',#8959,#6577,#6578);
#5354=AXIS2_PLACEMENT_3D('',#8960,#6579,#6580);
#5355=AXIS2_PLACEMENT_3D('',#8962,#6582,#6583);
#5356=AXIS2_PLACEMENT_3D('',#8965,#6585,#6586);
#5357=AXIS2_PLACEMENT_3D('',#8966,#6587,#6588);
#5358=AXIS2_PLACEMENT_3D('',#8967,#6589,#6590);
#5359=AXIS2_PLACEMENT_3D('',#8970,#6593,#6594);
#5360=AXIS2_PLACEMENT_3D('',#8971,#6595,#6596);
#5361=AXIS2_PLACEMENT_3D('',#8973,#6598,#6599);
#5362=AXIS2_PLACEMENT_3D('',#8974,#6600,#6601);
#5363=AXIS2_PLACEMENT_3D('',#8976,#6603,#6604);
#5364=AXIS2_PLACEMENT_3D('',#8977,#6605,#6606);
#5365=AXIS2_PLACEMENT_3D('',#8979,#6608,#6609);
#5366=AXIS2_PLACEMENT_3D('',#8999,#6610,#6611);
#5367=AXIS2_PLACEMENT_3D('',#9002,#6613,#6614);
#5368=AXIS2_PLACEMENT_3D('',#9003,#6615,#6616);
#5369=AXIS2_PLACEMENT_3D('',#9004,#6617,#6618);
#5370=AXIS2_PLACEMENT_3D('',#9024,#6619,#6620);
#5371=AXIS2_PLACEMENT_3D('',#9027,#6622,#6623);
#5372=AXIS2_PLACEMENT_3D('',#9028,#6624,#6625);
#5373=AXIS2_PLACEMENT_3D('',#9029,#6626,#6627);
#5374=AXIS2_PLACEMENT_3D('',#9049,#6628,#6629);
#5375=AXIS2_PLACEMENT_3D('',#9052,#6631,#6632);
#5376=AXIS2_PLACEMENT_3D('',#9053,#6633,#6634);
#5377=AXIS2_PLACEMENT_3D('',#9054,#6635,#6636);
#5378=AXIS2_PLACEMENT_3D('',#9074,#6637,#6638);
#5379=AXIS2_PLACEMENT_3D('',#9077,#6640,#6641);
#5380=AXIS2_PLACEMENT_3D('',#9078,#6642,#6643);
#5381=AXIS2_PLACEMENT_3D('',#9079,#6644,#6645);
#5382=AXIS2_PLACEMENT_3D('',#9099,#6646,#6647);
#5383=AXIS2_PLACEMENT_3D('',#9102,#6649,#6650);
#5384=AXIS2_PLACEMENT_3D('',#9103,#6651,#6652);
#5385=AXIS2_PLACEMENT_3D('',#9104,#6653,#6654);
#5386=AXIS2_PLACEMENT_3D('',#9105,#6655,#6656);
#5387=AXIS2_PLACEMENT_3D('',#9112,#6660,#6661);
#5388=AXIS2_PLACEMENT_3D('',#9116,#6664,#6665);
#5389=AXIS2_PLACEMENT_3D('',#9120,#6668,#6669);
#5390=AXIS2_PLACEMENT_3D('',#9124,#6672,#6673);
#5391=AXIS2_PLACEMENT_3D('',#9128,#6676,#6677);
#5392=AXIS2_PLACEMENT_3D('',#9132,#6680,#6681);
#5393=AXIS2_PLACEMENT_3D('',#9136,#6684,#6685);
#5394=AXIS2_PLACEMENT_3D('',#9140,#6688,#6689);
#5395=AXIS2_PLACEMENT_3D('',#9144,#6692,#6693);
#5396=AXIS2_PLACEMENT_3D('',#9146,#6695,#6696);
#5397=AXIS2_PLACEMENT_3D('',#9147,#6697,#6698);
#5398=AXIS2_PLACEMENT_3D('',#9148,#6699,#6700);
#5399=AXIS2_PLACEMENT_3D('',#9149,#6701,#6702);
#5400=AXIS2_PLACEMENT_3D('',#9150,#6703,#6704);
#5401=AXIS2_PLACEMENT_3D('',#9151,#6705,#6706);
#5402=AXIS2_PLACEMENT_3D('',#9152,#6707,#6708);
#5403=AXIS2_PLACEMENT_3D('',#9153,#6709,#6710);
#5404=AXIS2_PLACEMENT_3D('',#9154,#6711,#6712);
#5405=AXIS2_PLACEMENT_3D('',#9155,#6713,#6714);
#5406=AXIS2_PLACEMENT_3D('',#9156,#6715,#6716);
#5407=DIRECTION('axis',(0.,0.,1.));
#5408=DIRECTION('refdir',(1.,0.,0.));
#5409=DIRECTION('axis',(0.,0.,1.));
#5410=DIRECTION('refdir',(1.,0.,0.));
#5411=DIRECTION('center_axis',(0.,-1.,4.36740496900552E-16));
#5412=DIRECTION('ref_axis',(0.,-4.36740496900552E-16,-1.));
#5413=DIRECTION('',(0.,4.36740496900552E-16,1.));
#5414=DIRECTION('',(-1.,0.,0.));
#5415=DIRECTION('',(0.,-4.36740496900552E-16,-1.));
#5416=DIRECTION('',(1.,0.,0.));
#5417=DIRECTION('center_axis',(0.,-1.,4.36740496900552E-16));
#5418=DIRECTION('ref_axis',(0.,-4.36740496900552E-16,-1.));
#5419=DIRECTION('',(0.,-4.36740496900552E-16,-1.));
#5420=DIRECTION('',(-1.,0.,0.));
#5421=DIRECTION('',(0.,4.36740496900552E-16,1.));
#5422=DIRECTION('',(1.,0.,0.));
#5423=DIRECTION('center_axis',(0.,2.3950837389683E-16,1.));
#5424=DIRECTION('ref_axis',(1.,0.,0.));
#5425=DIRECTION('',(0.,1.,-2.3950837389683E-16));
#5426=DIRECTION('',(0.,1.,-2.3950837389683E-16));
#5427=DIRECTION('center_axis',(1.,0.,0.));
#5428=DIRECTION('ref_axis',(0.,0.,-1.));
#5429=DIRECTION('',(0.,1.,-2.3950837389683E-16));
#5430=DIRECTION('center_axis',(0.,-2.3950837389683E-16,-1.));
#5431=DIRECTION('ref_axis',(-1.,0.,0.));
#5432=DIRECTION('',(0.,1.,-2.3950837389683E-16));
#5433=DIRECTION('center_axis',(-1.,0.,0.));
#5434=DIRECTION('ref_axis',(0.,0.,1.));
#5435=DIRECTION('axis',(0.,0.,1.));
#5436=DIRECTION('refdir',(1.,0.,0.));
#5437=DIRECTION('center_axis',(0.,-1.,4.49752369141492E-16));
#5438=DIRECTION('ref_axis',(0.,-4.49752369141492E-16,-1.));
#5439=DIRECTION('',(0.,4.49752369141492E-16,1.));
#5440=DIRECTION('',(-1.,0.,0.));
#5441=DIRECTION('',(0.,-4.49752369141492E-16,-1.));
#5442=DIRECTION('',(1.,0.,0.));
#5443=DIRECTION('center_axis',(0.,-1.,4.49752369141492E-16));
#5444=DIRECTION('ref_axis',(0.,-4.49752369141492E-16,-1.));
#5445=DIRECTION('',(0.,-4.49752369141492E-16,-1.));
#5446=DIRECTION('',(-1.,0.,0.));
#5447=DIRECTION('',(0.,4.49752369141492E-16,1.));
#5448=DIRECTION('',(1.,0.,0.));
#5449=DIRECTION('center_axis',(0.,2.38510444241298E-16,1.));
#5450=DIRECTION('ref_axis',(1.,0.,0.));
#5451=DIRECTION('',(0.,1.,-2.38510444241298E-16));
#5452=DIRECTION('',(0.,1.,-2.38510444241298E-16));
#5453=DIRECTION('center_axis',(1.,0.,0.));
#5454=DIRECTION('ref_axis',(0.,0.,-1.));
#5455=DIRECTION('',(0.,1.,-2.38510444241298E-16));
#5456=DIRECTION('center_axis',(0.,-2.38510444241298E-16,-1.));
#5457=DIRECTION('ref_axis',(-1.,0.,0.));
#5458=DIRECTION('',(0.,1.,-2.38510444241298E-16));
#5459=DIRECTION('center_axis',(-1.,0.,0.));
#5460=DIRECTION('ref_axis',(0.,0.,1.));
#5461=DIRECTION('axis',(0.,0.,1.));
#5462=DIRECTION('refdir',(1.,0.,0.));
#5463=DIRECTION('center_axis',(1.,-1.91018793763088E-16,-8.53556908174906E-17));
#5464=DIRECTION('ref_axis',(2.65595847606507E-16,0.734650992622848,0.678445221840543));
#5465=DIRECTION('',(1.,-1.89314332239569E-16,-1.69520795025655E-16));
#5466=DIRECTION('center_axis',(-1.,1.73085254842565E-16,3.89412509092038E-17));
#5467=DIRECTION('ref_axis',(2.65595847606507E-16,0.734650992622848,0.678445221840543));
#5468=DIRECTION('center_axis',(1.,-1.73085254842565E-16,-3.89412509092038E-17));
#5469=DIRECTION('ref_axis',(5.32835501905409E-16,0.734809894969973,0.678273114795373));
#5470=DIRECTION('',(1.,-3.14305809786218E-16,-4.4065496590863E-16));
#5471=DIRECTION('center_axis',(-1.,1.91018793763088E-16,8.53556908174906E-17));
#5472=DIRECTION('ref_axis',(-1.98256970058635E-16,-0.734809894969973,-0.678273114795373));
#5473=DIRECTION('center_axis',(-1.,1.91018793763088E-16,8.53556908174906E-17));
#5474=DIRECTION('ref_axis',(8.53556908174906E-17,0.,1.));
#5475=DIRECTION('center_axis',(-1.,1.73085254842565E-16,3.89412509092038E-17));
#5476=DIRECTION('ref_axis',(-1.53662237032051E-16,-0.735304102347712,-0.677737321586044));
#5477=DIRECTION('',(-1.,4.64181358604805E-16,7.63062285297965E-16));
#5478=DIRECTION('center_axis',(-1.,1.73085254842565E-16,3.89412509092038E-17));
#5479=DIRECTION('ref_axis',(-1.53662237032051E-16,-0.735304102347712,-0.677737321586044));
#5480=DIRECTION('center_axis',(-1.,1.73085254842565E-16,3.89412509092038E-17));
#5481=DIRECTION('ref_axis',(3.89412509092038E-17,0.,1.));
#5482=DIRECTION('center_axis',(-1.,1.73085254842565E-16,3.89412509092038E-17));
#5483=DIRECTION('ref_axis',(3.89412509092038E-17,0.,1.));
#5484=DIRECTION('center_axis',(1.,-1.92114603202137E-16,-9.03133336335061E-17));
#5485=DIRECTION('ref_axis',(2.65595847606507E-16,0.734650992622848,0.678445221840543));
#5486=DIRECTION('',(1.,-1.89314332239569E-16,-1.69520795025655E-16));
#5487=DIRECTION('center_axis',(-1.,2.70417908419066E-16,3.01899638228719E-16));
#5488=DIRECTION('ref_axis',(-4.03485151874724E-16,-0.734650992622848,-0.678445221840543));
#5489=DIRECTION('center_axis',(-1.,2.70417908419066E-16,3.01899638228719E-16));
#5490=DIRECTION('ref_axis',(3.01899638228719E-16,0.,1.));
#5491=DIRECTION('center_axis',(-1.,1.92114603202137E-16,9.03133336335061E-17));
#5492=DIRECTION('ref_axis',(-2.02471372695713E-16,-0.735304102347711,-0.677737321586045));
#5493=DIRECTION('',(-1.,3.06630055809322E-16,4.22912569260144E-16));
#5494=DIRECTION('center_axis',(-1.,1.92114603202137E-16,9.03133336335061E-17));
#5495=DIRECTION('ref_axis',(-2.02471372695713E-16,-0.735304102347711,-0.677737321586045));
#5496=DIRECTION('center_axis',(-1.,1.92114603202137E-16,9.03133336335061E-17));
#5497=DIRECTION('ref_axis',(9.03133336335061E-17,0.,1.));
#5498=DIRECTION('center_axis',(-1.,1.92114603202137E-16,9.03133336335061E-17));
#5499=DIRECTION('ref_axis',(9.03133336335061E-17,0.,1.));
#5500=DIRECTION('axis',(0.,0.,1.));
#5501=DIRECTION('refdir',(1.,0.,0.));
#5502=DIRECTION('center_axis',(-9.75980313396678E-33,1.,-2.21636515852716E-16));
#5503=DIRECTION('ref_axis',(1.,2.42501281681948E-32,-6.12323399573677E-17));
#5504=DIRECTION('center_axis',(6.12323399573675E-18,1.,-2.22044604925031E-16));
#5505=DIRECTION('ref_axis',(1.,2.42501281681948E-32,-6.12323399573677E-17));
#5506=DIRECTION('',(-9.75980313396678E-33,1.,-2.21636515852716E-16));
#5507=DIRECTION('center_axis',(-6.12323399573675E-18,-1.,2.22044604925031E-16));
#5508=DIRECTION('ref_axis',(1.,2.42501281681948E-32,-6.12323399573677E-17));
#5509=DIRECTION('center_axis',(-9.75980313396678E-33,1.,-2.21636515852716E-16));
#5510=DIRECTION('ref_axis',(1.,2.42501281681948E-32,-6.12323399573677E-17));
#5511=DIRECTION('center_axis',(6.12323399573675E-18,1.,-2.22044604925031E-16));
#5512=DIRECTION('ref_axis',(1.,2.42501281681948E-32,-6.12323399573677E-17));
#5513=DIRECTION('',(-9.75980313396678E-33,1.,-2.21636515852716E-16));
#5514=DIRECTION('center_axis',(-6.12323399573675E-18,-1.,2.22044604925031E-16));
#5515=DIRECTION('ref_axis',(1.,2.42501281681948E-32,-6.12323399573677E-17));
#5516=DIRECTION('center_axis',(-9.75980313396678E-33,1.,-2.21636515852716E-16));
#5517=DIRECTION('ref_axis',(1.,2.42501281681948E-32,-6.12323399573677E-17));
#5518=DIRECTION('center_axis',(6.12323399573675E-18,1.,-2.22044604925031E-16));
#5519=DIRECTION('ref_axis',(1.,2.42501281681948E-32,-6.12323399573677E-17));
#5520=DIRECTION('',(-9.75980313396678E-33,1.,-2.21636515852716E-16));
#5521=DIRECTION('center_axis',(-6.12323399573675E-18,-1.,2.22044604925031E-16));
#5522=DIRECTION('ref_axis',(1.,2.42501281681948E-32,-6.12323399573677E-17));
#5523=DIRECTION('center_axis',(-9.75980313396678E-33,1.,-2.21636515852716E-16));
#5524=DIRECTION('ref_axis',(1.,2.42501281681948E-32,-6.12323399573677E-17));
#5525=DIRECTION('center_axis',(6.12323399573675E-18,1.,-2.22044604925031E-16));
#5526=DIRECTION('ref_axis',(1.,2.42501281681948E-32,-6.12323399573677E-17));
#5527=DIRECTION('',(-9.75980313396678E-33,1.,-2.21636515852716E-16));
#5528=DIRECTION('center_axis',(-6.12323399573675E-18,-1.,2.22044604925031E-16));
#5529=DIRECTION('ref_axis',(1.,2.42501281681948E-32,-6.12323399573677E-17));
#5530=DIRECTION('center_axis',(-1.,6.12323399573677E-16,1.22464679914735E-16));
#5531=DIRECTION('ref_axis',(1.22464679914735E-16,0.,1.));
#5532=DIRECTION('',(6.12323399573677E-16,1.,-2.22044604925031E-16));
#5533=DIRECTION('',(-1.22464679914735E-16,-2.22044604925031E-16,-1.));
#5534=DIRECTION('',(-6.12323399573677E-16,-1.,2.22044604925031E-16));
#5535=DIRECTION('',(1.22464679914735E-16,2.22044604925031E-16,1.));
#5536=DIRECTION('center_axis',(-1.,6.12323399573677E-16,1.22464679914735E-16));
#5537=DIRECTION('ref_axis',(1.22464679914735E-16,0.,1.));
#5538=DIRECTION('',(-6.12323399573677E-16,-1.,2.22044604925031E-16));
#5539=DIRECTION('',(-1.22464679914735E-16,-2.22044604925031E-16,-1.));
#5540=DIRECTION('',(6.12323399573677E-16,1.,-2.22044604925031E-16));
#5541=DIRECTION('',(1.22464679914735E-16,2.22044604925031E-16,1.));
#5542=DIRECTION('center_axis',(6.12323399573675E-18,1.,-2.22044604925031E-16));
#5543=DIRECTION('ref_axis',(0.,2.22044604925031E-16,1.));
#5544=DIRECTION('',(1.,-6.12323399573678E-18,-1.22464679914735E-16));
#5545=DIRECTION('',(1.,-6.12323399573678E-18,-1.22464679914735E-16));
#5546=DIRECTION('center_axis',(1.22464679914735E-16,2.22044604925031E-16,
1.));
#5547=DIRECTION('ref_axis',(1.,0.,-1.22464679914735E-16));
#5548=DIRECTION('',(1.,-6.12323399573678E-18,-1.22464679914735E-16));
#5549=DIRECTION('center_axis',(-6.12323399573675E-18,-1.,2.22044604925031E-16));
#5550=DIRECTION('ref_axis',(0.,-2.22044604925031E-16,-1.));
#5551=DIRECTION('',(1.,-6.12323399573678E-18,-1.22464679914735E-16));
#5552=DIRECTION('center_axis',(-1.22464679914735E-16,-2.22044604925031E-16,
-1.));
#5553=DIRECTION('ref_axis',(-1.,0.,1.22464679914735E-16));
#5554=DIRECTION('axis',(0.,0.,1.));
#5555=DIRECTION('refdir',(1.,0.,0.));
#5556=DIRECTION('center_axis',(0.,-2.45077763109552E-16,-1.));
#5557=DIRECTION('ref_axis',(1.,0.,0.));
#5558=DIRECTION('center_axis',(-6.08141467403631E-17,-2.83046575075623E-16,
-1.));
#5559=DIRECTION('ref_axis',(1.,0.,0.));
#5560=DIRECTION('',(0.,-2.45077763109552E-16,-1.));
#5561=DIRECTION('center_axis',(6.12323399573676E-17,2.83276944882399E-16,
1.));
#5562=DIRECTION('ref_axis',(1.,0.,0.));
#5563=DIRECTION('center_axis',(-6.12323399573676E-17,-2.83276944882399E-16,
-1.));
#5564=DIRECTION('ref_axis',(-1.,0.,6.12323399573676E-17));
#5565=DIRECTION('',(1.,1.78680294408515E-17,-6.12323399573676E-17));
#5566=DIRECTION('',(-1.52259255974218E-16,1.,-2.83276944882399E-16));
#5567=DIRECTION('',(-1.,1.97373255242839E-16,6.12323399573676E-17));
#5568=DIRECTION('',(1.52259255974218E-16,-1.,2.83276944882399E-16));
#5569=DIRECTION('center_axis',(1.,1.52259255974218E-16,-6.12323399573677E-17));
#5570=DIRECTION('ref_axis',(-6.12323399573677E-17,0.,-1.));
#5571=DIRECTION('',(6.12323399573676E-17,2.83276944882399E-16,1.));
#5572=DIRECTION('',(1.52259255974218E-16,-1.,2.83276944882399E-16));
#5573=DIRECTION('',(6.12323399573677E-17,2.83276944882399E-16,1.));
#5574=DIRECTION('center_axis',(1.,1.52259255974218E-16,-6.12323399573677E-17));
#5575=DIRECTION('ref_axis',(-6.12323399573677E-17,0.,-1.));
#5576=DIRECTION('',(-6.12323399573676E-17,-2.83276944882399E-16,-1.));
#5577=DIRECTION('',(-6.12323399573677E-17,-2.83276944882399E-16,-1.));
#5578=DIRECTION('',(-1.52259255974218E-16,1.,-2.83276944882399E-16));
#5579=DIRECTION('center_axis',(6.12323399573676E-17,2.83276944882399E-16,
1.));
#5580=DIRECTION('ref_axis',(1.,0.,-6.12323399573676E-17));
#5581=DIRECTION('',(-1.,-1.78680294408515E-17,6.12323399573676E-17));
#5582=DIRECTION('',(-1.,1.97373255242839E-16,6.12323399573676E-17));
#5583=DIRECTION('center_axis',(1.97373255242839E-16,1.,-2.83276944882399E-16));
#5584=DIRECTION('ref_axis',(0.,2.83276944882399E-16,1.));
#5585=DIRECTION('center_axis',(1.97373255242839E-16,1.,-2.83276944882399E-16));
#5586=DIRECTION('ref_axis',(6.16534089126029E-17,2.83507502185695E-16,1.));
#5587=DIRECTION('',(6.16534089126029E-17,2.83276944882399E-16,1.));
#5588=DIRECTION('',(1.,-1.97373255242839E-16,-6.0814146740363E-17));
#5589=DIRECTION('',(-6.16534089126029E-17,-2.83276944882399E-16,-1.));
#5590=DIRECTION('center_axis',(1.97373255242839E-16,1.,-2.83276944882399E-16));
#5591=DIRECTION('ref_axis',(6.16534089126029E-17,2.83507502185695E-16,1.));
#5592=DIRECTION('',(-6.16534089126029E-17,-2.83276944882399E-16,-1.));
#5593=DIRECTION('',(-1.,1.97373255242839E-16,6.0814146740363E-17));
#5594=DIRECTION('',(6.16534089126029E-17,2.83276944882399E-16,1.));
#5595=DIRECTION('',(-2.87215324063082E-16,1.,-2.83046575075623E-16));
#5596=DIRECTION('center_axis',(1.78680294408515E-17,-1.,2.83276944882399E-16));
#5597=DIRECTION('ref_axis',(6.16534089126029E-17,2.83507502185695E-16,1.));
#5598=DIRECTION('',(2.87215324063082E-16,-1.,2.83046575075623E-16));
#5599=DIRECTION('center_axis',(1.,2.34077787846435E-16,-6.1653408912603E-17));
#5600=DIRECTION('ref_axis',(-6.1653408912603E-17,0.,-1.));
#5601=DIRECTION('',(6.16534089126029E-17,2.83276944882399E-16,1.));
#5602=DIRECTION('',(-2.34077787846435E-16,1.,-2.83046575075623E-16));
#5603=DIRECTION('center_axis',(6.08141467403631E-17,2.83046575075623E-16,
1.));
#5604=DIRECTION('ref_axis',(1.,0.,-6.08141467403631E-17));
#5605=DIRECTION('',(1.,1.78680294408515E-17,-6.08141467403631E-17));
#5606=DIRECTION('',(2.34077787846435E-16,-1.,2.83046575075623E-16));
#5607=DIRECTION('center_axis',(1.,2.34077787846435E-16,-6.1653408912603E-17));
#5608=DIRECTION('ref_axis',(-6.1653408912603E-17,0.,-1.));
#5609=DIRECTION('',(-6.16534089126029E-17,-2.83276944882399E-16,-1.));
#5610=DIRECTION('',(-2.87215324063082E-16,1.,-2.83046575075623E-16));
#5611=DIRECTION('center_axis',(1.,2.34077787846435E-16,-6.1653408912603E-17));
#5612=DIRECTION('ref_axis',(-6.1653408912603E-17,0.,-1.));
#5613=DIRECTION('',(2.34077787846435E-16,-1.,2.83046575075623E-16));
#5614=DIRECTION('',(6.16534089126029E-17,2.83276944882399E-16,1.));
#5615=DIRECTION('center_axis',(1.78680294408515E-17,-1.,2.83276944882399E-16));
#5616=DIRECTION('ref_axis',(6.16534089126029E-17,2.83507502185695E-16,1.));
#5617=DIRECTION('',(2.87215324063082E-16,-1.,2.83046575075623E-16));
#5618=DIRECTION('center_axis',(1.,2.34077787846435E-16,-6.1653408912603E-17));
#5619=DIRECTION('ref_axis',(-6.1653408912603E-17,0.,-1.));
#5620=DIRECTION('',(-6.16534089126029E-17,-2.83276944882399E-16,-1.));
#5621=DIRECTION('',(-2.34077787846435E-16,1.,-2.83046575075623E-16));
#5622=DIRECTION('center_axis',(-6.08141467403631E-17,-2.83046575075623E-16,
-1.));
#5623=DIRECTION('ref_axis',(-1.,0.,6.08141467403631E-17));
#5624=DIRECTION('',(-1.,-1.78680294408515E-17,6.08141467403631E-17));
#5625=DIRECTION('center_axis',(1.78680294408515E-17,-1.,2.83276944882399E-16));
#5626=DIRECTION('ref_axis',(6.12323399573677E-17,2.83276944882399E-16,1.));
#5627=DIRECTION('',(1.44731038470897E-15,-1.,2.83276944882399E-16));
#5628=DIRECTION('center_axis',(1.78680294408515E-17,-1.,2.83276944882399E-16));
#5629=DIRECTION('ref_axis',(6.12323399573677E-17,2.83276944882399E-16,1.));
#5630=DIRECTION('center_axis',(1.78680294408515E-17,-1.,2.83276944882399E-16));
#5631=DIRECTION('ref_axis',(0.,-2.83276944882399E-16,-1.));
#5632=DIRECTION('center_axis',(1.78680294408515E-17,-1.,2.83276944882399E-16));
#5633=DIRECTION('ref_axis',(0.,-2.83276944882399E-16,-1.));
#5634=DIRECTION('axis',(0.,0.,1.));
#5635=DIRECTION('refdir',(1.,0.,0.));
#5636=DIRECTION('center_axis',(0.,-2.45077763109552E-16,-1.));
#5637=DIRECTION('ref_axis',(1.,0.,0.));
#5638=DIRECTION('center_axis',(-6.08141467403631E-17,-2.83046575075623E-16,
-1.));
#5639=DIRECTION('ref_axis',(1.,0.,0.));
#5640=DIRECTION('',(0.,-2.45077763109552E-16,-1.));
#5641=DIRECTION('center_axis',(6.12323399573676E-17,2.83276944882399E-16,
1.));
#5642=DIRECTION('ref_axis',(1.,0.,0.));
#5643=DIRECTION('center_axis',(-6.12323399573676E-17,-2.83276944882399E-16,
-1.));
#5644=DIRECTION('ref_axis',(-1.,0.,6.12323399573676E-17));
#5645=DIRECTION('',(1.,1.78680294408515E-17,-6.12323399573676E-17));
#5646=DIRECTION('',(-1.52259255974218E-16,1.,-2.83276944882399E-16));
#5647=DIRECTION('',(-1.,1.97373255242839E-16,6.12323399573676E-17));
#5648=DIRECTION('',(1.52259255974218E-16,-1.,2.83276944882399E-16));
#5649=DIRECTION('center_axis',(1.,1.52259255974218E-16,-6.12323399573677E-17));
#5650=DIRECTION('ref_axis',(-6.12323399573677E-17,0.,-1.));
#5651=DIRECTION('',(6.12323399573676E-17,2.83276944882399E-16,1.));
#5652=DIRECTION('',(1.52259255974218E-16,-1.,2.83276944882399E-16));
#5653=DIRECTION('',(6.12323399573677E-17,2.83276944882399E-16,1.));
#5654=DIRECTION('center_axis',(1.,1.52259255974218E-16,-6.12323399573677E-17));
#5655=DIRECTION('ref_axis',(-6.12323399573677E-17,0.,-1.));
#5656=DIRECTION('',(-6.12323399573676E-17,-2.83276944882399E-16,-1.));
#5657=DIRECTION('',(-6.12323399573677E-17,-2.83276944882399E-16,-1.));
#5658=DIRECTION('',(-1.52259255974218E-16,1.,-2.83276944882399E-16));
#5659=DIRECTION('center_axis',(6.12323399573676E-17,2.83276944882399E-16,
1.));
#5660=DIRECTION('ref_axis',(1.,0.,-6.12323399573676E-17));
#5661=DIRECTION('',(-1.,-1.78680294408515E-17,6.12323399573676E-17));
#5662=DIRECTION('',(-1.,1.97373255242839E-16,6.12323399573676E-17));
#5663=DIRECTION('center_axis',(1.97373255242839E-16,1.,-2.83276944882399E-16));
#5664=DIRECTION('ref_axis',(0.,2.83276944882399E-16,1.));
#5665=DIRECTION('center_axis',(1.97373255242839E-16,1.,-2.83276944882399E-16));
#5666=DIRECTION('ref_axis',(6.16534089126029E-17,2.83507502185695E-16,1.));
#5667=DIRECTION('',(6.16534089126029E-17,2.83276944882399E-16,1.));
#5668=DIRECTION('',(1.,-1.97373255242839E-16,-6.0814146740363E-17));
#5669=DIRECTION('',(-6.16534089126029E-17,-2.83276944882399E-16,-1.));
#5670=DIRECTION('center_axis',(1.97373255242839E-16,1.,-2.83276944882399E-16));
#5671=DIRECTION('ref_axis',(6.16534089126029E-17,2.83507502185695E-16,1.));
#5672=DIRECTION('',(-6.16534089126029E-17,-2.83276944882399E-16,-1.));
#5673=DIRECTION('',(-1.,1.97373255242839E-16,6.0814146740363E-17));
#5674=DIRECTION('',(6.16534089126029E-17,2.83276944882399E-16,1.));
#5675=DIRECTION('',(-2.87215324063082E-16,1.,-2.83046575075623E-16));
#5676=DIRECTION('center_axis',(1.78680294408515E-17,-1.,2.83276944882399E-16));
#5677=DIRECTION('ref_axis',(6.16534089126029E-17,2.83507502185695E-16,1.));
#5678=DIRECTION('',(2.87215324063082E-16,-1.,2.83046575075623E-16));
#5679=DIRECTION('center_axis',(1.,2.34077787846435E-16,-6.1653408912603E-17));
#5680=DIRECTION('ref_axis',(-6.1653408912603E-17,0.,-1.));
#5681=DIRECTION('',(6.16534089126029E-17,2.83276944882399E-16,1.));
#5682=DIRECTION('',(-2.34077787846435E-16,1.,-2.83046575075623E-16));
#5683=DIRECTION('center_axis',(6.08141467403631E-17,2.83046575075623E-16,
1.));
#5684=DIRECTION('ref_axis',(1.,0.,-6.08141467403631E-17));
#5685=DIRECTION('',(1.,1.78680294408515E-17,-6.08141467403631E-17));
#5686=DIRECTION('',(2.34077787846435E-16,-1.,2.83046575075623E-16));
#5687=DIRECTION('center_axis',(1.,2.34077787846435E-16,-6.1653408912603E-17));
#5688=DIRECTION('ref_axis',(-6.1653408912603E-17,0.,-1.));
#5689=DIRECTION('',(-6.16534089126029E-17,-2.83276944882399E-16,-1.));
#5690=DIRECTION('',(-2.87215324063082E-16,1.,-2.83046575075623E-16));
#5691=DIRECTION('center_axis',(1.,2.34077787846435E-16,-6.1653408912603E-17));
#5692=DIRECTION('ref_axis',(-6.1653408912603E-17,0.,-1.));
#5693=DIRECTION('',(2.34077787846435E-16,-1.,2.83046575075623E-16));
#5694=DIRECTION('',(6.16534089126029E-17,2.83276944882399E-16,1.));
#5695=DIRECTION('center_axis',(1.78680294408515E-17,-1.,2.83276944882399E-16));
#5696=DIRECTION('ref_axis',(6.16534089126029E-17,2.83507502185695E-16,1.));
#5697=DIRECTION('',(2.87215324063082E-16,-1.,2.83046575075623E-16));
#5698=DIRECTION('center_axis',(1.,2.34077787846435E-16,-6.1653408912603E-17));
#5699=DIRECTION('ref_axis',(-6.1653408912603E-17,0.,-1.));
#5700=DIRECTION('',(-6.16534089126029E-17,-2.83276944882399E-16,-1.));
#5701=DIRECTION('',(-2.34077787846435E-16,1.,-2.83046575075623E-16));
#5702=DIRECTION('center_axis',(-6.08141467403631E-17,-2.83046575075623E-16,
-1.));
#5703=DIRECTION('ref_axis',(-1.,0.,6.08141467403631E-17));
#5704=DIRECTION('',(-1.,-1.78680294408515E-17,6.08141467403631E-17));
#5705=DIRECTION('center_axis',(1.78680294408515E-17,-1.,2.83276944882399E-16));
#5706=DIRECTION('ref_axis',(6.12323399573677E-17,2.83276944882399E-16,1.));
#5707=DIRECTION('',(1.44731038470897E-15,-1.,2.83276944882399E-16));
#5708=DIRECTION('center_axis',(1.78680294408515E-17,-1.,2.83276944882399E-16));
#5709=DIRECTION('ref_axis',(6.12323399573677E-17,2.83276944882399E-16,1.));
#5710=DIRECTION('center_axis',(1.78680294408515E-17,-1.,2.83276944882399E-16));
#5711=DIRECTION('ref_axis',(0.,-2.83276944882399E-16,-1.));
#5712=DIRECTION('center_axis',(1.78680294408515E-17,-1.,2.83276944882399E-16));
#5713=DIRECTION('ref_axis',(0.,-2.83276944882399E-16,-1.));
#5714=DIRECTION('axis',(0.,0.,1.));
#5715=DIRECTION('refdir',(1.,0.,0.));
#5716=DIRECTION('center_axis',(-6.13341532471732E-17,-1.,2.22419232896488E-16));
#5717=DIRECTION('ref_axis',(0.,-2.22419232896488E-16,-1.));
#5718=DIRECTION('',(-1.,6.13341532471732E-17,-1.68846862806392E-32));
#5719=DIRECTION('',(-2.00975396458448E-18,-2.22419232896488E-16,-1.));
#5720=DIRECTION('',(1.,-6.13341532471732E-17,1.62367774967133E-32));
#5721=DIRECTION('',(2.00975396458448E-18,2.22419232896488E-16,1.));
#5722=DIRECTION('center_axis',(0.888742391355287,-0.458406982721779,1.00172375906851E-16));
#5723=DIRECTION('ref_axis',(1.12712499011208E-16,0.,-1.));
#5724=DIRECTION('',(0.458406982721779,0.888742391355287,-2.44661997726865E-16));
#5725=DIRECTION('',(-0.458406982721779,-0.888742391355287,2.35273688415969E-16));
#5726=DIRECTION('',(-2.00975396458448E-18,-2.22419232896488E-16,-1.));
#5727=DIRECTION('center_axis',(6.13341532471732E-17,1.,-2.22419232896488E-16));
#5728=DIRECTION('ref_axis',(0.,2.22419232896488E-16,1.));
#5729=DIRECTION('',(1.,-6.13341532471732E-17,1.68846862806392E-32));
#5730=DIRECTION('',(-1.,6.13341532471732E-17,-1.62367774967133E-32));
#5731=DIRECTION('',(2.00975396458448E-18,2.22419232896488E-16,1.));
#5732=DIRECTION('center_axis',(0.888742391355287,-0.458406982721779,1.00172375906851E-16));
#5733=DIRECTION('ref_axis',(1.12712499011208E-16,0.,-1.));
#5734=DIRECTION('',(-0.458406982721779,-0.888742391355287,2.44661997726865E-16));
#5735=DIRECTION('',(0.458406982721779,0.888742391355287,-2.35273688415969E-16));
#5736=DIRECTION('center_axis',(-6.13341532471732E-17,-1.,2.22419232896488E-16));
#5737=DIRECTION('ref_axis',(0.,-2.22419232896488E-16,-1.));
#5738=DIRECTION('',(-1.,6.13341532471732E-17,-1.68846862806392E-32));
#5739=DIRECTION('',(-2.00975396458448E-18,-2.22419232896488E-16,-1.));
#5740=DIRECTION('',(1.,-6.13341532471732E-17,1.62367774967133E-32));
#5741=DIRECTION('',(2.00975396458448E-18,2.22419232896488E-16,1.));
#5742=DIRECTION('center_axis',(0.888742391355287,-0.458406982721779,1.00172375906851E-16));
#5743=DIRECTION('ref_axis',(1.12712499011208E-16,0.,-1.));
#5744=DIRECTION('',(0.458406982721779,0.888742391355287,-2.44661997726865E-16));
#5745=DIRECTION('',(-0.458406982721779,-0.888742391355287,2.35273688415969E-16));
#5746=DIRECTION('',(-2.00975396458448E-18,-2.22419232896488E-16,-1.));
#5747=DIRECTION('center_axis',(6.13341532471732E-17,1.,-2.22419232896488E-16));
#5748=DIRECTION('ref_axis',(0.,2.22419232896488E-16,1.));
#5749=DIRECTION('',(1.,-6.13341532471732E-17,1.68846862806392E-32));
#5750=DIRECTION('',(-1.,6.13341532471732E-17,-1.62367774967133E-32));
#5751=DIRECTION('',(2.00975396458448E-18,2.22419232896488E-16,1.));
#5752=DIRECTION('center_axis',(0.888742391355287,-0.458406982721779,1.00172375906851E-16));
#5753=DIRECTION('ref_axis',(1.12712499011208E-16,0.,-1.));
#5754=DIRECTION('',(-0.458406982721779,-0.888742391355287,2.44661997726865E-16));
#5755=DIRECTION('',(0.458406982721779,0.888742391355287,-2.35273688415969E-16));
#5756=DIRECTION('center_axis',(-6.13341532471732E-17,-1.,2.22419232896488E-16));
#5757=DIRECTION('ref_axis',(0.,-2.22419232896488E-16,-1.));
#5758=DIRECTION('',(-1.,6.13341532471732E-17,-1.68846862806392E-32));
#5759=DIRECTION('',(-2.00975396458448E-18,-2.22419232896488E-16,-1.));
#5760=DIRECTION('',(1.,-6.13341532471732E-17,1.62367774967133E-32));
#5761=DIRECTION('',(2.00975396458448E-18,2.22419232896488E-16,1.));
#5762=DIRECTION('center_axis',(0.888742391355287,-0.458406982721779,1.00172375906851E-16));
#5763=DIRECTION('ref_axis',(1.12712499011208E-16,0.,-1.));
#5764=DIRECTION('',(0.458406982721779,0.888742391355287,-2.44661997726865E-16));
#5765=DIRECTION('',(-0.458406982721779,-0.888742391355287,2.35273688415969E-16));
#5766=DIRECTION('',(-2.00975396458448E-18,-2.22419232896488E-16,-1.));
#5767=DIRECTION('center_axis',(6.13341532471732E-17,1.,-2.22419232896488E-16));
#5768=DIRECTION('ref_axis',(0.,2.22419232896488E-16,1.));
#5769=DIRECTION('',(1.,-6.13341532471732E-17,1.68846862806392E-32));
#5770=DIRECTION('',(-1.,6.13341532471732E-17,-1.62367774967133E-32));
#5771=DIRECTION('',(2.00975396458448E-18,2.22419232896488E-16,1.));
#5772=DIRECTION('center_axis',(0.888742391355287,-0.458406982721779,1.00172375906851E-16));
#5773=DIRECTION('ref_axis',(1.12712499011208E-16,0.,-1.));
#5774=DIRECTION('',(-0.458406982721779,-0.888742391355287,2.44661997726865E-16));
#5775=DIRECTION('',(0.458406982721779,0.888742391355287,-2.35273688415969E-16));
#5776=DIRECTION('center_axis',(-6.13341532471732E-17,-1.,2.22419232896488E-16));
#5777=DIRECTION('ref_axis',(0.,-2.22419232896488E-16,-1.));
#5778=DIRECTION('',(-1.,6.13341532471732E-17,-1.68846862806392E-32));
#5779=DIRECTION('',(-2.00975396458448E-18,-2.22419232896488E-16,-1.));
#5780=DIRECTION('',(1.,-6.13341532471732E-17,1.62367774967133E-32));
#5781=DIRECTION('',(2.00975396458448E-18,2.22419232896488E-16,1.));
#5782=DIRECTION('center_axis',(0.888742391355287,-0.458406982721779,1.00172375906851E-16));
#5783=DIRECTION('ref_axis',(1.12712499011208E-16,0.,-1.));
#5784=DIRECTION('',(0.458406982721779,0.888742391355287,-2.44661997726865E-16));
#5785=DIRECTION('',(-0.458406982721779,-0.888742391355287,2.35273688415969E-16));
#5786=DIRECTION('',(-2.00975396458448E-18,-2.22419232896488E-16,-1.));
#5787=DIRECTION('center_axis',(6.13341532471732E-17,1.,-2.22419232896488E-16));
#5788=DIRECTION('ref_axis',(0.,2.22419232896488E-16,1.));
#5789=DIRECTION('',(1.,-6.13341532471732E-17,1.68846862806392E-32));
#5790=DIRECTION('',(-1.,6.13341532471732E-17,-1.62367774967133E-32));
#5791=DIRECTION('',(2.00975396458448E-18,2.22419232896488E-16,1.));
#5792=DIRECTION('center_axis',(0.888742391355287,-0.458406982721779,1.00172375906851E-16));
#5793=DIRECTION('ref_axis',(1.12712499011208E-16,0.,-1.));
#5794=DIRECTION('',(-0.458406982721779,-0.888742391355287,2.44661997726865E-16));
#5795=DIRECTION('',(0.458406982721779,0.888742391355287,-2.35273688415969E-16));
#5796=DIRECTION('center_axis',(-6.13341532471732E-17,-1.,2.22419232896488E-16));
#5797=DIRECTION('ref_axis',(0.,-2.22419232896488E-16,-1.));
#5798=DIRECTION('',(-1.,6.13341532471732E-17,-1.68846862806392E-32));
#5799=DIRECTION('',(-2.00975396458448E-18,-2.22419232896488E-16,-1.));
#5800=DIRECTION('',(1.,-6.13341532471732E-17,1.62367774967133E-32));
#5801=DIRECTION('',(2.00975396458448E-18,2.22419232896488E-16,1.));
#5802=DIRECTION('center_axis',(0.888742391355287,-0.458406982721779,1.00172375906851E-16));
#5803=DIRECTION('ref_axis',(1.12712499011208E-16,0.,-1.));
#5804=DIRECTION('',(0.458406982721779,0.888742391355287,-2.44661997726865E-16));
#5805=DIRECTION('',(-0.458406982721779,-0.888742391355287,2.35273688415969E-16));
#5806=DIRECTION('',(-2.00975396458448E-18,-2.22419232896488E-16,-1.));
#5807=DIRECTION('center_axis',(6.13341532471732E-17,1.,-2.22419232896488E-16));
#5808=DIRECTION('ref_axis',(0.,2.22419232896488E-16,1.));
#5809=DIRECTION('',(1.,-6.13341532471732E-17,1.68846862806392E-32));
#5810=DIRECTION('',(-1.,6.13341532471732E-17,-1.62367774967133E-32));
#5811=DIRECTION('',(2.00975396458448E-18,2.22419232896488E-16,1.));
#5812=DIRECTION('center_axis',(0.888742391355287,-0.458406982721779,1.00172375906851E-16));
#5813=DIRECTION('ref_axis',(1.12712499011208E-16,0.,-1.));
#5814=DIRECTION('',(-0.458406982721779,-0.888742391355287,2.44661997726865E-16));
#5815=DIRECTION('',(0.458406982721779,0.888742391355287,-2.35273688415969E-16));
#5816=DIRECTION('center_axis',(-6.13341532471732E-17,-1.,2.22419232896488E-16));
#5817=DIRECTION('ref_axis',(0.,-2.22419232896488E-16,-1.));
#5818=DIRECTION('',(-1.,6.13341532471732E-17,-1.68846862806392E-32));
#5819=DIRECTION('',(-2.00975396458448E-18,-2.22419232896488E-16,-1.));
#5820=DIRECTION('',(1.,-6.13341532471732E-17,1.62367774967133E-32));
#5821=DIRECTION('',(2.00975396458448E-18,2.22419232896488E-16,1.));
#5822=DIRECTION('center_axis',(0.888742391355287,-0.458406982721779,1.00172375906851E-16));
#5823=DIRECTION('ref_axis',(1.12712499011208E-16,0.,-1.));
#5824=DIRECTION('',(0.458406982721779,0.888742391355287,-2.44661997726865E-16));
#5825=DIRECTION('',(-0.458406982721779,-0.888742391355287,2.35273688415969E-16));
#5826=DIRECTION('',(-2.00975396458448E-18,-2.22419232896488E-16,-1.));
#5827=DIRECTION('center_axis',(6.13341532471732E-17,1.,-2.22419232896488E-16));
#5828=DIRECTION('ref_axis',(0.,2.22419232896488E-16,1.));
#5829=DIRECTION('',(1.,-6.13341532471732E-17,1.68846862806392E-32));
#5830=DIRECTION('',(-1.,6.13341532471732E-17,-1.62367774967133E-32));
#5831=DIRECTION('',(2.00975396458448E-18,2.22419232896488E-16,1.));
#5832=DIRECTION('center_axis',(0.888742391355287,-0.458406982721779,1.00172375906851E-16));
#5833=DIRECTION('ref_axis',(1.12712499011208E-16,0.,-1.));
#5834=DIRECTION('',(-0.458406982721779,-0.888742391355287,2.44661997726865E-16));
#5835=DIRECTION('',(0.458406982721779,0.888742391355287,-2.35273688415969E-16));
#5836=DIRECTION('center_axis',(-6.13341532471732E-17,-1.,2.22419232896488E-16));
#5837=DIRECTION('ref_axis',(0.,-2.22419232896488E-16,-1.));
#5838=DIRECTION('',(-1.,6.13341532471732E-17,-1.68846862806392E-32));
#5839=DIRECTION('',(-2.00975396458448E-18,-2.22419232896488E-16,-1.));
#5840=DIRECTION('',(1.,-6.13341532471732E-17,1.62367774967133E-32));
#5841=DIRECTION('',(2.00975396458448E-18,2.22419232896488E-16,1.));
#5842=DIRECTION('center_axis',(0.888742391355287,-0.458406982721779,1.00172375906851E-16));
#5843=DIRECTION('ref_axis',(1.12712499011208E-16,0.,-1.));
#5844=DIRECTION('',(0.458406982721779,0.888742391355287,-2.44661997726865E-16));
#5845=DIRECTION('',(-0.458406982721779,-0.888742391355287,2.35273688415969E-16));
#5846=DIRECTION('',(-2.00975396458448E-18,-2.22419232896488E-16,-1.));
#5847=DIRECTION('center_axis',(6.13341532471732E-17,1.,-2.22419232896488E-16));
#5848=DIRECTION('ref_axis',(0.,2.22419232896488E-16,1.));
#5849=DIRECTION('',(1.,-6.13341532471732E-17,1.68846862806392E-32));
#5850=DIRECTION('',(-1.,6.13341532471732E-17,-1.62367774967133E-32));
#5851=DIRECTION('',(2.00975396458448E-18,2.22419232896488E-16,1.));
#5852=DIRECTION('center_axis',(0.888742391355287,-0.458406982721779,1.00172375906851E-16));
#5853=DIRECTION('ref_axis',(1.12712499011208E-16,0.,-1.));
#5854=DIRECTION('',(-0.458406982721779,-0.888742391355287,2.44661997726865E-16));
#5855=DIRECTION('',(0.458406982721779,0.888742391355287,-2.35273688415969E-16));
#5856=DIRECTION('center_axis',(-6.13341532471732E-17,-1.,2.22419232896488E-16));
#5857=DIRECTION('ref_axis',(0.,-2.22419232896488E-16,-1.));
#5858=DIRECTION('',(-1.,6.13341532471732E-17,-1.68846862806392E-32));
#5859=DIRECTION('',(-2.00975396458448E-18,-2.22419232896488E-16,-1.));
#5860=DIRECTION('',(1.,-6.13341532471732E-17,1.62367774967133E-32));
#5861=DIRECTION('',(2.00975396458448E-18,2.22419232896488E-16,1.));
#5862=DIRECTION('center_axis',(0.888742391355287,-0.458406982721779,1.00172375906851E-16));
#5863=DIRECTION('ref_axis',(1.12712499011208E-16,0.,-1.));
#5864=DIRECTION('',(0.458406982721779,0.888742391355287,-2.44661997726865E-16));
#5865=DIRECTION('',(-0.458406982721779,-0.888742391355287,2.35273688415969E-16));
#5866=DIRECTION('',(-2.00975396458448E-18,-2.22419232896488E-16,-1.));
#5867=DIRECTION('center_axis',(6.13341532471732E-17,1.,-2.22419232896488E-16));
#5868=DIRECTION('ref_axis',(0.,2.22419232896488E-16,1.));
#5869=DIRECTION('',(1.,-6.13341532471732E-17,1.68846862806392E-32));
#5870=DIRECTION('',(-1.,6.13341532471732E-17,-1.62367774967133E-32));
#5871=DIRECTION('',(2.00975396458448E-18,2.22419232896488E-16,1.));
#5872=DIRECTION('center_axis',(0.888742391355287,-0.458406982721779,1.00172375906851E-16));
#5873=DIRECTION('ref_axis',(1.12712499011208E-16,0.,-1.));
#5874=DIRECTION('',(-0.458406982721779,-0.888742391355287,2.44661997726865E-16));
#5875=DIRECTION('',(0.458406982721779,0.888742391355287,-2.35273688415969E-16));
#5876=DIRECTION('center_axis',(-6.13341532471732E-17,-1.,2.22419232896488E-16));
#5877=DIRECTION('ref_axis',(0.,-2.22419232896488E-16,-1.));
#5878=DIRECTION('',(-1.,6.13341532471732E-17,-1.68846862806392E-32));
#5879=DIRECTION('',(-2.00975396458448E-18,-2.22419232896488E-16,-1.));
#5880=DIRECTION('',(1.,-6.13341532471732E-17,1.62367774967133E-32));
#5881=DIRECTION('',(2.00975396458448E-18,2.22419232896488E-16,1.));
#5882=DIRECTION('center_axis',(0.888742391355287,-0.458406982721779,1.00172375906851E-16));
#5883=DIRECTION('ref_axis',(1.12712499011208E-16,0.,-1.));
#5884=DIRECTION('',(0.458406982721779,0.888742391355287,-2.44661997726865E-16));
#5885=DIRECTION('',(-0.458406982721779,-0.888742391355287,2.35273688415969E-16));
#5886=DIRECTION('',(-2.00975396458448E-18,-2.22419232896488E-16,-1.));
#5887=DIRECTION('center_axis',(6.13341532471732E-17,1.,-2.22419232896488E-16));
#5888=DIRECTION('ref_axis',(0.,2.22419232896488E-16,1.));
#5889=DIRECTION('',(1.,-6.13341532471732E-17,1.68846862806392E-32));
#5890=DIRECTION('',(-1.,6.13341532471732E-17,-1.62367774967133E-32));
#5891=DIRECTION('',(2.00975396458448E-18,2.22419232896488E-16,1.));
#5892=DIRECTION('center_axis',(0.888742391355287,-0.458406982721779,1.00172375906851E-16));
#5893=DIRECTION('ref_axis',(1.12712499011208E-16,0.,-1.));
#5894=DIRECTION('',(-0.458406982721779,-0.888742391355287,2.44661997726865E-16));
#5895=DIRECTION('',(0.458406982721779,0.888742391355287,-2.35273688415969E-16));
#5896=DIRECTION('center_axis',(0.888742391355287,-0.458406982721779,1.00172375906851E-16));
#5897=DIRECTION('ref_axis',(1.12712499011208E-16,0.,-1.));
#5898=DIRECTION('',(0.458406982721779,0.888742391355287,-2.44661997726865E-16));
#5899=DIRECTION('',(2.00975396458448E-18,2.22419232896488E-16,1.));
#5900=DIRECTION('',(-0.458406982721779,-0.888742391355287,1.93260084012652E-15));
#5901=DIRECTION('',(-3.44131332081062E-16,-8.85711811172994E-16,-1.));
#5902=DIRECTION('',(-0.458406982721779,-0.888742391355287,2.35273688415969E-16));
#5903=DIRECTION('',(-2.00975396458448E-18,-2.22419232896488E-16,-1.));
#5904=DIRECTION('center_axis',(-6.13341532471732E-17,-1.,2.22419232896488E-16));
#5905=DIRECTION('ref_axis',(0.,-2.22419232896488E-16,-1.));
#5906=DIRECTION('',(-1.,6.13341532471732E-17,-1.68846862806392E-32));
#5907=DIRECTION('',(-2.00975396458448E-18,-2.22419232896488E-16,-1.));
#5908=DIRECTION('',(1.,-6.13341532471732E-17,1.33373221809727E-31));
#5909=DIRECTION('center_axis',(6.13341532471732E-17,1.,-2.22419232896488E-16));
#5910=DIRECTION('ref_axis',(0.,2.22419232896488E-16,1.));
#5911=DIRECTION('',(1.,-6.13341532471732E-17,1.68846862806392E-32));
#5912=DIRECTION('',(-1.,6.13341532471732E-17,-1.62367774967133E-32));
#5913=DIRECTION('',(2.00975396458448E-18,2.22419232896488E-16,1.));
#5914=DIRECTION('center_axis',(0.888742391355287,-0.458406982721779,1.00172375906851E-16));
#5915=DIRECTION('ref_axis',(1.12712499011208E-16,0.,-1.));
#5916=DIRECTION('',(-0.458406982721779,-0.888742391355287,2.44661997726865E-16));
#5917=DIRECTION('',(0.458406982721779,0.888742391355287,-2.35273688415969E-16));
#5918=DIRECTION('',(3.44131332081062E-16,8.85711811172994E-16,1.));
#5919=DIRECTION('',(0.458406982721779,0.888742391355287,-1.93260084012652E-15));
#5920=DIRECTION('center_axis',(1.1903437559603E-62,-2.17453432954785E-15,
-1.));
#5921=DIRECTION('ref_axis',(-1.,0.,-1.1903437559603E-62));
#5922=DIRECTION('',(-1.0562578642646E-16,1.,-2.17453432954785E-15));
#5923=DIRECTION('',(1.,3.54970086709377E-17,-7.71894639512118E-32));
#5924=DIRECTION('',(5.47382212626882E-48,1.,-2.17453432954785E-15));
#5925=DIRECTION('',(1.,5.47382212626882E-48,4.23432192809499E-67));
#5926=DIRECTION('',(5.47382212626882E-48,1.,-2.17453432954785E-15));
#5927=DIRECTION('',(1.,5.47382212626882E-48,4.23432192809499E-67));
#5928=DIRECTION('',(-5.47382212626882E-48,-1.,2.17453432954785E-15));
#5929=DIRECTION('',(-1.,-3.54970086709377E-17,7.71894639512118E-32));
#5930=DIRECTION('',(-1.0695973834952E-16,1.,-2.17453432954785E-15));
#5931=DIRECTION('',(1.,5.46941526211911E-48,1.00063095720023E-65));
#5932=DIRECTION('',(5.47823254115488E-48,1.,-2.17453432954785E-15));
#5933=DIRECTION('',(-1.,-5.46941526211911E-48,-1.00063095720023E-65));
#5934=DIRECTION('',(-5.47823254115488E-48,-1.,2.17453432954785E-15));
#5935=DIRECTION('',(-1.,-3.50543065504002E-17,7.62267929923394E-32));
#5936=DIRECTION('',(1.0695973834952E-16,-1.,2.17453432954785E-15));
#5937=DIRECTION('',(1.,3.50543065504002E-17,-7.62267929923394E-32));
#5938=DIRECTION('',(-1.0695973834952E-16,1.,-2.17453432954785E-15));
#5939=DIRECTION('',(5.47382212626882E-48,1.,-2.17453432954785E-15));
#5940=DIRECTION('',(-1.,-5.47382212626882E-48,-4.23432192809499E-67));
#5941=DIRECTION('',(-5.47382212626882E-48,-1.,2.17453432954785E-15));
#5942=DIRECTION('',(1.,5.47382212626882E-48,4.23432192809499E-67));
#5943=DIRECTION('center_axis',(-1.1903437559603E-62,2.17453432954785E-15,
1.));
#5944=DIRECTION('ref_axis',(1.,5.47382212626882E-48,0.));
#5945=DIRECTION('center_axis',(-1.1903437559603E-62,2.17453432954785E-15,
1.));
#5946=DIRECTION('ref_axis',(1.,5.47382212626882E-48,0.));
#5947=DIRECTION('center_axis',(-1.1903437559603E-62,2.17453432954785E-15,
1.));
#5948=DIRECTION('ref_axis',(1.,5.47382212626882E-48,0.));
#5949=DIRECTION('center_axis',(-1.1903437559603E-62,2.17453432954785E-15,
1.));
#5950=DIRECTION('ref_axis',(1.,5.47382212626882E-48,0.));
#5951=DIRECTION('center_axis',(-1.,-1.06959738349519E-16,3.44131332081062E-16));
#5952=DIRECTION('ref_axis',(3.44131332081062E-16,0.,1.));
#5953=DIRECTION('',(-1.06959738349519E-16,1.,-2.22044604925031E-16));
#5954=DIRECTION('',(3.44131332081062E-16,3.09965934095355E-16,1.));
#5955=DIRECTION('center_axis',(-1.,-1.06959738349519E-16,3.44131332081062E-16));
#5956=DIRECTION('ref_axis',(3.44131332081062E-16,0.,1.));
#5957=DIRECTION('',(-3.44131332081062E-16,-2.22044604925031E-16,-1.));
#5958=DIRECTION('',(-1.06959738349519E-16,1.,-2.22044604925031E-16));
#5959=DIRECTION('center_axis',(1.18087498105291E-63,2.1573133978649E-16,
1.));
#5960=DIRECTION('ref_axis',(1.,5.47382212626882E-48,0.));
#5961=DIRECTION('',(1.18087498105291E-63,2.1573133978649E-16,1.));
#5962=DIRECTION('center_axis',(1.50688913867626E-63,-2.75290117931438E-16,
-1.));
#5963=DIRECTION('ref_axis',(1.,5.47382212626882E-48,0.));
#5964=DIRECTION('center_axis',(1.18087498105291E-63,2.1573133978649E-16,
1.));
#5965=DIRECTION('ref_axis',(1.,5.47382212626882E-48,0.));
#5966=DIRECTION('',(1.18087498105291E-63,2.1573133978649E-16,1.));
#5967=DIRECTION('center_axis',(1.50688913867626E-63,-2.75290117931438E-16,
-1.));
#5968=DIRECTION('ref_axis',(1.,5.47382212626882E-48,0.));
#5969=DIRECTION('center_axis',(1.18087498105291E-63,2.1573133978649E-16,
1.));
#5970=DIRECTION('ref_axis',(1.,5.47382212626882E-48,0.));
#5971=DIRECTION('',(1.18087498105291E-63,2.1573133978649E-16,1.));
#5972=DIRECTION('center_axis',(1.50688913867626E-63,-2.75290117931438E-16,
-1.));
#5973=DIRECTION('ref_axis',(1.,5.47382212626882E-48,0.));
#5974=DIRECTION('center_axis',(1.18087498105291E-63,2.1573133978649E-16,
1.));
#5975=DIRECTION('ref_axis',(1.,5.47382212626882E-48,0.));
#5976=DIRECTION('',(1.18087498105291E-63,2.1573133978649E-16,1.));
#5977=DIRECTION('center_axis',(1.50688913867626E-63,-2.75290117931438E-16,
-1.));
#5978=DIRECTION('ref_axis',(1.,5.47382212626882E-48,0.));
#5979=DIRECTION('center_axis',(-1.,5.47382212626882E-48,0.));
#5980=DIRECTION('ref_axis',(0.,0.,1.));
#5981=DIRECTION('',(1.32431552077828E-63,2.41936162745023E-16,1.));
#5982=DIRECTION('',(-5.47382212626882E-48,-1.,2.75290117931438E-16));
#5983=DIRECTION('',(-1.32431552077828E-63,-2.41936162745023E-16,-1.));
#5984=DIRECTION('center_axis',(5.47382212626882E-48,-1.,2.41936162745023E-16));
#5985=DIRECTION('ref_axis',(0.,-2.41936162745023E-16,-1.));
#5986=DIRECTION('',(-1.32431552077828E-63,-2.41936162745023E-16,-1.));
#5987=DIRECTION('',(-1.,-5.47382212626882E-48,0.));
#5988=DIRECTION('center_axis',(-1.,5.47382212626882E-48,0.));
#5989=DIRECTION('ref_axis',(0.,0.,1.));
#5990=DIRECTION('',(-1.60088384935439E-63,-2.92461795876004E-16,-1.));
#5991=DIRECTION('',(5.47382212626882E-48,1.,-2.3859388599459E-16));
#5992=DIRECTION('',(2.45557993947411E-63,4.48604262767292E-16,1.));
#5993=DIRECTION('center_axis',(5.47382212626882E-48,-1.,2.92461795876004E-16));
#5994=DIRECTION('ref_axis',(0.,-2.92461795876004E-16,-1.));
#5995=DIRECTION('',(1.60088384935439E-63,2.92461795876004E-16,1.));
#5996=DIRECTION('',(-1.,-5.47382212626882E-48,0.));
#5997=DIRECTION('center_axis',(-1.,5.47382212626882E-48,0.));
#5998=DIRECTION('ref_axis',(0.,0.,1.));
#5999=DIRECTION('',(-1.60088384935439E-63,-2.92461795876004E-16,-1.));
#6000=DIRECTION('',(5.47382212626882E-48,1.,-2.75290117931438E-16));
#6001=DIRECTION('center_axis',(-3.54970086709377E-17,1.,-2.22044604925031E-16));
#6002=DIRECTION('ref_axis',(0.,2.22044604925031E-16,1.));
#6003=DIRECTION('',(-3.39839486763392E-16,-2.22044604925031E-16,-1.));
#6004=DIRECTION('',(1.,3.54970086709377E-17,-1.10328540463725E-17));
#6005=DIRECTION('center_axis',(-1.,5.47823254115488E-48,5.85640665396877E-79));
#6006=DIRECTION('ref_axis',(5.85640665396877E-79,0.,1.));
#6007=DIRECTION('',(1.69806546681064E-63,3.09965934095355E-16,1.));
#6008=DIRECTION('',(5.47823254115488E-48,1.,-2.64726528974486E-16));
#6009=DIRECTION('',(-1.21641198028819E-63,-2.22044604925031E-16,-1.));
#6010=DIRECTION('center_axis',(5.46941526211911E-48,-1.,3.09965934095355E-16));
#6011=DIRECTION('ref_axis',(0.,-3.09965934095355E-16,-1.));
#6012=DIRECTION('',(-1.69806546681064E-63,-3.09965934095355E-16,-1.));
#6013=DIRECTION('',(-1.,-5.46941526211911E-48,0.));
#6014=DIRECTION('center_axis',(1.,-5.47823254115488E-48,-5.85640665396877E-79));
#6015=DIRECTION('ref_axis',(-5.85640665396877E-79,0.,-1.));
#6016=DIRECTION('',(1.69806546681064E-63,3.09965934095355E-16,1.));
#6017=DIRECTION('',(5.47823254115488E-48,1.,-2.64726528974486E-16));
#6018=DIRECTION('center_axis',(5.46941526211911E-48,-1.,3.09965934095355E-16));
#6019=DIRECTION('ref_axis',(0.,-3.09965934095355E-16,-1.));
#6020=DIRECTION('',(1.,5.46941526211911E-48,0.));
#6021=DIRECTION('center_axis',(1.,-5.47382212626882E-48,0.));
#6022=DIRECTION('ref_axis',(0.,0.,-1.));
#6023=DIRECTION('',(1.32431552077828E-63,2.41936162745023E-16,1.));
#6024=DIRECTION('',(5.47382212626882E-48,1.,-2.75290117931438E-16));
#6025=DIRECTION('center_axis',(5.47382212626882E-48,-1.,2.41936162745023E-16));
#6026=DIRECTION('ref_axis',(0.,-2.41936162745023E-16,-1.));
#6027=DIRECTION('',(1.,5.47382212626882E-48,0.));
#6028=DIRECTION('center_axis',(-1.,-1.05625786426459E-16,3.39839486763392E-16));
#6029=DIRECTION('ref_axis',(3.39839486763392E-16,0.,1.));
#6030=DIRECTION('',(3.39839486763392E-16,2.22044604925031E-16,1.));
#6031=DIRECTION('',(1.05625786426459E-16,-1.,2.22044604925031E-16));
#6032=DIRECTION('center_axis',(1.50688913867626E-63,-2.75290117931438E-16,
-1.));
#6033=DIRECTION('ref_axis',(-1.,0.,-1.50688913867626E-63));
#6034=DIRECTION('',(1.,5.47382212626882E-48,0.));
#6035=DIRECTION('',(5.47382212626882E-48,1.,-2.3859388599459E-16));
#6036=DIRECTION('',(-1.,-5.47382212626882E-48,0.));
#6037=DIRECTION('center_axis',(3.54970086709377E-17,-1.,2.22044604925031E-16));
#6038=DIRECTION('ref_axis',(0.,-2.22044604925031E-16,-1.));
#6039=DIRECTION('',(2.45557993947411E-63,4.48604262767292E-16,1.));
#6040=DIRECTION('center_axis',(1.,-5.47382212626882E-48,0.));
#6041=DIRECTION('ref_axis',(0.,0.,-1.));
#6042=DIRECTION('',(-2.45557993947411E-63,-4.48604262767292E-16,-1.));
#6043=DIRECTION('center_axis',(5.47382212626882E-48,-1.,4.48604262767292E-16));
#6044=DIRECTION('ref_axis',(0.,-4.48604262767292E-16,-1.));
#6045=DIRECTION('center_axis',(-3.50543065504002E-17,1.,-2.22044604925031E-16));
#6046=DIRECTION('ref_axis',(0.,2.22044604925031E-16,1.));
#6047=DIRECTION('',(1.,3.50543065504002E-17,-1.08952574413406E-17));
#6048=DIRECTION('',(-3.44131332081062E-16,-2.22044604925031E-16,-1.));
#6049=DIRECTION('center_axis',(-1.,-1.06959738349519E-16,3.44131332081062E-16));
#6050=DIRECTION('ref_axis',(3.44131332081062E-16,0.,1.));
#6051=DIRECTION('',(1.06959738349519E-16,-1.,2.22044604925031E-16));
#6052=DIRECTION('',(3.44131332081062E-16,2.22044604925031E-16,1.));
#6053=DIRECTION('center_axis',(3.50543065504002E-17,-1.,2.22044604925031E-16));
#6054=DIRECTION('ref_axis',(0.,-2.22044604925031E-16,-1.));
#6055=DIRECTION('',(1.,3.50543065504002E-17,-1.08952574413406E-17));
#6056=DIRECTION('center_axis',(1.44789931786087E-63,-2.64726528974485E-16,
-1.));
#6057=DIRECTION('ref_axis',(-1.,0.,-1.44789931786087E-63));
#6058=DIRECTION('axis',(0.,0.,1.));
#6059=DIRECTION('refdir',(1.,0.,0.));
#6060=DIRECTION('',(0.,2.22044604925031E-16,1.));
#6061=DIRECTION('',(0.,2.22044604925031E-16,1.));
#6062=DIRECTION('center_axis',(1.,0.,0.));
#6063=DIRECTION('ref_axis',(0.,0.,-1.));
#6064=DIRECTION('',(0.,-1.,2.22044604925031E-16));
#6065=DIRECTION('',(0.,1.,-2.22044604925031E-16));
#6066=DIRECTION('',(0.,2.22044604925031E-16,1.));
#6067=DIRECTION('center_axis',(0.,-1.,2.22044604925031E-16));
#6068=DIRECTION('ref_axis',(0.,-2.22044604925031E-16,-1.));
#6069=DIRECTION('',(-1.,0.,0.));
#6070=DIRECTION('',(1.,0.,0.));
#6071=DIRECTION('',(0.,2.22044604925031E-16,1.));
#6072=DIRECTION('center_axis',(-1.,0.,0.));
#6073=DIRECTION('ref_axis',(0.,0.,1.));
#6074=DIRECTION('',(0.,1.,-2.22044604925031E-16));
#6075=DIRECTION('',(0.,-1.,2.22044604925031E-16));
#6076=DIRECTION('',(0.,2.22044604925031E-16,1.));
#6077=DIRECTION('',(0.,2.22044604925031E-16,1.));
#6078=DIRECTION('center_axis',(-1.,0.,0.));
#6079=DIRECTION('ref_axis',(0.,0.,1.));
#6080=DIRECTION('',(0.,1.,-2.22044604925031E-16));
#6081=DIRECTION('',(0.,-1.,2.22044604925031E-16));
#6082=DIRECTION('',(0.,2.22044604925031E-16,1.));
#6083=DIRECTION('',(0.,2.22044604925031E-16,1.));
#6084=DIRECTION('center_axis',(-1.,0.,0.));
#6085=DIRECTION('ref_axis',(0.,0.,1.));
#6086=DIRECTION('',(0.,1.,-2.22044604925031E-16));
#6087=DIRECTION('',(0.,-1.,2.22044604925031E-16));
#6088=DIRECTION('',(0.,2.22044604925031E-16,1.));
#6089=DIRECTION('center_axis',(0.,1.,-2.22044604925031E-16));
#6090=DIRECTION('ref_axis',(0.,2.22044604925031E-16,1.));
#6091=DIRECTION('',(1.,0.,0.));
#6092=DIRECTION('',(-1.,0.,0.));
#6093=DIRECTION('',(0.,2.22044604925031E-16,1.));
#6094=DIRECTION('center_axis',(1.,0.,0.));
#6095=DIRECTION('ref_axis',(0.,0.,-1.));
#6096=DIRECTION('',(0.,-1.,2.22044604925031E-16));
#6097=DIRECTION('',(0.,1.,-2.22044604925031E-16));
#6098=DIRECTION('',(0.,2.22044604925031E-16,1.));
#6099=DIRECTION('',(0.,2.22044604925031E-16,1.));
#6100=DIRECTION('center_axis',(0.,1.,-2.22044604925031E-16));
#6101=DIRECTION('ref_axis',(0.,2.22044604925031E-16,1.));
#6102=DIRECTION('',(1.,0.,0.));
#6103=DIRECTION('',(-1.,0.,0.));
#6104=DIRECTION('',(0.,2.22044604925031E-16,1.));
#6105=DIRECTION('',(0.,2.22044604925031E-16,1.));
#6106=DIRECTION('center_axis',(1.,0.,0.));
#6107=DIRECTION('ref_axis',(0.,0.,-1.));
#6108=DIRECTION('',(0.,-1.,2.22044604925031E-16));
#6109=DIRECTION('',(0.,1.,-2.22044604925031E-16));
#6110=DIRECTION('',(0.,2.22044604925031E-16,1.));
#6111=DIRECTION('center_axis',(0.,-1.,2.22044604925031E-16));
#6112=DIRECTION('ref_axis',(0.,-2.22044604925031E-16,-1.));
#6113=DIRECTION('',(-1.,0.,0.));
#6114=DIRECTION('',(1.,0.,0.));
#6115=DIRECTION('center_axis',(0.,2.22044604925031E-16,1.));
#6116=DIRECTION('ref_axis',(1.,0.,0.));
#6117=DIRECTION('center_axis',(0.,2.22044604925031E-16,1.));
#6118=DIRECTION('ref_axis',(1.,0.,0.));
#6119=DIRECTION('axis',(0.,0.,1.));
#6120=DIRECTION('refdir',(1.,0.,0.));
#6121=DIRECTION('center_axis',(0.33965629144882,-0.93990802438537,0.0347348438203688));
#6122=DIRECTION('ref_axis',(0.,-0.0369303679122305,-0.999317841292683));
#6123=DIRECTION('center_axis',(-0.33965629144882,0.93990802438537,-0.0347348438203688));
#6124=DIRECTION('ref_axis',(0.939807061634659,0.340623816878877,0.0271680377740817));
#6125=DIRECTION('',(0.496983971533296,0.147997291594404,-0.855046041871263));
#6126=DIRECTION('center_axis',(0.33965629144882,-0.93990802438537,0.0347348438203688));
#6127=DIRECTION('ref_axis',(0.939807163602087,0.340623752976862,0.0271653115233088));
#6128=DIRECTION('',(5.42728694005708E-17,-0.0369303679122305,-0.999317841292683));
#6129=DIRECTION('center_axis',(-0.33965629144882,-0.93990802438537,0.0347348438203687));
#6130=DIRECTION('ref_axis',(0.,-0.0369303679122304,-0.999317841292683));
#6131=DIRECTION('center_axis',(0.33965629144882,0.93990802438537,-0.0347348438203687));
#6132=DIRECTION('ref_axis',(-0.939807061634659,0.340623816878877,0.0271680377740824));
#6133=DIRECTION('center_axis',(-0.33965629144882,-0.93990802438537,0.0347348438203687));
#6134=DIRECTION('ref_axis',(-0.939807163602087,0.340623752976862,0.0271653115233096));
#6135=DIRECTION('',(-0.496983971533296,0.147997291594404,-0.855046041871263));
#6136=DIRECTION('center_axis',(0.866636844248517,0.0345407172082138,-0.497742422389044));
#6137=DIRECTION('ref_axis',(-0.498039606907224,0.,-0.867154282669294));
#6138=DIRECTION('center_axis',(-0.866636844248517,-0.0345407172082138,0.497742422389044));
#6139=DIRECTION('ref_axis',(0.468883309194474,0.284633409171452,0.83614129472373));
#6140=DIRECTION('center_axis',(0.866636844248517,0.0345407172082138,-0.497742422389044));
#6141=DIRECTION('ref_axis',(0.46884715643253,0.284836415043626,0.8360924354222));
#6142=DIRECTION('',(-0.471975466498812,-0.266759466418382,-0.840284800588115));
#6143=DIRECTION('center_axis',(0.544186235486238,-0.838028486466074,-0.039618139515858));
#6144=DIRECTION('ref_axis',(-0.0726103679992526,0.,-0.997360383441719));
#6145=DIRECTION('center_axis',(-0.544186235486238,0.838028486466074,0.039618139515858));
#6146=DIRECTION('ref_axis',(0.836548659382644,0.538432858132433,0.101372569112362));
#6147=DIRECTION('center_axis',(0.544186235486238,-0.838028486466074,-0.039618139515858));
#6148=DIRECTION('ref_axis',(0.836550261316673,0.538435081853744,0.101347535343282));
#6149=DIRECTION('',(-0.713372177056461,-0.43735265152936,-0.547560768501509));
#6150=DIRECTION('center_axis',(0.0956599140457325,0.713266591247681,-0.694334177939324));
#6151=DIRECTION('ref_axis',(-0.990642421613465,0.,-0.136482938493461));
#6152=DIRECTION('center_axis',(-0.0956599140457325,-0.713266591247681,0.694334177939324));
#6153=DIRECTION('ref_axis',(-0.995413361292186,0.0693806471493389,-0.0658677915382896));
#6154=DIRECTION('center_axis',(0.0956599140457325,0.713266591247681,-0.694334177939324));
#6155=DIRECTION('ref_axis',(-0.995413345195237,0.0693900126416749,-0.0658581684593186));
#6156=DIRECTION('',(-0.293241114462363,-0.64638573333378,-0.7044111956318));
#6157=DIRECTION('center_axis',(0.737778766601775,0.315592565427521,-0.596727596310443));
#6158=DIRECTION('ref_axis',(-0.628865917732039,0.,-0.777513766768821));
#6159=DIRECTION('center_axis',(-0.737778766601775,-0.315592565427521,0.596727596310443));
#6160=DIRECTION('ref_axis',(0.670382827676754,-0.238854481580167,0.70252074772578));
#6161=DIRECTION('center_axis',(0.737778766601775,0.315592565427521,-0.596727596310443));
#6162=DIRECTION('ref_axis',(0.670397745924283,-0.239027641110008,0.70244761302536));
#6163=DIRECTION('',(-8.85372857097166E-18,-0.883985113795817,-0.467515046375405));
#6164=DIRECTION('center_axis',(-0.866636844248517,0.0345407172082138,-0.497742422389044));
#6165=DIRECTION('ref_axis',(-0.498039606907224,0.,0.867154282669294));
#6166=DIRECTION('center_axis',(0.866636844248517,-0.0345407172082138,0.497742422389044));
#6167=DIRECTION('ref_axis',(-0.468883309194474,0.284633409171452,0.836141294723731));
#6168=DIRECTION('',(0.471975466498812,-0.266759466418382,-0.840284800588115));
#6169=DIRECTION('center_axis',(-0.866636844248517,0.0345407172082138,-0.497742422389044));
#6170=DIRECTION('ref_axis',(-0.46884715643253,0.284836415043625,0.836092435422201));
#6171=DIRECTION('center_axis',(-0.544186235486238,-0.838028486466074,-0.039618139515858));
#6172=DIRECTION('ref_axis',(-0.0726103679992526,0.,0.997360383441719));
#6173=DIRECTION('center_axis',(0.544186235486238,0.838028486466074,0.039618139515858));
#6174=DIRECTION('ref_axis',(-0.836548659382644,0.538432858132433,0.101372569112363));
#6175=DIRECTION('',(0.713372177056461,-0.43735265152936,-0.547560768501509));
#6176=DIRECTION('center_axis',(-0.544186235486238,-0.838028486466074,-0.039618139515858));
#6177=DIRECTION('ref_axis',(-0.836550261316673,0.538435081853744,0.101347535343283));
#6178=DIRECTION('center_axis',(-0.0956599140457324,0.713266591247681,-0.694334177939324));
#6179=DIRECTION('ref_axis',(-0.990642421613465,0.,0.136482938493461));
#6180=DIRECTION('center_axis',(0.0956599140457324,-0.713266591247681,0.694334177939324));
#6181=DIRECTION('ref_axis',(0.995413361292186,0.0693806471493385,-0.0658677915382899));
#6182=DIRECTION('',(0.293241114462363,-0.64638573333378,-0.7044111956318));
#6183=DIRECTION('center_axis',(-0.0956599140457324,0.713266591247681,-0.694334177939324));
#6184=DIRECTION('ref_axis',(0.995413345195237,0.0693900126416743,-0.0658581684593191));
#6185=DIRECTION('center_axis',(-0.737778766601775,0.315592565427521,-0.596727596310443));
#6186=DIRECTION('ref_axis',(-0.628865917732039,0.,0.777513766768821));
#6187=DIRECTION('center_axis',(0.737778766601775,-0.315592565427521,0.596727596310443));
#6188=DIRECTION('ref_axis',(-0.670382827676754,-0.238854481580167,0.70252074772578));
#6189=DIRECTION('center_axis',(-0.737778766601775,0.315592565427521,-0.596727596310443));
#6190=DIRECTION('ref_axis',(-0.670397745924283,-0.239027641110007,0.70244761302536));
#6191=DIRECTION('center_axis',(1.,4.90557760265599E-17,-2.96289925440662E-16));
#6192=DIRECTION('ref_axis',(1.83035198494632E-16,0.734797570955414,0.678286465822533));
#6193=DIRECTION('',(1.,-2.16674652821417E-17,-2.85818079527565E-16));
#6194=DIRECTION('center_axis',(-1.,-7.24295541986696E-17,2.32791280862464E-16));
#6195=DIRECTION('ref_axis',(1.83035198494632E-16,0.734797570955414,0.678286465822533));
#6196=DIRECTION('center_axis',(1.,-1.0825017005353E-17,-2.92234741086794E-17));
#6197=DIRECTION('ref_axis',(2.26486124262389E-16,0.734898672700753,0.678176924454578));
#6198=DIRECTION('',(1.,-4.21839173948292E-17,-3.2996738667394E-16));
#6199=DIRECTION('center_axis',(-1.,-4.90557760265599E-17,2.96289925440662E-16));
#6200=DIRECTION('ref_axis',(-1.64885965692E-16,-0.734898672700753,-0.678176924454578));
#6201=DIRECTION('center_axis',(-1.,-4.90557760265599E-17,2.96289925440662E-16));
#6202=DIRECTION('ref_axis',(2.96289925440662E-16,0.,1.));
#6203=DIRECTION('center_axis',(-1.,-7.24295541986696E-17,2.32791280862464E-16));
#6204=DIRECTION('ref_axis',(-1.04513590846813E-16,-0.735304102347711,-0.677737321586045));
#6205=DIRECTION('',(-1.,9.36021875869949E-17,4.41179829836759E-16));
#6206=DIRECTION('center_axis',(-1.,1.0825017005353E-17,2.92234741086794E-17));
#6207=DIRECTION('ref_axis',(3.35876357669262E-16,0.735304102347711,0.677737321586045));
#6208=DIRECTION('center_axis',(-1.,-7.24295541986696E-17,2.32791280862464E-16));
#6209=DIRECTION('ref_axis',(2.32791280862464E-16,0.,1.));
#6210=DIRECTION('center_axis',(1.,-1.0825017005353E-17,-2.92234741086794E-17));
#6211=DIRECTION('ref_axis',(-2.92234741086794E-17,0.,-1.));
#6212=DIRECTION('center_axis',(1.,-1.0825017005353E-17,-2.92234741086794E-17));
#6213=DIRECTION('ref_axis',(-2.77655184818753E-17,-0.735304102347711,-0.677737321586046));
#6214=DIRECTION('center_axis',(1.,-1.0825017005353E-17,-2.92234741086794E-17));
#6215=DIRECTION('ref_axis',(5.31871923684382E-19,-0.733293212671772,-0.679912541618047));
#6216=DIRECTION('',(1.,2.4959747500736E-19,5.39207830125363E-19));
#6217=DIRECTION('center_axis',(-1.,-6.19300109444631E-17,-1.67187734715871E-16));
#6218=DIRECTION('ref_axis',(5.31871923684382E-19,-0.733293212671772,-0.679912541618047));
#6219=DIRECTION('center_axis',(1.,6.19300109444631E-17,1.67187734715871E-16));
#6220=DIRECTION('ref_axis',(1.58846758634275E-16,-0.735304102347711,-0.677737321586046));
#6221=DIRECTION('',(-1.,-5.84735406279965E-17,-1.26243057895611E-16));
#6222=DIRECTION('center_axis',(-1.,1.0825017005353E-17,2.92234741086794E-17));
#6223=DIRECTION('ref_axis',(1.24343523042865E-16,-0.735304102347711,-0.677737321586046));
#6224=DIRECTION('center_axis',(1.,6.19300109444631E-17,1.67187734715871E-16));
#6225=DIRECTION('ref_axis',(1.67187734715871E-16,0.,-1.));
#6226=DIRECTION('center_axis',(1.,-1.0825017005353E-17,-2.92234741086794E-17));
#6227=DIRECTION('ref_axis',(-2.92234741086794E-17,0.,-1.));
#6228=DIRECTION('center_axis',(1.,-1.61485555670343E-17,-4.35950257881753E-17));
#6229=DIRECTION('ref_axis',(-4.14200751675828E-17,-0.735304102347711,-0.677737321586045));
#6230=DIRECTION('center_axis',(1.,-1.0825017005353E-17,-2.92234741086794E-17));
#6231=DIRECTION('ref_axis',(-2.92234741086794E-17,0.,-1.));
#6232=DIRECTION('center_axis',(1.,-1.0825017005353E-17,-2.92234741086794E-17));
#6233=DIRECTION('ref_axis',(-2.92234741086794E-17,0.,-1.));
#6234=DIRECTION('center_axis',(1.,-1.61485555670343E-17,-4.35950257881753E-17));
#6235=DIRECTION('ref_axis',(-4.14200751675828E-17,-0.735304102347711,-0.677737321586045));
#6236=DIRECTION('',(-1.,-1.32230902346213E-15,-2.85483541465064E-15));
#6237=DIRECTION('center_axis',(1.,-1.0825017005353E-17,-2.92234741086794E-17));
#6238=DIRECTION('ref_axis',(-2.77655184818753E-17,-0.735304102347711,-0.677737321586046));
#6239=DIRECTION('center_axis',(1.,-1.0825017005353E-17,-2.92234741086794E-17));
#6240=DIRECTION('ref_axis',(-2.92234741086794E-17,0.,-1.));
#6241=DIRECTION('center_axis',(1.,-1.61485555670343E-17,-4.35950257881753E-17));
#6242=DIRECTION('ref_axis',(-4.14200751675828E-17,-0.735304102347711,-0.677737321586045));
#6243=DIRECTION('',(-1.,3.40022261098945E-17,7.34100407341473E-17));
#6244=DIRECTION('center_axis',(1.,-1.61485555670343E-17,-4.35950257881753E-17));
#6245=DIRECTION('ref_axis',(-4.35950257881753E-17,0.,-1.));
#6246=DIRECTION('center_axis',(1.,-1.61485555670343E-17,-4.35950257881753E-17));
#6247=DIRECTION('ref_axis',(-4.14200751675828E-17,-0.735304102347711,-0.677737321586045));
#6248=DIRECTION('',(-1.,3.40022261098945E-17,7.34100407341473E-17));
#6249=DIRECTION('axis',(0.,0.,1.));
#6250=DIRECTION('refdir',(1.,0.,0.));
#6251=DIRECTION('center_axis',(0.,1.,-1.59389681020877E-16));
#6252=DIRECTION('ref_axis',(1.,0.,0.));
#6253=DIRECTION('center_axis',(0.,1.,-2.89377835129227E-16));
#6254=DIRECTION('ref_axis',(1.,0.,0.));
#6255=DIRECTION('',(0.,1.,-1.59389681020877E-16));
#6256=DIRECTION('center_axis',(0.,1.,6.16946292726718E-15));
#6257=DIRECTION('ref_axis',(1.,0.,0.));
#6258=DIRECTION('center_axis',(0.,1.,6.16946292726718E-15));
#6259=DIRECTION('ref_axis',(0.,-6.16946292726718E-15,1.));
#6260=DIRECTION('center_axis',(0.,1.,-1.59389681020877E-16));
#6261=DIRECTION('ref_axis',(1.,0.,0.));
#6262=DIRECTION('center_axis',(0.,1.,-2.89377835129227E-16));
#6263=DIRECTION('ref_axis',(1.,0.,0.));
#6264=DIRECTION('',(0.,1.,-1.59389681020877E-16));
#6265=DIRECTION('center_axis',(0.,1.,6.16946292726718E-15));
#6266=DIRECTION('ref_axis',(1.,0.,0.));
#6267=DIRECTION('center_axis',(0.,1.,6.16946292726718E-15));
#6268=DIRECTION('ref_axis',(0.,-6.16946292726718E-15,1.));
#6269=DIRECTION('center_axis',(0.,1.,-1.59389681020877E-16));
#6270=DIRECTION('ref_axis',(1.,0.,0.));
#6271=DIRECTION('center_axis',(0.,1.,-2.89377835129227E-16));
#6272=DIRECTION('ref_axis',(1.,0.,0.));
#6273=DIRECTION('',(0.,1.,-1.59389681020877E-16));
#6274=DIRECTION('center_axis',(0.,1.,6.16946292726718E-15));
#6275=DIRECTION('ref_axis',(1.,0.,0.));
#6276=DIRECTION('center_axis',(0.,1.,6.16946292726718E-15));
#6277=DIRECTION('ref_axis',(0.,-6.16946292726718E-15,1.));
#6278=DIRECTION('center_axis',(0.,1.,-1.59389681020877E-16));
#6279=DIRECTION('ref_axis',(1.,0.,0.));
#6280=DIRECTION('center_axis',(0.,1.,-2.89377835129227E-16));
#6281=DIRECTION('ref_axis',(1.,0.,0.));
#6282=DIRECTION('',(0.,1.,-1.59389681020877E-16));
#6283=DIRECTION('center_axis',(0.,1.,6.16946292726718E-15));
#6284=DIRECTION('ref_axis',(1.,0.,0.));
#6285=DIRECTION('center_axis',(0.,1.,6.16946292726718E-15));
#6286=DIRECTION('ref_axis',(0.,-6.16946292726718E-15,1.));
#6287=DIRECTION('',(-1.,3.39711740835859E-17,7.33499260180902E-17));
#6288=DIRECTION('center_axis',(1.,-1.61633164749464E-17,-4.36307545576373E-17));
#6289=DIRECTION('ref_axis',(-4.14647164367094E-17,-0.734996808291286,-0.678070565503048));
#6290=DIRECTION('',(1.,-3.39711740835859E-17,-7.33499260180902E-17));
#6291=DIRECTION('center_axis',(1.,-1.61633164749464E-17,-4.36307545576373E-17));
#6292=DIRECTION('ref_axis',(-4.14647164367094E-17,-0.734996808291286,-0.678070565503048));
#6293=DIRECTION('center_axis',(1.,-1.0834911827122E-17,-2.92474245193153E-17));
#6294=DIRECTION('ref_axis',(-2.92474245193153E-17,0.,-1.));
#6295=DIRECTION('center_axis',(-1.,1.0834911827122E-17,2.92474245193153E-17));
#6296=DIRECTION('ref_axis',(9.46997965719755E-16,1.,-1.22464679914735E-16));
#6297=DIRECTION('center_axis',(-1.,1.0834911827122E-17,2.92474245193153E-17));
#6298=DIRECTION('ref_axis',(9.46997965719755E-16,1.,-1.22464679914735E-16));
#6299=DIRECTION('center_axis',(1.,-1.0834911827122E-17,-2.92474245193153E-17));
#6300=DIRECTION('ref_axis',(2.26330437720074E-16,0.734591120455895,0.678510048376111));
#6301=DIRECTION('center_axis',(-1.,-4.91006164328413E-17,2.96532753016712E-16));
#6302=DIRECTION('ref_axis',(2.96532753016712E-16,0.,1.));
#6303=DIRECTION('center_axis',(1.,4.91006164328413E-17,-2.96532753016712E-16));
#6304=DIRECTION('ref_axis',(9.46997965719755E-16,1.,-1.22464679914735E-16));
#6305=DIRECTION('center_axis',(-1.,-4.91006164328413E-17,2.96532753016712E-16));
#6306=DIRECTION('ref_axis',(-1.65131575753995E-16,-0.734591120455895,-0.678510048376111));
#6307=DIRECTION('',(1.,-4.21453935608747E-17,-3.296971798254E-16));
#6308=DIRECTION('',(-1.,4.21453935608747E-17,3.296971798254E-16));
#6309=DIRECTION('center_axis',(-0.737496334775871,-0.315760115487235,0.596988028070617));
#6310=DIRECTION('ref_axis',(0.670695296177494,-0.238820891114731,0.702233865355801));
#6311=DIRECTION('center_axis',(-0.0955777031688066,-0.713305019550599,0.694306021679846));
#6312=DIRECTION('ref_axis',(-0.995421270453344,0.069317749288864,-0.0658144662105209));
#6313=DIRECTION('center_axis',(-0.543836376253952,0.838255239129713,0.0396251174705945));
#6314=DIRECTION('ref_axis',(0.836779105368316,0.538090771399223,0.101286971294386));
#6315=DIRECTION('center_axis',(-0.866459915280258,-0.0345652317020394,0.498048652211721));
#6316=DIRECTION('ref_axis',(0.469270295003959,0.284087175977359,0.836109960873632));
#6317=DIRECTION('center_axis',(0.339381885758511,0.940007127465102,-0.0347352261228361));
#6318=DIRECTION('ref_axis',(-0.939907462053594,0.34034882379016,0.0271411296859071));
#6319=DIRECTION('center_axis',(-0.339381885758511,0.940007127465102,-0.0347352261228361));
#6320=DIRECTION('ref_axis',(0.939907462053594,0.34034882379016,0.0271411296859064));
#6321=DIRECTION('center_axis',(0.866459915280258,-0.0345652317020394,0.498048652211721));
#6322=DIRECTION('ref_axis',(-0.469270295003959,0.284087175977359,0.836109960873632));
#6323=DIRECTION('center_axis',(0.543836376253952,0.838255239129713,0.0396251174705945));
#6324=DIRECTION('ref_axis',(-0.836779105368316,0.538090771399223,0.101286971294386));
#6325=DIRECTION('center_axis',(0.0955777031688066,-0.713305019550599,0.694306021679846));
#6326=DIRECTION('ref_axis',(0.995421270453344,0.0693177492888637,-0.0658144662105213));
#6327=DIRECTION('center_axis',(0.737496334775871,-0.315760115487235,0.596988028070617));
#6328=DIRECTION('ref_axis',(-0.670695296177494,-0.23882089111473,0.702233865355801));
#6329=DIRECTION('center_axis',(0.339381885758511,-0.940007127465102,0.0347352261228361));
#6330=DIRECTION('ref_axis',(0.,-0.0369268855964861,-0.999317969977596));
#6331=DIRECTION('',(5.43173563055177E-17,-0.0369268855964862,-0.999317969977596));
#6332=DIRECTION('center_axis',(0.339381885758511,-0.940007127465102,0.0347352261228361));
#6333=DIRECTION('ref_axis',(0.939907563763007,0.340348759939505,0.0271384079991977));
#6334=DIRECTION('',(0.497291612571911,0.147953664303302,-0.85487470736059));
#6335=DIRECTION('center_axis',(-0.339381885758511,-0.940007127465102,0.0347352261228361));
#6336=DIRECTION('ref_axis',(0.,-0.0369268855964861,-0.999317969977596));
#6337=DIRECTION('',(-0.497291612571911,0.147953664303302,-0.85487470736059));
#6338=DIRECTION('center_axis',(-0.339381885758511,-0.940007127465102,0.0347352261228361));
#6339=DIRECTION('ref_axis',(-0.939907563763007,0.340348759939504,0.0271384079991987));
#6340=DIRECTION('center_axis',(0.866459915280258,0.0345652317020394,-0.498048652211721));
#6341=DIRECTION('ref_axis',(-0.498346442197068,0.,-0.866977983313028));
#6342=DIRECTION('',(-0.472279202057836,-0.266687366186289,-0.840137015028045));
#6343=DIRECTION('center_axis',(0.866459915280258,0.0345652317020394,-0.498048652211721));
#6344=DIRECTION('ref_axis',(0.469234296867597,0.284289544074307,0.836061379190066));
#6345=DIRECTION('center_axis',(0.543836376253952,-0.838255239129713,-0.0396251174705945));
#6346=DIRECTION('ref_axis',(-0.0726695624737012,0.,-0.997356072167749));
#6347=DIRECTION('',(-0.713671998439037,-0.437136891708755,-0.547342321176829));
#6348=DIRECTION('center_axis',(0.543836376253952,-0.838255239129713,-0.0396251174705945));
#6349=DIRECTION('ref_axis',(0.836780704127406,0.538092990387391,0.101261971618166));
#6350=DIRECTION('center_axis',(0.0955777031688066,0.713305019550599,-0.694306021679846));
#6351=DIRECTION('ref_axis',(-0.990657526972849,0.,-0.136373253433506));
#6352=DIRECTION('',(-0.293472330059697,-0.646304629833958,-0.704389321997802));
#6353=DIRECTION('center_axis',(0.0955777031688066,0.713305019550599,-0.694306021679846));
#6354=DIRECTION('ref_axis',(-0.995421254506323,0.0693271061314971,-0.0658048511318835));
#6355=DIRECTION('center_axis',(0.737496334775871,0.315760115487235,-0.596988028070617));
#6356=DIRECTION('ref_axis',(-0.629177336094704,0.,-0.777261783278177));
#6357=DIRECTION('',(-8.8616385865789E-18,-0.883966868061311,-0.467549544080492));
#6358=DIRECTION('center_axis',(0.737496334775871,0.315760115487235,-0.596988028070617));
#6359=DIRECTION('ref_axis',(0.670710184915333,-0.238993731586226,0.702160839205186));
#6360=DIRECTION('center_axis',(-0.866459915280258,0.0345652317020394,-0.498048652211721));
#6361=DIRECTION('ref_axis',(-0.498346442197068,0.,0.866977983313028));
#6362=DIRECTION('center_axis',(-0.866459915280258,0.0345652317020394,-0.498048652211721));
#6363=DIRECTION('ref_axis',(-0.469234296867597,0.284289544074306,0.836061379190066));
#6364=DIRECTION('',(0.472279202057836,-0.266687366186289,-0.840137015028045));
#6365=DIRECTION('center_axis',(-0.543836376253952,-0.838255239129713,-0.0396251174705945));
#6366=DIRECTION('ref_axis',(-0.0726695624737011,0.,0.997356072167749));
#6367=DIRECTION('center_axis',(-0.543836376253952,-0.838255239129713,-0.0396251174705945));
#6368=DIRECTION('ref_axis',(-0.836780704127406,0.538092990387391,0.101261971618167));
#6369=DIRECTION('',(0.713671998439037,-0.437136891708755,-0.547342321176829));
#6370=DIRECTION('center_axis',(-0.0955777031688066,0.713305019550599,-0.694306021679846));
#6371=DIRECTION('ref_axis',(-0.990657526972849,0.,0.136373253433506));
#6372=DIRECTION('center_axis',(-0.0955777031688066,0.713305019550599,-0.694306021679846));
#6373=DIRECTION('ref_axis',(0.995421254506323,0.0693271061314965,-0.065804851131884));
#6374=DIRECTION('',(0.293472330059697,-0.646304629833958,-0.704389321997802));
#6375=DIRECTION('center_axis',(-0.737496334775871,0.315760115487235,-0.596988028070617));
#6376=DIRECTION('ref_axis',(-0.629177336094704,0.,0.777261783278177));
#6377=DIRECTION('center_axis',(-0.737496334775871,0.315760115487235,-0.596988028070617));
#6378=DIRECTION('ref_axis',(-0.670710184915334,-0.238993731586225,0.702160839205186));
#6379=DIRECTION('center_axis',(-1.,1.0834911827122E-17,2.92474245193153E-17));
#6380=DIRECTION('ref_axis',(3.35655633238263E-16,0.734996808291285,0.678070565503048));
#6381=DIRECTION('',(1.,-9.3516706784E-17,-4.40818552279418E-16));
#6382=DIRECTION('center_axis',(-1.,-7.24957598710718E-17,2.32982067445482E-16));
#6383=DIRECTION('ref_axis',(-1.04694130104938E-16,-0.734996808291285,-0.678070565503048));
#6384=DIRECTION('center_axis',(-1.,-7.24957598710718E-17,2.32982067445482E-16));
#6385=DIRECTION('ref_axis',(2.32982067445482E-16,0.,1.));
#6386=DIRECTION('center_axis',(-1.,-7.24957598710718E-17,2.32982067445482E-16));
#6387=DIRECTION('ref_axis',(9.46997965719755E-16,1.,-1.22464679914735E-16));
#6388=DIRECTION('center_axis',(1.,-1.0834911827122E-17,-2.92474245193153E-17));
#6389=DIRECTION('ref_axis',(-2.92474245193153E-17,0.,-1.));
#6390=DIRECTION('center_axis',(1.,-1.0834911827122E-17,-2.92474245193153E-17));
#6391=DIRECTION('ref_axis',(-2.7795443294372E-17,-0.734996808291286,-0.678070565503048));
#6392=DIRECTION('center_axis',(1.,-1.0834911827122E-17,-2.92474245193153E-17));
#6393=DIRECTION('ref_axis',(-2.7795443294372E-17,-0.734996808291286,-0.678070565503048));
#6394=DIRECTION('',(1.,1.32110144445092E-15,2.85249761973015E-15));
#6395=DIRECTION('center_axis',(1.,-1.0834911827122E-17,-2.92474245193153E-17));
#6396=DIRECTION('ref_axis',(-2.92474245193153E-17,0.,-1.));
#6397=DIRECTION('center_axis',(1.,-1.0834911827122E-17,-2.92474245193153E-17));
#6398=DIRECTION('ref_axis',(9.46997965719755E-16,1.,-1.22464679914735E-16));
#6399=DIRECTION('center_axis',(1.,-1.61633164749464E-17,-4.36307545576373E-17));
#6400=DIRECTION('ref_axis',(-4.36307545576373E-17,0.,-1.));
#6401=DIRECTION('center_axis',(-1.,1.61633164749464E-17,4.36307545576373E-17));
#6402=DIRECTION('ref_axis',(9.46997965719755E-16,1.,-1.22464679914735E-16));
#6403=DIRECTION('center_axis',(1.,-1.17040934264542E-16,5.73576536721646E-18));
#6404=DIRECTION('ref_axis',(9.46997965719755E-16,1.,-1.22464679914735E-16));
#6405=DIRECTION('center_axis',(1.,0.,0.));
#6406=DIRECTION('ref_axis',(9.46997965719755E-16,1.,-1.22464679914735E-16));
#6407=DIRECTION('',(1.,-1.17040934264542E-16,5.73576536721646E-18));
#6408=DIRECTION('center_axis',(1.,-1.17040934264542E-16,5.73576536721646E-18));
#6409=DIRECTION('ref_axis',(9.46997965719755E-16,1.,-1.22464679914735E-16));
#6410=DIRECTION('',(1.,-1.17040934264542E-16,5.73576536721646E-18));
#6411=DIRECTION('center_axis',(-1.,0.,0.));
#6412=DIRECTION('ref_axis',(9.46997965719755E-16,1.,-1.22464679914735E-16));
#6413=DIRECTION('center_axis',(-1.,1.73243466857074E-16,3.89731656277099E-17));
#6414=DIRECTION('ref_axis',(3.89731656277099E-17,0.,1.));
#6415=DIRECTION('center_axis',(1.,-1.73243466857074E-16,-3.89731656277099E-17));
#6416=DIRECTION('ref_axis',(9.46997965719755E-16,1.,-1.22464679914735E-16));
#6417=DIRECTION('center_axis',(-1.,1.73243466857074E-16,3.89731656277099E-17));
#6418=DIRECTION('ref_axis',(-1.53759951653892E-16,-0.734996808291286,-0.678070565503047));
#6419=DIRECTION('',(-1.,4.63757451896087E-16,7.62437421557859E-16));
#6420=DIRECTION('center_axis',(-1.,1.73243466857074E-16,3.89731656277099E-17));
#6421=DIRECTION('ref_axis',(-1.53759951653892E-16,-0.734996808291286,-0.678070565503047));
#6422=DIRECTION('',(1.,-4.63757451896087E-16,-7.62437421557859E-16));
#6423=DIRECTION('center_axis',(-1.,1.73243466857074E-16,3.89731656277099E-17));
#6424=DIRECTION('ref_axis',(3.89731656277099E-17,0.,1.));
#6425=DIRECTION('center_axis',(-1.,1.73243466857074E-16,3.89731656277099E-17));
#6426=DIRECTION('ref_axis',(9.46997965719755E-16,1.,-1.22464679914735E-16));
#6427=DIRECTION('center_axis',(0.,-2.45077763109552E-16,-1.));
#6428=DIRECTION('ref_axis',(1.,0.,0.));
#6429=DIRECTION('center_axis',(0.,-2.60397748689184E-16,-1.));
#6430=DIRECTION('ref_axis',(1.,0.,0.));
#6431=DIRECTION('',(0.,-2.45077763109552E-16,-1.));
#6432=DIRECTION('center_axis',(0.,2.75290117931438E-16,1.));
#6433=DIRECTION('ref_axis',(1.,0.,0.));
#6434=DIRECTION('center_axis',(0.,-2.45077763109552E-16,-1.));
#6435=DIRECTION('ref_axis',(1.,0.,0.));
#6436=DIRECTION('center_axis',(0.,-2.60397748689184E-16,-1.));
#6437=DIRECTION('ref_axis',(1.,0.,0.));
#6438=DIRECTION('',(0.,-2.45077763109552E-16,-1.));
#6439=DIRECTION('center_axis',(0.,2.75290117931438E-16,1.));
#6440=DIRECTION('ref_axis',(1.,0.,0.));
#6441=DIRECTION('center_axis',(0.,2.1573133978649E-16,1.));
#6442=DIRECTION('ref_axis',(1.,0.,0.));
#6443=DIRECTION('center_axis',(0.,-2.97022630612134E-15,1.));
#6444=DIRECTION('ref_axis',(1.,0.,0.));
#6445=DIRECTION('',(0.,2.1573133978649E-16,1.));
#6446=DIRECTION('center_axis',(0.,-4.23325751153998E-15,-1.));
#6447=DIRECTION('ref_axis',(1.,0.,0.));
#6448=DIRECTION('center_axis',(0.,-2.97022630612134E-15,1.));
#6449=DIRECTION('ref_axis',(1.,0.,0.));
#6450=DIRECTION('center_axis',(0.,2.1573133978649E-16,1.));
#6451=DIRECTION('ref_axis',(1.,0.,0.));
#6452=DIRECTION('center_axis',(0.,-2.97022630612134E-15,1.));
#6453=DIRECTION('ref_axis',(1.,0.,0.));
#6454=DIRECTION('',(0.,2.1573133978649E-16,1.));
#6455=DIRECTION('center_axis',(0.,-4.23325751153998E-15,-1.));
#6456=DIRECTION('ref_axis',(1.,0.,0.));
#6457=DIRECTION('center_axis',(0.,-2.97022630612134E-15,1.));
#6458=DIRECTION('ref_axis',(1.,0.,0.));
#6459=DIRECTION('center_axis',(0.,2.1573133978649E-16,1.));
#6460=DIRECTION('ref_axis',(1.,0.,0.));
#6461=DIRECTION('center_axis',(0.,-2.97022630612134E-15,1.));
#6462=DIRECTION('ref_axis',(1.,0.,0.));
#6463=DIRECTION('',(0.,2.1573133978649E-16,1.));
#6464=DIRECTION('center_axis',(0.,-4.23325751153998E-15,-1.));
#6465=DIRECTION('ref_axis',(1.,0.,0.));
#6466=DIRECTION('center_axis',(0.,-2.97022630612134E-15,1.));
#6467=DIRECTION('ref_axis',(1.,0.,0.));
#6468=DIRECTION('center_axis',(0.,2.1573133978649E-16,1.));
#6469=DIRECTION('ref_axis',(1.,0.,0.));
#6470=DIRECTION('center_axis',(0.,-2.97022630612134E-15,1.));
#6471=DIRECTION('ref_axis',(1.,0.,0.));
#6472=DIRECTION('',(0.,2.1573133978649E-16,1.));
#6473=DIRECTION('center_axis',(0.,-4.23325751153998E-15,-1.));
#6474=DIRECTION('ref_axis',(1.,0.,0.));
#6475=DIRECTION('center_axis',(0.,-2.97022630612134E-15,1.));
#6476=DIRECTION('ref_axis',(1.,0.,0.));
#6477=DIRECTION('center_axis',(0.,-1.,2.89377835129227E-16));
#6478=DIRECTION('ref_axis',(0.,-2.89377835129227E-16,-1.));
#6479=DIRECTION('',(1.,0.,0.));
#6480=DIRECTION('',(0.,-2.89377835129227E-16,-1.));
#6481=DIRECTION('',(1.,0.,0.));
#6482=DIRECTION('',(0.,2.89377835129227E-16,1.));
#6483=DIRECTION('',(-1.,0.,0.));
#6484=DIRECTION('',(0.,-2.89377835129227E-16,-1.));
#6485=DIRECTION('',(1.,0.,0.));
#6486=DIRECTION('',(0.,2.89377835129227E-16,1.));
#6487=DIRECTION('center_axis',(0.,2.75290117931438E-16,1.));
#6488=DIRECTION('ref_axis',(1.,0.,0.));
#6489=DIRECTION('',(0.,1.,-2.3859388599459E-16));
#6490=DIRECTION('',(-1.,0.,0.));
#6491=DIRECTION('',(-1.05625786426459E-16,1.,-2.22044604925031E-16));
#6492=DIRECTION('',(1.,3.54970086709377E-17,-1.10328540463725E-17));
#6493=DIRECTION('',(0.,1.,-2.75290117931438E-16));
#6494=DIRECTION('',(1.,0.,0.));
#6495=DIRECTION('',(0.,1.,-2.3859388599459E-16));
#6496=DIRECTION('',(-1.,0.,0.));
#6497=DIRECTION('',(0.,-1.,2.75290117931438E-16));
#6498=DIRECTION('',(1.,0.,0.));
#6499=DIRECTION('',(0.,1.,-2.75290117931438E-16));
#6500=DIRECTION('center_axis',(1.,0.,0.));
#6501=DIRECTION('ref_axis',(0.,0.,-1.));
#6502=DIRECTION('',(0.,1.,-4.23325751153998E-15));
#6503=DIRECTION('',(0.,4.48604262767292E-16,1.));
#6504=DIRECTION('center_axis',(1.,0.,0.));
#6505=DIRECTION('ref_axis',(0.,0.,-1.));
#6506=DIRECTION('',(0.,1.,-2.60397748689184E-16));
#6507=DIRECTION('',(0.,3.19914430276415E-16,1.));
#6508=DIRECTION('',(0.,1.,-4.23325751153998E-15));
#6509=DIRECTION('center_axis',(0.,-1.,3.19914430276415E-16));
#6510=DIRECTION('ref_axis',(0.,-3.19914430276415E-16,-1.));
#6511=DIRECTION('',(1.,0.,0.));
#6512=DIRECTION('',(-1.,0.,0.));
#6513=DIRECTION('',(0.,-3.19914430276415E-16,-1.));
#6514=DIRECTION('',(1.,0.,0.));
#6515=DIRECTION('',(0.,3.19914430276415E-16,1.));
#6516=DIRECTION('',(1.,0.,0.));
#6517=DIRECTION('',(0.,-3.19914430276415E-16,-1.));
#6518=DIRECTION('center_axis',(0.,2.60397748689184E-16,1.));
#6519=DIRECTION('ref_axis',(1.,0.,0.));
#6520=DIRECTION('',(0.,1.,-2.60397748689184E-16));
#6521=DIRECTION('center_axis',(-1.,0.,0.));
#6522=DIRECTION('ref_axis',(0.,0.,1.));
#6523=DIRECTION('',(0.,-1.,4.23325751153998E-15));
#6524=DIRECTION('center_axis',(1.,0.,0.));
#6525=DIRECTION('ref_axis',(0.,0.,-1.));
#6526=DIRECTION('',(0.,1.,-2.64726528974486E-16));
#6527=DIRECTION('',(0.,3.09965934095355E-16,1.));
#6528=DIRECTION('',(0.,-1.,4.23325751153998E-15));
#6529=DIRECTION('center_axis',(0.,2.64726528974485E-16,1.));
#6530=DIRECTION('ref_axis',(1.,0.,0.));
#6531=DIRECTION('',(0.,1.,-2.64726528974486E-16));
#6532=DIRECTION('',(1.,3.50543065504002E-17,-1.08952574413406E-17));
#6533=DIRECTION('',(-1.06959738349519E-16,1.,-2.22044604925031E-16));
#6534=DIRECTION('',(1.,3.50543065504002E-17,-1.08952574413406E-17));
#6535=DIRECTION('',(1.06959738349519E-16,-1.,2.22044604925031E-16));
#6536=DIRECTION('',(-1.,0.,0.));
#6537=DIRECTION('center_axis',(-1.,0.,0.));
#6538=DIRECTION('ref_axis',(0.,0.,1.));
#6539=DIRECTION('',(0.,1.,-4.23325751153998E-15));
#6540=DIRECTION('',(0.,-2.22044604925031E-16,-1.));
#6541=DIRECTION('center_axis',(0.,4.23325751153998E-15,1.));
#6542=DIRECTION('ref_axis',(1.,0.,0.));
#6543=DIRECTION('',(0.,-1.,4.23325751153998E-15));
#6544=DIRECTION('',(-1.,0.,0.));
#6545=DIRECTION('',(0.,-1.,4.23325751153998E-15));
#6546=DIRECTION('',(-1.,-3.54970086709377E-17,1.50267978593447E-31));
#6547=DIRECTION('',(1.05625786426461E-16,-1.,4.23325751153998E-15));
#6548=DIRECTION('',(1.,3.54970086709377E-17,-1.50267978593447E-31));
#6549=DIRECTION('',(-1.,0.,0.));
#6550=DIRECTION('',(1.06959738349521E-16,-1.,4.23325751153998E-15));
#6551=DIRECTION('',(-1.,-3.50543065504002E-17,1.48393906516307E-31));
#6552=DIRECTION('',(-1.06959738349521E-16,1.,-4.23325751153998E-15));
#6553=DIRECTION('',(1.,3.50543065504002E-17,-1.48393906516307E-31));
#6554=DIRECTION('',(0.,-1.,4.23325751153998E-15));
#6555=DIRECTION('',(-1.,0.,0.));
#6556=DIRECTION('',(0.,1.,-4.23325751153998E-15));
#6557=DIRECTION('',(1.,0.,0.));
#6558=DIRECTION('center_axis',(-1.,0.,0.));
#6559=DIRECTION('ref_axis',(0.,0.,1.));
#6560=DIRECTION('',(0.,-2.41936162745023E-16,-1.));
#6561=DIRECTION('',(0.,2.41936162745023E-16,1.));
#6562=DIRECTION('center_axis',(0.,-1.,2.41936162745023E-16));
#6563=DIRECTION('ref_axis',(0.,-2.41936162745023E-16,-1.));
#6564=DIRECTION('',(0.,2.41936162745023E-16,1.));
#6565=DIRECTION('center_axis',(-1.,0.,0.));
#6566=DIRECTION('ref_axis',(0.,0.,1.));
#6567=DIRECTION('',(0.,-2.92461795876004E-16,-1.));
#6568=DIRECTION('center_axis',(3.54970086709377E-17,-1.,2.22044604925031E-16));
#6569=DIRECTION('ref_axis',(0.,-2.22044604925031E-16,-1.));
#6570=DIRECTION('',(3.39839486763392E-16,2.22044604925031E-16,1.));
#6571=DIRECTION('center_axis',(-3.50543065504002E-17,1.,-2.22044604925031E-16));
#6572=DIRECTION('ref_axis',(0.,2.22044604925031E-16,1.));
#6573=DIRECTION('',(-3.44131332081062E-16,-2.22044604925031E-16,-1.));
#6574=DIRECTION('center_axis',(-1.,-1.06959738349519E-16,3.44131332081062E-16));
#6575=DIRECTION('ref_axis',(3.44131332081062E-16,0.,1.));
#6576=DIRECTION('',(3.44131332081062E-16,2.22044604925031E-16,1.));
#6577=DIRECTION('center_axis',(1.,1.06959738349519E-16,-3.44131332081062E-16));
#6578=DIRECTION('ref_axis',(1.52761904186501E-16,2.22044604925031E-16,1.));
#6579=DIRECTION('center_axis',(3.50543065504002E-17,-1.,2.22044604925031E-16));
#6580=DIRECTION('ref_axis',(0.,-2.22044604925031E-16,-1.));
#6581=DIRECTION('',(-3.44131332081062E-16,-2.22044604925031E-16,-1.));
#6582=DIRECTION('center_axis',(1.,2.25607226198711E-17,-2.45440738423707E-17));
#6583=DIRECTION('ref_axis',(1.52761904186501E-16,2.22044604925031E-16,1.));
#6584=DIRECTION('',(1.,2.25607226198711E-17,-2.45440738423707E-17));
#6585=DIRECTION('center_axis',(-1.,-1.05625786426459E-16,3.39839486763392E-16));
#6586=DIRECTION('ref_axis',(1.52761904186501E-16,2.22044604925031E-16,1.));
#6587=DIRECTION('center_axis',(1.,-1.17040934264542E-16,5.73576536721646E-18));
#6588=DIRECTION('ref_axis',(7.47339576642687E-16,-0.669481708096582,0.742828541807652));
#6589=DIRECTION('center_axis',(-1.,0.,0.));
#6590=DIRECTION('ref_axis',(0.,0.,1.));
#6591=DIRECTION('',(0.,2.92461795876004E-16,1.));
#6592=DIRECTION('',(0.,-2.92461795876004E-16,-1.));
#6593=DIRECTION('center_axis',(0.,-1.,2.92461795876004E-16));
#6594=DIRECTION('ref_axis',(0.,-2.92461795876004E-16,-1.));
#6595=DIRECTION('center_axis',(1.,0.,0.));
#6596=DIRECTION('ref_axis',(0.,0.,-1.));
#6597=DIRECTION('',(0.,-2.41936162745023E-16,-1.));
#6598=DIRECTION('center_axis',(0.,-1.,2.41936162745023E-16));
#6599=DIRECTION('ref_axis',(0.,-2.41936162745023E-16,-1.));
#6600=DIRECTION('center_axis',(-1.,-1.05625786426459E-16,3.39839486763392E-16));
#6601=DIRECTION('ref_axis',(3.39839486763392E-16,0.,1.));
#6602=DIRECTION('',(-3.39839486763392E-16,-2.22044604925031E-16,-1.));
#6603=DIRECTION('center_axis',(-3.54970086709377E-17,1.,-2.22044604925031E-16));
#6604=DIRECTION('ref_axis',(0.,2.22044604925031E-16,1.));
#6605=DIRECTION('center_axis',(-1.,-1.06959738349519E-16,3.44131332081062E-16));
#6606=DIRECTION('ref_axis',(3.44131332081062E-16,0.,1.));
#6607=DIRECTION('',(3.44131332081062E-16,3.09965934095355E-16,1.));
#6608=DIRECTION('center_axis',(0.,-1.,3.09965934095355E-16));
#6609=DIRECTION('ref_axis',(0.,-3.09965934095355E-16,-1.));
#6610=DIRECTION('center_axis',(-1.,1.91193398284991E-16,8.54256449864434E-17));
#6611=DIRECTION('ref_axis',(-1.98402361549498E-16,-0.734502286331955,-0.678606212300721));
#6612=DIRECTION('',(-1.,3.14018774689078E-16,4.40294118156881E-16));
#6613=DIRECTION('center_axis',(-1.,1.91193398284991E-16,8.54256449864434E-17));
#6614=DIRECTION('ref_axis',(-1.98402361549498E-16,-0.734502286331955,-0.678606212300721));
#6615=DIRECTION('center_axis',(-1.,1.91193398284991E-16,8.54256449864434E-17));
#6616=DIRECTION('ref_axis',(8.54256449864434E-17,0.,1.));
#6617=DIRECTION('center_axis',(-1.,1.91193398284991E-16,8.54256449864434E-17));
#6618=DIRECTION('ref_axis',(8.54256449864434E-17,0.,1.));
#6619=DIRECTION('center_axis',(-1.,2.70665089278516E-16,3.02147063304858E-16));
#6620=DIRECTION('ref_axis',(-4.03851951802967E-16,-0.734343283175449,-0.678778271937973));
#6621=DIRECTION('',(-1.,1.89141443746731E-16,1.69381976216174E-16));
#6622=DIRECTION('center_axis',(-1.,2.70665089278516E-16,3.02147063304858E-16));
#6623=DIRECTION('ref_axis',(-4.03851951802967E-16,-0.734343283175449,-0.678778271937973));
#6624=DIRECTION('center_axis',(-1.,2.70665089278516E-16,3.02147063304858E-16));
#6625=DIRECTION('ref_axis',(3.02147063304858E-16,0.,1.));
#6626=DIRECTION('center_axis',(-1.,2.70665089278516E-16,3.02147063304858E-16));
#6627=DIRECTION('ref_axis',(3.02147063304858E-16,0.,1.));
#6628=DIRECTION('center_axis',(1.,1.93639700819052E-16,5.22382671152413E-16));
#6629=DIRECTION('ref_axis',(4.97283222250492E-16,-0.73298464853952,-0.680245180067744));
#6630=DIRECTION('',(-1.,-2.493695338327E-19,-5.38766278461835E-19));
#6631=DIRECTION('center_axis',(1.,1.93639700819052E-16,5.22382671152413E-16));
#6632=DIRECTION('ref_axis',(4.97283222250492E-16,-0.73298464853952,-0.680245180067744));
#6633=DIRECTION('center_axis',(1.,1.93639700819052E-16,5.22382671152413E-16));
#6634=DIRECTION('ref_axis',(5.22382671152413E-16,0.,-1.));
#6635=DIRECTION('center_axis',(1.,1.93639700819052E-16,5.22382671152413E-16));
#6636=DIRECTION('ref_axis',(5.22382671152413E-16,0.,-1.));
#6637=DIRECTION('center_axis',(-1.,-4.91006164328413E-17,2.96532753016712E-16));
#6638=DIRECTION('ref_axis',(-1.65131575753995E-16,-0.734591120455895,-0.678510048376111));
#6639=DIRECTION('',(-1.,4.21453935608747E-17,3.296971798254E-16));
#6640=DIRECTION('center_axis',(-1.,-4.91006164328413E-17,2.96532753016712E-16));
#6641=DIRECTION('ref_axis',(-1.65131575753995E-16,-0.734591120455895,-0.678510048376111));
#6642=DIRECTION('center_axis',(-1.,-4.91006164328413E-17,2.96532753016712E-16));
#6643=DIRECTION('ref_axis',(2.96532753016712E-16,0.,1.));
#6644=DIRECTION('center_axis',(-1.,-4.91006164328413E-17,2.96532753016712E-16));
#6645=DIRECTION('ref_axis',(2.96532753016712E-16,0.,1.));
#6646=DIRECTION('center_axis',(-1.,-3.14803185326596E-17,3.43825130516223E-16));
#6647=DIRECTION('ref_axis',(-2.10204480943394E-16,-0.734489954493024,-0.678619559656835));
#6648=DIRECTION('',(-1.,2.16476777923519E-17,2.85584026085788E-16));
#6649=DIRECTION('center_axis',(-1.,-3.14803185326596E-17,3.43825130516223E-16));
#6650=DIRECTION('ref_axis',(-2.10204480943394E-16,-0.734489954493024,-0.678619559656835));
#6651=DIRECTION('center_axis',(-1.,-3.14803185326596E-17,3.43825130516223E-16));
#6652=DIRECTION('ref_axis',(3.43825130516223E-16,0.,1.));
#6653=DIRECTION('center_axis',(-1.,-3.14803185326596E-17,3.43825130516223E-16));
#6654=DIRECTION('ref_axis',(3.43825130516223E-16,0.,1.));
#6655=DIRECTION('center_axis',(0.737496334775871,0.315760115487235,-0.596988028070617));
#6656=DIRECTION('ref_axis',(-0.629177336094704,0.,-0.777261783278177));
#6657=DIRECTION('',(-0.293472330059697,-0.646304629833958,-0.704389321997802));
#6658=DIRECTION('',(-8.8616385865789E-18,-0.883966868061311,-0.467549544080492));
#6659=DIRECTION('',(0.564005875996003,-0.774194713134785,0.287262803015164));
#6660=DIRECTION('center_axis',(0.0955777031688066,0.713305019550599,-0.694306021679846));
#6661=DIRECTION('ref_axis',(-0.990657526972849,0.,-0.136373253433506));
#6662=DIRECTION('',(-0.713671998439037,-0.437136891708755,-0.547342321176829));
#6663=DIRECTION('',(-0.99453289744757,0.0979016260683809,-0.0363261270672735));
#6664=DIRECTION('center_axis',(0.543836376253952,-0.838255239129713,-0.0396251174705945));
#6665=DIRECTION('ref_axis',(-0.0726695624737012,0.,-0.997356072167749));
#6666=DIRECTION('',(-0.472279202057836,-0.266687366186289,-0.840137015028045));
#6667=DIRECTION('',(0.817559049657997,0.539878609345475,-0.200320461994048));
#6668=DIRECTION('center_axis',(0.866459915280258,0.0345652317020394,-0.498048652211721));
#6669=DIRECTION('ref_axis',(-0.498346442197068,0.,-0.866977983313028));
#6670=DIRECTION('',(-0.497291612571911,0.147953664303302,-0.85487470736059));
#6671=DIRECTION('',(-0.23094430816698,0.912197317111512,-0.338468286815522));
#6672=DIRECTION('center_axis',(-0.339381885758511,-0.940007127465102,0.0347352261228361));
#6673=DIRECTION('ref_axis',(0.,-0.0369268855964861,-0.999317969977596));
#6674=DIRECTION('',(5.43173563055177E-17,-0.0369268855964862,-0.999317969977596));
#6675=DIRECTION('',(0.934819129718624,-0.332943818931359,0.123537881427181));
#6676=DIRECTION('center_axis',(0.339381885758511,-0.940007127465102,0.0347352261228361));
#6677=DIRECTION('ref_axis',(0.,-0.0369268855964861,-0.999317969977596));
#6678=DIRECTION('',(0.497291612571911,0.147953664303302,-0.85487470736059));
#6679=DIRECTION('',(0.934819129718624,0.332943818931359,-0.123537881427181));
#6680=DIRECTION('center_axis',(-0.866459915280258,0.0345652317020394,-0.498048652211721));
#6681=DIRECTION('ref_axis',(-0.498346442197068,0.,0.866977983313028));
#6682=DIRECTION('',(0.472279202057836,-0.266687366186289,-0.840137015028045));
#6683=DIRECTION('',(-0.23094430816698,-0.912197317111512,0.338468286815522));
#6684=DIRECTION('center_axis',(-0.543836376253952,-0.838255239129713,-0.0396251174705945));
#6685=DIRECTION('ref_axis',(-0.0726695624737011,0.,0.997356072167749));
#6686=DIRECTION('',(0.713671998439037,-0.437136891708755,-0.547342321176829));
#6687=DIRECTION('',(0.817559049657997,-0.539878609345475,0.200320461994048));
#6688=DIRECTION('center_axis',(-0.0955777031688066,0.713305019550599,-0.694306021679846));
#6689=DIRECTION('ref_axis',(-0.990657526972849,0.,0.136373253433506));
#6690=DIRECTION('',(0.293472330059697,-0.646304629833958,-0.704389321997802));
#6691=DIRECTION('',(-0.99453289744757,-0.0979016260683809,0.0363261270672734));
#6692=DIRECTION('center_axis',(-2.77856103913909E-17,0.347872329613802,
0.937541914950508));
#6693=DIRECTION('ref_axis',(1.,0.,2.96366593837649E-17));
#6694=DIRECTION('',(-0.564005875996003,-0.774194713134785,0.287262803015164));
#6695=DIRECTION('center_axis',(-0.737496334775871,0.315760115487235,-0.596988028070617));
#6696=DIRECTION('ref_axis',(-0.629177336094704,0.,0.777261783278177));
#6697=DIRECTION('',(0.,0.,1.));
#6698=DIRECTION('',(1.,0.,0.));
#6699=DIRECTION('',(0.,0.,1.));
#6700=DIRECTION('',(1.,0.,0.));
#6701=DIRECTION('',(0.,0.,1.));
#6702=DIRECTION('',(1.,0.,0.));
#6703=DIRECTION('',(0.,0.,1.));
#6704=DIRECTION('',(1.,0.,0.));
#6705=DIRECTION('',(0.,0.,1.));
#6706=DIRECTION('',(1.,0.,0.));
#6707=DIRECTION('',(0.,0.,1.));
#6708=DIRECTION('',(1.,0.,0.));
#6709=DIRECTION('',(0.,0.,1.));
#6710=DIRECTION('',(1.,0.,0.));
#6711=DIRECTION('',(0.,0.,1.));
#6712=DIRECTION('',(1.,0.,0.));
#6713=DIRECTION('',(0.,0.,1.));
#6714=DIRECTION('',(1.,0.,0.));
#6715=DIRECTION('',(0.,0.,1.));
#6716=DIRECTION('',(1.,0.,0.));
#6717=CARTESIAN_POINT('',(0.,0.,0.));
#6718=CARTESIAN_POINT('',(0.,0.,0.));
#6719=CARTESIAN_POINT('Origin',(2.8727451669655,1.34890353455165,1.99110587624943));
#6720=CARTESIAN_POINT('',(3.50683607605641,1.34890353455165,1.75581175860237));
#6721=CARTESIAN_POINT('',(3.50683607605641,1.34890353455165,2.22639999389648));
#6722=CARTESIAN_POINT('',(3.50683607605641,1.34890353455165,1.99110587624943));
#6723=CARTESIAN_POINT('',(2.23865425787459,1.34890353455165,2.22639999389648));
#6724=CARTESIAN_POINT('',(2.8727451669655,1.34890353455165,2.22639999389648));
#6725=CARTESIAN_POINT('',(2.23865425787459,1.34890353455165,1.75581175860237));
#6726=CARTESIAN_POINT('',(2.23865425787459,1.34890353455165,1.99110587624943));
#6727=CARTESIAN_POINT('',(2.8727451669655,1.34890353455165,1.75581175860237));
#6728=CARTESIAN_POINT('Origin',(2.8727451669655,2.99890353455165,1.99110587624943));
#6729=CARTESIAN_POINT('',(3.50683607605641,2.99890353455165,2.22639999389648));
#6730=CARTESIAN_POINT('',(3.50683607605641,2.99890353455165,1.75581175860237));
#6731=CARTESIAN_POINT('',(3.50683607605641,2.99890353455165,1.99110587624943));
#6732=CARTESIAN_POINT('',(2.23865425787459,2.99890353455165,1.75581175860237));
#6733=CARTESIAN_POINT('',(2.8727451669655,2.99890353455165,1.75581175860237));
#6734=CARTESIAN_POINT('',(2.23865425787459,2.99890353455165,2.22639999389648));
#6735=CARTESIAN_POINT('',(2.23865425787459,2.99890353455165,1.99110587624943));
#6736=CARTESIAN_POINT('',(2.8727451669655,2.99890353455165,2.22639999389648));
#6737=CARTESIAN_POINT('Origin',(2.8727451669655,2.17390353455165,1.75581175860237));
#6738=CARTESIAN_POINT('',(2.23865425787459,2.17390353455165,1.75581175860237));
#6739=CARTESIAN_POINT('',(3.50683607605641,2.17390353455165,1.75581175860237));
#6740=CARTESIAN_POINT('Origin',(2.23865425787459,2.17390353455165,1.99110587624943));
#6741=CARTESIAN_POINT('',(2.23865425787459,2.17390353455165,2.22639999389648));
#6742=CARTESIAN_POINT('Origin',(2.8727451669655,2.17390353455165,2.22639999389648));
#6743=CARTESIAN_POINT('',(3.50683607605641,2.17390353455165,2.22639999389648));
#6744=CARTESIAN_POINT('Origin',(3.50683607605641,2.17390353455165,1.99110587624943));
#6745=CARTESIAN_POINT('',(0.,0.,0.));
#6746=CARTESIAN_POINT('Origin',(2.8727451669655,1.29890353455165,1.98529411764706));
#6747=CARTESIAN_POINT('',(3.5477451669655,1.29890353455165,1.75));
#6748=CARTESIAN_POINT('',(3.5477451669655,1.29890353455165,2.22058823529412));
#6749=CARTESIAN_POINT('',(3.5477451669655,1.29890353455165,1.98529411764706));
#6750=CARTESIAN_POINT('',(2.1977451669655,1.29890353455165,2.22058823529412));
#6751=CARTESIAN_POINT('',(2.8727451669655,1.29890353455165,2.22058823529412));
#6752=CARTESIAN_POINT('',(2.1977451669655,1.29890353455165,1.75));
#6753=CARTESIAN_POINT('',(2.1977451669655,1.29890353455165,1.98529411764706));
#6754=CARTESIAN_POINT('',(2.8727451669655,1.29890353455165,1.75));
#6755=CARTESIAN_POINT('Origin',(2.8727451669655,3.04890353455165,1.98529411764706));
#6756=CARTESIAN_POINT('',(3.5477451669655,3.04890353455165,2.22058823529412));
#6757=CARTESIAN_POINT('',(3.5477451669655,3.04890353455165,1.75));
#6758=CARTESIAN_POINT('',(3.5477451669655,3.04890353455165,1.98529411764706));
#6759=CARTESIAN_POINT('',(2.1977451669655,3.04890353455165,1.75));
#6760=CARTESIAN_POINT('',(2.8727451669655,3.04890353455165,1.75));
#6761=CARTESIAN_POINT('',(2.1977451669655,3.04890353455165,2.22058823529412));
#6762=CARTESIAN_POINT('',(2.1977451669655,3.04890353455165,1.98529411764706));
#6763=CARTESIAN_POINT('',(2.8727451669655,3.04890353455165,2.22058823529412));
#6764=CARTESIAN_POINT('Origin',(2.8727451669655,2.17390353455165,1.75));
#6765=CARTESIAN_POINT('',(2.1977451669655,2.17390353455165,1.75));
#6766=CARTESIAN_POINT('',(3.5477451669655,2.17390353455165,1.75));
#6767=CARTESIAN_POINT('Origin',(2.1977451669655,2.17390353455165,1.98529411764706));
#6768=CARTESIAN_POINT('',(2.1977451669655,2.17390353455165,2.22058823529412));
#6769=CARTESIAN_POINT('Origin',(2.8727451669655,2.17390353455165,2.22058823529412));
#6770=CARTESIAN_POINT('',(3.5477451669655,2.17390353455165,2.22058823529412));
#6771=CARTESIAN_POINT('Origin',(3.5477451669655,2.17390353455165,1.98529411764706));
#6772=CARTESIAN_POINT('',(0.,0.,0.));
#6773=CARTESIAN_POINT('Ctrl Pts',(-2.57157491581067,0.0798576792872421,
0.831808873420746));
#6774=CARTESIAN_POINT('Ctrl Pts',(-2.57157491581067,0.186355617979246,0.716488116705687));
#6775=CARTESIAN_POINT('Ctrl Pts',(-2.57157491581067,0.31433824685614,0.83467920868274));
#6776=CARTESIAN_POINT('Ctrl Pts',(-2.57157491581067,0.442320875733034,0.952870300659793));
#6777=CARTESIAN_POINT('Ctrl Pts',(-2.57157491581067,0.33582293704103,1.06819105737485));
#6778=CARTESIAN_POINT('Ctrl Pts',(-2.57157491581067,0.229324998349027,1.18351181408991));
#6779=CARTESIAN_POINT('Ctrl Pts',(-2.57157491581067,0.101342369472133,1.06532072211286));
#6780=CARTESIAN_POINT('Ctrl Pts',(-2.57157491581067,-0.0266402594047616,
0.947129630135806));
#6781=CARTESIAN_POINT('Ctrl Pts',(-2.57157491581067,0.0798576792872421,
0.831808873420746));
#6782=CARTESIAN_POINT('Ctrl Pts',(-2.52242491240469,0.0798576792872421,
0.831808873420746));
#6783=CARTESIAN_POINT('Ctrl Pts',(-2.52242491240469,0.186355617979246,0.716488116705687));
#6784=CARTESIAN_POINT('Ctrl Pts',(-2.52242491240469,0.31433824685614,0.83467920868274));
#6785=CARTESIAN_POINT('Ctrl Pts',(-2.52242491240469,0.442320875733034,0.952870300659793));
#6786=CARTESIAN_POINT('Ctrl Pts',(-2.52242491240469,0.33582293704103,1.06819105737485));
#6787=CARTESIAN_POINT('Ctrl Pts',(-2.52242491240469,0.229324998349027,1.18351181408991));
#6788=CARTESIAN_POINT('Ctrl Pts',(-2.52242491240469,0.101342369472132,1.06532072211286));
#6789=CARTESIAN_POINT('Ctrl Pts',(-2.52242491240469,-0.0266402594047616,
0.947129630135806));
#6790=CARTESIAN_POINT('Ctrl Pts',(-2.52242491240469,0.0798576792872421,
0.831808873420746));
#6791=CARTESIAN_POINT('',(-2.57157491581067,0.0798576792872422,0.831808873420746));
#6792=CARTESIAN_POINT('Origin',(-2.57157491581067,0.207840308164136,0.949999965397799));
#6793=CARTESIAN_POINT('',(-2.52242491240469,0.0798576792872421,0.831808873420746));
#6794=CARTESIAN_POINT('',(-2.34657490048376,0.0798576792872421,0.831808873420746));
#6795=CARTESIAN_POINT('Origin',(-2.52242491240469,0.207840308164136,0.949999965397799));
#6796=CARTESIAN_POINT('Ctrl Pts',(-2.6724249285831,0.0386983690047866,0.793871923707738));
#6797=CARTESIAN_POINT('Ctrl Pts',(-2.6724249285831,0.179379445024614,0.6414645166626));
#6798=CARTESIAN_POINT('Ctrl Pts',(-2.6724249285831,0.348521384183964,0.797592558352661));
#6799=CARTESIAN_POINT('Ctrl Pts',(-2.6724249285831,0.517663323343313,0.953720600042723));
#6800=CARTESIAN_POINT('Ctrl Pts',(-2.6724249285831,0.376982247323486,1.10612800708786));
#6801=CARTESIAN_POINT('Ctrl Pts',(-2.6724249285831,0.236301171303659,1.258535414133));
#6802=CARTESIAN_POINT('Ctrl Pts',(-2.6724249285831,0.067159232144309,1.10240737244294));
#6803=CARTESIAN_POINT('Ctrl Pts',(-2.6724249285831,-0.101982707015041,0.946279330752876));
#6804=CARTESIAN_POINT('Ctrl Pts',(-2.6724249285831,0.0386983690047866,0.793871923707738));
#6805=CARTESIAN_POINT('Ctrl Pts',(-2.57157491581067,0.0386983690047866,
0.793871923707738));
#6806=CARTESIAN_POINT('Ctrl Pts',(-2.57157491581067,0.179379445024614,0.6414645166626));
#6807=CARTESIAN_POINT('Ctrl Pts',(-2.57157491581067,0.348521384183964,0.797592558352661));
#6808=CARTESIAN_POINT('Ctrl Pts',(-2.57157491581067,0.517663323343313,0.953720600042723));
#6809=CARTESIAN_POINT('Ctrl Pts',(-2.57157491581067,0.376982247323486,1.10612800708786));
#6810=CARTESIAN_POINT('Ctrl Pts',(-2.57157491581067,0.236301171303659,1.258535414133));
#6811=CARTESIAN_POINT('Ctrl Pts',(-2.57157491581067,0.067159232144309,1.10240737244294));
#6812=CARTESIAN_POINT('Ctrl Pts',(-2.57157491581067,-0.101982707015041,
0.946279330752876));
#6813=CARTESIAN_POINT('Ctrl Pts',(-2.57157491581067,0.0386983690047866,
0.793871923707738));
#6814=CARTESIAN_POINT('',(-2.6724249285831,0.0386983690047866,0.793871923707738));
#6815=CARTESIAN_POINT('Origin',(-2.6724249285831,0.207840308164136,0.949999965397799));
#6816=CARTESIAN_POINT('',(-2.57157491581067,0.0386983690047866,0.793871923707738));
#6817=CARTESIAN_POINT('',(-2.57157491581067,0.0386983690047866,0.793871923707738));
#6818=CARTESIAN_POINT('Origin',(-2.57157491581067,0.207840308164136,0.949999965397799));
#6819=CARTESIAN_POINT('Origin',(-2.57157491581067,0.207840308164136,0.949999965397799));
#6820=CARTESIAN_POINT('Ctrl Pts',(-2.6724249285831,0.00615899115383682,
0.764108230035402));
#6821=CARTESIAN_POINT('Ctrl Pts',(-2.6724249285831,0.173656956067601,0.582383044165809));
#6822=CARTESIAN_POINT('Ctrl Pts',(-2.6724249285831,0.375338273077901,0.768274779528207));
#6823=CARTESIAN_POINT('Ctrl Pts',(-2.6724249285831,0.5770195900882,0.954166514890605));
#6824=CARTESIAN_POINT('Ctrl Pts',(-2.6724249285831,0.409521625174436,1.1358917007602));
#6825=CARTESIAN_POINT('Ctrl Pts',(-2.6724249285831,0.242023660260672,1.31761688662979));
#6826=CARTESIAN_POINT('Ctrl Pts',(-2.6724249285831,0.0403423432503723,1.13172515126739));
#6827=CARTESIAN_POINT('Ctrl Pts',(-2.6724249285831,-0.161338973759927,0.945833415904994));
#6828=CARTESIAN_POINT('Ctrl Pts',(-2.6724249285831,0.00615899115383682,
0.764108230035402));
#6829=CARTESIAN_POINT('Ctrl Pts',(-2.52242491240469,0.00615899115383672,
0.764108230035402));
#6830=CARTESIAN_POINT('Ctrl Pts',(-2.52242491240469,0.173656956067601,0.582383044165809));
#6831=CARTESIAN_POINT('Ctrl Pts',(-2.52242491240469,0.3753382730779,0.768274779528207));
#6832=CARTESIAN_POINT('Ctrl Pts',(-2.52242491240469,0.5770195900882,0.954166514890604));
#6833=CARTESIAN_POINT('Ctrl Pts',(-2.52242491240469,0.409521625174436,1.1358917007602));
#6834=CARTESIAN_POINT('Ctrl Pts',(-2.52242491240469,0.242023660260672,1.31761688662979));
#6835=CARTESIAN_POINT('Ctrl Pts',(-2.52242491240469,0.0403423432503723,
1.13172515126739));
#6836=CARTESIAN_POINT('Ctrl Pts',(-2.52242491240469,-0.161338973759927,
0.945833415904994));
#6837=CARTESIAN_POINT('Ctrl Pts',(-2.52242491240469,0.00615899115383672,
0.764108230035402));
#6838=CARTESIAN_POINT('',(-2.52242491240469,0.00615899115383678,0.764108230035402));
#6839=CARTESIAN_POINT('Origin',(-2.52242491240469,0.207840308164136,0.949999965397799));
#6840=CARTESIAN_POINT('',(-2.6724249285831,0.00615899115383685,0.764108230035402));
#6841=CARTESIAN_POINT('',(-2.52242491240469,0.00615899115383678,0.764108230035402));
#6842=CARTESIAN_POINT('Origin',(-2.6724249285831,0.207840308164136,0.9499999653978));
#6843=CARTESIAN_POINT('Origin',(-2.6724249285831,0.207840308164136,0.9499999653978));
#6844=CARTESIAN_POINT('Origin',(-2.52242491240469,0.207840308164136,0.949999965397799));
#6845=CARTESIAN_POINT('Ctrl Pts',(-2.52242490644423,0.0798576792872421,
0.831808873420746));
#6846=CARTESIAN_POINT('Ctrl Pts',(-2.52242490644423,0.186355617979246,0.716488116705687));
#6847=CARTESIAN_POINT('Ctrl Pts',(-2.52242490644423,0.31433824685614,0.83467920868274));
#6848=CARTESIAN_POINT('Ctrl Pts',(-2.52242490644423,0.442320875733034,0.952870300659793));
#6849=CARTESIAN_POINT('Ctrl Pts',(-2.52242490644423,0.33582293704103,1.06819105737485));
#6850=CARTESIAN_POINT('Ctrl Pts',(-2.52242490644423,0.229324998349027,1.18351181408991));
#6851=CARTESIAN_POINT('Ctrl Pts',(-2.52242490644423,0.101342369472132,1.06532072211286));
#6852=CARTESIAN_POINT('Ctrl Pts',(-2.52242490644423,-0.0266402594047616,
0.947129630135806));
#6853=CARTESIAN_POINT('Ctrl Pts',(-2.52242490644423,0.0798576792872421,
0.831808873420746));
#6854=CARTESIAN_POINT('Ctrl Pts',(-2.34657490048376,0.0798576792872421,
0.831808873420746));
#6855=CARTESIAN_POINT('Ctrl Pts',(-2.34657490048376,0.186355617979246,0.716488116705687));
#6856=CARTESIAN_POINT('Ctrl Pts',(-2.34657490048376,0.31433824685614,0.83467920868274));
#6857=CARTESIAN_POINT('Ctrl Pts',(-2.34657490048376,0.442320875733034,0.952870300659793));
#6858=CARTESIAN_POINT('Ctrl Pts',(-2.34657490048376,0.33582293704103,1.06819105737485));
#6859=CARTESIAN_POINT('Ctrl Pts',(-2.34657490048376,0.229324998349027,1.18351181408991));
#6860=CARTESIAN_POINT('Ctrl Pts',(-2.34657490048376,0.101342369472132,1.06532072211286));
#6861=CARTESIAN_POINT('Ctrl Pts',(-2.34657490048376,-0.0266402594047616,
0.947129630135806));
#6862=CARTESIAN_POINT('Ctrl Pts',(-2.34657490048376,0.0798576792872421,
0.831808873420746));
#6863=CARTESIAN_POINT('',(-2.52242490644423,0.0798576792872421,0.831808873420746));
#6864=CARTESIAN_POINT('Origin',(-2.52242490644423,0.207840308164136,0.949999965397799));
#6865=CARTESIAN_POINT('',(-2.34657490048376,0.0798576792872421,0.831808873420746));
#6866=CARTESIAN_POINT('',(-2.34657490048376,0.0798576792872421,0.831808873420746));
#6867=CARTESIAN_POINT('Origin',(-2.34657490048376,0.207840308164136,0.949999965397799));
#6868=CARTESIAN_POINT('Origin',(-2.34657490048376,0.207840308164136,0.949999965397799));
#6869=CARTESIAN_POINT('Ctrl Pts',(-2.52242490644423,0.0473184428038427,
0.802045318146511));
#6870=CARTESIAN_POINT('Ctrl Pts',(-2.52242490644423,0.180633150237241,0.657406904181556));
#6871=CARTESIAN_POINT('Ctrl Pts',(-2.52242490644423,0.341155015597534,0.805361551432844));
#6872=CARTESIAN_POINT('Ctrl Pts',(-2.52242490644423,0.501676880957828,0.953316198684133));
#6873=CARTESIAN_POINT('Ctrl Pts',(-2.52242490644423,0.36836217352443,1.09795461264909));
#6874=CARTESIAN_POINT('Ctrl Pts',(-2.52242490644423,0.235047466091032,1.24259302661404));
#6875=CARTESIAN_POINT('Ctrl Pts',(-2.52242490644423,0.0745256007307385,
1.09463837936275));
#6876=CARTESIAN_POINT('Ctrl Pts',(-2.52242490644423,-0.085996264629555,
0.946683732111466));
#6877=CARTESIAN_POINT('Ctrl Pts',(-2.52242490644423,0.0473184428038427,
0.802045318146511));
#6878=CARTESIAN_POINT('Ctrl Pts',(-2.29742489707778,0.0473184428038427,
0.802045318146511));
#6879=CARTESIAN_POINT('Ctrl Pts',(-2.29742489707778,0.180633150237241,0.657406904181555));
#6880=CARTESIAN_POINT('Ctrl Pts',(-2.29742489707778,0.341155015597534,0.805361551432844));
#6881=CARTESIAN_POINT('Ctrl Pts',(-2.29742489707778,0.501676880957828,0.953316198684133));
#6882=CARTESIAN_POINT('Ctrl Pts',(-2.29742489707778,0.36836217352443,1.09795461264909));
#6883=CARTESIAN_POINT('Ctrl Pts',(-2.29742489707778,0.235047466091032,1.24259302661404));
#6884=CARTESIAN_POINT('Ctrl Pts',(-2.29742489707778,0.0745256007307383,
1.09463837936275));
#6885=CARTESIAN_POINT('Ctrl Pts',(-2.29742489707778,-0.0859962646295552,
0.946683732111466));
#6886=CARTESIAN_POINT('Ctrl Pts',(-2.29742489707778,0.0473184428038427,
0.802045318146511));
#6887=CARTESIAN_POINT('',(-2.29742489707778,0.0473184428038427,0.80204531814651));
#6888=CARTESIAN_POINT('Origin',(-2.29742489707778,0.207840308164136,0.949999965397799));
#6889=CARTESIAN_POINT('',(-2.52242490644423,0.0473184428038428,0.802045318146511));
#6890=CARTESIAN_POINT('',(-2.29742489707778,0.0473184428038427,0.80204531814651));
#6891=CARTESIAN_POINT('Origin',(-2.52242490644423,0.207840308164136,0.949999965397799));
#6892=CARTESIAN_POINT('Origin',(-2.52242490644423,0.207840308164136,0.949999965397799));
#6893=CARTESIAN_POINT('Origin',(-2.29742489707778,0.207840308164136,0.949999965397799));
#6894=CARTESIAN_POINT('',(0.,0.,0.));
#6895=CARTESIAN_POINT('Origin',(-2.69660717053692,-6.19985000000001,1.45));
#6896=CARTESIAN_POINT('',(-2.74745717053692,-4.19846717206803,1.45));
#6897=CARTESIAN_POINT('Origin',(-2.69660717053692,-4.19846717206803,1.45));
#6898=CARTESIAN_POINT('',(-2.74745717053692,-3.99846717206803,1.45));
#6899=CARTESIAN_POINT('',(-2.74745717053692,-6.19985000000001,1.45));
#6900=CARTESIAN_POINT('Origin',(-2.69660717053692,-3.99846717206803,1.45));
#6901=CARTESIAN_POINT('Origin',(-2.74660717053692,-6.69985000000001,0.350000000000002));
#6902=CARTESIAN_POINT('',(-2.79745717053692,-4.19846717206803,0.350000000000002));
#6903=CARTESIAN_POINT('Origin',(-2.74660717053692,-4.19846717206803,0.350000000000002));
#6904=CARTESIAN_POINT('',(-2.79745717053692,-3.99846717206803,0.350000000000002));
#6905=CARTESIAN_POINT('',(-2.79745717053692,-6.69985000000001,0.350000000000002));
#6906=CARTESIAN_POINT('Origin',(-2.74660717053692,-3.99846717206803,0.350000000000002));
#6907=CARTESIAN_POINT('Origin',(-4.29660717053692,-6.59985000000001,0.350000000000002));
#6908=CARTESIAN_POINT('',(-4.34745717053692,-4.19846717206803,0.350000000000002));
#6909=CARTESIAN_POINT('Origin',(-4.29660717053692,-4.19846717206803,0.350000000000002));
#6910=CARTESIAN_POINT('',(-4.34745717053692,-3.99846717206803,0.350000000000002));
#6911=CARTESIAN_POINT('',(-4.34745717053692,-6.59985000000001,0.350000000000002));
#6912=CARTESIAN_POINT('Origin',(-4.29660717053692,-3.99846717206803,0.350000000000002));
#6913=CARTESIAN_POINT('Origin',(-4.34660717053692,-6.59985000000001,1.45));
#6914=CARTESIAN_POINT('',(-4.39745717053692,-4.19846717206803,1.45));
#6915=CARTESIAN_POINT('Origin',(-4.34660717053692,-4.19846717206803,1.45));
#6916=CARTESIAN_POINT('',(-4.39745717053692,-3.99846717206803,1.45));
#6917=CARTESIAN_POINT('',(-4.39745717053692,-6.59985000000001,1.45));
#6918=CARTESIAN_POINT('Origin',(-4.34660717053692,-3.99846717206803,1.45));
#6919=CARTESIAN_POINT('Origin',(-4.45,-4.09846717206803,0.900000000000002));
#6920=CARTESIAN_POINT('',(-4.45,-4.19846717206803,1.8));
#6921=CARTESIAN_POINT('',(-4.45,-3.99846717206803,1.8));
#6922=CARTESIAN_POINT('',(-4.45,-4.09846717206803,1.8));
#6923=CARTESIAN_POINT('',(-4.45,-3.99846717206803,1.24344978758018E-15));
#6924=CARTESIAN_POINT('',(-4.45,-3.99846717206803,0.900000000000001));
#6925=CARTESIAN_POINT('',(-4.45,-4.19846717206803,1.24344978758018E-15));
#6926=CARTESIAN_POINT('',(-4.45,-4.09846717206803,1.24344978758018E-15));
#6927=CARTESIAN_POINT('',(-4.45,-4.19846717206803,0.900000000000002));
#6928=CARTESIAN_POINT('Origin',(-2.45,-4.09846717206803,0.900000000000001));
#6929=CARTESIAN_POINT('',(-2.45,-3.99846717206803,1.8));
#6930=CARTESIAN_POINT('',(-2.45,-4.19846717206803,1.8));
#6931=CARTESIAN_POINT('',(-2.45,-4.09846717206803,1.8));
#6932=CARTESIAN_POINT('',(-2.45,-4.19846717206803,8.88178419700125E-16));
#6933=CARTESIAN_POINT('',(-2.45,-4.19846717206803,0.900000000000001));
#6934=CARTESIAN_POINT('',(-2.45,-3.99846717206803,8.88178419700125E-16));
#6935=CARTESIAN_POINT('',(-2.45,-4.09846717206803,8.88178419700125E-16));
#6936=CARTESIAN_POINT('',(-2.45,-3.99846717206803,0.900000000000001));
#6937=CARTESIAN_POINT('Origin',(-3.45,-4.19846717206803,0.900000000000001));
#6938=CARTESIAN_POINT('',(-3.45,-4.19846717206803,1.06581410364015E-15));
#6939=CARTESIAN_POINT('',(-3.45,-4.19846717206803,1.8));
#6940=CARTESIAN_POINT('Origin',(-3.45,-4.09846717206803,1.06581410364015E-15));
#6941=CARTESIAN_POINT('',(-3.45,-3.99846717206803,1.06581410364015E-15));
#6942=CARTESIAN_POINT('Origin',(-3.45,-3.99846717206803,0.900000000000001));
#6943=CARTESIAN_POINT('',(-3.45,-3.99846717206803,1.8));
#6944=CARTESIAN_POINT('Origin',(-3.45,-4.09846717206803,1.8));
#6945=CARTESIAN_POINT('',(0.,0.,0.));
#6946=CARTESIAN_POINT('Origin',(-3.19899999999994,-2.665,-0.000849999999999382));
#6947=CARTESIAN_POINT('',(-3.23484999999997,-2.665,0.409125520062029));
#6948=CARTESIAN_POINT('Origin',(-3.19899999999994,-2.665,0.409125520062029));
#6949=CARTESIAN_POINT('',(-3.23484999999997,-2.665,0.296521870160821));
#6950=CARTESIAN_POINT('',(-3.23484999999997,-2.665,-0.000849999999999382));
#6951=CARTESIAN_POINT('Origin',(-3.19899999999994,-2.665,0.296521870160821));
#6952=CARTESIAN_POINT('Origin',(-3.20000006060947,-2.60001264413198,1.50347861846552));
#6953=CARTESIAN_POINT('',(-3.3500075554678,-2.41666666666667,1.50347861846552));
#6954=CARTESIAN_POINT('',(-3.04999256575114,-2.41666666666667,1.50347861846552));
#6955=CARTESIAN_POINT('',(-3.20000006060947,-2.41666666666667,1.50347861846552));
#6956=CARTESIAN_POINT('',(-3.3500075554678,-2.8500253200531,1.50347861846552));
#6957=CARTESIAN_POINT('',(-3.3500075554678,-2.60001264413198,1.50347861846552));
#6958=CARTESIAN_POINT('',(-3.04999256575114,-2.8500253200531,1.50347861846552));
#6959=CARTESIAN_POINT('',(-3.20000006060947,-2.8500253200531,1.50347861846552));
#6960=CARTESIAN_POINT('',(-3.04999256575114,-2.60001264413198,1.50347861846552));
#6961=CARTESIAN_POINT('Origin',(-3.3500075554678,-2.60001264413198,0.900000244313169));
#6962=CARTESIAN_POINT('',(-3.3500075554678,-2.41666666666667,0.296521870160821));
#6963=CARTESIAN_POINT('',(-3.3500075554678,-2.41666666666667,0.900000244313169));
#6964=CARTESIAN_POINT('',(-3.3500075554678,-2.8500253200531,0.296521870160821));
#6965=CARTESIAN_POINT('',(-3.3500075554678,-2.60001264413198,0.296521870160821));
#6966=CARTESIAN_POINT('',(-3.3500075554678,-2.8500253200531,0.900000244313169));
#6967=CARTESIAN_POINT('Origin',(-3.04999256575114,-2.60001264413198,0.900000244313169));
#6968=CARTESIAN_POINT('',(-3.04999256575114,-2.41666666666667,0.296521870160821));
#6969=CARTESIAN_POINT('',(-3.04999256575114,-2.41666666666667,0.900000244313169));
#6970=CARTESIAN_POINT('',(-3.04999256575114,-2.8500253200531,0.296521870160821));
#6971=CARTESIAN_POINT('',(-3.04999256575114,-2.8500253200531,0.900000244313169));
#6972=CARTESIAN_POINT('',(-3.04999256575114,-2.60001264413198,0.296521870160821));
#6973=CARTESIAN_POINT('Origin',(-3.20000006060947,-2.60001264413198,0.296521870160821));
#6974=CARTESIAN_POINT('',(-3.20000006060947,-2.41666666666667,0.296521870160821));
#6975=CARTESIAN_POINT('',(-3.20000006060947,-2.8500253200531,0.296521870160821));
#6976=CARTESIAN_POINT('Origin',(-3.20000006060947,-2.8500253200531,0.900000244313169));
#6977=CARTESIAN_POINT('',(-3.27997353693665,-2.8500253200531,0.874866723464685));
#6978=CARTESIAN_POINT('',(-3.27997353693665,-2.8500253200531,0.925133765161652));
#6979=CARTESIAN_POINT('Origin',(-3.28645347774237,-2.8500253200531,0.900000244313169));
#6980=CARTESIAN_POINT('',(-3.27997353693665,-2.8500253200531,1.39087496856431));
#6981=CARTESIAN_POINT('',(-3.27997353693665,-2.8500253200531,0.900000244313169));
#6982=CARTESIAN_POINT('',(-3.12002658428229,-2.8500253200531,1.39087496856431));
#6983=CARTESIAN_POINT('',(-3.20000006060947,-2.8500253200531,1.39087496856431));
#6984=CARTESIAN_POINT('',(-3.12002658428229,-2.8500253200531,0.925133765161653));
#6985=CARTESIAN_POINT('',(-3.12002658428229,-2.8500253200531,0.900000244313169));
#6986=CARTESIAN_POINT('',(-3.12002658428229,-2.8500253200531,0.874866723464685));
#6987=CARTESIAN_POINT('Origin',(-3.11354664347657,-2.8500253200531,0.900000244313169));
#6988=CARTESIAN_POINT('',(-3.12002658428229,-2.8500253200531,0.409125520062029));
#6989=CARTESIAN_POINT('',(-3.12002658428229,-2.8500253200531,0.900000244313169));
#6990=CARTESIAN_POINT('',(-3.27997353693665,-2.8500253200531,0.409125520062029));
#6991=CARTESIAN_POINT('',(-3.20000006060947,-2.8500253200531,0.409125520062029));
#6992=CARTESIAN_POINT('',(-3.27997353693665,-2.8500253200531,0.900000244313169));
#6993=CARTESIAN_POINT('Ctrl Pts',(-3.12002658428229,-2.8500253200531,0.925133765161653));
#6994=CARTESIAN_POINT('Ctrl Pts',(-3.11060339941162,-2.8500253200531,0.937296867066979));
#6995=CARTESIAN_POINT('Ctrl Pts',(-3.10361168159024,-2.8500253200531,0.918648555690074));
#6996=CARTESIAN_POINT('Ctrl Pts',(-3.09661996376886,-2.8500253200531,0.900000244313169));
#6997=CARTESIAN_POINT('Ctrl Pts',(-3.10361168159024,-2.8500253200531,0.881351932936263));
#6998=CARTESIAN_POINT('Ctrl Pts',(-3.11060339941162,-2.8500253200531,0.862703621559358));
#6999=CARTESIAN_POINT('Ctrl Pts',(-3.12002658428229,-2.8500253200531,0.874866723464685));
#7000=CARTESIAN_POINT('Ctrl Pts',(-3.12002658428229,-2.35,0.925133765161653));
#7001=CARTESIAN_POINT('Ctrl Pts',(-3.11060339941162,-2.35,0.937296867066979));
#7002=CARTESIAN_POINT('Ctrl Pts',(-3.10361168159024,-2.35,0.918648555690074));
#7003=CARTESIAN_POINT('Ctrl Pts',(-3.09661996376886,-2.35,0.900000244313169));
#7004=CARTESIAN_POINT('Ctrl Pts',(-3.10361168159024,-2.35,0.881351932936263));
#7005=CARTESIAN_POINT('Ctrl Pts',(-3.11060339941162,-2.35,0.862703621559358));
#7006=CARTESIAN_POINT('Ctrl Pts',(-3.12002658428229,-2.35,0.874866723464685));
#7007=CARTESIAN_POINT('',(-3.12002658428229,-2.35,0.925133765161653));
#7008=CARTESIAN_POINT('',(-3.12002658428229,-2.34915,0.925133765161653));
#7009=CARTESIAN_POINT('',(-3.12002658428229,-2.35,0.874866723464685));
#7010=CARTESIAN_POINT('Origin',(-3.11354664347657,-2.35,0.900000244313169));
#7011=CARTESIAN_POINT('',(-3.12002658428229,-2.34915,0.874866723464685));
#7012=CARTESIAN_POINT('Origin',(-3.12002658428229,-2.68336708345916,0.900000244313169));
#7013=CARTESIAN_POINT('',(-3.12002658428229,-2.35,0.409125520062028));
#7014=CARTESIAN_POINT('',(-3.12002658428229,-2.35,0.900000244313169));
#7015=CARTESIAN_POINT('',(-3.12002658428229,-2.68336708345916,0.409125520062029));
#7016=CARTESIAN_POINT('Origin',(-3.20000006060947,-2.68336708345916,0.409125520062029));
#7017=CARTESIAN_POINT('',(-3.27997353693665,-2.35,0.409125520062028));
#7018=CARTESIAN_POINT('',(-3.20000006060947,-2.35,0.409125520062028));
#7019=CARTESIAN_POINT('',(-3.27997353693665,-2.68336708345916,0.409125520062029));
#7020=CARTESIAN_POINT('Origin',(-3.27997353693665,-2.68336708345916,0.900000244313169));
#7021=CARTESIAN_POINT('',(-3.27997353693665,-2.35,0.874866723464685));
#7022=CARTESIAN_POINT('',(-3.27997353693665,-2.35,0.900000244313169));
#7023=CARTESIAN_POINT('',(-3.27997353693665,-2.34915,0.874866723464685));
#7024=CARTESIAN_POINT('Origin',(-3.12002658428229,-2.68336708345916,0.900000244313169));
#7025=CARTESIAN_POINT('',(-3.12002658428229,-2.35,1.39087496856431));
#7026=CARTESIAN_POINT('',(-3.12002658428229,-2.68336708345916,1.39087496856431));
#7027=CARTESIAN_POINT('',(-3.12002658428229,-2.35,0.900000244313169));
#7028=CARTESIAN_POINT('Ctrl Pts',(-3.27997353693665,-2.8500253200531,0.874866723464685));
#7029=CARTESIAN_POINT('Ctrl Pts',(-3.28939672180732,-2.8500253200531,0.862703621559358));
#7030=CARTESIAN_POINT('Ctrl Pts',(-3.2963884396287,-2.8500253200531,0.881351932936263));
#7031=CARTESIAN_POINT('Ctrl Pts',(-3.30338015745009,-2.8500253200531,0.900000244313169));
#7032=CARTESIAN_POINT('Ctrl Pts',(-3.2963884396287,-2.8500253200531,0.918648555690074));
#7033=CARTESIAN_POINT('Ctrl Pts',(-3.28939672180732,-2.8500253200531,0.93729686706698));
#7034=CARTESIAN_POINT('Ctrl Pts',(-3.27997353693665,-2.8500253200531,0.925133765161652));
#7035=CARTESIAN_POINT('Ctrl Pts',(-3.27997353693665,-2.35,0.874866723464685));
#7036=CARTESIAN_POINT('Ctrl Pts',(-3.28939672180732,-2.35,0.862703621559358));
#7037=CARTESIAN_POINT('Ctrl Pts',(-3.2963884396287,-2.35,0.881351932936263));
#7038=CARTESIAN_POINT('Ctrl Pts',(-3.30338015745009,-2.35,0.900000244313169));
#7039=CARTESIAN_POINT('Ctrl Pts',(-3.2963884396287,-2.35,0.918648555690074));
#7040=CARTESIAN_POINT('Ctrl Pts',(-3.28939672180732,-2.35,0.93729686706698));
#7041=CARTESIAN_POINT('Ctrl Pts',(-3.27997353693665,-2.35,0.925133765161652));
#7042=CARTESIAN_POINT('',(-3.27997353693665,-2.35,0.925133765161652));
#7043=CARTESIAN_POINT('Origin',(-3.28645347774237,-2.35,0.900000244313169));
#7044=CARTESIAN_POINT('',(-3.27997353693665,-2.34915,0.925133765161652));
#7045=CARTESIAN_POINT('Origin',(-3.27997353693665,-2.68336708345916,0.900000244313169));
#7046=CARTESIAN_POINT('',(-3.27997353693665,-2.35,1.39087496856431));
#7047=CARTESIAN_POINT('',(-3.27997353693665,-2.35,0.900000244313169));
#7048=CARTESIAN_POINT('',(-3.27997353693665,-2.68336708345916,1.39087496856431));
#7049=CARTESIAN_POINT('Origin',(-3.20000006060947,-2.68336708345916,1.39087496856431));
#7050=CARTESIAN_POINT('',(-3.20000006060947,-2.35,1.39087496856431));
#7051=CARTESIAN_POINT('Ctrl Pts',(-3.20000006060947,-2.41666666666667,0.200000244313169));
#7052=CARTESIAN_POINT('Ctrl Pts',(-3.50000006060947,-2.41666666666667,0.200000244313169));
#7053=CARTESIAN_POINT('Ctrl Pts',(-3.50000006060947,-2.41666666666667,0.900000244313169));
#7054=CARTESIAN_POINT('Ctrl Pts',(-3.50000006060947,-2.41666666666667,1.60000024431317));
#7055=CARTESIAN_POINT('Ctrl Pts',(-3.20000006060947,-2.41666666666667,1.60000024431317));
#7056=CARTESIAN_POINT('Ctrl Pts',(-2.90000006060947,-2.41666666666667,1.60000024431317));
#7057=CARTESIAN_POINT('Ctrl Pts',(-2.90000006060947,-2.41666666666667,0.900000244313169));
#7058=CARTESIAN_POINT('Ctrl Pts',(-2.90000006060947,-2.41666666666667,0.200000244313169));
#7059=CARTESIAN_POINT('Ctrl Pts',(-3.20000006060947,-2.41666666666667,0.200000244313169));
#7060=CARTESIAN_POINT('Ctrl Pts',(-3.20000006060947,-2.35,0.200000244313169));
#7061=CARTESIAN_POINT('Ctrl Pts',(-3.50000006060947,-2.35,0.200000244313169));
#7062=CARTESIAN_POINT('Ctrl Pts',(-3.50000006060947,-2.35,0.900000244313169));
#7063=CARTESIAN_POINT('Ctrl Pts',(-3.50000006060947,-2.35,1.60000024431317));
#7064=CARTESIAN_POINT('Ctrl Pts',(-3.20000006060947,-2.35,1.60000024431317));
#7065=CARTESIAN_POINT('Ctrl Pts',(-2.90000006060947,-2.35,1.60000024431317));
#7066=CARTESIAN_POINT('Ctrl Pts',(-2.90000006060947,-2.35,0.900000244313169));
#7067=CARTESIAN_POINT('Ctrl Pts',(-2.90000006060947,-2.35,0.200000244313169));
#7068=CARTESIAN_POINT('Ctrl Pts',(-3.20000006060947,-2.35,0.200000244313169));
#7069=CARTESIAN_POINT('',(-3.20000006060947,-2.35,0.200000244313169));
#7070=CARTESIAN_POINT('Origin',(-3.20000006060947,-2.35,0.900000244313169));
#7071=CARTESIAN_POINT('',(-3.20000006060947,-2.41666666666667,0.200000244313169));
#7072=CARTESIAN_POINT('',(-3.20000006060947,-2.35,0.200000244313169));
#7073=CARTESIAN_POINT('Origin',(-3.20000006060947,-2.41666666666667,0.900000244313169));
#7074=CARTESIAN_POINT('Origin',(-3.20000006060947,-2.41666666666667,0.900000244313169));
#7075=CARTESIAN_POINT('Origin',(-3.20000006060947,-2.35,0.900000244313169));
#7076=CARTESIAN_POINT('',(0.,0.,0.));
#7077=CARTESIAN_POINT('Origin',(-3.795,-2.665,-0.0236061987000111));
#7078=CARTESIAN_POINT('',(-3.83085000000003,-2.665,0.386369321362017));
#7079=CARTESIAN_POINT('Origin',(-3.795,-2.665,0.386369321362017));
#7080=CARTESIAN_POINT('',(-3.83085000000003,-2.665,0.273765671460809));
#7081=CARTESIAN_POINT('',(-3.83085000000003,-2.665,-0.0236061987000111));
#7082=CARTESIAN_POINT('Origin',(-3.795,-2.665,0.273765671460809));
#7083=CARTESIAN_POINT('Origin',(-3.80000006060947,-2.60001264413198,1.48072241976551));
#7084=CARTESIAN_POINT('',(-3.9500075554678,-2.41666666666667,1.48072241976551));
#7085=CARTESIAN_POINT('',(-3.64999256575114,-2.41666666666667,1.48072241976551));
#7086=CARTESIAN_POINT('',(-3.80000006060947,-2.41666666666667,1.48072241976551));
#7087=CARTESIAN_POINT('',(-3.9500075554678,-2.8500253200531,1.48072241976551));
#7088=CARTESIAN_POINT('',(-3.9500075554678,-2.60001264413198,1.48072241976551));
#7089=CARTESIAN_POINT('',(-3.64999256575114,-2.8500253200531,1.48072241976551));
#7090=CARTESIAN_POINT('',(-3.80000006060947,-2.8500253200531,1.48072241976551));
#7091=CARTESIAN_POINT('',(-3.64999256575114,-2.60001264413198,1.48072241976551));
#7092=CARTESIAN_POINT('Origin',(-3.9500075554678,-2.60001264413198,0.877244045613157));
#7093=CARTESIAN_POINT('',(-3.9500075554678,-2.41666666666667,0.273765671460809));
#7094=CARTESIAN_POINT('',(-3.9500075554678,-2.41666666666667,0.877244045613157));
#7095=CARTESIAN_POINT('',(-3.9500075554678,-2.8500253200531,0.273765671460809));
#7096=CARTESIAN_POINT('',(-3.9500075554678,-2.60001264413198,0.273765671460809));
#7097=CARTESIAN_POINT('',(-3.9500075554678,-2.8500253200531,0.877244045613157));
#7098=CARTESIAN_POINT('Origin',(-3.64999256575114,-2.60001264413198,0.877244045613157));
#7099=CARTESIAN_POINT('',(-3.64999256575114,-2.41666666666667,0.273765671460809));
#7100=CARTESIAN_POINT('',(-3.64999256575114,-2.41666666666667,0.877244045613157));
#7101=CARTESIAN_POINT('',(-3.64999256575114,-2.8500253200531,0.273765671460809));
#7102=CARTESIAN_POINT('',(-3.64999256575114,-2.8500253200531,0.877244045613157));
#7103=CARTESIAN_POINT('',(-3.64999256575114,-2.60001264413198,0.273765671460809));
#7104=CARTESIAN_POINT('Origin',(-3.80000006060947,-2.60001264413198,0.273765671460809));
#7105=CARTESIAN_POINT('',(-3.80000006060947,-2.41666666666667,0.273765671460809));
#7106=CARTESIAN_POINT('',(-3.80000006060947,-2.8500253200531,0.273765671460809));
#7107=CARTESIAN_POINT('Origin',(-3.80000006060947,-2.8500253200531,0.877244045613157));
#7108=CARTESIAN_POINT('',(-3.87997353693665,-2.8500253200531,0.852110524764674));
#7109=CARTESIAN_POINT('',(-3.87997353693665,-2.8500253200531,0.902377566461641));
#7110=CARTESIAN_POINT('Origin',(-3.88645347774237,-2.8500253200531,0.877244045613157));
#7111=CARTESIAN_POINT('',(-3.87997353693665,-2.8500253200531,1.3681187698643));
#7112=CARTESIAN_POINT('',(-3.87997353693665,-2.8500253200531,0.877244045613157));
#7113=CARTESIAN_POINT('',(-3.72002658428229,-2.8500253200531,1.3681187698643));
#7114=CARTESIAN_POINT('',(-3.80000006060947,-2.8500253200531,1.3681187698643));
#7115=CARTESIAN_POINT('',(-3.72002658428229,-2.8500253200531,0.90237756646164));
#7116=CARTESIAN_POINT('',(-3.72002658428229,-2.8500253200531,0.877244045613157));
#7117=CARTESIAN_POINT('',(-3.72002658428229,-2.8500253200531,0.852110524764675));
#7118=CARTESIAN_POINT('Origin',(-3.71354664347657,-2.8500253200531,0.877244045613157));
#7119=CARTESIAN_POINT('',(-3.72002658428229,-2.8500253200531,0.386369321362017));
#7120=CARTESIAN_POINT('',(-3.72002658428229,-2.8500253200531,0.877244045613157));
#7121=CARTESIAN_POINT('',(-3.87997353693665,-2.8500253200531,0.386369321362017));
#7122=CARTESIAN_POINT('',(-3.80000006060947,-2.8500253200531,0.386369321362017));
#7123=CARTESIAN_POINT('',(-3.87997353693665,-2.8500253200531,0.877244045613157));
#7124=CARTESIAN_POINT('Ctrl Pts',(-3.72002658428229,-2.8500253200531,0.902377566461639));
#7125=CARTESIAN_POINT('Ctrl Pts',(-3.71060339941162,-2.8500253200531,0.91454066836697));
#7126=CARTESIAN_POINT('Ctrl Pts',(-3.70361168159024,-2.8500253200531,0.895892356990064));
#7127=CARTESIAN_POINT('Ctrl Pts',(-3.69661996376885,-2.8500253200531,0.877244045613157));
#7128=CARTESIAN_POINT('Ctrl Pts',(-3.70361168159024,-2.8500253200531,0.858595734236251));
#7129=CARTESIAN_POINT('Ctrl Pts',(-3.71060339941162,-2.8500253200531,0.839947422859345));
#7130=CARTESIAN_POINT('Ctrl Pts',(-3.72002658428229,-2.8500253200531,0.852110524764675));
#7131=CARTESIAN_POINT('Ctrl Pts',(-3.72002658428229,-2.35,0.902377566461639));
#7132=CARTESIAN_POINT('Ctrl Pts',(-3.71060339941162,-2.35,0.91454066836697));
#7133=CARTESIAN_POINT('Ctrl Pts',(-3.70361168159024,-2.35,0.895892356990063));
#7134=CARTESIAN_POINT('Ctrl Pts',(-3.69661996376885,-2.35,0.877244045613157));
#7135=CARTESIAN_POINT('Ctrl Pts',(-3.70361168159024,-2.35,0.858595734236251));
#7136=CARTESIAN_POINT('Ctrl Pts',(-3.71060339941162,-2.35,0.839947422859345));
#7137=CARTESIAN_POINT('Ctrl Pts',(-3.72002658428229,-2.35,0.852110524764675));
#7138=CARTESIAN_POINT('',(-3.72002658428229,-2.35,0.902377566461639));
#7139=CARTESIAN_POINT('',(-3.72002658428229,-2.34915,0.902377566461639));
#7140=CARTESIAN_POINT('',(-3.72002658428229,-2.35,0.852110524764675));
#7141=CARTESIAN_POINT('Origin',(-3.71354664347657,-2.35,0.877244045613157));
#7142=CARTESIAN_POINT('',(-3.72002658428229,-2.34915,0.852110524764675));
#7143=CARTESIAN_POINT('Origin',(-3.72002658428229,-2.68336708345916,0.877244045613157));
#7144=CARTESIAN_POINT('',(-3.72002658428229,-2.35,0.386369321362017));
#7145=CARTESIAN_POINT('',(-3.72002658428229,-2.35,0.877244045613157));
#7146=CARTESIAN_POINT('',(-3.72002658428229,-2.68336708345916,0.386369321362017));
#7147=CARTESIAN_POINT('Origin',(-3.80000006060947,-2.68336708345916,0.386369321362017));
#7148=CARTESIAN_POINT('',(-3.87997353693665,-2.35,0.386369321362017));
#7149=CARTESIAN_POINT('',(-3.80000006060947,-2.35,0.386369321362017));
#7150=CARTESIAN_POINT('',(-3.87997353693665,-2.68336708345916,0.386369321362017));
#7151=CARTESIAN_POINT('Origin',(-3.87997353693665,-2.68336708345916,0.877244045613157));
#7152=CARTESIAN_POINT('',(-3.87997353693665,-2.35,0.852110524764674));
#7153=CARTESIAN_POINT('',(-3.87997353693665,-2.35,0.877244045613157));
#7154=CARTESIAN_POINT('',(-3.87997353693665,-2.34915,0.852110524764674));
#7155=CARTESIAN_POINT('Origin',(-3.72002658428229,-2.68336708345916,0.877244045613157));
#7156=CARTESIAN_POINT('',(-3.72002658428229,-2.35,1.3681187698643));
#7157=CARTESIAN_POINT('',(-3.72002658428229,-2.68336708345916,1.3681187698643));
#7158=CARTESIAN_POINT('',(-3.72002658428229,-2.35,0.877244045613157));
#7159=CARTESIAN_POINT('Ctrl Pts',(-3.87997353693665,-2.8500253200531,0.852110524764674));
#7160=CARTESIAN_POINT('Ctrl Pts',(-3.88939672180732,-2.8500253200531,0.839947422859346));
#7161=CARTESIAN_POINT('Ctrl Pts',(-3.8963884396287,-2.8500253200531,0.858595734236252));
#7162=CARTESIAN_POINT('Ctrl Pts',(-3.90338015745009,-2.8500253200531,0.877244045613157));
#7163=CARTESIAN_POINT('Ctrl Pts',(-3.8963884396287,-2.8500253200531,0.895892356990063));
#7164=CARTESIAN_POINT('Ctrl Pts',(-3.88939672180732,-2.8500253200531,0.914540668366968));
#7165=CARTESIAN_POINT('Ctrl Pts',(-3.87997353693665,-2.8500253200531,0.902377566461641));
#7166=CARTESIAN_POINT('Ctrl Pts',(-3.87997353693665,-2.35,0.852110524764674));
#7167=CARTESIAN_POINT('Ctrl Pts',(-3.88939672180732,-2.35,0.839947422859346));
#7168=CARTESIAN_POINT('Ctrl Pts',(-3.8963884396287,-2.35,0.858595734236252));
#7169=CARTESIAN_POINT('Ctrl Pts',(-3.90338015745009,-2.35,0.877244045613157));
#7170=CARTESIAN_POINT('Ctrl Pts',(-3.8963884396287,-2.35,0.895892356990063));
#7171=CARTESIAN_POINT('Ctrl Pts',(-3.88939672180732,-2.35,0.914540668366968));
#7172=CARTESIAN_POINT('Ctrl Pts',(-3.87997353693665,-2.35,0.902377566461641));
#7173=CARTESIAN_POINT('',(-3.87997353693665,-2.35,0.902377566461641));
#7174=CARTESIAN_POINT('Origin',(-3.88645347774237,-2.35,0.877244045613157));
#7175=CARTESIAN_POINT('',(-3.87997353693665,-2.34915,0.902377566461641));
#7176=CARTESIAN_POINT('Origin',(-3.87997353693665,-2.68336708345916,0.877244045613157));
#7177=CARTESIAN_POINT('',(-3.87997353693665,-2.35,1.3681187698643));
#7178=CARTESIAN_POINT('',(-3.87997353693665,-2.35,0.877244045613157));
#7179=CARTESIAN_POINT('',(-3.87997353693665,-2.68336708345916,1.3681187698643));
#7180=CARTESIAN_POINT('Origin',(-3.80000006060947,-2.68336708345916,1.3681187698643));
#7181=CARTESIAN_POINT('',(-3.80000006060947,-2.35,1.3681187698643));
#7182=CARTESIAN_POINT('Ctrl Pts',(-3.80000006060947,-2.41666666666667,0.177244045613157));
#7183=CARTESIAN_POINT('Ctrl Pts',(-4.10000006060947,-2.41666666666667,0.177244045613157));
#7184=CARTESIAN_POINT('Ctrl Pts',(-4.10000006060947,-2.41666666666667,0.877244045613157));
#7185=CARTESIAN_POINT('Ctrl Pts',(-4.10000006060947,-2.41666666666667,1.57724404561316));
#7186=CARTESIAN_POINT('Ctrl Pts',(-3.80000006060947,-2.41666666666667,1.57724404561316));
#7187=CARTESIAN_POINT('Ctrl Pts',(-3.50000006060947,-2.41666666666667,1.57724404561316));
#7188=CARTESIAN_POINT('Ctrl Pts',(-3.50000006060947,-2.41666666666667,0.877244045613157));
#7189=CARTESIAN_POINT('Ctrl Pts',(-3.50000006060947,-2.41666666666667,0.177244045613157));
#7190=CARTESIAN_POINT('Ctrl Pts',(-3.80000006060947,-2.41666666666667,0.177244045613157));
#7191=CARTESIAN_POINT('Ctrl Pts',(-3.80000006060947,-2.35,0.177244045613157));
#7192=CARTESIAN_POINT('Ctrl Pts',(-4.10000006060947,-2.35,0.177244045613157));
#7193=CARTESIAN_POINT('Ctrl Pts',(-4.10000006060947,-2.35,0.877244045613157));
#7194=CARTESIAN_POINT('Ctrl Pts',(-4.10000006060947,-2.35,1.57724404561316));
#7195=CARTESIAN_POINT('Ctrl Pts',(-3.80000006060947,-2.35,1.57724404561316));
#7196=CARTESIAN_POINT('Ctrl Pts',(-3.50000006060947,-2.35,1.57724404561316));
#7197=CARTESIAN_POINT('Ctrl Pts',(-3.50000006060947,-2.35,0.877244045613157));
#7198=CARTESIAN_POINT('Ctrl Pts',(-3.50000006060947,-2.35,0.177244045613157));
#7199=CARTESIAN_POINT('Ctrl Pts',(-3.80000006060947,-2.35,0.177244045613157));
#7200=CARTESIAN_POINT('',(-3.80000006060947,-2.35,0.177244045613157));
#7201=CARTESIAN_POINT('Origin',(-3.80000006060947,-2.35,0.877244045613157));
#7202=CARTESIAN_POINT('',(-3.80000006060947,-2.41666666666667,0.177244045613157));
#7203=CARTESIAN_POINT('',(-3.80000006060947,-2.35,0.177244045613157));
#7204=CARTESIAN_POINT('Origin',(-3.80000006060947,-2.41666666666667,0.877244045613157));
#7205=CARTESIAN_POINT('Origin',(-3.80000006060947,-2.41666666666667,0.877244045613157));
#7206=CARTESIAN_POINT('Origin',(-3.80000006060947,-2.35,0.877244045613157));
#7207=CARTESIAN_POINT('',(0.,0.,0.));
#7208=CARTESIAN_POINT('Origin',(-1.39423252677468,1.66852686758368,1.8));
#7209=CARTESIAN_POINT('',(-0.728622051904964,1.66852686758368,2.09969997406006));
#7210=CARTESIAN_POINT('',(-0.789973121449375,1.66852686758368,2.09969997406006));
#7211=CARTESIAN_POINT('',(-1.37324367990459,1.66852686758368,2.09969997406006));
#7212=CARTESIAN_POINT('',(-0.728622051904964,1.66852686758368,1.90054997406006));
#7213=CARTESIAN_POINT('',(-0.728622051904964,1.66852686758368,1.8));
#7214=CARTESIAN_POINT('',(-0.789973121449375,1.66852686758368,1.90054997406006));
#7215=CARTESIAN_POINT('',(-2.47324367990459,1.66852686758368,1.90054997406006));
#7216=CARTESIAN_POINT('',(-0.789973121449375,1.66852686758368,1.8));
#7217=CARTESIAN_POINT('Origin',(-0.539400423029268,2.15432788632033,1.8));
#7218=CARTESIAN_POINT('',(-0.274334342854891,2.66822813400553,2.09969997406006));
#7219=CARTESIAN_POINT('',(-1.05368676098829,1.15724868145039,2.09969997406006));
#7220=CARTESIAN_POINT('',(-0.274334342854891,2.66822813400553,1.90054997406006));
#7221=CARTESIAN_POINT('',(-1.24409684717338,0.788088695427652,1.90054997406006));
#7222=CARTESIAN_POINT('',(-0.274334342854891,2.66822813400553,1.8));
#7223=CARTESIAN_POINT('Origin',(-1.16750853697565,2.66822813400553,1.8));
#7224=CARTESIAN_POINT('',(-0.21298327331048,2.66822813400553,2.09969997406006));
#7225=CARTESIAN_POINT('',(-1.25988168500507,2.66822813400553,2.09969997406006));
#7226=CARTESIAN_POINT('',(-0.21298327331048,2.66822813400553,1.90054997406006));
#7227=CARTESIAN_POINT('',(-2.35988168500507,2.66822813400553,1.90054997406006));
#7228=CARTESIAN_POINT('',(-0.21298327331048,2.66822813400553,1.8));
#7229=CARTESIAN_POINT('Origin',(-0.487034009603112,2.13690876954197,1.8));
#7230=CARTESIAN_POINT('',(-1.00327408318188,1.13604173479114,2.09969997406006));
#7231=CARTESIAN_POINT('',(-1.19368416936696,0.766881748768402,1.90054997406006));
#7232=CARTESIAN_POINT('Origin',(-1.39423252677468,1.66852686758368,1.8));
#7233=CARTESIAN_POINT('',(-1.41002394629568,1.66852686758368,2.09969997406006));
#7234=CARTESIAN_POINT('',(-1.47137501584009,1.66852686758368,2.09969997406006));
#7235=CARTESIAN_POINT('',(-1.37324367990459,1.66852686758368,2.09969997406006));
#7236=CARTESIAN_POINT('',(-1.41002394629568,1.66852686758368,1.90054997406006));
#7237=CARTESIAN_POINT('',(-1.41002394629568,1.66852686758368,1.8));
#7238=CARTESIAN_POINT('',(-1.47137501584009,1.66852686758368,1.90054997406006));
#7239=CARTESIAN_POINT('',(-2.47324367990459,1.66852686758368,1.90054997406006));
#7240=CARTESIAN_POINT('',(-1.47137501584009,1.66852686758368,1.8));
#7241=CARTESIAN_POINT('Origin',(-1.22080231741999,2.15432788632033,1.8));
#7242=CARTESIAN_POINT('',(-0.95573623724561,2.66822813400553,2.09969997406006));
#7243=CARTESIAN_POINT('',(-1.66349479345024,1.29605219547878,2.09969997406006));
#7244=CARTESIAN_POINT('',(-0.95573623724561,2.66822813400553,1.90054997406006));
#7245=CARTESIAN_POINT('',(-1.85390487963533,0.926892209456044,1.90054997406006));
#7246=CARTESIAN_POINT('',(-0.95573623724561,2.66822813400553,1.8));
#7247=CARTESIAN_POINT('Origin',(-1.16750853697565,2.66822813400553,1.8));
#7248=CARTESIAN_POINT('',(-0.894385167701199,2.66822813400553,2.09969997406006));
#7249=CARTESIAN_POINT('',(-1.25988168500507,2.66822813400553,2.09969997406006));
#7250=CARTESIAN_POINT('',(-0.894385167701199,2.66822813400553,1.90054997406006));
#7251=CARTESIAN_POINT('',(-2.35988168500507,2.66822813400553,1.90054997406006));
#7252=CARTESIAN_POINT('',(-0.894385167701199,2.66822813400553,1.8));
#7253=CARTESIAN_POINT('Origin',(-1.16843590399383,2.13690876954197,1.8));
#7254=CARTESIAN_POINT('',(-1.61308211564383,1.27484524881953,2.09969997406006));
#7255=CARTESIAN_POINT('',(-1.80349220182891,0.905685262796794,1.90054997406006));
#7256=CARTESIAN_POINT('Origin',(-1.39423252677468,1.66852686758368,1.8));
#7257=CARTESIAN_POINT('',(-1.06932299910032,1.66852686758368,2.09969997406006));
#7258=CARTESIAN_POINT('',(-1.13067406864474,1.66852686758368,2.09969997406006));
#7259=CARTESIAN_POINT('',(-1.37324367990459,1.66852686758368,2.09969997406006));
#7260=CARTESIAN_POINT('',(-1.06932299910032,1.66852686758368,1.90054997406006));
#7261=CARTESIAN_POINT('',(-1.06932299910032,1.66852686758368,1.8));
#7262=CARTESIAN_POINT('',(-1.13067406864474,1.66852686758368,1.90054997406006));
#7263=CARTESIAN_POINT('',(-2.47324367990459,1.66852686758368,1.90054997406006));
#7264=CARTESIAN_POINT('',(-1.13067406864474,1.66852686758368,1.8));
#7265=CARTESIAN_POINT('Origin',(-0.880101370224628,2.15432788632033,1.8));
#7266=CARTESIAN_POINT('',(-0.615035290050251,2.66822813400553,2.09969997406006));
#7267=CARTESIAN_POINT('',(-1.35859077721927,1.22665043846458,2.09969997406006));
#7268=CARTESIAN_POINT('',(-0.615035290050251,2.66822813400553,1.90054997406006));
#7269=CARTESIAN_POINT('',(-1.54900086340435,0.857490452441848,1.90054997406006));
#7270=CARTESIAN_POINT('',(-0.615035290050251,2.66822813400553,1.8));
#7271=CARTESIAN_POINT('Origin',(-1.16750853697565,2.66822813400553,1.8));
#7272=CARTESIAN_POINT('',(-0.55368422050584,2.66822813400553,2.09969997406006));
#7273=CARTESIAN_POINT('',(-1.25988168500507,2.66822813400553,2.09969997406006));
#7274=CARTESIAN_POINT('',(-0.55368422050584,2.66822813400553,1.90054997406006));
#7275=CARTESIAN_POINT('',(-2.35988168500507,2.66822813400553,1.90054997406006));
#7276=CARTESIAN_POINT('',(-0.55368422050584,2.66822813400553,1.8));
#7277=CARTESIAN_POINT('Origin',(-0.827734956798472,2.13690876954197,1.8));
#7278=CARTESIAN_POINT('',(-1.30817809941286,1.20544349180533,2.09969997406006));
#7279=CARTESIAN_POINT('',(-1.49858818559794,0.836283505782598,1.90054997406006));
#7280=CARTESIAN_POINT('Origin',(-1.39423252677468,1.66852686758368,1.8));
#7281=CARTESIAN_POINT('',(-1.75072489349104,1.66852686758368,2.09969997406006));
#7282=CARTESIAN_POINT('',(-1.81207596303545,1.66852686758368,2.09969997406006));
#7283=CARTESIAN_POINT('',(-1.37324367990459,1.66852686758368,2.09969997406006));
#7284=CARTESIAN_POINT('',(-1.75072489349104,1.66852686758368,1.90054997406006));
#7285=CARTESIAN_POINT('',(-1.75072489349104,1.66852686758368,1.8));
#7286=CARTESIAN_POINT('',(-1.81207596303545,1.66852686758368,1.90054997406006));
#7287=CARTESIAN_POINT('',(-2.47324367990459,1.66852686758368,1.90054997406006));
#7288=CARTESIAN_POINT('',(-1.81207596303545,1.66852686758368,1.8));
#7289=CARTESIAN_POINT('Origin',(-1.56150326461535,2.15432788632033,1.8));
#7290=CARTESIAN_POINT('',(-1.29643718444097,2.66822813400553,2.09969997406006));
#7291=CARTESIAN_POINT('',(-1.96839880968122,1.36545395249298,2.09969997406006));
#7292=CARTESIAN_POINT('',(-1.29643718444097,2.66822813400553,1.90054997406006));
#7293=CARTESIAN_POINT('',(-2.1588088958663,0.99629396647024,1.90054997406006));
#7294=CARTESIAN_POINT('',(-1.29643718444097,2.66822813400553,1.8));
#7295=CARTESIAN_POINT('Origin',(-1.16750853697565,2.66822813400553,1.8));
#7296=CARTESIAN_POINT('',(-1.23508611489656,2.66822813400553,2.09969997406006));
#7297=CARTESIAN_POINT('',(-1.25988168500507,2.66822813400553,2.09969997406006));
#7298=CARTESIAN_POINT('',(-1.23508611489656,2.66822813400553,1.90054997406006));
#7299=CARTESIAN_POINT('',(-2.35988168500507,2.66822813400553,1.90054997406006));
#7300=CARTESIAN_POINT('',(-1.23508611489656,2.66822813400553,1.8));
#7301=CARTESIAN_POINT('Origin',(-1.50913685118919,2.13690876954197,1.8));
#7302=CARTESIAN_POINT('',(-1.9179861318748,1.34424700583373,2.09969997406006));
#7303=CARTESIAN_POINT('',(-2.10839621805989,0.97508701981099,1.90054997406006));
#7304=CARTESIAN_POINT('Origin',(-1.39423252677468,1.66852686758368,1.8));
#7305=CARTESIAN_POINT('',(-2.0914258406864,1.66852686758368,2.09969997406006));
#7306=CARTESIAN_POINT('',(-2.15277691023081,1.66852686758368,2.09969997406006));
#7307=CARTESIAN_POINT('',(-1.37324367990459,1.66852686758368,2.09969997406006));
#7308=CARTESIAN_POINT('',(-2.0914258406864,1.66852686758368,1.90054997406006));
#7309=CARTESIAN_POINT('',(-2.0914258406864,1.66852686758368,1.8));
#7310=CARTESIAN_POINT('',(-2.15277691023081,1.66852686758368,1.90054997406006));
#7311=CARTESIAN_POINT('',(-2.47324367990459,1.66852686758368,1.90054997406006));
#7312=CARTESIAN_POINT('',(-2.15277691023081,1.66852686758368,1.8));
#7313=CARTESIAN_POINT('Origin',(-1.90220421181071,2.15432788632033,1.8));
#7314=CARTESIAN_POINT('',(-1.63713813163633,2.66822813400553,2.09969997406006));
#7315=CARTESIAN_POINT('',(-2.27330282591219,1.43485570950717,2.09969997406006));
#7316=CARTESIAN_POINT('',(-1.63713813163633,2.66822813400553,1.90054997406006));
#7317=CARTESIAN_POINT('',(-2.46371291209728,1.06569572348444,1.90054997406006));
#7318=CARTESIAN_POINT('',(-1.63713813163633,2.66822813400553,1.8));
#7319=CARTESIAN_POINT('Origin',(-1.16750853697565,2.66822813400553,1.8));
#7320=CARTESIAN_POINT('',(-1.57578706209192,2.66822813400553,2.09969997406006));
#7321=CARTESIAN_POINT('',(-1.25988168500507,2.66822813400553,2.09969997406006));
#7322=CARTESIAN_POINT('',(-1.57578706209192,2.66822813400553,1.90054997406006));
#7323=CARTESIAN_POINT('',(-2.35988168500507,2.66822813400553,1.90054997406006));
#7324=CARTESIAN_POINT('',(-1.57578706209192,2.66822813400553,1.8));
#7325=CARTESIAN_POINT('Origin',(-1.84983779838455,2.13690876954197,1.8));
#7326=CARTESIAN_POINT('',(-2.22289014810578,1.41364876284792,2.09969997406006));
#7327=CARTESIAN_POINT('',(-2.41330023429086,1.04448877682519,1.90054997406006));
#7328=CARTESIAN_POINT('Origin',(-3.11369797324685,1.66852686758368,1.8));
#7329=CARTESIAN_POINT('',(-2.44808749837713,1.66852686758368,2.09969997406006));
#7330=CARTESIAN_POINT('',(-2.50943856792154,1.66852686758368,2.09969997406006));
#7331=CARTESIAN_POINT('',(-2.23297640314067,1.66852686758368,2.09969997406006));
#7332=CARTESIAN_POINT('',(-2.44808749837713,1.66852686758368,1.90054997406006));
#7333=CARTESIAN_POINT('',(-2.44808749837713,1.66852686758368,1.8));
#7334=CARTESIAN_POINT('',(-2.50943856792154,1.66852686758368,1.90054997406006));
#7335=CARTESIAN_POINT('',(-3.33297640314067,1.66852686758368,1.90054997406006));
#7336=CARTESIAN_POINT('',(-2.50943856792154,1.66852686758368,1.8));
#7337=CARTESIAN_POINT('Origin',(-2.25886586950144,2.15432788632033,1.8));
#7338=CARTESIAN_POINT('',(-1.99379978932706,2.66822813400553,2.09969997406006));
#7339=CARTESIAN_POINT('',(-2.59249058503264,1.50750870888125,2.09969997406006));
#7340=CARTESIAN_POINT('',(-1.99379978932706,2.66822813400553,1.90054997406006));
#7341=CARTESIAN_POINT('',(-2.78290067121772,1.13834872285851,1.90054997406006));
#7342=CARTESIAN_POINT('',(-1.99379978932706,2.66822813400553,1.8));
#7343=CARTESIAN_POINT('Origin',(-2.88697398344781,2.66822813400553,1.8));
#7344=CARTESIAN_POINT('',(-1.93244871978265,2.66822813400553,2.09969997406006));
#7345=CARTESIAN_POINT('',(-2.11961440824116,2.66822813400553,2.09969997406006));
#7346=CARTESIAN_POINT('',(-1.93244871978265,2.66822813400553,1.90054997406006));
#7347=CARTESIAN_POINT('',(-3.21961440824116,2.66822813400553,1.90054997406006));
#7348=CARTESIAN_POINT('',(-1.93244871978265,2.66822813400553,1.8));
#7349=CARTESIAN_POINT('Origin',(-2.20649945607528,2.13690876954197,1.8));
#7350=CARTESIAN_POINT('',(-2.54207790722623,1.486301762222,2.09969997406006));
#7351=CARTESIAN_POINT('',(-2.73248799341131,1.11714177619926,1.90054997406006));
#7352=CARTESIAN_POINT('Origin',(-3.11369797324685,1.66852686758368,1.8));
#7353=CARTESIAN_POINT('',(-3.12948939276785,1.66852686758368,2.09969997406006));
#7354=CARTESIAN_POINT('',(-3.19084046231226,1.66852686758368,2.09969997406006));
#7355=CARTESIAN_POINT('',(-2.23297640314067,1.66852686758368,2.09969997406006));
#7356=CARTESIAN_POINT('',(-3.12948939276785,1.66852686758368,1.90054997406006));
#7357=CARTESIAN_POINT('',(-3.12948939276785,1.66852686758368,1.8));
#7358=CARTESIAN_POINT('',(-3.19084046231226,1.66852686758368,1.90054997406006));
#7359=CARTESIAN_POINT('',(-3.33297640314067,1.66852686758368,1.90054997406006));
#7360=CARTESIAN_POINT('',(-3.19084046231226,1.66852686758368,1.8));
#7361=CARTESIAN_POINT('Origin',(-2.94026776389216,2.15432788632033,1.8));
#7362=CARTESIAN_POINT('',(-2.67520168371778,2.66822813400553,2.09969997406006));
#7363=CARTESIAN_POINT('',(-3.20229861749459,1.64631222290964,2.09969997406006));
#7364=CARTESIAN_POINT('',(-2.67520168371778,2.66822813400553,1.90054997406006));
#7365=CARTESIAN_POINT('',(-3.39270870367967,1.27715223688691,1.90054997406006));
#7366=CARTESIAN_POINT('',(-2.67520168371778,2.66822813400553,1.8));
#7367=CARTESIAN_POINT('Origin',(-2.88697398344781,2.66822813400553,1.8));
#7368=CARTESIAN_POINT('',(-2.61385061417337,2.66822813400553,2.09969997406006));
#7369=CARTESIAN_POINT('',(-2.11961440824116,2.66822813400553,2.09969997406006));
#7370=CARTESIAN_POINT('',(-2.61385061417337,2.66822813400553,1.90054997406006));
#7371=CARTESIAN_POINT('',(-3.21961440824116,2.66822813400553,1.90054997406006));
#7372=CARTESIAN_POINT('',(-2.61385061417337,2.66822813400553,1.8));
#7373=CARTESIAN_POINT('Origin',(-2.887901350466,2.13690876954197,1.8));
#7374=CARTESIAN_POINT('',(-3.15188593968818,1.62510527625039,2.09969997406006));
#7375=CARTESIAN_POINT('',(-3.34229602587326,1.25594529022766,1.90054997406006));
#7376=CARTESIAN_POINT('Origin',(-3.11369797324685,1.66852686758368,1.8));
#7377=CARTESIAN_POINT('',(-2.78878844557249,1.66852686758368,2.09969997406006));
#7378=CARTESIAN_POINT('',(-2.8501395151169,1.66852686758368,2.09969997406006));
#7379=CARTESIAN_POINT('',(-2.23297640314067,1.66852686758368,2.09969997406006));
#7380=CARTESIAN_POINT('',(-2.78878844557249,1.66852686758368,1.90054997406006));
#7381=CARTESIAN_POINT('',(-2.78878844557249,1.66852686758368,1.8));
#7382=CARTESIAN_POINT('',(-2.8501395151169,1.66852686758368,1.90054997406006));
#7383=CARTESIAN_POINT('',(-3.33297640314067,1.66852686758368,1.90054997406006));
#7384=CARTESIAN_POINT('',(-2.8501395151169,1.66852686758368,1.8));
#7385=CARTESIAN_POINT('Origin',(-2.5995668166968,2.15432788632033,1.8));
#7386=CARTESIAN_POINT('',(-2.33450073652242,2.66822813400553,2.09969997406006));
#7387=CARTESIAN_POINT('',(-2.89739460126362,1.57691046589545,2.09969997406006));
#7388=CARTESIAN_POINT('',(-2.33450073652242,2.66822813400553,1.90054997406006));
#7389=CARTESIAN_POINT('',(-3.0878046874487,1.20775047987271,1.90054997406006));
#7390=CARTESIAN_POINT('',(-2.33450073652242,2.66822813400553,1.8));
#7391=CARTESIAN_POINT('Origin',(-2.88697398344781,2.66822813400553,1.8));
#7392=CARTESIAN_POINT('',(-2.27314966697801,2.66822813400553,2.09969997406006));
#7393=CARTESIAN_POINT('',(-2.11961440824116,2.66822813400553,2.09969997406006));
#7394=CARTESIAN_POINT('',(-2.27314966697801,2.66822813400553,1.90054997406006));
#7395=CARTESIAN_POINT('',(-3.21961440824116,2.66822813400553,1.90054997406006));
#7396=CARTESIAN_POINT('',(-2.27314966697801,2.66822813400553,1.8));
#7397=CARTESIAN_POINT('Origin',(-2.54720040327064,2.13690876954197,1.8));
#7398=CARTESIAN_POINT('',(-2.8469819234572,1.5557035192362,2.09969997406006));
#7399=CARTESIAN_POINT('',(-3.03739200964228,1.18654353321346,1.90054997406006));
#7400=CARTESIAN_POINT('Origin',(-3.11369797324685,1.66852686758368,1.8));
#7401=CARTESIAN_POINT('',(-3.47019033996321,1.66852686758368,2.09969997406006));
#7402=CARTESIAN_POINT('',(-3.53154140950762,1.66852686758368,2.09969997406006));
#7403=CARTESIAN_POINT('',(-2.23297640314067,1.66852686758368,2.09969997406006));
#7404=CARTESIAN_POINT('',(-3.47019033996321,1.66852686758368,1.90054997406006));
#7405=CARTESIAN_POINT('',(-3.47019033996321,1.66852686758368,1.8));
#7406=CARTESIAN_POINT('',(-3.53154140950762,1.66852686758368,1.90054997406006));
#7407=CARTESIAN_POINT('',(-3.33297640314067,1.66852686758368,1.90054997406006));
#7408=CARTESIAN_POINT('',(-3.53154140950762,1.66852686758368,1.8));
#7409=CARTESIAN_POINT('Origin',(-3.28096871108752,2.15432788632033,1.8));
#7410=CARTESIAN_POINT('',(-3.01590263091314,2.66822813400553,2.09969997406006));
#7411=CARTESIAN_POINT('',(-3.50720263372556,1.71571397992384,2.09969997406006));
#7412=CARTESIAN_POINT('',(-3.01590263091314,2.66822813400553,1.90054997406006));
#7413=CARTESIAN_POINT('',(-3.69761271991065,1.3465539939011,1.90054997406006));
#7414=CARTESIAN_POINT('',(-3.01590263091314,2.66822813400553,1.8));
#7415=CARTESIAN_POINT('Origin',(-2.88697398344781,2.66822813400553,1.8));
#7416=CARTESIAN_POINT('',(-2.95455156136873,2.66822813400553,2.09969997406006));
#7417=CARTESIAN_POINT('',(-2.11961440824116,2.66822813400553,2.09969997406006));
#7418=CARTESIAN_POINT('',(-2.95455156136873,2.66822813400553,1.90054997406006));
#7419=CARTESIAN_POINT('',(-3.21961440824116,2.66822813400553,1.90054997406006));
#7420=CARTESIAN_POINT('',(-2.95455156136873,2.66822813400553,1.8));
#7421=CARTESIAN_POINT('Origin',(-3.22860229766136,2.13690876954197,1.8));
#7422=CARTESIAN_POINT('',(-3.45678995591915,1.69450703326459,2.09969997406006));
#7423=CARTESIAN_POINT('',(-3.64720004210423,1.32534704724185,1.90054997406006));
#7424=CARTESIAN_POINT('Origin',(-3.62166965828287,2.15432788632033,1.8));
#7425=CARTESIAN_POINT('',(-3.87224235670298,1.66852686758368,2.09969997406006));
#7426=CARTESIAN_POINT('',(-3.3566035781085,2.66822813400553,2.09969997406006));
#7427=CARTESIAN_POINT('',(-3.81210664995654,1.78511573693803,2.09969997406006));
#7428=CARTESIAN_POINT('',(-3.87224235670298,1.66852686758368,1.80054994722529));
#7429=CARTESIAN_POINT('',(-3.87224235670298,1.66852686758368,1.8));
#7430=CARTESIAN_POINT('',(-3.5531048330345,2.28725881680549,1.80054994722528));
#7431=CARTESIAN_POINT('',(-3.27936830692646,2.81796900226137,1.80054994722528));
#7432=CARTESIAN_POINT('',(-3.5531048330345,2.28725881680549,1.90054997406006));
#7433=CARTESIAN_POINT('',(-3.5531048330345,2.28725881680549,1.44984998703003));
#7434=CARTESIAN_POINT('',(-3.3566035781085,2.66822813400553,1.90054997406006));
#7435=CARTESIAN_POINT('',(-4.00251673614162,1.4159557509153,1.90054997406006));
#7436=CARTESIAN_POINT('',(-3.3566035781085,2.66822813400553,1.8));
#7437=CARTESIAN_POINT('Origin',(-3.11369797324685,1.66852686758368,1.8));
#7438=CARTESIAN_POINT('',(-3.81089128715857,1.66852686758368,2.09969997406006));
#7439=CARTESIAN_POINT('',(-2.23297640314067,1.66852686758368,2.09969997406006));
#7440=CARTESIAN_POINT('',(-3.81089128715857,1.66852686758368,1.80054994722529));
#7441=CARTESIAN_POINT('',(-3.81089128715857,1.66852686758368,1.8));
#7442=CARTESIAN_POINT('',(-0.957976403140673,1.66852686758368,1.80054994722529));
#7443=CARTESIAN_POINT('Origin',(-2.88697398344781,2.66822813400553,1.8));
#7444=CARTESIAN_POINT('',(-3.29525250856409,2.66822813400553,2.09969997406006));
#7445=CARTESIAN_POINT('',(-2.11961440824116,2.66822813400553,2.09969997406006));
#7446=CARTESIAN_POINT('',(-3.29525250856409,2.66822813400553,1.90054997406006));
#7447=CARTESIAN_POINT('',(-3.21961440824116,2.66822813400553,1.90054997406006));
#7448=CARTESIAN_POINT('',(-3.29525250856409,2.66822813400553,1.8));
#7449=CARTESIAN_POINT('Origin',(-3.56930324485672,2.13690876954197,1.8));
#7450=CARTESIAN_POINT('',(-3.76169397215013,1.76390879027878,2.09969997406006));
#7451=CARTESIAN_POINT('',(-3.5531048330345,2.16831364730706,1.90054997406006));
#7452=CARTESIAN_POINT('',(-3.95210405833521,1.39474880425605,1.90054997406006));
#7453=CARTESIAN_POINT('',(-3.5531048330345,2.16831364730706,1.80054994722529));
#7454=CARTESIAN_POINT('',(-3.5531048330345,2.16831364730706,1.44984998703003));
#7455=CARTESIAN_POINT('',(-3.22895562912004,2.79676205560212,1.80054994722528));
#7456=CARTESIAN_POINT('Origin',(1.1977451669655,1.34890353455165,1.80054994722529));
#7457=CARTESIAN_POINT('',(7.39774516696552,1.19890353455165,1.80054994722529));
#7458=CARTESIAN_POINT('',(7.39774516696552,3.19890353455165,1.80054994722528));
#7459=CARTESIAN_POINT('',(7.39774516696552,1.77390353455165,1.80054994722529));
#7460=CARTESIAN_POINT('',(-0.202254833034498,1.19890353455165,1.80054994722529));
#7461=CARTESIAN_POINT('',(1.5227451669655,1.19890353455165,1.80054994722529));
#7462=CARTESIAN_POINT('',(-0.202254833034498,-1.10109646544835,1.80054994722529));
#7463=CARTESIAN_POINT('',(-0.202254833034498,0.698903534551654,1.80054994722529));
#7464=CARTESIAN_POINT('',(-2.5022548330345,-1.10109646544835,1.80054994722529));
#7465=CARTESIAN_POINT('',(-0.0772548330344974,-1.10109646544835,1.80054994722529));
#7466=CARTESIAN_POINT('',(-2.5022548330345,-4.20109646544835,1.8005499472253));
#7467=CARTESIAN_POINT('',(-2.5022548330345,0.423903534551654,1.80054994722529));
#7468=CARTESIAN_POINT('',(-4.5022548330345,-4.20109646544835,1.8005499472253));
#7469=CARTESIAN_POINT('',(-1.1522548330345,-4.20109646544835,1.8005499472253));
#7470=CARTESIAN_POINT('',(-4.5022548330345,3.19890353455165,1.80054994722528));
#7471=CARTESIAN_POINT('',(-4.5022548330345,0.423903534551654,1.80054994722529));
#7472=CARTESIAN_POINT('',(1.5227451669655,3.19890353455165,1.80054994722528));
#7473=CARTESIAN_POINT('',(-3.5531048330345,1.39975353455165,1.80054994722529));
#7474=CARTESIAN_POINT('',(-3.5531048330345,1.77390353455165,1.80054994722529));
#7475=CARTESIAN_POINT('',(-4.1031048330345,1.39975353455165,1.80054994722529));
#7476=CARTESIAN_POINT('',(-1.1772548330345,1.39975353455165,1.80054994722529));
#7477=CARTESIAN_POINT('',(-4.1031048330345,-0.901946465448346,1.80054994722529));
#7478=CARTESIAN_POINT('',(-4.1031048330345,0.798903534551654,1.80054994722529));
#7479=CARTESIAN_POINT('',(-3.0014048330345,-0.901946465448346,1.80054994722529));
#7480=CARTESIAN_POINT('',(-1.1772548330345,-0.901946465448346,1.80054994722529));
#7481=CARTESIAN_POINT('',(-3.0014048330345,1.39805353455165,1.80054994722529));
#7482=CARTESIAN_POINT('',(-3.0014048330345,0.798903534551654,1.80054994722529));
#7483=CARTESIAN_POINT('',(5.4485951669655,1.39805353455165,1.80054994722529));
#7484=CARTESIAN_POINT('',(1.0727451669655,1.39805353455165,1.80054994722529));
#7485=CARTESIAN_POINT('',(5.4485951669655,2.99975353455165,1.80054994722528));
#7486=CARTESIAN_POINT('',(5.44859516696551,1.77390353455165,1.80054994722529));
#7487=CARTESIAN_POINT('',(-3.5531048330345,2.99975353455165,1.80054994722528));
#7488=CARTESIAN_POINT('',(1.0727451669655,2.99975353455165,1.80054994722528));
#7489=CARTESIAN_POINT('',(-3.5531048330345,1.77390353455165,1.80054994722529));
#7490=CARTESIAN_POINT('',(-2.47106980615544,-0.838304364823978,1.80054994722529));
#7491=CARTESIAN_POINT('',(-2.47106980615544,1.16339563517602,1.80054994722529));
#7492=CARTESIAN_POINT('',(-2.47106980615544,0.755724584863838,1.80054994722529));
#7493=CARTESIAN_POINT('',(-0.469369806155441,-0.838304364823978,1.80054994722529));
#7494=CARTESIAN_POINT('',(-0.136237319594969,-0.838304364823978,1.80054994722529));
#7495=CARTESIAN_POINT('',(-0.469369806155441,1.16339563517602,1.80054994722529));
#7496=CARTESIAN_POINT('',(-0.469369806155441,0.755724584863838,1.80054994722529));
#7497=CARTESIAN_POINT('',(-0.136237319594969,1.16339563517602,1.80054994722529));
#7498=CARTESIAN_POINT('',(-4.39971200357142,0.348370706619675,1.80054994722529));
#7499=CARTESIAN_POINT('Origin',(-4.29886200357142,0.348370706619675,1.80054994722529));
#7500=CARTESIAN_POINT('',(-4.39971200357142,2.74837070661967,1.80054994722529));
#7501=CARTESIAN_POINT('Origin',(-4.29886200357142,2.74837070661967,1.80054994722529));
#7502=CARTESIAN_POINT('',(6.70028799642858,2.84837070661968,1.80054994722529));
#7503=CARTESIAN_POINT('Origin',(6.80113799642858,2.84837070661968,1.80054994722529));
#7504=CARTESIAN_POINT('',(6.70028799642858,1.54837070661967,1.80054994722529));
#7505=CARTESIAN_POINT('Origin',(6.80113799642858,1.54837070661967,1.80054994722529));
#7506=CARTESIAN_POINT('Origin',(-3.5531048330345,2.19890353455165,1.09969997406006));
#7507=CARTESIAN_POINT('',(-3.5531048330345,1.39975353455165,1.90054997406006));
#7508=CARTESIAN_POINT('',(-3.5531048330345,2.19890353455165,1.90054997406006));
#7509=CARTESIAN_POINT('',(-3.5531048330345,1.39975353455165,1.09969997406006));
#7510=CARTESIAN_POINT('Origin',(-3.5531048330345,2.19890353455165,1.09969997406006));
#7511=CARTESIAN_POINT('',(-3.5531048330345,2.99975353455165,1.90054997406006));
#7512=CARTESIAN_POINT('',(-3.5531048330345,2.99975353455165,1.09969997406006));
#7513=CARTESIAN_POINT('',(-3.5531048330345,2.19890353455165,1.90054997406006));
#7514=CARTESIAN_POINT('Origin',(6.80113799642858,1.54837070661967,-0.400850000000001));
#7515=CARTESIAN_POINT('',(6.70028799642858,1.54837070661967,2.09969997406006));
#7516=CARTESIAN_POINT('',(6.70028799642858,1.54837070661967,-0.400850000000001));
#7517=CARTESIAN_POINT('Origin',(6.80113799642858,1.54837070661967,2.09969997406006));
#7518=CARTESIAN_POINT('Origin',(6.80113799642858,2.84837070661967,-0.100850000000002));
#7519=CARTESIAN_POINT('',(6.70028799642858,2.84837070661968,2.09969997406006));
#7520=CARTESIAN_POINT('',(6.70028799642858,2.84837070661967,-0.100850000000002));
#7521=CARTESIAN_POINT('Origin',(6.80113799642858,2.84837070661968,2.09969997406006));
#7522=CARTESIAN_POINT('Origin',(-4.29886200357142,2.74837070661967,-0.600850000000002));
#7523=CARTESIAN_POINT('',(-4.39971200357142,2.74837070661967,2.09969997406006));
#7524=CARTESIAN_POINT('',(-4.39971200357142,2.74837070661967,-0.600850000000002));
#7525=CARTESIAN_POINT('Origin',(-4.29886200357142,2.74837070661967,2.09969997406006));
#7526=CARTESIAN_POINT('Origin',(-4.29886200357142,0.348370706619674,-0.400850000000001));
#7527=CARTESIAN_POINT('',(-4.39971200357142,0.348370706619675,2.09969997406006));
#7528=CARTESIAN_POINT('',(-4.39971200357142,0.348370706619674,-0.400850000000001));
#7529=CARTESIAN_POINT('Origin',(-4.29886200357142,0.348370706619675,2.09969997406006));
#7530=CARTESIAN_POINT('Origin',(-0.469369806155441,0.162545635176022,1.49969997406006));
#7531=CARTESIAN_POINT('',(-0.469369806155441,-0.838304364823978,2.09969997406006));
#7532=CARTESIAN_POINT('',(-0.469369806155441,-0.838304364823978,1.49969997406006));
#7533=CARTESIAN_POINT('',(-0.469369806155441,1.16339563517602,2.09969997406006));
#7534=CARTESIAN_POINT('',(-0.469369806155441,0.105724584863838,2.09969997406006));
#7535=CARTESIAN_POINT('',(-0.469369806155441,1.16339563517602,1.49969997406006));
#7536=CARTESIAN_POINT('Origin',(-1.47021980615544,-0.838304364823978,1.49969997406006));
#7537=CARTESIAN_POINT('',(-2.47106980615544,-0.838304364823978,2.09969997406006));
#7538=CARTESIAN_POINT('',(-2.47106980615544,-0.838304364823978,1.49969997406006));
#7539=CARTESIAN_POINT('',(-1.41123731959497,-0.838304364823978,2.09969997406006));
#7540=CARTESIAN_POINT('Origin',(-2.5022548330345,-0.501096465448347,1.09969997406006));
#7541=CARTESIAN_POINT('',(-2.5022548330345,-1.10109646544835,2.09969997406006));
#7542=CARTESIAN_POINT('',(-2.5022548330345,-1.10109646544835,1.09969997406006));
#7543=CARTESIAN_POINT('',(-2.5022548330345,-4.20109646544835,2.09969997406006));
#7544=CARTESIAN_POINT('',(-2.5022548330345,-0.501096465448347,2.09969997406006));
#7545=CARTESIAN_POINT('',(-2.5022548330345,-4.20109646544835,1.09969997406006));
#7546=CARTESIAN_POINT('Origin',(-1.3522548330345,-1.10109646544835,1.09969997406006));
#7547=CARTESIAN_POINT('',(-0.202254833034498,-1.10109646544835,2.09969997406006));
#7548=CARTESIAN_POINT('',(-0.202254833034498,-1.10109646544835,1.09969997406006));
#7549=CARTESIAN_POINT('',(-1.3522548330345,-1.10109646544835,2.09969997406006));
#7550=CARTESIAN_POINT('Origin',(-0.202254833034498,0.0489035345516532,1.09969997406006));
#7551=CARTESIAN_POINT('',(-0.202254833034498,1.19890353455165,2.09969997406006));
#7552=CARTESIAN_POINT('',(-0.202254833034498,1.19890353455165,1.09969997406006));
#7553=CARTESIAN_POINT('',(-0.202254833034498,0.0489035345516535,2.09969997406006));
#7554=CARTESIAN_POINT('Origin',(1.8477451669655,1.19890353455165,1.09969997406006));
#7555=CARTESIAN_POINT('',(7.39774516696552,1.19890353455165,2.09969997406006));
#7556=CARTESIAN_POINT('',(7.39774516696552,1.19890353455165,1.09969997406006));
#7557=CARTESIAN_POINT('',(1.8477451669655,1.19890353455165,2.09969997406006));
#7558=CARTESIAN_POINT('Origin',(-3.0014048330345,0.248903534551654,1.09969997406006));
#7559=CARTESIAN_POINT('',(-3.0014048330345,-0.901946465448346,1.90054997406006));
#7560=CARTESIAN_POINT('',(-3.0014048330345,-0.901946465448347,1.09969997406006));
#7561=CARTESIAN_POINT('',(-3.0014048330345,1.39805353455165,1.90054997406006));
#7562=CARTESIAN_POINT('',(-3.0014048330345,0.248903534551654,1.90054997406006));
#7563=CARTESIAN_POINT('',(-3.0014048330345,1.39805353455165,1.09969997406006));
#7564=CARTESIAN_POINT('Origin',(-3.5522548330345,-0.901946465448347,1.09969997406006));
#7565=CARTESIAN_POINT('',(-4.1031048330345,-0.901946465448346,1.90054997406006));
#7566=CARTESIAN_POINT('',(-4.1031048330345,-0.901946465448347,1.09969997406006));
#7567=CARTESIAN_POINT('',(-3.5522548330345,-0.901946465448346,1.90054997406006));
#7568=CARTESIAN_POINT('Origin',(-4.1031048330345,0.248903534551654,1.09969997406006));
#7569=CARTESIAN_POINT('',(-4.1031048330345,1.39975353455165,1.90054997406006));
#7570=CARTESIAN_POINT('',(-4.1031048330345,1.39975353455165,1.09969997406006));
#7571=CARTESIAN_POINT('',(-4.1031048330345,0.248903534551654,1.90054997406006));
#7572=CARTESIAN_POINT('Origin',(-3.5522548330345,1.39975353455165,1.09969997406006));
#7573=CARTESIAN_POINT('',(-3.5522548330345,1.39975353455165,1.90054997406006));
#7574=CARTESIAN_POINT('Origin',(-2.47106980615544,0.162545635176022,1.49969997406006));
#7575=CARTESIAN_POINT('',(-2.47106980615544,1.16339563517602,2.09969997406006));
#7576=CARTESIAN_POINT('',(-2.47106980615544,1.16339563517602,1.49969997406006));
#7577=CARTESIAN_POINT('',(-2.47106980615544,0.105724584863838,2.09969997406006));
#7578=CARTESIAN_POINT('Origin',(-1.47021980615544,1.16339563517602,1.49969997406006));
#7579=CARTESIAN_POINT('',(-1.41123731959497,1.16339563517602,2.09969997406006));
#7580=CARTESIAN_POINT('Origin',(7.39774516696552,2.19890353455165,1.09969997406006));
#7581=CARTESIAN_POINT('',(7.39774516696552,3.19890353455165,2.09969997406006));
#7582=CARTESIAN_POINT('',(7.39774516696552,3.19890353455165,1.09969997406006));
#7583=CARTESIAN_POINT('',(7.39774516696552,2.19890353455165,2.09969997406006));
#7584=CARTESIAN_POINT('Origin',(-1.3522548330345,0.0489035345516535,2.09969997406006));
#7585=CARTESIAN_POINT('',(-4.5022548330345,3.19890353455165,2.09969997406006));
#7586=CARTESIAN_POINT('',(-3.5022548330345,3.19890353455165,2.09969997406006));
#7587=CARTESIAN_POINT('',(-4.5022548330345,-4.20109646544835,2.09969997406006));
#7588=CARTESIAN_POINT('',(-4.5022548330345,-0.501096465448347,2.09969997406006));
#7589=CARTESIAN_POINT('',(-3.5022548330345,-4.20109646544835,2.09969997406006));
#7590=CARTESIAN_POINT('Origin',(1.8477451669655,3.19890353455165,1.09969997406006));
#7591=CARTESIAN_POINT('',(-4.5022548330345,3.19890353455165,1.09969997406006));
#7592=CARTESIAN_POINT('Origin',(-4.5022548330345,-0.501096465448347,1.09969997406006));
#7593=CARTESIAN_POINT('',(-4.5022548330345,-4.20109646544835,1.09969997406006));
#7594=CARTESIAN_POINT('Origin',(-3.5022548330345,-4.20109646544835,1.09969997406006));
#7595=CARTESIAN_POINT('Origin',(0.947745166965504,1.39805353455165,1.09969997406006));
#7596=CARTESIAN_POINT('',(5.4485951669655,1.39805353455165,1.90054997406006));
#7597=CARTESIAN_POINT('',(0.947745166965504,1.39805353455165,1.90054997406006));
#7598=CARTESIAN_POINT('',(5.4485951669655,1.39805353455165,1.09969997406006));
#7599=CARTESIAN_POINT('Origin',(5.4485951669655,2.19890353455165,1.09969997406006));
#7600=CARTESIAN_POINT('',(5.4485951669655,2.99975353455165,1.90054997406006));
#7601=CARTESIAN_POINT('',(5.4485951669655,2.19890353455165,1.90054997406006));
#7602=CARTESIAN_POINT('',(5.4485951669655,2.99975353455165,1.09969997406006));
#7603=CARTESIAN_POINT('Origin',(0.947745166965504,2.99975353455165,1.09969997406006));
#7604=CARTESIAN_POINT('',(0.947745166965504,2.99975353455165,1.90054997406006));
#7605=CARTESIAN_POINT('Origin',(-3.5522548330345,0.248903534551654,1.90054997406006));
#7606=CARTESIAN_POINT('',(0.,0.,0.));
#7607=CARTESIAN_POINT('Ctrl Pts',(2.8568019742088,1.7714106244195,2.01470588235294));
#7608=CARTESIAN_POINT('Ctrl Pts',(2.8568019742088,1.7714106244195,2.09313725490196));
#7609=CARTESIAN_POINT('Ctrl Pts',(2.8568019742088,1.7714106244195,2.17156862745098));
#7610=CARTESIAN_POINT('Ctrl Pts',(2.8568019742088,1.7714106244195,2.25));
#7611=CARTESIAN_POINT('Ctrl Pts',(2.84595348942387,1.7714106244195,2.01470588235294));
#7612=CARTESIAN_POINT('Ctrl Pts',(2.84595348942387,1.7714106244195,2.09313725490196));
#7613=CARTESIAN_POINT('Ctrl Pts',(2.84595348942387,1.7714106244195,2.17156862745098));
#7614=CARTESIAN_POINT('Ctrl Pts',(2.84595348942387,1.7714106244195,2.25));
#7615=CARTESIAN_POINT('Ctrl Pts',(2.83623505513736,1.77245801778357,2.01470588235294));
#7616=CARTESIAN_POINT('Ctrl Pts',(2.83623505513736,1.77245801778357,2.09313725490196));
#7617=CARTESIAN_POINT('Ctrl Pts',(2.83623505513736,1.77245801778357,2.17156862745098));
#7618=CARTESIAN_POINT('Ctrl Pts',(2.83623505513736,1.77245801778357,2.25));
#7619=CARTESIAN_POINT('Ctrl Pts',(2.81905828756122,1.77664759123986,2.01470588235294));
#7620=CARTESIAN_POINT('Ctrl Pts',(2.81905828756122,1.77664759123986,2.09313725490196));
#7621=CARTESIAN_POINT('Ctrl Pts',(2.81905828756122,1.77664759123986,2.17156862745098));
#7622=CARTESIAN_POINT('Ctrl Pts',(2.81905828756122,1.77664759123986,2.25));
#7623=CARTESIAN_POINT('Ctrl Pts',(2.81123467326534,1.78003583234283,2.01470588235294));
#7624=CARTESIAN_POINT('Ctrl Pts',(2.81123467326534,1.78003583234283,2.09313725490196));
#7625=CARTESIAN_POINT('Ctrl Pts',(2.81123467326534,1.78003583234283,2.17156862745098));
#7626=CARTESIAN_POINT('Ctrl Pts',(2.81123467326534,1.78003583234283,2.25));
#7627=CARTESIAN_POINT('Ctrl Pts',(2.79939540888853,1.79410414730773,2.01470588235294));
#7628=CARTESIAN_POINT('Ctrl Pts',(2.79939540888853,1.79410414730773,2.09313725490196));
#7629=CARTESIAN_POINT('Ctrl Pts',(2.79939540888853,1.79410414730773,2.17156862745098));
#7630=CARTESIAN_POINT('Ctrl Pts',(2.79939540888853,1.79410414730773,2.25));
#7631=CARTESIAN_POINT('Ctrl Pts',(2.79487520689481,1.80387981870573,2.01470588235294));
#7632=CARTESIAN_POINT('Ctrl Pts',(2.79487520689481,1.80387981870573,2.09313725490196));
#7633=CARTESIAN_POINT('Ctrl Pts',(2.79487520689481,1.80387981870573,2.17156862745098));
#7634=CARTESIAN_POINT('Ctrl Pts',(2.79487520689481,1.80387981870573,2.25));
#7635=CARTESIAN_POINT('Ctrl Pts',(2.78854692410359,1.82901725944346,2.01470588235294));
#7636=CARTESIAN_POINT('Ctrl Pts',(2.78854692410359,1.82901725944346,2.09313725490196));
#7637=CARTESIAN_POINT('Ctrl Pts',(2.78854692410359,1.82901725944346,2.17156862745098));
#7638=CARTESIAN_POINT('Ctrl Pts',(2.78854692410359,1.82901725944346,2.25));
#7639=CARTESIAN_POINT('Ctrl Pts',(2.78696485340579,1.84542642214726,2.01470588235294));
#7640=CARTESIAN_POINT('Ctrl Pts',(2.78696485340579,1.84542642214726,2.09313725490196));
#7641=CARTESIAN_POINT('Ctrl Pts',(2.78696485340579,1.84542642214726,2.17156862745098));
#7642=CARTESIAN_POINT('Ctrl Pts',(2.78696485340579,1.84542642214726,2.25));
#7643=CARTESIAN_POINT('Ctrl Pts',(2.78696485340579,1.95819577434569,2.01470588235294));
#7644=CARTESIAN_POINT('Ctrl Pts',(2.78696485340579,1.95819577434569,2.09313725490196));
#7645=CARTESIAN_POINT('Ctrl Pts',(2.78696485340579,1.95819577434569,2.17156862745098));
#7646=CARTESIAN_POINT('Ctrl Pts',(2.78696485340579,1.95819577434569,2.25));
#7647=CARTESIAN_POINT('Ctrl Pts',(2.78696485340579,2.05071552150539,2.01470588235294));
#7648=CARTESIAN_POINT('Ctrl Pts',(2.78696485340579,2.05071552150539,2.09313725490196));
#7649=CARTESIAN_POINT('Ctrl Pts',(2.78696485340579,2.05071552150539,2.17156862745098));
#7650=CARTESIAN_POINT('Ctrl Pts',(2.78696485340579,2.05071552150539,2.25));
#7651=CARTESIAN_POINT('Ctrl Pts',(2.78696485340579,2.17326054510182,2.01470588235294));
#7652=CARTESIAN_POINT('Ctrl Pts',(2.78696485340579,2.17326054510182,2.09313725490196));
#7653=CARTESIAN_POINT('Ctrl Pts',(2.78696485340579,2.17326054510182,2.17156862745098));
#7654=CARTESIAN_POINT('Ctrl Pts',(2.78696485340579,2.17326054510182,2.25));
#7655=CARTESIAN_POINT('Ctrl Pts',(2.78832091400391,2.20188929705312,2.01470588235294));
#7656=CARTESIAN_POINT('Ctrl Pts',(2.78832091400391,2.20188929705312,2.09313725490196));
#7657=CARTESIAN_POINT('Ctrl Pts',(2.78832091400391,2.20188929705312,2.17156862745098));
#7658=CARTESIAN_POINT('Ctrl Pts',(2.78832091400391,2.20188929705312,2.25));
#7659=CARTESIAN_POINT('Ctrl Pts',(2.79374515639637,2.25635375198487,2.01470588235294));
#7660=CARTESIAN_POINT('Ctrl Pts',(2.79374515639637,2.25635375198487,2.09313725490196));
#7661=CARTESIAN_POINT('Ctrl Pts',(2.79374515639637,2.25635375198487,2.17156862745098));
#7662=CARTESIAN_POINT('Ctrl Pts',(2.79374515639637,2.25635375198487,2.25));
#7663=CARTESIAN_POINT('Ctrl Pts',(2.79843804701622,2.27996803949131,2.01470588235294));
#7664=CARTESIAN_POINT('Ctrl Pts',(2.79843804701622,2.27996803949131,2.09313725490196));
#7665=CARTESIAN_POINT('Ctrl Pts',(2.79843804701622,2.27996803949131,2.17156862745098));
#7666=CARTESIAN_POINT('Ctrl Pts',(2.79843804701622,2.27996803949131,2.25));
#7667=CARTESIAN_POINT('Ctrl Pts',(2.81092192397252,2.32129214055734,2.01470588235294));
#7668=CARTESIAN_POINT('Ctrl Pts',(2.81092192397252,2.32129214055734,2.09313725490196));
#7669=CARTESIAN_POINT('Ctrl Pts',(2.81092192397252,2.32129214055734,2.17156862745098));
#7670=CARTESIAN_POINT('Ctrl Pts',(2.81092192397252,2.32129214055734,2.25));
#7671=CARTESIAN_POINT('Ctrl Pts',(2.81949982372845,2.33726359948547,2.01470588235294));
#7672=CARTESIAN_POINT('Ctrl Pts',(2.81949982372845,2.33726359948547,2.09313725490196));
#7673=CARTESIAN_POINT('Ctrl Pts',(2.81949982372845,2.33726359948547,2.17156862745098));
#7674=CARTESIAN_POINT('Ctrl Pts',(2.81949982372845,2.33726359948547,2.25));
#7675=CARTESIAN_POINT('Ctrl Pts',(2.84007722683203,2.36214048175615,2.01470588235294));
#7676=CARTESIAN_POINT('Ctrl Pts',(2.84007722683203,2.36214048175615,2.09313725490196));
#7677=CARTESIAN_POINT('Ctrl Pts',(2.84007722683203,2.36214048175615,2.17156862745098));
#7678=CARTESIAN_POINT('Ctrl Pts',(2.84007722683203,2.36214048175615,2.25));
#7679=CARTESIAN_POINT('Ctrl Pts',(2.85295980251414,2.36842484194058,2.01470588235294));
#7680=CARTESIAN_POINT('Ctrl Pts',(2.85295980251414,2.36842484194058,2.09313725490196));
#7681=CARTESIAN_POINT('Ctrl Pts',(2.85295980251414,2.36842484194058,2.17156862745098));
#7682=CARTESIAN_POINT('Ctrl Pts',(2.85295980251414,2.36842484194058,2.25));
#7683=CARTESIAN_POINT('Ctrl Pts',(2.88234111547333,2.36842484194058,2.01470588235294));
#7684=CARTESIAN_POINT('Ctrl Pts',(2.88234111547333,2.36842484194058,2.09313725490196));
#7685=CARTESIAN_POINT('Ctrl Pts',(2.88234111547333,2.36842484194058,2.17156862745098));
#7686=CARTESIAN_POINT('Ctrl Pts',(2.88234111547333,2.36842484194058,2.25));
#7687=CARTESIAN_POINT('Ctrl Pts',(2.89409364065701,2.36388613736294,2.01470588235294));
#7688=CARTESIAN_POINT('Ctrl Pts',(2.89409364065701,2.36388613736294,2.09313725490196));
#7689=CARTESIAN_POINT('Ctrl Pts',(2.89409364065701,2.36388613736294,2.17156862745098));
#7690=CARTESIAN_POINT('Ctrl Pts',(2.89409364065701,2.36388613736294,2.25));
#7691=CARTESIAN_POINT('Ctrl Pts',(2.91321752298717,2.34559836375189,2.01470588235294));
#7692=CARTESIAN_POINT('Ctrl Pts',(2.91321752298717,2.34559836375189,2.09313725490196));
#7693=CARTESIAN_POINT('Ctrl Pts',(2.91321752298717,2.34559836375189,2.17156862745098));
#7694=CARTESIAN_POINT('Ctrl Pts',(2.91321752298717,2.34559836375189,2.25));
#7695=CARTESIAN_POINT('Ctrl Pts',(2.92144086271903,2.3338608609262,2.01470588235294));
#7696=CARTESIAN_POINT('Ctrl Pts',(2.92144086271903,2.3338608609262,2.09313725490196));
#7697=CARTESIAN_POINT('Ctrl Pts',(2.92144086271903,2.3338608609262,2.17156862745098));
#7698=CARTESIAN_POINT('Ctrl Pts',(2.92144086271903,2.3338608609262,2.25));
#7699=CARTESIAN_POINT('Ctrl Pts',(2.9331933879027,2.3003442732759,2.01470588235294));
#7700=CARTESIAN_POINT('Ctrl Pts',(2.9331933879027,2.3003442732759,2.09313725490196));
#7701=CARTESIAN_POINT('Ctrl Pts',(2.9331933879027,2.3003442732759,2.17156862745098));
#7702=CARTESIAN_POINT('Ctrl Pts',(2.9331933879027,2.3003442732759,2.25));
#7703=CARTESIAN_POINT('Ctrl Pts',(2.93748757979674,2.27974553711581,2.01470588235294));
#7704=CARTESIAN_POINT('Ctrl Pts',(2.93748757979674,2.27974553711581,2.09313725490196));
#7705=CARTESIAN_POINT('Ctrl Pts',(2.93748757979674,2.27974553711581,2.17156862745098));
#7706=CARTESIAN_POINT('Ctrl Pts',(2.93748757979674,2.27974553711581,2.25));
#7707=CARTESIAN_POINT('Ctrl Pts',(2.9429118221892,2.23086718012578,2.01470588235294));
#7708=CARTESIAN_POINT('Ctrl Pts',(2.9429118221892,2.23086718012578,2.09313725490196));
#7709=CARTESIAN_POINT('Ctrl Pts',(2.9429118221892,2.23086718012578,2.17156862745098));
#7710=CARTESIAN_POINT('Ctrl Pts',(2.9429118221892,2.23086718012578,2.25));
#7711=CARTESIAN_POINT('Ctrl Pts',(2.94426788278732,2.20328582153855,2.01470588235294));
#7712=CARTESIAN_POINT('Ctrl Pts',(2.94426788278732,2.20328582153855,2.09313725490196));
#7713=CARTESIAN_POINT('Ctrl Pts',(2.94426788278732,2.20328582153855,2.17156862745098));
#7714=CARTESIAN_POINT('Ctrl Pts',(2.94426788278732,2.20328582153855,2.25));
#7715=CARTESIAN_POINT('Ctrl Pts',(2.94426788278733,2.01300936039879,2.01470588235294));
#7716=CARTESIAN_POINT('Ctrl Pts',(2.94426788278733,2.01300936039879,2.09313725490196));
#7717=CARTESIAN_POINT('Ctrl Pts',(2.94426788278733,2.01300936039879,2.17156862745098));
#7718=CARTESIAN_POINT('Ctrl Pts',(2.94426788278733,2.01300936039879,2.25));
#7719=CARTESIAN_POINT('Ctrl Pts',(2.94426788278733,1.85345643793848,2.01470588235294));
#7720=CARTESIAN_POINT('Ctrl Pts',(2.94426788278733,1.85345643793848,2.09313725490196));
#7721=CARTESIAN_POINT('Ctrl Pts',(2.94426788278733,1.85345643793848,2.17156862745098));
#7722=CARTESIAN_POINT('Ctrl Pts',(2.94426788278733,1.85345643793848,2.25));
#7723=CARTESIAN_POINT('Ctrl Pts',(2.94426788278733,1.69390351547817,2.01470588235294));
#7724=CARTESIAN_POINT('Ctrl Pts',(2.94426788278733,1.69390351547817,2.09313725490196));
#7725=CARTESIAN_POINT('Ctrl Pts',(2.94426788278733,1.69390351547817,2.17156862745098));
#7726=CARTESIAN_POINT('Ctrl Pts',(2.94426788278733,1.69390351547817,2.25));
#7727=CARTESIAN_POINT('',(2.94426788278733,1.69390351547817,2.01470588235294));
#7728=CARTESIAN_POINT('',(2.8568019742088,1.7714106244195,2.01470588235294));
#7729=CARTESIAN_POINT('Ctrl Pts',(2.94426788278733,1.69390351547817,2.01470588235294));
#7730=CARTESIAN_POINT('Ctrl Pts',(2.94426788278733,1.85345643793848,2.01470588235294));
#7731=CARTESIAN_POINT('Ctrl Pts',(2.94426788278733,2.01300936039879,2.01470588235294));
#7732=CARTESIAN_POINT('Ctrl Pts',(2.94426788278733,2.17256228285911,2.01470588235294));
#7733=CARTESIAN_POINT('Ctrl Pts',(2.94426788278733,2.20328582153855,2.01470588235294));
#7734=CARTESIAN_POINT('Ctrl Pts',(2.94291182218921,2.23086718012578,2.01470588235294));
#7735=CARTESIAN_POINT('Ctrl Pts',(2.94019970099298,2.2553063586208,2.01470588235294));
#7736=CARTESIAN_POINT('Ctrl Pts',(2.93748757979674,2.27974553711582,2.01470588235294));
#7737=CARTESIAN_POINT('Ctrl Pts',(2.93319338790271,2.3003442732759,2.01470588235294));
#7738=CARTESIAN_POINT('Ctrl Pts',(2.92731712531087,2.31710256710105,2.01470588235294));
#7739=CARTESIAN_POINT('Ctrl Pts',(2.92144086271903,2.33386086092621,2.01470588235294));
#7740=CARTESIAN_POINT('Ctrl Pts',(2.91321752298717,2.34559836375189,2.01470588235294));
#7741=CARTESIAN_POINT('Ctrl Pts',(2.90358606484383,2.35480872820765,2.01470588235294));
#7742=CARTESIAN_POINT('Ctrl Pts',(2.89409364065701,2.36388613736294,2.01470588235294));
#7743=CARTESIAN_POINT('Ctrl Pts',(2.88234111547333,2.36842484194058,2.01470588235294));
#7744=CARTESIAN_POINT('Ctrl Pts',(2.86832848929279,2.36842484194058,2.01470588235294));
#7745=CARTESIAN_POINT('Ctrl Pts',(2.85295980251414,2.36842484194058,2.01470588235294));
#7746=CARTESIAN_POINT('Ctrl Pts',(2.84007722683203,2.36214048175615,2.01470588235294));
#7747=CARTESIAN_POINT('Ctrl Pts',(2.82968076224647,2.34957176138729,2.01470588235294));
#7748=CARTESIAN_POINT('Ctrl Pts',(2.81949982372845,2.33726359948547,2.01470588235294));
#7749=CARTESIAN_POINT('Ctrl Pts',(2.81092192397252,2.32129214055734,2.01470588235294));
#7750=CARTESIAN_POINT('Ctrl Pts',(2.80459364118131,2.3003442732759,2.01470588235294));
#7751=CARTESIAN_POINT('Ctrl Pts',(2.79843804701622,2.27996803949131,2.01470588235294));
#7752=CARTESIAN_POINT('Ctrl Pts',(2.79374515639638,2.25635375198487,2.01470588235294));
#7753=CARTESIAN_POINT('Ctrl Pts',(2.79103303520014,2.229121524519,2.01470588235294));
#7754=CARTESIAN_POINT('Ctrl Pts',(2.78832091400391,2.20188929705312,2.01470588235294));
#7755=CARTESIAN_POINT('Ctrl Pts',(2.78696485340579,2.17326054510182,2.01470588235294));
#7756=CARTESIAN_POINT('Ctrl Pts',(2.78696485340579,2.14323526866509,2.01470588235294));
#7757=CARTESIAN_POINT('Ctrl Pts',(2.78696485340579,2.05071552150539,2.01470588235294));
#7758=CARTESIAN_POINT('Ctrl Pts',(2.78696485340579,1.95819577434569,2.01470588235294));
#7759=CARTESIAN_POINT('Ctrl Pts',(2.78696485340579,1.86567602718599,2.01470588235294));
#7760=CARTESIAN_POINT('Ctrl Pts',(2.78696485340579,1.84542642214726,2.01470588235294));
#7761=CARTESIAN_POINT('Ctrl Pts',(2.7885469241036,1.82901725944346,2.01470588235294));
#7762=CARTESIAN_POINT('Ctrl Pts',(2.7917110654992,1.8164485390746,2.01470588235294));
#7763=CARTESIAN_POINT('Ctrl Pts',(2.79487520689481,1.80387981870573,2.01470588235294));
#7764=CARTESIAN_POINT('Ctrl Pts',(2.79939540888853,1.79410414730773,2.01470588235294));
#7765=CARTESIAN_POINT('Ctrl Pts',(2.80527167148037,1.78712152488058,2.01470588235294));
#7766=CARTESIAN_POINT('Ctrl Pts',(2.81123467326534,1.78003583234283,2.01470588235294));
#7767=CARTESIAN_POINT('Ctrl Pts',(2.81905828756122,1.77664759123986,2.01470588235294));
#7768=CARTESIAN_POINT('Ctrl Pts',(2.82764667134929,1.77455280451172,2.01470588235294));
#7769=CARTESIAN_POINT('Ctrl Pts',(2.83623505513737,1.77245801778357,2.01470588235294));
#7770=CARTESIAN_POINT('Ctrl Pts',(2.84595348942387,1.7714106244195,2.01470588235294));
#7771=CARTESIAN_POINT('Ctrl Pts',(2.8568019742088,1.7714106244195,2.01470588235294));
#7772=CARTESIAN_POINT('',(2.94426788278733,1.69390351547817,2.25));
#7773=CARTESIAN_POINT('',(2.94426788278733,1.69390351547817,2.01470588235294));
#7774=CARTESIAN_POINT('',(2.8568019742088,1.7714106244195,2.25));
#7775=CARTESIAN_POINT('Ctrl Pts',(2.8568019742088,1.7714106244195,2.25));
#7776=CARTESIAN_POINT('Ctrl Pts',(2.84595348942387,1.7714106244195,2.25));
#7777=CARTESIAN_POINT('Ctrl Pts',(2.83623505513737,1.77245801778357,2.25));
#7778=CARTESIAN_POINT('Ctrl Pts',(2.82764667134929,1.77455280451172,2.25));
#7779=CARTESIAN_POINT('Ctrl Pts',(2.81905828756122,1.77664759123986,2.25));
#7780=CARTESIAN_POINT('Ctrl Pts',(2.81123467326534,1.78003583234283,2.25));
#7781=CARTESIAN_POINT('Ctrl Pts',(2.80527167148037,1.78712152488058,2.25));
#7782=CARTESIAN_POINT('Ctrl Pts',(2.79939540888853,1.79410414730773,2.25));
#7783=CARTESIAN_POINT('Ctrl Pts',(2.79487520689481,1.80387981870573,2.25));
#7784=CARTESIAN_POINT('Ctrl Pts',(2.7917110654992,1.8164485390746,2.25));
#7785=CARTESIAN_POINT('Ctrl Pts',(2.7885469241036,1.82901725944346,2.25));
#7786=CARTESIAN_POINT('Ctrl Pts',(2.78696485340579,1.84542642214726,2.25));
#7787=CARTESIAN_POINT('Ctrl Pts',(2.78696485340579,1.86567602718599,2.25));
#7788=CARTESIAN_POINT('Ctrl Pts',(2.78696485340579,1.95819577434569,2.25));
#7789=CARTESIAN_POINT('Ctrl Pts',(2.78696485340579,2.05071552150539,2.25));
#7790=CARTESIAN_POINT('Ctrl Pts',(2.78696485340579,2.14323526866509,2.25));
#7791=CARTESIAN_POINT('Ctrl Pts',(2.78696485340579,2.17326054510182,2.25));
#7792=CARTESIAN_POINT('Ctrl Pts',(2.78832091400391,2.20188929705312,2.25));
#7793=CARTESIAN_POINT('Ctrl Pts',(2.79103303520014,2.229121524519,2.25));
#7794=CARTESIAN_POINT('Ctrl Pts',(2.79374515639638,2.25635375198487,2.25));
#7795=CARTESIAN_POINT('Ctrl Pts',(2.79843804701622,2.27996803949131,2.25));
#7796=CARTESIAN_POINT('Ctrl Pts',(2.80459364118131,2.3003442732759,2.25));
#7797=CARTESIAN_POINT('Ctrl Pts',(2.81092192397252,2.32129214055734,2.25));
#7798=CARTESIAN_POINT('Ctrl Pts',(2.81949982372845,2.33726359948547,2.25));
#7799=CARTESIAN_POINT('Ctrl Pts',(2.82968076224647,2.34957176138729,2.25));
#7800=CARTESIAN_POINT('Ctrl Pts',(2.84007722683203,2.36214048175615,2.25));
#7801=CARTESIAN_POINT('Ctrl Pts',(2.85295980251414,2.36842484194058,2.25));
#7802=CARTESIAN_POINT('Ctrl Pts',(2.86832848929279,2.36842484194058,2.25));
#7803=CARTESIAN_POINT('Ctrl Pts',(2.88234111547333,2.36842484194058,2.25));
#7804=CARTESIAN_POINT('Ctrl Pts',(2.89409364065701,2.36388613736294,2.25));
#7805=CARTESIAN_POINT('Ctrl Pts',(2.90358606484383,2.35480872820765,2.25));
#7806=CARTESIAN_POINT('Ctrl Pts',(2.91321752298717,2.34559836375189,2.25));
#7807=CARTESIAN_POINT('Ctrl Pts',(2.92144086271903,2.33386086092621,2.25));
#7808=CARTESIAN_POINT('Ctrl Pts',(2.92731712531087,2.31710256710105,2.25));
#7809=CARTESIAN_POINT('Ctrl Pts',(2.93319338790271,2.3003442732759,2.25));
#7810=CARTESIAN_POINT('Ctrl Pts',(2.93748757979674,2.27974553711582,2.25));
#7811=CARTESIAN_POINT('Ctrl Pts',(2.94019970099298,2.2553063586208,2.25));
#7812=CARTESIAN_POINT('Ctrl Pts',(2.94291182218921,2.23086718012578,2.25));
#7813=CARTESIAN_POINT('Ctrl Pts',(2.94426788278733,2.20328582153855,2.25));
#7814=CARTESIAN_POINT('Ctrl Pts',(2.94426788278733,2.17256228285911,2.25));
#7815=CARTESIAN_POINT('Ctrl Pts',(2.94426788278733,2.01300936039879,2.25));
#7816=CARTESIAN_POINT('Ctrl Pts',(2.94426788278733,1.85345643793848,2.25));
#7817=CARTESIAN_POINT('Ctrl Pts',(2.94426788278733,1.69390351547817,2.25));
#7818=CARTESIAN_POINT('',(2.8568019742088,1.7714106244195,2.01470588235294));
#7819=CARTESIAN_POINT('Origin',(2.8568019742088,1.69390351547817,2.01470588235294));
#7820=CARTESIAN_POINT('',(2.8568019742088,1.69390351547817,2.01470588235294));
#7821=CARTESIAN_POINT('',(2.8568019742088,1.7714106244195,2.01470588235294));
#7822=CARTESIAN_POINT('',(2.8568019742088,1.69390351547817,2.25));
#7823=CARTESIAN_POINT('',(2.8568019742088,1.7714106244195,2.25));
#7824=CARTESIAN_POINT('',(2.8568019742088,1.69390351547817,2.01470588235294));
#7825=CARTESIAN_POINT('Origin',(2.56863909710901,1.69390351547817,2.01470588235294));
#7826=CARTESIAN_POINT('',(2.56863909710901,1.69390351547817,2.01470588235294));
#7827=CARTESIAN_POINT('',(2.8568019742088,1.69390351547817,2.01470588235294));
#7828=CARTESIAN_POINT('',(2.56863909710901,1.69390351547817,2.25));
#7829=CARTESIAN_POINT('',(2.8568019742088,1.69390351547817,2.25));
#7830=CARTESIAN_POINT('',(2.56863909710901,1.69390351547817,2.01470588235294));
#7831=CARTESIAN_POINT('Origin',(2.56863909710901,1.7714106244195,2.01470588235294));
#7832=CARTESIAN_POINT('',(2.56863909710901,1.7714106244195,2.01470588235294));
#7833=CARTESIAN_POINT('',(2.56863909710901,1.69390351547817,2.01470588235294));
#7834=CARTESIAN_POINT('',(2.56863909710901,1.7714106244195,2.25));
#7835=CARTESIAN_POINT('',(2.56863909710901,1.69390351547817,2.25));
#7836=CARTESIAN_POINT('',(2.56863909710901,1.7714106244195,2.01470588235294));
#7837=CARTESIAN_POINT('Ctrl Pts',(2.64390046030449,1.87091299400635,2.01470588235294));
#7838=CARTESIAN_POINT('Ctrl Pts',(2.64390046030449,1.87091299400635,2.09313725490196));
#7839=CARTESIAN_POINT('Ctrl Pts',(2.64390046030449,1.87091299400635,2.17156862745098));
#7840=CARTESIAN_POINT('Ctrl Pts',(2.64390046030449,1.87091299400635,2.25));
#7841=CARTESIAN_POINT('Ctrl Pts',(2.64390046030449,1.84926686448219,2.01470588235294));
#7842=CARTESIAN_POINT('Ctrl Pts',(2.64390046030449,1.84926686448219,2.09313725490196));
#7843=CARTESIAN_POINT('Ctrl Pts',(2.64390046030449,1.84926686448219,2.17156862745098));
#7844=CARTESIAN_POINT('Ctrl Pts',(2.64390046030449,1.84926686448219,2.25));
#7845=CARTESIAN_POINT('Ctrl Pts',(2.64186636940731,1.83181030841432,2.01470588235294));
#7846=CARTESIAN_POINT('Ctrl Pts',(2.64186636940731,1.83181030841432,2.09313725490196));
#7847=CARTESIAN_POINT('Ctrl Pts',(2.64186636940731,1.83181030841432,2.17156862745098));
#7848=CARTESIAN_POINT('Ctrl Pts',(2.64186636940731,1.83181030841432,2.25));
#7849=CARTESIAN_POINT('Ctrl Pts',(2.63380900716022,1.8055339790291,2.01470588235294));
#7850=CARTESIAN_POINT('Ctrl Pts',(2.63380900716022,1.8055339790291,2.09313725490196));
#7851=CARTESIAN_POINT('Ctrl Pts',(2.63380900716022,1.8055339790291,2.17156862745098));
#7852=CARTESIAN_POINT('Ctrl Pts',(2.63380900716022,1.8055339790291,2.25));
#7853=CARTESIAN_POINT('Ctrl Pts',(2.62920980382489,1.7951515406718,2.01470588235294));
#7854=CARTESIAN_POINT('Ctrl Pts',(2.62920980382489,1.7951515406718,2.09313725490196));
#7855=CARTESIAN_POINT('Ctrl Pts',(2.62920980382489,1.7951515406718,2.17156862745098));
#7856=CARTESIAN_POINT('Ctrl Pts',(2.62920980382489,1.7951515406718,2.25));
#7857=CARTESIAN_POINT('Ctrl Pts',(2.61625048018686,1.78085223280882,2.01470588235294));
#7858=CARTESIAN_POINT('Ctrl Pts',(2.61625048018686,1.78085223280882,2.09313725490196));
#7859=CARTESIAN_POINT('Ctrl Pts',(2.61625048018686,1.78085223280881,2.17156862745098));
#7860=CARTESIAN_POINT('Ctrl Pts',(2.61625048018686,1.78085223280881,2.25));
#7861=CARTESIAN_POINT('Ctrl Pts',(2.60841687465377,1.77664759123986,2.01470588235294));
#7862=CARTESIAN_POINT('Ctrl Pts',(2.60841687465377,1.77664759123986,2.09313725490196));
#7863=CARTESIAN_POINT('Ctrl Pts',(2.60841687465377,1.77664759123986,2.17156862745098));
#7864=CARTESIAN_POINT('Ctrl Pts',(2.60841687465377,1.77664759123986,2.25));
#7865=CARTESIAN_POINT('Ctrl Pts',(2.59079881345064,1.77235038216134,2.01470588235294));
#7866=CARTESIAN_POINT('Ctrl Pts',(2.59079881345064,1.77235038216134,2.09313725490196));
#7867=CARTESIAN_POINT('Ctrl Pts',(2.59079881345064,1.77235038216134,2.17156862745097));
#7868=CARTESIAN_POINT('Ctrl Pts',(2.59079881345064,1.77235038216134,2.24999999999999));
#7869=CARTESIAN_POINT('Ctrl Pts',(2.58084364249207,1.7714106244195,2.01470588235295));
#7870=CARTESIAN_POINT('Ctrl Pts',(2.58084364249207,1.7714106244195,2.09313725490196));
#7871=CARTESIAN_POINT('Ctrl Pts',(2.58084364249207,1.7714106244195,2.17156862745099));
#7872=CARTESIAN_POINT('Ctrl Pts',(2.58084364249207,1.7714106244195,2.25000000000001));
#7873=CARTESIAN_POINT('Ctrl Pts',(2.56954313750775,1.7714106244195,2.01470588235294));
#7874=CARTESIAN_POINT('Ctrl Pts',(2.56954313750775,1.7714106244195,2.09313725490196));
#7875=CARTESIAN_POINT('Ctrl Pts',(2.56954313750775,1.7714106244195,2.17156862745098));
#7876=CARTESIAN_POINT('Ctrl Pts',(2.56954313750775,1.7714106244195,2.25));
#7877=CARTESIAN_POINT('Ctrl Pts',(2.56909111730838,1.7714106244195,2.01470588235294));
#7878=CARTESIAN_POINT('Ctrl Pts',(2.56909111730838,1.7714106244195,2.09313725490196));
#7879=CARTESIAN_POINT('Ctrl Pts',(2.56909111730838,1.7714106244195,2.17156862745098));
#7880=CARTESIAN_POINT('Ctrl Pts',(2.56909111730838,1.7714106244195,2.25));
#7881=CARTESIAN_POINT('Ctrl Pts',(2.56863909710901,1.7714106244195,2.01470588235294));
#7882=CARTESIAN_POINT('Ctrl Pts',(2.56863909710901,1.7714106244195,2.09313725490196));
#7883=CARTESIAN_POINT('Ctrl Pts',(2.56863909710901,1.7714106244195,2.17156862745098));
#7884=CARTESIAN_POINT('Ctrl Pts',(2.56863909710901,1.7714106244195,2.25));
#7885=CARTESIAN_POINT('',(2.64390046030449,1.87091299400635,2.01470588235294));
#7886=CARTESIAN_POINT('Ctrl Pts',(2.56863909710901,1.7714106244195,2.01470588235294));
#7887=CARTESIAN_POINT('Ctrl Pts',(2.56909111730838,1.7714106244195,2.01470588235294));
#7888=CARTESIAN_POINT('Ctrl Pts',(2.56954313750776,1.7714106244195,2.01470588235294));
#7889=CARTESIAN_POINT('Ctrl Pts',(2.56999515770713,1.7714106244195,2.01470588235294));
#7890=CARTESIAN_POINT('Ctrl Pts',(2.58084364249206,1.7714106244195,2.01470588235294));
#7891=CARTESIAN_POINT('Ctrl Pts',(2.59079881345065,1.77235038216134,2.01470588235294));
#7892=CARTESIAN_POINT('Ctrl Pts',(2.59982849086569,1.77455280451172,2.01470588235294));
#7893=CARTESIAN_POINT('Ctrl Pts',(2.60841687465377,1.77664759123986,2.01470588235294));
#7894=CARTESIAN_POINT('Ctrl Pts',(2.61625048018686,1.78085223280881,2.01470588235294));
#7895=CARTESIAN_POINT('Ctrl Pts',(2.62288152103368,1.78816891824465,2.01470588235294));
#7896=CARTESIAN_POINT('Ctrl Pts',(2.62920980382489,1.7951515406718,2.01470588235294));
#7897=CARTESIAN_POINT('Ctrl Pts',(2.63380900716022,1.8055339790291,2.01470588235294));
#7898=CARTESIAN_POINT('Ctrl Pts',(2.63779818761296,1.81854332580274,2.01470588235294));
#7899=CARTESIAN_POINT('Ctrl Pts',(2.64186636940731,1.83181030841432,2.01470588235294));
#7900=CARTESIAN_POINT('Ctrl Pts',(2.64390046030449,1.84926686448219,2.01470588235294));
#7901=CARTESIAN_POINT('Ctrl Pts',(2.64390046030449,1.87091299400635,2.01470588235294));
#7902=CARTESIAN_POINT('',(2.64390046030449,1.87091299400635,2.25));
#7903=CARTESIAN_POINT('Ctrl Pts',(2.64390046030449,1.87091299400635,2.25));
#7904=CARTESIAN_POINT('Ctrl Pts',(2.64390046030449,1.84926686448219,2.25));
#7905=CARTESIAN_POINT('Ctrl Pts',(2.64186636940731,1.83181030841432,2.25));
#7906=CARTESIAN_POINT('Ctrl Pts',(2.63779818761296,1.81854332580274,2.25));
#7907=CARTESIAN_POINT('Ctrl Pts',(2.63380900716022,1.8055339790291,2.25));
#7908=CARTESIAN_POINT('Ctrl Pts',(2.62920980382489,1.7951515406718,2.25));
#7909=CARTESIAN_POINT('Ctrl Pts',(2.62288152103368,1.78816891824465,2.25));
#7910=CARTESIAN_POINT('Ctrl Pts',(2.61625048018686,1.78085223280881,2.25));
#7911=CARTESIAN_POINT('Ctrl Pts',(2.60841687465377,1.77664759123986,2.25));
#7912=CARTESIAN_POINT('Ctrl Pts',(2.59982849086569,1.77455280451172,2.25));
#7913=CARTESIAN_POINT('Ctrl Pts',(2.59079881345065,1.77235038216134,2.25));
#7914=CARTESIAN_POINT('Ctrl Pts',(2.58084364249206,1.7714106244195,2.25));
#7915=CARTESIAN_POINT('Ctrl Pts',(2.56999515770713,1.7714106244195,2.25));
#7916=CARTESIAN_POINT('Ctrl Pts',(2.56954313750776,1.7714106244195,2.25));
#7917=CARTESIAN_POINT('Ctrl Pts',(2.56909111730838,1.7714106244195,2.25));
#7918=CARTESIAN_POINT('Ctrl Pts',(2.56863909710901,1.7714106244195,2.25));
#7919=CARTESIAN_POINT('',(2.64390046030449,1.87091299400635,2.01470588235294));
#7920=CARTESIAN_POINT('Origin',(2.64390046030449,2.63341536305082,2.01470588235294));
#7921=CARTESIAN_POINT('',(2.64390046030449,2.63341536305082,2.01470588235294));
#7922=CARTESIAN_POINT('',(2.64390046030449,1.87091299400635,2.01470588235294));
#7923=CARTESIAN_POINT('',(2.64390046030449,2.63341536305082,2.25));
#7924=CARTESIAN_POINT('',(2.64390046030449,1.87091299400635,2.25));
#7925=CARTESIAN_POINT('',(2.64390046030449,2.63341536305082,2.01470588235294));
#7926=CARTESIAN_POINT('Ctrl Pts',(2.56592697591278,2.72244379899695,2.01470588235294));
#7927=CARTESIAN_POINT('Ctrl Pts',(2.56592697591278,2.72244379899695,2.09313725490196));
#7928=CARTESIAN_POINT('Ctrl Pts',(2.56592697591278,2.72244379899695,2.17156862745098));
#7929=CARTESIAN_POINT('Ctrl Pts',(2.56592697591278,2.72244379899695,2.25));
#7930=CARTESIAN_POINT('Ctrl Pts',(2.56954313750776,2.72244379899695,2.01470588235294));
#7931=CARTESIAN_POINT('Ctrl Pts',(2.56954313750776,2.72244379899695,2.09313725490196));
#7932=CARTESIAN_POINT('Ctrl Pts',(2.56954313750776,2.72244379899695,2.17156862745098));
#7933=CARTESIAN_POINT('Ctrl Pts',(2.56954313750776,2.72244379899695,2.25));
#7934=CARTESIAN_POINT('Ctrl Pts',(2.57315929910273,2.72244379899695,2.01470588235294));
#7935=CARTESIAN_POINT('Ctrl Pts',(2.57315929910273,2.72244379899695,2.09313725490196));
#7936=CARTESIAN_POINT('Ctrl Pts',(2.57315929910273,2.72244379899695,2.17156862745098));
#7937=CARTESIAN_POINT('Ctrl Pts',(2.57315929910273,2.72244379899695,2.25));
#7938=CARTESIAN_POINT('Ctrl Pts',(2.58355576368829,2.72244379899695,2.01470588235294));
#7939=CARTESIAN_POINT('Ctrl Pts',(2.58355576368829,2.72244379899695,2.09313725490196));
#7940=CARTESIAN_POINT('Ctrl Pts',(2.58355576368829,2.72244379899695,2.17156862745098));
#7941=CARTESIAN_POINT('Ctrl Pts',(2.58355576368829,2.72244379899695,2.25));
#7942=CARTESIAN_POINT('Ctrl Pts',(2.59078808687825,2.72139640563287,2.01470588235294));
#7943=CARTESIAN_POINT('Ctrl Pts',(2.59078808687825,2.72139640563287,2.09313725490196));
#7944=CARTESIAN_POINT('Ctrl Pts',(2.59078808687825,2.72139640563288,2.17156862745098));
#7945=CARTESIAN_POINT('Ctrl Pts',(2.59078808687825,2.72139640563288,2.25));
#7946=CARTESIAN_POINT('Ctrl Pts',(2.6061567736569,2.71720683217659,2.01470588235294));
#7947=CARTESIAN_POINT('Ctrl Pts',(2.6061567736569,2.71720683217659,2.09313725490196));
#7948=CARTESIAN_POINT('Ctrl Pts',(2.6061567736569,2.71720683217659,2.17156862745098));
#7949=CARTESIAN_POINT('Ctrl Pts',(2.6061567736569,2.71720683217659,2.25));
#7950=CARTESIAN_POINT('Ctrl Pts',(2.61338909684686,2.7130172587203,2.01470588235294));
#7951=CARTESIAN_POINT('Ctrl Pts',(2.61338909684686,2.7130172587203,2.09313725490196));
#7952=CARTESIAN_POINT('Ctrl Pts',(2.61338909684686,2.7130172587203,2.17156862745098));
#7953=CARTESIAN_POINT('Ctrl Pts',(2.61338909684686,2.7130172587203,2.25));
#7954=CARTESIAN_POINT('Ctrl Pts',(2.62694970282803,2.70044853835143,2.01470588235294));
#7955=CARTESIAN_POINT('Ctrl Pts',(2.62694970282803,2.70044853835143,2.09313725490196));
#7956=CARTESIAN_POINT('Ctrl Pts',(2.62694970282803,2.70044853835143,2.17156862745098));
#7957=CARTESIAN_POINT('Ctrl Pts',(2.62694970282803,2.70044853835143,2.25));
#7958=CARTESIAN_POINT('Ctrl Pts',(2.63239509387015,2.69117920544271,2.01470588235294));
#7959=CARTESIAN_POINT('Ctrl Pts',(2.63239509387015,2.69117920544271,2.09313725490196));
#7960=CARTESIAN_POINT('Ctrl Pts',(2.63239509387015,2.69117920544271,2.17156862745098));
#7961=CARTESIAN_POINT('Ctrl Pts',(2.63239509387015,2.69117920544271,2.25));
#7962=CARTESIAN_POINT('Ctrl Pts',(2.64164035930762,2.66832847518656,2.01470588235294));
#7963=CARTESIAN_POINT('Ctrl Pts',(2.64164035930762,2.66832847518656,2.09313725490196));
#7964=CARTESIAN_POINT('Ctrl Pts',(2.64164035930762,2.66832847518656,2.17156862745098));
#7965=CARTESIAN_POINT('Ctrl Pts',(2.64164035930762,2.66832847518656,2.25));
#7966=CARTESIAN_POINT('Ctrl Pts',(2.64390046030449,2.65296670584683,2.01470588235294));
#7967=CARTESIAN_POINT('Ctrl Pts',(2.64390046030449,2.65296670584683,2.09313725490196));
#7968=CARTESIAN_POINT('Ctrl Pts',(2.64390046030449,2.65296670584683,2.17156862745098));
#7969=CARTESIAN_POINT('Ctrl Pts',(2.64390046030449,2.65296670584683,2.25));
#7970=CARTESIAN_POINT('Ctrl Pts',(2.64390046030449,2.63341536305082,2.01470588235294));
#7971=CARTESIAN_POINT('Ctrl Pts',(2.64390046030449,2.63341536305082,2.09313725490196));
#7972=CARTESIAN_POINT('Ctrl Pts',(2.64390046030449,2.63341536305082,2.17156862745098));
#7973=CARTESIAN_POINT('Ctrl Pts',(2.64390046030449,2.63341536305082,2.25));
#7974=CARTESIAN_POINT('',(2.56592697591278,2.72244379899695,2.01470588235294));
#7975=CARTESIAN_POINT('Ctrl Pts',(2.64390046030449,2.63341536305082,2.01470588235294));
#7976=CARTESIAN_POINT('Ctrl Pts',(2.64390046030449,2.65296670584683,2.01470588235294));
#7977=CARTESIAN_POINT('Ctrl Pts',(2.64164035930762,2.66832847518656,2.01470588235294));
#7978=CARTESIAN_POINT('Ctrl Pts',(2.6371201573139,2.67950067106999,2.01470588235294));
#7979=CARTESIAN_POINT('Ctrl Pts',(2.63239509387015,2.69117920544271,2.01470588235294));
#7980=CARTESIAN_POINT('Ctrl Pts',(2.62694970282803,2.70044853835143,2.01470588235294));
#7981=CARTESIAN_POINT('Ctrl Pts',(2.62016939983744,2.70673289853587,2.01470588235294));
#7982=CARTESIAN_POINT('Ctrl Pts',(2.61338909684686,2.7130172587203,2.01470588235294));
#7983=CARTESIAN_POINT('Ctrl Pts',(2.60615677365691,2.71720683217659,2.01470588235294));
#7984=CARTESIAN_POINT('Ctrl Pts',(2.59847243026758,2.71930161890473,2.01470588235294));
#7985=CARTESIAN_POINT('Ctrl Pts',(2.59078808687825,2.72139640563288,2.01470588235294));
#7986=CARTESIAN_POINT('Ctrl Pts',(2.58355576368829,2.72244379899695,2.01470588235294));
#7987=CARTESIAN_POINT('Ctrl Pts',(2.57677546069771,2.72244379899695,2.01470588235294));
#7988=CARTESIAN_POINT('Ctrl Pts',(2.57315929910273,2.72244379899695,2.01470588235294));
#7989=CARTESIAN_POINT('Ctrl Pts',(2.56954313750776,2.72244379899695,2.01470588235294));
#7990=CARTESIAN_POINT('Ctrl Pts',(2.56592697591278,2.72244379899695,2.01470588235294));
#7991=CARTESIAN_POINT('',(2.56592697591278,2.72244379899695,2.25));
#7992=CARTESIAN_POINT('Ctrl Pts',(2.56592697591278,2.72244379899695,2.25));
#7993=CARTESIAN_POINT('Ctrl Pts',(2.56954313750776,2.72244379899695,2.25));
#7994=CARTESIAN_POINT('Ctrl Pts',(2.57315929910273,2.72244379899695,2.25));
#7995=CARTESIAN_POINT('Ctrl Pts',(2.57677546069771,2.72244379899695,2.25));
#7996=CARTESIAN_POINT('Ctrl Pts',(2.58355576368829,2.72244379899695,2.25));
#7997=CARTESIAN_POINT('Ctrl Pts',(2.59078808687825,2.72139640563288,2.25));
#7998=CARTESIAN_POINT('Ctrl Pts',(2.59847243026758,2.71930161890473,2.25));
#7999=CARTESIAN_POINT('Ctrl Pts',(2.60615677365691,2.71720683217659,2.25));
#8000=CARTESIAN_POINT('Ctrl Pts',(2.61338909684686,2.7130172587203,2.25));
#8001=CARTESIAN_POINT('Ctrl Pts',(2.62016939983744,2.70673289853587,2.25));
#8002=CARTESIAN_POINT('Ctrl Pts',(2.62694970282803,2.70044853835143,2.25));
#8003=CARTESIAN_POINT('Ctrl Pts',(2.63239509387015,2.69117920544271,2.25));
#8004=CARTESIAN_POINT('Ctrl Pts',(2.6371201573139,2.67950067106999,2.25));
#8005=CARTESIAN_POINT('Ctrl Pts',(2.64164035930762,2.66832847518656,2.25));
#8006=CARTESIAN_POINT('Ctrl Pts',(2.64390046030449,2.65296670584683,2.25));
#8007=CARTESIAN_POINT('Ctrl Pts',(2.64390046030449,2.63341536305082,2.25));
#8008=CARTESIAN_POINT('',(2.56592697591278,2.72244379899695,2.01470588235294));
#8009=CARTESIAN_POINT('Origin',(2.56592697591278,2.79890351457421,2.01470588235294));
#8010=CARTESIAN_POINT('',(2.56592697591278,2.79890351457421,2.01470588235294));
#8011=CARTESIAN_POINT('',(2.56592697591278,2.72244379899695,2.01470588235294));
#8012=CARTESIAN_POINT('',(2.56592697591278,2.79890351457421,2.25));
#8013=CARTESIAN_POINT('',(2.56592697591278,2.72244379899695,2.25));
#8014=CARTESIAN_POINT('',(2.56592697591278,2.79890351457421,2.01470588235294));
#8015=CARTESIAN_POINT('Origin',(2.78493076250862,2.79890351457421,2.01470588235294));
#8016=CARTESIAN_POINT('',(2.78493076250862,2.79890351457421,2.01470588235294));
#8017=CARTESIAN_POINT('',(2.56592697591278,2.79890351457421,2.01470588235294));
#8018=CARTESIAN_POINT('',(2.78493076250862,2.79890351457421,2.25));
#8019=CARTESIAN_POINT('',(2.56592697591278,2.79890351457421,2.25));
#8020=CARTESIAN_POINT('',(2.78493076250862,2.79890351457421,2.01470588235294));
#8021=CARTESIAN_POINT('Origin',(2.78493076250862,2.5590504342017,2.01470588235294));
#8022=CARTESIAN_POINT('',(2.78493076250862,2.5590504342017,2.01470588235294));
#8023=CARTESIAN_POINT('',(2.78493076250862,2.79890351457421,2.01470588235294));
#8024=CARTESIAN_POINT('',(2.78493076250862,2.5590504342017,2.25));
#8025=CARTESIAN_POINT('',(2.78493076250862,2.79890351457421,2.25));
#8026=CARTESIAN_POINT('',(2.78493076250862,2.5590504342017,2.01470588235294));
#8027=CARTESIAN_POINT('Ctrl Pts',(2.77950652011615,2.37366180876095,2.01470588235294));
#8028=CARTESIAN_POINT('Ctrl Pts',(2.77950652011615,2.37366180876095,2.09313725490196));
#8029=CARTESIAN_POINT('Ctrl Pts',(2.77950652011615,2.37366180876095,2.17156862745098));
#8030=CARTESIAN_POINT('Ctrl Pts',(2.77950652011615,2.37366180876095,2.25));
#8031=CARTESIAN_POINT('Ctrl Pts',(2.78086258071427,2.39460967604239,2.01470588235294));
#8032=CARTESIAN_POINT('Ctrl Pts',(2.78086258071427,2.39460967604239,2.09313725490196));
#8033=CARTESIAN_POINT('Ctrl Pts',(2.78086258071427,2.39460967604239,2.17156862745098));
#8034=CARTESIAN_POINT('Ctrl Pts',(2.78086258071427,2.39460967604239,2.25));
#8035=CARTESIAN_POINT('Ctrl Pts',(2.78253472973955,2.41586496884677,2.01470588235294));
#8036=CARTESIAN_POINT('Ctrl Pts',(2.78253472973955,2.41586496884677,2.09313725490196));
#8037=CARTESIAN_POINT('Ctrl Pts',(2.78253472973955,2.41586496884677,2.17156862745098));
#8038=CARTESIAN_POINT('Ctrl Pts',(2.78253472973955,2.41586496884677,2.25));
#8039=CARTESIAN_POINT('Ctrl Pts',(2.78447874230925,2.45640588452264,2.01470588235294));
#8040=CARTESIAN_POINT('Ctrl Pts',(2.78447874230925,2.45640588452264,2.09313725490196));
#8041=CARTESIAN_POINT('Ctrl Pts',(2.78447874230925,2.45640588452264,2.17156862745098));
#8042=CARTESIAN_POINT('Ctrl Pts',(2.78447874230925,2.45640588452264,2.25));
#8043=CARTESIAN_POINT('Ctrl Pts',(2.78493076250862,2.47665548956137,2.01470588235294));
#8044=CARTESIAN_POINT('Ctrl Pts',(2.78493076250862,2.47665548956137,2.09313725490196));
#8045=CARTESIAN_POINT('Ctrl Pts',(2.78493076250862,2.47665548956137,2.17156862745098));
#8046=CARTESIAN_POINT('Ctrl Pts',(2.78493076250862,2.47665548956137,2.25));
#8047=CARTESIAN_POINT('Ctrl Pts',(2.78493076250862,2.51994774860968,2.01470588235294));
#8048=CARTESIAN_POINT('Ctrl Pts',(2.78493076250862,2.51994774860968,2.09313725490196));
#8049=CARTESIAN_POINT('Ctrl Pts',(2.78493076250862,2.51994774860968,2.17156862745098));
#8050=CARTESIAN_POINT('Ctrl Pts',(2.78493076250862,2.51994774860968,2.25));
#8051=CARTESIAN_POINT('Ctrl Pts',(2.78493076250862,2.54019735364841,2.01470588235294));
#8052=CARTESIAN_POINT('Ctrl Pts',(2.78493076250862,2.54019735364841,2.09313725490196));
#8053=CARTESIAN_POINT('Ctrl Pts',(2.78493076250862,2.54019735364841,2.17156862745098));
#8054=CARTESIAN_POINT('Ctrl Pts',(2.78493076250862,2.54019735364841,2.25));
#8055=CARTESIAN_POINT('Ctrl Pts',(2.78493076250862,2.5590504342017,2.01470588235294));
#8056=CARTESIAN_POINT('Ctrl Pts',(2.78493076250862,2.5590504342017,2.09313725490196));
#8057=CARTESIAN_POINT('Ctrl Pts',(2.78493076250862,2.5590504342017,2.17156862745098));
#8058=CARTESIAN_POINT('Ctrl Pts',(2.78493076250862,2.5590504342017,2.25));
#8059=CARTESIAN_POINT('',(2.77950652011615,2.37366180876095,2.01470588235294));
#8060=CARTESIAN_POINT('Ctrl Pts',(2.78493076250862,2.5590504342017,2.01470588235294));
#8061=CARTESIAN_POINT('Ctrl Pts',(2.78493076250862,2.54019735364841,2.01470588235294));
#8062=CARTESIAN_POINT('Ctrl Pts',(2.78493076250862,2.51994774860968,2.01470588235294));
#8063=CARTESIAN_POINT('Ctrl Pts',(2.78493076250862,2.49830161908552,2.01470588235294));
#8064=CARTESIAN_POINT('Ctrl Pts',(2.78493076250862,2.47665548956137,2.01470588235294));
#8065=CARTESIAN_POINT('Ctrl Pts',(2.78447874230925,2.45640588452264,2.01470588235294));
#8066=CARTESIAN_POINT('Ctrl Pts',(2.7835747019105,2.43755280396934,2.01470588235294));
#8067=CARTESIAN_POINT('Ctrl Pts',(2.78253472973955,2.41586496884677,2.01470588235294));
#8068=CARTESIAN_POINT('Ctrl Pts',(2.78086258071427,2.39460967604239,2.01470588235294));
#8069=CARTESIAN_POINT('Ctrl Pts',(2.77950652011615,2.37366180876095,2.01470588235294));
#8070=CARTESIAN_POINT('',(2.77950652011615,2.37366180876095,2.25));
#8071=CARTESIAN_POINT('Ctrl Pts',(2.77950652011615,2.37366180876095,2.25));
#8072=CARTESIAN_POINT('Ctrl Pts',(2.78086258071427,2.39460967604239,2.25));
#8073=CARTESIAN_POINT('Ctrl Pts',(2.78253472973955,2.41586496884677,2.25));
#8074=CARTESIAN_POINT('Ctrl Pts',(2.7835747019105,2.43755280396934,2.25));
#8075=CARTESIAN_POINT('Ctrl Pts',(2.78447874230925,2.45640588452264,2.25));
#8076=CARTESIAN_POINT('Ctrl Pts',(2.78493076250862,2.47665548956137,2.25));
#8077=CARTESIAN_POINT('Ctrl Pts',(2.78493076250862,2.49830161908552,2.25));
#8078=CARTESIAN_POINT('Ctrl Pts',(2.78493076250862,2.51994774860968,2.25));
#8079=CARTESIAN_POINT('Ctrl Pts',(2.78493076250862,2.54019735364841,2.25));
#8080=CARTESIAN_POINT('Ctrl Pts',(2.78493076250862,2.5590504342017,2.25));
#8081=CARTESIAN_POINT('',(2.77950652011615,2.37366180876095,2.01470588235294));
#8082=CARTESIAN_POINT('Origin',(2.78764288370485,2.37366180876095,2.01470588235294));
#8083=CARTESIAN_POINT('',(2.78764288370485,2.37366180876095,2.01470588235294));
#8084=CARTESIAN_POINT('',(2.77950652011615,2.37366180876095,2.01470588235294));
#8085=CARTESIAN_POINT('',(2.78764288370485,2.37366180876095,2.25));
#8086=CARTESIAN_POINT('',(2.77950652011615,2.37366180876095,2.25));
#8087=CARTESIAN_POINT('',(2.78764288370485,2.37366180876095,2.01470588235294));
#8088=CARTESIAN_POINT('Ctrl Pts',(3.15174515429918,1.7714106244195,2.01470588235294));
#8089=CARTESIAN_POINT('Ctrl Pts',(3.15174515429918,1.7714106244195,2.09313725490196));
#8090=CARTESIAN_POINT('Ctrl Pts',(3.15174515429918,1.7714106244195,2.17156862745098));
#8091=CARTESIAN_POINT('Ctrl Pts',(3.15174515429918,1.7714106244195,2.25));
#8092=CARTESIAN_POINT('Ctrl Pts',(3.14089666951424,1.7714106244195,2.01470588235294));
#8093=CARTESIAN_POINT('Ctrl Pts',(3.14089666951424,1.7714106244195,2.09313725490196));
#8094=CARTESIAN_POINT('Ctrl Pts',(3.14089666951424,1.7714106244195,2.17156862745098));
#8095=CARTESIAN_POINT('Ctrl Pts',(3.14089666951424,1.7714106244195,2.25));
#8096=CARTESIAN_POINT('Ctrl Pts',(3.13140424532743,1.77245801778357,2.01470588235294));
#8097=CARTESIAN_POINT('Ctrl Pts',(3.13140424532743,1.77245801778357,2.09313725490196));
#8098=CARTESIAN_POINT('Ctrl Pts',(3.13140424532743,1.77245801778357,2.17156862745098));
#8099=CARTESIAN_POINT('Ctrl Pts',(3.13140424532743,1.77245801778357,2.25));
#8100=CARTESIAN_POINT('Ctrl Pts',(3.11513151815003,1.77664759123986,2.01470588235294));
#8101=CARTESIAN_POINT('Ctrl Pts',(3.11513151815003,1.77664759123986,2.09313725490196));
#8102=CARTESIAN_POINT('Ctrl Pts',(3.11513151815003,1.77664759123986,2.17156862745098));
#8103=CARTESIAN_POINT('Ctrl Pts',(3.11513151815003,1.77664759123986,2.25));
#8104=CARTESIAN_POINT('Ctrl Pts',(3.10835121515944,1.7811862958175,2.01470588235294));
#8105=CARTESIAN_POINT('Ctrl Pts',(3.10835121515944,1.7811862958175,2.09313725490196));
#8106=CARTESIAN_POINT('Ctrl Pts',(3.10835121515944,1.78118629581751,2.17156862745098));
#8107=CARTESIAN_POINT('Ctrl Pts',(3.10835121515944,1.78118629581751,2.25));
#8108=CARTESIAN_POINT('Ctrl Pts',(3.09727412731127,1.79544582119261,2.01470588235294));
#8109=CARTESIAN_POINT('Ctrl Pts',(3.09727412731127,1.79544582119261,2.09313725490196));
#8110=CARTESIAN_POINT('Ctrl Pts',(3.09727412731127,1.79544582119261,2.17156862745098));
#8111=CARTESIAN_POINT('Ctrl Pts',(3.09727412731127,1.79544582119261,2.25));
#8112=CARTESIAN_POINT('Ctrl Pts',(3.09301450567522,1.80613602715208,2.01470588235294));
#8113=CARTESIAN_POINT('Ctrl Pts',(3.09301450567522,1.80613602715208,2.09313725490196));
#8114=CARTESIAN_POINT('Ctrl Pts',(3.09301450567522,1.80613602715209,2.17156862745098));
#8115=CARTESIAN_POINT('Ctrl Pts',(3.09301450567522,1.80613602715209,2.25));
#8116=CARTESIAN_POINT('Ctrl Pts',(3.08846232638707,1.8328577017784,2.01470588235294));
#8117=CARTESIAN_POINT('Ctrl Pts',(3.08846232638707,1.8328577017784,2.09313725490196));
#8118=CARTESIAN_POINT('Ctrl Pts',(3.08846232638707,1.8328577017784,2.17156862745098));
#8119=CARTESIAN_POINT('Ctrl Pts',(3.08846232638707,1.8328577017784,2.25));
#8120=CARTESIAN_POINT('Ctrl Pts',(3.08733227588864,1.85101252008898,2.01470588235294));
#8121=CARTESIAN_POINT('Ctrl Pts',(3.08733227588864,1.85101252008898,2.09313725490196));
#8122=CARTESIAN_POINT('Ctrl Pts',(3.08733227588864,1.85101252008898,2.17156862745098));
#8123=CARTESIAN_POINT('Ctrl Pts',(3.08733227588864,1.85101252008898,2.25));
#8124=CARTESIAN_POINT('Ctrl Pts',(3.08733227588863,1.98647539517563,2.01470588235294));
#8125=CARTESIAN_POINT('Ctrl Pts',(3.08733227588863,1.98647539517563,2.09313725490196));
#8126=CARTESIAN_POINT('Ctrl Pts',(3.08733227588863,1.98647539517563,2.17156862745098));
#8127=CARTESIAN_POINT('Ctrl Pts',(3.08733227588863,1.98647539517563,2.25));
#8128=CARTESIAN_POINT('Ctrl Pts',(3.08733227588864,2.0988956162527,2.01470588235294));
#8129=CARTESIAN_POINT('Ctrl Pts',(3.08733227588864,2.0988956162527,2.09313725490196));
#8130=CARTESIAN_POINT('Ctrl Pts',(3.08733227588864,2.0988956162527,2.17156862745098));
#8131=CARTESIAN_POINT('Ctrl Pts',(3.08733227588864,2.0988956162527,2.25));
#8132=CARTESIAN_POINT('Ctrl Pts',(3.08733227588864,2.2601941943198,2.01470588235294));
#8133=CARTESIAN_POINT('Ctrl Pts',(3.08733227588864,2.2601941943198,2.09313725490196));
#8134=CARTESIAN_POINT('Ctrl Pts',(3.08733227588864,2.2601941943198,2.17156862745098));
#8135=CARTESIAN_POINT('Ctrl Pts',(3.08733227588864,2.2601941943198,2.25));
#8136=CARTESIAN_POINT('Ctrl Pts',(3.08371611429366,2.30243906000405,2.01470588235294));
#8137=CARTESIAN_POINT('Ctrl Pts',(3.08371611429366,2.30243906000405,2.09313725490196));
#8138=CARTESIAN_POINT('Ctrl Pts',(3.08371611429366,2.30243906000405,2.17156862745098));
#8139=CARTESIAN_POINT('Ctrl Pts',(3.08371611429366,2.30243906000405,2.25));
#8140=CARTESIAN_POINT('Ctrl Pts',(3.06925146791375,2.37366180876094,2.01470588235294));
#8141=CARTESIAN_POINT('Ctrl Pts',(3.06925146791375,2.37366180876094,2.09313725490196));
#8142=CARTESIAN_POINT('Ctrl Pts',(3.06925146791375,2.37366180876094,2.17156862745098));
#8143=CARTESIAN_POINT('Ctrl Pts',(3.06925146791375,2.37366180876094,2.25));
#8144=CARTESIAN_POINT('Ctrl Pts',(3.05910352810026,2.40267126034236,2.01470588235294));
#8145=CARTESIAN_POINT('Ctrl Pts',(3.05910352810026,2.40267126034236,2.09313725490196));
#8146=CARTESIAN_POINT('Ctrl Pts',(3.05910352810026,2.40267126034236,2.17156862745098));
#8147=CARTESIAN_POINT('Ctrl Pts',(3.05910352810026,2.40267126034236,2.25));
#8148=CARTESIAN_POINT('Ctrl Pts',(3.03241182166491,2.44802673761006,2.01470588235294));
#8149=CARTESIAN_POINT('Ctrl Pts',(3.03241182166491,2.44802673761006,2.09313725490196));
#8150=CARTESIAN_POINT('Ctrl Pts',(3.03241182166491,2.44802673761006,2.17156862745098));
#8151=CARTESIAN_POINT('Ctrl Pts',(3.03241182166491,2.44802673761006,2.25));
#8152=CARTESIAN_POINT('Ctrl Pts',(3.01604797327597,2.46439896362919,2.01470588235294));
#8153=CARTESIAN_POINT('Ctrl Pts',(3.01604797327597,2.46439896362919,2.09313725490196));
#8154=CARTESIAN_POINT('Ctrl Pts',(3.01604797327597,2.46439896362919,2.17156862745098));
#8155=CARTESIAN_POINT('Ctrl Pts',(3.01604797327597,2.46439896362919,2.25));
#8156=CARTESIAN_POINT('Ctrl Pts',(2.97771737754087,2.48643116095937,2.01470588235294));
#8157=CARTESIAN_POINT('Ctrl Pts',(2.97771737754087,2.48643116095937,2.09313725490196));
#8158=CARTESIAN_POINT('Ctrl Pts',(2.97771737754087,2.48643116095937,2.17156862745098));
#8159=CARTESIAN_POINT('Ctrl Pts',(2.97771737754087,2.48643116095937,2.25));
#8160=CARTESIAN_POINT('Ctrl Pts',(2.95579439787132,2.49201725890109,2.01470588235294));
#8161=CARTESIAN_POINT('Ctrl Pts',(2.95579439787132,2.49201725890109,2.09313725490196));
#8162=CARTESIAN_POINT('Ctrl Pts',(2.95579439787132,2.49201725890109,2.17156862745098));
#8163=CARTESIAN_POINT('Ctrl Pts',(2.95579439787132,2.49201725890109,2.25));
#8164=CARTESIAN_POINT('Ctrl Pts',(2.91692066072531,2.49201725890109,2.01470588235294));
#8165=CARTESIAN_POINT('Ctrl Pts',(2.91692066072531,2.49201725890109,2.09313725490196));
#8166=CARTESIAN_POINT('Ctrl Pts',(2.91692066072531,2.49201725890109,2.17156862745098));
#8167=CARTESIAN_POINT('Ctrl Pts',(2.91692066072531,2.49201725890109,2.25));
#8168=CARTESIAN_POINT('Ctrl Pts',(2.90290332739984,2.4910413473479,2.01470588235294));
#8169=CARTESIAN_POINT('Ctrl Pts',(2.90290332739984,2.4910413473479,2.09313725490196));
#8170=CARTESIAN_POINT('Ctrl Pts',(2.90290332739984,2.4910413473479,2.17156862745098));
#8171=CARTESIAN_POINT('Ctrl Pts',(2.90290332739984,2.4910413473479,2.25));
#8172=CARTESIAN_POINT('Ctrl Pts',(2.87623884278181,2.48678029208073,2.01470588235294));
#8173=CARTESIAN_POINT('Ctrl Pts',(2.87623884278181,2.48678029208073,2.09313725490196));
#8174=CARTESIAN_POINT('Ctrl Pts',(2.87623884278181,2.48678029208073,2.17156862745098));
#8175=CARTESIAN_POINT('Ctrl Pts',(2.87623884278181,2.48678029208073,2.25));
#8176=CARTESIAN_POINT('Ctrl Pts',(2.86367784624249,2.48120294098449,2.01470588235294));
#8177=CARTESIAN_POINT('Ctrl Pts',(2.86367784624249,2.48120294098449,2.09313725490196));
#8178=CARTESIAN_POINT('Ctrl Pts',(2.86367784624249,2.48120294098449,2.17156862745098));
#8179=CARTESIAN_POINT('Ctrl Pts',(2.86367784624249,2.48120294098449,2.25));
#8180=CARTESIAN_POINT('Ctrl Pts',(2.83962520663266,2.46548329367793,2.01470588235294));
#8181=CARTESIAN_POINT('Ctrl Pts',(2.83962520663266,2.46548329367793,2.09313725490196));
#8182=CARTESIAN_POINT('Ctrl Pts',(2.83962520663266,2.46548329367793,2.17156862745098));
#8183=CARTESIAN_POINT('Ctrl Pts',(2.83962520663266,2.46548329367793,2.25));
#8184=CARTESIAN_POINT('Ctrl Pts',(2.82811112856599,2.45431429506142,2.01470588235294));
#8185=CARTESIAN_POINT('Ctrl Pts',(2.82811112856599,2.45431429506142,2.09313725490196));
#8186=CARTESIAN_POINT('Ctrl Pts',(2.82811112856599,2.45431429506142,2.17156862745098));
#8187=CARTESIAN_POINT('Ctrl Pts',(2.82811112856599,2.45431429506142,2.25));
#8188=CARTESIAN_POINT('Ctrl Pts',(2.80707975227786,2.42323842799369,2.01470588235294));
#8189=CARTESIAN_POINT('Ctrl Pts',(2.80707975227786,2.42323842799369,2.09313725490196));
#8190=CARTESIAN_POINT('Ctrl Pts',(2.80707975227786,2.42323842799369,2.17156862745098));
#8191=CARTESIAN_POINT('Ctrl Pts',(2.80707975227786,2.42323842799369,2.25));
#8192=CARTESIAN_POINT('Ctrl Pts',(2.79713530789167,2.40159229846953,2.01470588235294));
#8193=CARTESIAN_POINT('Ctrl Pts',(2.79713530789167,2.40159229846953,2.09313725490196));
#8194=CARTESIAN_POINT('Ctrl Pts',(2.79713530789167,2.40159229846953,2.17156862745098));
#8195=CARTESIAN_POINT('Ctrl Pts',(2.79713530789167,2.40159229846953,2.25));
#8196=CARTESIAN_POINT('Ctrl Pts',(2.78764288370485,2.37366180876095,2.01470588235294));
#8197=CARTESIAN_POINT('Ctrl Pts',(2.78764288370485,2.37366180876095,2.09313725490196));
#8198=CARTESIAN_POINT('Ctrl Pts',(2.78764288370485,2.37366180876095,2.17156862745098));
#8199=CARTESIAN_POINT('Ctrl Pts',(2.78764288370485,2.37366180876095,2.25));
#8200=CARTESIAN_POINT('',(3.15174515429918,1.7714106244195,2.01470588235294));
#8201=CARTESIAN_POINT('Ctrl Pts',(2.78764288370485,2.37366180876095,2.01470588235294));
#8202=CARTESIAN_POINT('Ctrl Pts',(2.79713530789167,2.40159229846953,2.01470588235294));
#8203=CARTESIAN_POINT('Ctrl Pts',(2.80707975227786,2.42323842799369,2.01470588235294));
#8204=CARTESIAN_POINT('Ctrl Pts',(2.81747621686342,2.43860019733341,2.01470588235294));
#8205=CARTESIAN_POINT('Ctrl Pts',(2.82811112856599,2.45431429506142,2.01470588235294));
#8206=CARTESIAN_POINT('Ctrl Pts',(2.83962520663266,2.46548329367793,2.01470588235294));
#8207=CARTESIAN_POINT('Ctrl Pts',(2.85137773181634,2.47316417834779,2.01470588235294));
#8208=CARTESIAN_POINT('Ctrl Pts',(2.86367784624249,2.48120294098449,2.01470588235294));
#8209=CARTESIAN_POINT('Ctrl Pts',(2.87623884278181,2.48678029208073,2.01470588235294));
#8210=CARTESIAN_POINT('Ctrl Pts',(2.8893474285636,2.48887507880887,2.01470588235294));
#8211=CARTESIAN_POINT('Ctrl Pts',(2.90290332739984,2.4910413473479,2.01470588235294));
#8212=CARTESIAN_POINT('Ctrl Pts',(2.91692066072531,2.49201725890109,2.01470588235294));
#8213=CARTESIAN_POINT('Ctrl Pts',(2.93138530710522,2.49201725890109,2.01470588235294));
#8214=CARTESIAN_POINT('Ctrl Pts',(2.95579439787132,2.49201725890109,2.01470588235294));
#8215=CARTESIAN_POINT('Ctrl Pts',(2.97771737754087,2.48643116095937,2.01470588235294));
#8216=CARTESIAN_POINT('Ctrl Pts',(2.99715424611388,2.47525896507594,2.01470588235294));
#8217=CARTESIAN_POINT('Ctrl Pts',(3.01604797327597,2.46439896362919,2.01470588235294));
#8218=CARTESIAN_POINT('Ctrl Pts',(3.03241182166491,2.44802673761006,2.01470588235294));
#8219=CARTESIAN_POINT('Ctrl Pts',(3.04597242764608,2.42498408360048,2.01470588235294));
#8220=CARTESIAN_POINT('Ctrl Pts',(3.05910352810026,2.40267126034235,2.01470588235294));
#8221=CARTESIAN_POINT('Ctrl Pts',(3.06925146791375,2.37366180876094,2.01470588235294));
#8222=CARTESIAN_POINT('Ctrl Pts',(3.0764837911037,2.33805043438249,2.01470588235294));
#8223=CARTESIAN_POINT('Ctrl Pts',(3.08371611429366,2.30243906000404,2.01470588235294));
#8224=CARTESIAN_POINT('Ctrl Pts',(3.08733227588864,2.2601941943198,2.01470588235294));
#8225=CARTESIAN_POINT('Ctrl Pts',(3.08733227588864,2.21131583732977,2.01470588235294));
#8226=CARTESIAN_POINT('Ctrl Pts',(3.08733227588864,2.0988956162527,2.01470588235294));
#8227=CARTESIAN_POINT('Ctrl Pts',(3.08733227588864,1.98647539517563,2.01470588235294));
#8228=CARTESIAN_POINT('Ctrl Pts',(3.08733227588864,1.87405517409856,2.01470588235294));
#8229=CARTESIAN_POINT('Ctrl Pts',(3.08733227588864,1.85101252008898,2.01470588235294));
#8230=CARTESIAN_POINT('Ctrl Pts',(3.08846232638707,1.83285770177839,2.01470588235294));
#8231=CARTESIAN_POINT('Ctrl Pts',(3.09072242738393,1.81959071916682,2.01470588235294));
#8232=CARTESIAN_POINT('Ctrl Pts',(3.09301450567522,1.80613602715209,2.01470588235294));
#8233=CARTESIAN_POINT('Ctrl Pts',(3.09727412731127,1.79544582119261,2.01470588235294));
#8234=CARTESIAN_POINT('Ctrl Pts',(3.10292697276698,1.78816891824465,2.01470588235294));
#8235=CARTESIAN_POINT('Ctrl Pts',(3.10835121515944,1.78118629581751,2.01470588235294));
#8236=CARTESIAN_POINT('Ctrl Pts',(3.11513151815003,1.77664759123986,2.01470588235294));
#8237=CARTESIAN_POINT('Ctrl Pts',(3.12326788173873,1.77455280451172,2.01470588235294));
#8238=CARTESIAN_POINT('Ctrl Pts',(3.13140424532743,1.77245801778357,2.01470588235294));
#8239=CARTESIAN_POINT('Ctrl Pts',(3.14089666951424,1.7714106244195,2.01470588235294));
#8240=CARTESIAN_POINT('Ctrl Pts',(3.15174515429918,1.7714106244195,2.01470588235294));
#8241=CARTESIAN_POINT('',(3.15174515429918,1.7714106244195,2.25));
#8242=CARTESIAN_POINT('Ctrl Pts',(3.15174515429918,1.7714106244195,2.25));
#8243=CARTESIAN_POINT('Ctrl Pts',(3.14089666951424,1.7714106244195,2.25));
#8244=CARTESIAN_POINT('Ctrl Pts',(3.13140424532743,1.77245801778357,2.25));
#8245=CARTESIAN_POINT('Ctrl Pts',(3.12326788173873,1.77455280451172,2.25));
#8246=CARTESIAN_POINT('Ctrl Pts',(3.11513151815003,1.77664759123986,2.25));
#8247=CARTESIAN_POINT('Ctrl Pts',(3.10835121515944,1.78118629581751,2.25));
#8248=CARTESIAN_POINT('Ctrl Pts',(3.10292697276698,1.78816891824465,2.25));
#8249=CARTESIAN_POINT('Ctrl Pts',(3.09727412731127,1.79544582119261,2.25));
#8250=CARTESIAN_POINT('Ctrl Pts',(3.09301450567522,1.80613602715209,2.25));
#8251=CARTESIAN_POINT('Ctrl Pts',(3.09072242738393,1.81959071916682,2.25));
#8252=CARTESIAN_POINT('Ctrl Pts',(3.08846232638707,1.83285770177839,2.25));
#8253=CARTESIAN_POINT('Ctrl Pts',(3.08733227588864,1.85101252008898,2.25));
#8254=CARTESIAN_POINT('Ctrl Pts',(3.08733227588864,1.87405517409856,2.25));
#8255=CARTESIAN_POINT('Ctrl Pts',(3.08733227588864,1.98647539517563,2.25));
#8256=CARTESIAN_POINT('Ctrl Pts',(3.08733227588864,2.0988956162527,2.25));
#8257=CARTESIAN_POINT('Ctrl Pts',(3.08733227588864,2.21131583732977,2.25));
#8258=CARTESIAN_POINT('Ctrl Pts',(3.08733227588864,2.2601941943198,2.25));
#8259=CARTESIAN_POINT('Ctrl Pts',(3.08371611429366,2.30243906000404,2.25));
#8260=CARTESIAN_POINT('Ctrl Pts',(3.0764837911037,2.33805043438249,2.25));
#8261=CARTESIAN_POINT('Ctrl Pts',(3.06925146791375,2.37366180876095,2.25));
#8262=CARTESIAN_POINT('Ctrl Pts',(3.05910352810026,2.40267126034235,2.25));
#8263=CARTESIAN_POINT('Ctrl Pts',(3.04597242764608,2.42498408360048,2.25));
#8264=CARTESIAN_POINT('Ctrl Pts',(3.03241182166491,2.44802673761006,2.25));
#8265=CARTESIAN_POINT('Ctrl Pts',(3.01604797327597,2.46439896362919,2.25));
#8266=CARTESIAN_POINT('Ctrl Pts',(2.99715424611388,2.47525896507594,2.25));
#8267=CARTESIAN_POINT('Ctrl Pts',(2.97771737754087,2.48643116095937,2.25));
#8268=CARTESIAN_POINT('Ctrl Pts',(2.95579439787132,2.49201725890109,2.25));
#8269=CARTESIAN_POINT('Ctrl Pts',(2.93138530710522,2.49201725890109,2.25));
#8270=CARTESIAN_POINT('Ctrl Pts',(2.91692066072531,2.49201725890109,2.25));
#8271=CARTESIAN_POINT('Ctrl Pts',(2.90290332739984,2.4910413473479,2.25));
#8272=CARTESIAN_POINT('Ctrl Pts',(2.8893474285636,2.48887507880887,2.25));
#8273=CARTESIAN_POINT('Ctrl Pts',(2.87623884278181,2.48678029208073,2.25));
#8274=CARTESIAN_POINT('Ctrl Pts',(2.86367784624249,2.48120294098449,2.25));
#8275=CARTESIAN_POINT('Ctrl Pts',(2.85137773181634,2.47316417834779,2.25));
#8276=CARTESIAN_POINT('Ctrl Pts',(2.83962520663266,2.46548329367793,2.25));
#8277=CARTESIAN_POINT('Ctrl Pts',(2.82811112856599,2.45431429506142,2.25));
#8278=CARTESIAN_POINT('Ctrl Pts',(2.81747621686342,2.43860019733341,2.25));
#8279=CARTESIAN_POINT('Ctrl Pts',(2.80707975227786,2.42323842799369,2.25));
#8280=CARTESIAN_POINT('Ctrl Pts',(2.79713530789167,2.40159229846953,2.25));
#8281=CARTESIAN_POINT('Ctrl Pts',(2.78764288370485,2.37366180876095,2.25));
#8282=CARTESIAN_POINT('',(3.15174515429918,1.7714106244195,2.01470588235294));
#8283=CARTESIAN_POINT('Origin',(3.15174515429918,1.69390351547817,2.01470588235294));
#8284=CARTESIAN_POINT('',(3.15174515429918,1.69390351547817,2.01470588235294));
#8285=CARTESIAN_POINT('',(3.15174515429918,1.7714106244195,2.01470588235294));
#8286=CARTESIAN_POINT('',(3.15174515429918,1.69390351547817,2.25));
#8287=CARTESIAN_POINT('',(3.15174515429918,1.7714106244195,2.25));
#8288=CARTESIAN_POINT('',(3.15174515429918,1.69390351547817,2.01470588235294));
#8289=CARTESIAN_POINT('Origin',(2.94426788278733,1.69390351547817,2.01470588235294));
#8290=CARTESIAN_POINT('',(3.15174515429918,1.69390351547817,2.01470588235294));
#8291=CARTESIAN_POINT('',(3.15174515429918,1.69390351547817,2.25));
#8292=CARTESIAN_POINT('Origin',(2.94426788278733,1.69390351547817,2.25));
#8293=CARTESIAN_POINT('Origin',(2.94426788278733,1.69390351547817,2.01470588235294));
#8294=CARTESIAN_POINT('',(0.,0.,0.));
#8295=CARTESIAN_POINT('Origin',(-2.66331712002722,0.298811529779875,1.33131086547583));
#8296=CARTESIAN_POINT('',(-2.69096535642778,0.28438713231651,1.21135323724024));
#8297=CARTESIAN_POINT('',(-2.66331712002722,0.294300706035655,1.20925016309563));
#8298=CARTESIAN_POINT('Origin',(-2.87606091132216,0.207840351752647,0.950000009320038));
#8299=CARTESIAN_POINT('',(-2.72302630106561,0.274839675569127,1.2665131324913));
#8300=CARTESIAN_POINT('',(-2.76879786844529,0.261209320482779,1.3452617436336));
#8301=CARTESIAN_POINT('',(-2.66331712002722,0.296302922817661,1.26342917796895));
#8302=CARTESIAN_POINT('Origin',(-2.87606091132216,0.207840351752647,0.950000009320038));
#8303=CARTESIAN_POINT('',(-2.66331712002722,0.298811529779875,1.33131086547583));
#8304=CARTESIAN_POINT('Origin',(-2.55783637160915,0.261209320482779,1.3452617436336));
#8305=CARTESIAN_POINT('',(-2.63566888362666,0.28438713231651,1.21135323724024));
#8306=CARTESIAN_POINT('Origin',(-2.45057332873228,0.207840351752647,0.950000009320038));
#8307=CARTESIAN_POINT('',(-2.60360793898883,0.274839675569127,1.2665131324913));
#8308=CARTESIAN_POINT('Origin',(-2.45057332873228,0.207840351752647,0.950000009320038));
#8309=CARTESIAN_POINT('',(-2.55783637160915,0.261209320482779,1.3452617436336));
#8310=CARTESIAN_POINT('Origin',(-2.57798140399205,0.340852078557225,1.31571330925128));
#8311=CARTESIAN_POINT('',(-2.63949659778864,0.306083830123609,1.20619430663032));
#8312=CARTESIAN_POINT('Origin',(-2.78272310698368,0.207840351752647,0.950000009320038));
#8313=CARTESIAN_POINT('',(-2.61066510599372,0.322379324091358,1.25752465333937));
#8314=CARTESIAN_POINT('Origin',(-2.78272310698368,0.207840351752647,0.950000009320038));
#8315=CARTESIAN_POINT('',(-2.57798140399205,0.340852078557225,1.31571330925128));
#8316=CARTESIAN_POINT('Origin',(-2.49264568795687,0.39725539250287,1.29478699201462));
#8317=CARTESIAN_POINT('',(-2.61490688223559,0.322299767351386,1.200943363611));
#8318=CARTESIAN_POINT('Origin',(-2.80943984307442,0.207840351752647,0.950000009320038));
#8319=CARTESIAN_POINT('',(-2.55706005582519,0.357764372962354,1.24534466456354));
#8320=CARTESIAN_POINT('Origin',(-2.80943984307442,0.207840351752647,0.950000009320038));
#8321=CARTESIAN_POINT('',(-2.49264568795687,0.39725539250287,1.29478699201462));
#8322=CARTESIAN_POINT('Origin',(-2.61057674581819,0.40887511456727,1.29047593344179));
#8323=CARTESIAN_POINT('',(-2.64835773257358,0.32559521408425,1.19972007166126));
#8324=CARTESIAN_POINT('Origin',(-3.58290347029825,0.207840351752647,0.950000009320038));
#8325=CARTESIAN_POINT('',(-2.6306173723837,0.364699947920649,1.24233520206411));
#8326=CARTESIAN_POINT('Origin',(-3.58290347029826,0.207840351752647,0.950000009320038));
#8327=CARTESIAN_POINT('',(-2.61057674581819,0.40887511456727,1.29047593344179));
#8328=CARTESIAN_POINT('Origin',(-2.66331712002722,0.481336490057569,1.26359187956552));
#8329=CARTESIAN_POINT('',(-2.66331712002722,0.344873763009769,1.19142055318388));
#8330=CARTESIAN_POINT('Origin',(-2.79996455364241,0.207840351752647,0.950000009320038));
#8331=CARTESIAN_POINT('',(-2.66331712002722,0.402361780900443,1.22182436081677));
#8332=CARTESIAN_POINT('Origin',(-2.79996455364241,0.207840351752647,0.950000009320038));
#8333=CARTESIAN_POINT('',(-2.66331712002722,0.481336490057569,1.26359187956552));
#8334=CARTESIAN_POINT('Origin',(-2.76879786844529,0.261209320482779,1.3452617436336));
#8335=CARTESIAN_POINT('',(-2.6871376422658,0.306083830123609,1.20619430663032));
#8336=CARTESIAN_POINT('Origin',(-2.54391113307077,0.207840351752647,0.950000009320038));
#8337=CARTESIAN_POINT('',(-2.71596913406072,0.322379324091358,1.25752465333937));
#8338=CARTESIAN_POINT('',(-2.7486528360624,0.340852078557225,1.31571330925128));
#8339=CARTESIAN_POINT('Origin',(-2.54391113307077,0.207840351752647,0.950000009320038));
#8340=CARTESIAN_POINT('Origin',(-2.7486528360624,0.340852078557225,1.31571330925128));
#8341=CARTESIAN_POINT('',(-2.71172735781886,0.322299767351386,1.200943363611));
#8342=CARTESIAN_POINT('Origin',(-2.51719439698002,0.207840351752647,0.950000009320038));
#8343=CARTESIAN_POINT('',(-2.76957418422925,0.357764372962354,1.24534466456354));
#8344=CARTESIAN_POINT('',(-2.83398855209757,0.39725539250287,1.29478699201462));
#8345=CARTESIAN_POINT('Origin',(-2.51719439698002,0.207840351752647,0.950000009320038));
#8346=CARTESIAN_POINT('Origin',(-2.83398855209757,0.39725539250287,1.29478699201462));
#8347=CARTESIAN_POINT('',(-2.67827650748086,0.32559521408425,1.19972007166126));
#8348=CARTESIAN_POINT('Origin',(-1.74373076975618,0.207840351752647,0.950000009320038));
#8349=CARTESIAN_POINT('',(-2.69601686767074,0.364699947920649,1.24233520206411));
#8350=CARTESIAN_POINT('',(-2.71605749423625,0.40887511456727,1.29047593344179));
#8351=CARTESIAN_POINT('Origin',(-1.74373076975618,0.207840351752646,0.950000009320037));
#8352=CARTESIAN_POINT('Origin',(-2.71605749423625,0.40887511456727,1.29047593344179));
#8353=CARTESIAN_POINT('Origin',(-2.52666968641203,0.207840351752647,0.950000009320038));
#8354=CARTESIAN_POINT('Origin',(-2.52666968641203,0.207840351752647,0.950000009320038));
#8355=CARTESIAN_POINT('Ctrl Pts',(-2.52157484555288,0.0428143579909555,
0.79766567602614));
#8356=CARTESIAN_POINT('Ctrl Pts',(-2.52157484555288,0.180077108283708,0.648966946831441));
#8357=CARTESIAN_POINT('Ctrl Pts',(-2.52157484555288,0.345103102045399,0.80130128012534));
#8358=CARTESIAN_POINT('Ctrl Pts',(-2.52157484555288,0.51012909580709,0.953635613419238));
#8359=CARTESIAN_POINT('Ctrl Pts',(-2.52157484555288,0.372866345514338,1.10233434261394));
#8360=CARTESIAN_POINT('Ctrl Pts',(-2.52157484555288,0.235603595221585,1.25103307180863));
#8361=CARTESIAN_POINT('Ctrl Pts',(-2.52157484555288,0.0705776014598943,
1.09869873851474));
#8362=CARTESIAN_POINT('Ctrl Pts',(-2.52157484555288,-0.0944483923017966,
0.946364405220838));
#8363=CARTESIAN_POINT('Ctrl Pts',(-2.52157484555288,0.0428143579909555,
0.79766567602614));
#8364=CARTESIAN_POINT('Ctrl Pts',(-2.47242484118187,0.0428143579909555,
0.79766567602614));
#8365=CARTESIAN_POINT('Ctrl Pts',(-2.47242484118187,0.180077108283708,0.648966946831441));
#8366=CARTESIAN_POINT('Ctrl Pts',(-2.47242484118187,0.345103102045399,0.80130128012534));
#8367=CARTESIAN_POINT('Ctrl Pts',(-2.47242484118187,0.51012909580709,0.953635613419238));
#8368=CARTESIAN_POINT('Ctrl Pts',(-2.47242484118187,0.372866345514338,1.10233434261394));
#8369=CARTESIAN_POINT('Ctrl Pts',(-2.47242484118187,0.235603595221585,1.25103307180863));
#8370=CARTESIAN_POINT('Ctrl Pts',(-2.47242484118187,0.0705776014598943,
1.09869873851474));
#8371=CARTESIAN_POINT('Ctrl Pts',(-2.47242484118187,-0.0944483923017966,
0.946364405220838));
#8372=CARTESIAN_POINT('Ctrl Pts',(-2.47242484118187,0.0428143579909555,
0.79766567602614));
#8373=CARTESIAN_POINT('',(-2.52157484555288,0.0428143579909555,0.79766567602614));
#8374=CARTESIAN_POINT('Origin',(-2.52157484555288,0.207840351752647,0.950000009320038));
#8375=CARTESIAN_POINT('',(-2.47242484118187,0.0428143579909555,0.79766567602614));
#8376=CARTESIAN_POINT('',(-2.47157484118187,0.0428143579909555,0.79766567602614));
#8377=CARTESIAN_POINT('Origin',(-2.47242484118187,0.207840351752647,0.950000009320038));
#8378=CARTESIAN_POINT('Ctrl Pts',(-2.87242489196172,0.00165489711430865,
0.759728584580596));
#8379=CARTESIAN_POINT('Ctrl Pts',(-2.87242489196172,0.173100910786951,0.573943071472507));
#8380=CARTESIAN_POINT('Ctrl Pts',(-2.87242489196172,0.379286365425289,0.764214496211948));
#8381=CARTESIAN_POINT('Ctrl Pts',(-2.87242489196172,0.585471820063627,0.95448592095139));
#8382=CARTESIAN_POINT('Ctrl Pts',(-2.87242489196172,0.414025806390984,1.14027143405948));
#8383=CARTESIAN_POINT('Ctrl Pts',(-2.87242489196172,0.242579792718342,1.32605694716757));
#8384=CARTESIAN_POINT('Ctrl Pts',(-2.87242489196172,0.0363943380800043,
1.13578552242813));
#8385=CARTESIAN_POINT('Ctrl Pts',(-2.87242489196172,-0.169791116558334,
0.945514097688686));
#8386=CARTESIAN_POINT('Ctrl Pts',(-2.87242489196172,0.00165489711430865,
0.759728584580596));
#8387=CARTESIAN_POINT('Ctrl Pts',(-2.52157484555288,0.0016548971143086,
0.759728584580596));
#8388=CARTESIAN_POINT('Ctrl Pts',(-2.52157484555288,0.173100910786951,0.573943071472507));
#8389=CARTESIAN_POINT('Ctrl Pts',(-2.52157484555288,0.379286365425289,0.764214496211948));
#8390=CARTESIAN_POINT('Ctrl Pts',(-2.52157484555288,0.585471820063627,0.95448592095139));
#8391=CARTESIAN_POINT('Ctrl Pts',(-2.52157484555288,0.414025806390984,1.14027143405948));
#8392=CARTESIAN_POINT('Ctrl Pts',(-2.52157484555288,0.242579792718342,1.32605694716757));
#8393=CARTESIAN_POINT('Ctrl Pts',(-2.52157484555288,0.0363943380800043,
1.13578552242813));
#8394=CARTESIAN_POINT('Ctrl Pts',(-2.52157484555288,-0.169791116558334,
0.945514097688686));
#8395=CARTESIAN_POINT('Ctrl Pts',(-2.52157484555288,0.0016548971143086,
0.759728584580596));
#8396=CARTESIAN_POINT('',(-2.87242491191272,0.00165489711430866,0.759728584580596));
#8397=CARTESIAN_POINT('Origin',(-2.87242489196172,0.207840351752647,0.950000009320038));
#8398=CARTESIAN_POINT('',(-2.52157484555288,0.00165489711430863,0.759728584580596));
#8399=CARTESIAN_POINT('',(-2.52157484555288,0.00165489711430863,0.759728584580596));
#8400=CARTESIAN_POINT('Origin',(-2.52157484555288,0.207840351752647,0.950000009320038));
#8401=CARTESIAN_POINT('Origin',(-2.52157484555288,0.207840351752647,0.950000009320038));
#8402=CARTESIAN_POINT('Ctrl Pts',(-2.87242489196172,-0.0391163537314581,
0.72237748472359));
#8403=CARTESIAN_POINT('Ctrl Pts',(-2.87242489196172,0.165983187483274,0.499856857274746));
#8404=CARTESIAN_POINT('Ctrl Pts',(-2.87242489196172,0.412939892967379,0.727479381871193));
#8405=CARTESIAN_POINT('Ctrl Pts',(-2.87242489196172,0.659896598451483,0.955101906467641));
#8406=CARTESIAN_POINT('Ctrl Pts',(-2.87242489196172,0.454797057236751,1.17762253391649));
#8407=CARTESIAN_POINT('Ctrl Pts',(-2.87242489196172,0.249697516022019,1.40014316136533));
#8408=CARTESIAN_POINT('Ctrl Pts',(-2.87242489196172,0.0027408105379144,
1.17252063676888));
#8409=CARTESIAN_POINT('Ctrl Pts',(-2.87242489196172,-0.24421589494619,0.944898112172435));
#8410=CARTESIAN_POINT('Ctrl Pts',(-2.87242489196172,-0.0391163537314581,
0.72237748472359));
#8411=CARTESIAN_POINT('Ctrl Pts',(-2.47242484118187,-0.0391163537314581,
0.72237748472359));
#8412=CARTESIAN_POINT('Ctrl Pts',(-2.47242484118187,0.165983187483274,0.499856857274746));
#8413=CARTESIAN_POINT('Ctrl Pts',(-2.47242484118187,0.412939892967379,0.727479381871193));
#8414=CARTESIAN_POINT('Ctrl Pts',(-2.47242484118187,0.659896598451483,0.955101906467641));
#8415=CARTESIAN_POINT('Ctrl Pts',(-2.47242484118187,0.454797057236751,1.17762253391649));
#8416=CARTESIAN_POINT('Ctrl Pts',(-2.47242484118187,0.249697516022019,1.40014316136533));
#8417=CARTESIAN_POINT('Ctrl Pts',(-2.47242484118187,0.00274081053791435,
1.17252063676888));
#8418=CARTESIAN_POINT('Ctrl Pts',(-2.47242484118187,-0.24421589494619,0.944898112172435));
#8419=CARTESIAN_POINT('Ctrl Pts',(-2.47242484118187,-0.0391163537314581,
0.72237748472359));
#8420=CARTESIAN_POINT('',(-2.47242484118187,-0.0391163537314581,0.72237748472359));
#8421=CARTESIAN_POINT('Origin',(-2.47242484118187,0.207840351752647,0.950000009320038));
#8422=CARTESIAN_POINT('',(-2.87242489196172,-0.039116353731458,0.72237748472359));
#8423=CARTESIAN_POINT('',(-2.47242484118187,-0.0391163537314581,0.72237748472359));
#8424=CARTESIAN_POINT('Origin',(-2.87242489196172,0.207840351752647,0.950000009320038));
#8425=CARTESIAN_POINT('Origin',(-2.47242484118187,0.207840351752647,0.950000009320038));
#8426=CARTESIAN_POINT('Origin',(-2.87242489196172,0.207840327735606,0.950000022925671));
#8427=CARTESIAN_POINT('',(-2.87242489196172,0.47949269984285,1.2003847963638));
#8428=CARTESIAN_POINT('Origin',(-2.87242489196172,0.207840327735606,0.950000022925671));
#8429=CARTESIAN_POINT('Ctrl Pts',(-2.87242489196172,0.249387821484806,0.988523033345955));
#8430=CARTESIAN_POINT('Ctrl Pts',(-2.87242489196172,0.214674939528267,1.02596126131338));
#8431=CARTESIAN_POINT('Ctrl Pts',(-2.87242489196172,0.173127445779068,0.987438250893093));
#8432=CARTESIAN_POINT('Ctrl Pts',(-2.87242489196172,0.131579952029868,0.948915240472809));
#8433=CARTESIAN_POINT('Ctrl Pts',(-2.87242489196172,0.166292833986406,0.911477012505387));
#8434=CARTESIAN_POINT('Ctrl Pts',(-2.87242489196172,0.201005715942945,0.874038784537965));
#8435=CARTESIAN_POINT('Ctrl Pts',(-2.87242489196172,0.242553209692144,0.912561794958249));
#8436=CARTESIAN_POINT('Ctrl Pts',(-2.87242489196172,0.284100703441344,0.951084805378533));
#8437=CARTESIAN_POINT('Ctrl Pts',(-2.87242489196172,0.249387821484806,0.988523033345955));
#8438=CARTESIAN_POINT('Ctrl Pts',(-2.67242487224251,0.249387821484806,0.988523033345955));
#8439=CARTESIAN_POINT('Ctrl Pts',(-2.67242487224251,0.214674939528267,1.02596126131338));
#8440=CARTESIAN_POINT('Ctrl Pts',(-2.67242487224251,0.173127445779068,0.987438250893093));
#8441=CARTESIAN_POINT('Ctrl Pts',(-2.67242487224251,0.131579952029868,0.948915240472809));
#8442=CARTESIAN_POINT('Ctrl Pts',(-2.67242487224251,0.166292833986406,0.911477012505387));
#8443=CARTESIAN_POINT('Ctrl Pts',(-2.67242487224251,0.201005715942945,0.874038784537965));
#8444=CARTESIAN_POINT('Ctrl Pts',(-2.67242487224251,0.242553209692144,0.912561794958249));
#8445=CARTESIAN_POINT('Ctrl Pts',(-2.67242487224251,0.284100703441344,0.951084805378533));
#8446=CARTESIAN_POINT('Ctrl Pts',(-2.67242487224251,0.249387821484806,0.988523033345955));
#8447=CARTESIAN_POINT('',(-2.87242489270678,0.249387821484806,0.988523033345955));
#8448=CARTESIAN_POINT('Origin',(-2.87242489196172,0.207840327735606,0.950000022925671));
#8449=CARTESIAN_POINT('',(-2.67242487224251,0.249387821484806,0.988523033345955));
#8450=CARTESIAN_POINT('',(-2.87327489270678,0.249387821484806,0.988523033345955));
#8451=CARTESIAN_POINT('Origin',(-2.67242487224251,0.207840327735606,0.950000022925671));
#8452=CARTESIAN_POINT('Ctrl Pts',(-2.87242489196172,0.281927337418202,1.01828677849562));
#8453=CARTESIAN_POINT('Ctrl Pts',(-2.87242489196172,0.220397476683767,1.08504296496184));
#8454=CARTESIAN_POINT('Ctrl Pts',(-2.87242489196172,0.146310467001171,1.01675620939189));
#8455=CARTESIAN_POINT('Ctrl Pts',(-2.87242489196172,0.0722234573185752,
0.948469453821936));
#8456=CARTESIAN_POINT('Ctrl Pts',(-2.87242489196172,0.13375331805301,0.881713267355718));
#8457=CARTESIAN_POINT('Ctrl Pts',(-2.87242489196172,0.195283178787445,0.8149570808895));
#8458=CARTESIAN_POINT('Ctrl Pts',(-2.87242489196172,0.269370188470041,0.883243836459453));
#8459=CARTESIAN_POINT('Ctrl Pts',(-2.87242489196172,0.343457198152637,0.951530592029406));
#8460=CARTESIAN_POINT('Ctrl Pts',(-2.87242489196172,0.281927337418202,1.01828677849562));
#8461=CARTESIAN_POINT('Ctrl Pts',(-2.67242487224251,0.281927337418202,1.01828677849562));
#8462=CARTESIAN_POINT('Ctrl Pts',(-2.67242487224251,0.220397476683767,1.08504296496184));
#8463=CARTESIAN_POINT('Ctrl Pts',(-2.67242487224251,0.146310467001171,1.01675620939189));
#8464=CARTESIAN_POINT('Ctrl Pts',(-2.67242487224251,0.0722234573185752,
0.948469453821936));
#8465=CARTESIAN_POINT('Ctrl Pts',(-2.67242487224251,0.13375331805301,0.881713267355718));
#8466=CARTESIAN_POINT('Ctrl Pts',(-2.67242487224251,0.195283178787445,0.8149570808895));
#8467=CARTESIAN_POINT('Ctrl Pts',(-2.67242487224251,0.269370188470041,0.883243836459453));
#8468=CARTESIAN_POINT('Ctrl Pts',(-2.67242487224251,0.343457198152637,0.951530592029406));
#8469=CARTESIAN_POINT('Ctrl Pts',(-2.67242487224251,0.281927337418202,1.01828677849562));
#8470=CARTESIAN_POINT('',(-2.67242487224251,0.281927337418202,1.01828677849562));
#8471=CARTESIAN_POINT('Origin',(-2.67242487224251,0.207840327735606,0.950000022925671));
#8472=CARTESIAN_POINT('',(-2.87242489196172,0.281927337418202,1.01828677849562));
#8473=CARTESIAN_POINT('',(-2.87242489270678,0.281927337418202,1.01828677849562));
#8474=CARTESIAN_POINT('Origin',(-2.87242489196172,0.207840327735606,0.950000022925671));
#8475=CARTESIAN_POINT('Origin',(-2.67242487224251,0.207840327735606,0.950000022925671));
#8476=CARTESIAN_POINT('Origin',(-2.87242489196172,0.207840327735606,0.950000022925671));
#8477=CARTESIAN_POINT('',(-2.87242489270678,0.371030802687389,1.1004143549674));
#8478=CARTESIAN_POINT('Origin',(-2.87242489270678,0.207840327735606,0.950000022925671));
#8479=CARTESIAN_POINT('Origin',(-2.87242489196172,0.207840327735606,0.950000022925671));
#8480=CARTESIAN_POINT('Origin',(-2.87242489196172,0.207840327735606,0.950000022925671));
#8481=CARTESIAN_POINT('',(-2.87242489270678,0.41157960190945,1.13778859848182));
#8482=CARTESIAN_POINT('Origin',(-2.87242489270678,0.207840327735606,0.950000022925671));
#8483=CARTESIAN_POINT('Ctrl Pts',(-2.92242489707779,0.47949269984285,1.2003847963638));
#8484=CARTESIAN_POINT('Ctrl Pts',(-2.92242489707779,0.253883207766614,1.44515748302066));
#8485=CARTESIAN_POINT('Ctrl Pts',(-2.92242489707779,-0.0177691643406302,
1.19477270958253));
#8486=CARTESIAN_POINT('Ctrl Pts',(-2.92242489707778,-0.289421536447874,
0.944387936144399));
#8487=CARTESIAN_POINT('Ctrl Pts',(-2.92242489707778,-0.0638120443716378,
0.699615249487541));
#8488=CARTESIAN_POINT('Ctrl Pts',(-2.92242489707778,0.161797447704598,0.454842562830682));
#8489=CARTESIAN_POINT('Ctrl Pts',(-2.92242489707778,0.433449819811842,0.705227336268812));
#8490=CARTESIAN_POINT('Ctrl Pts',(-2.92242489707779,0.705102191919086,0.955612109706943));
#8491=CARTESIAN_POINT('Ctrl Pts',(-2.92242489707779,0.47949269984285,1.2003847963638));
#8492=CARTESIAN_POINT('Ctrl Pts',(-2.87242489196172,0.47949269984285,1.2003847963638));
#8493=CARTESIAN_POINT('Ctrl Pts',(-2.87242489196172,0.253883207766614,1.44515748302066));
#8494=CARTESIAN_POINT('Ctrl Pts',(-2.87242489196172,-0.0177691643406301,
1.19477270958253));
#8495=CARTESIAN_POINT('Ctrl Pts',(-2.87242489196172,-0.289421536447874,
0.944387936144399));
#8496=CARTESIAN_POINT('Ctrl Pts',(-2.87242489196172,-0.0638120443716377,
0.699615249487541));
#8497=CARTESIAN_POINT('Ctrl Pts',(-2.87242489196172,0.161797447704599,0.454842562830682));
#8498=CARTESIAN_POINT('Ctrl Pts',(-2.87242489196172,0.433449819811842,0.705227336268813));
#8499=CARTESIAN_POINT('Ctrl Pts',(-2.87242489196172,0.705102191919086,0.955612109706943));
#8500=CARTESIAN_POINT('Ctrl Pts',(-2.87242489196172,0.47949269984285,1.2003847963638));
#8501=CARTESIAN_POINT('',(-2.92242489707779,0.47949269984285,1.2003847963638));
#8502=CARTESIAN_POINT('',(-2.92242489707778,0.47949269984285,1.2003847963638));
#8503=CARTESIAN_POINT('Origin',(-2.92242489707778,0.207840327735606,0.950000022925671));
#8504=CARTESIAN_POINT('Origin',(-2.92242489707778,0.207840327735606,0.950000022925671));
#8505=CARTESIAN_POINT('Ctrl Pts',(-2.87242489270678,0.41157960190945,1.13778859848182));
#8506=CARTESIAN_POINT('Ctrl Pts',(-2.87242489270678,0.242372486927235,1.32136810905337));
#8507=CARTESIAN_POINT('Ctrl Pts',(-2.87242489270678,0.0386332127533908,
1.13357953349723));
#8508=CARTESIAN_POINT('Ctrl Pts',(-2.87242489270678,-0.165106061420453,
0.945790957941083));
#8509=CARTESIAN_POINT('Ctrl Pts',(-2.87242489270678,0.00410105356176199,
0.762211447369527));
#8510=CARTESIAN_POINT('Ctrl Pts',(-2.87242489270678,0.173308168543977,0.57863193679797));
#8511=CARTESIAN_POINT('Ctrl Pts',(-2.87242489270678,0.377047442717821,0.766420512354114));
#8512=CARTESIAN_POINT('Ctrl Pts',(-2.87242489270678,0.580786716891665,0.954209087910259));
#8513=CARTESIAN_POINT('Ctrl Pts',(-2.87242489270678,0.41157960190945,1.13778859848182));
#8514=CARTESIAN_POINT('Ctrl Pts',(-2.82242488759071,0.41157960190945,1.13778859848182));
#8515=CARTESIAN_POINT('Ctrl Pts',(-2.82242488759071,0.242372486927235,1.32136810905337));
#8516=CARTESIAN_POINT('Ctrl Pts',(-2.82242488759071,0.0386332127533908,
1.13357953349723));
#8517=CARTESIAN_POINT('Ctrl Pts',(-2.82242488759071,-0.165106061420453,
0.945790957941083));
#8518=CARTESIAN_POINT('Ctrl Pts',(-2.82242488759071,0.00410105356176199,
0.762211447369527));
#8519=CARTESIAN_POINT('Ctrl Pts',(-2.82242488759071,0.173308168543977,0.57863193679797));
#8520=CARTESIAN_POINT('Ctrl Pts',(-2.82242488759071,0.377047442717821,0.766420512354114));
#8521=CARTESIAN_POINT('Ctrl Pts',(-2.82242488759071,0.580786716891665,0.954209087910259));
#8522=CARTESIAN_POINT('Ctrl Pts',(-2.82242488759071,0.41157960190945,1.13778859848182));
#8523=CARTESIAN_POINT('',(-2.82242488759071,0.41157960190945,1.13778859848182));
#8524=CARTESIAN_POINT('Origin',(-2.82242488759071,0.207840327735606,0.950000022925671));
#8525=CARTESIAN_POINT('',(-2.84742489014874,0.41157960190945,1.13778859848182));
#8526=CARTESIAN_POINT('Origin',(-2.82242488759071,0.0165701922153776,1.02085068434678));
#8527=CARTESIAN_POINT('',(-2.82242488759071,0.371030802687389,1.1004143549674));
#8528=CARTESIAN_POINT('Origin',(-2.82242488759071,0.207840327735606,0.950000022925671));
#8529=CARTESIAN_POINT('Ctrl Pts',(-2.87242489270678,0.371030802687389,1.1004143549674));
#8530=CARTESIAN_POINT('Ctrl Pts',(-2.87242489270678,0.235499793405362,1.24745732271659));
#8531=CARTESIAN_POINT('Ctrl Pts',(-2.87242489270678,0.0723093184535789,
1.09704299067486));
#8532=CARTESIAN_POINT('Ctrl Pts',(-2.87242489270678,-0.0908811564982043,
0.946628658633131));
#8533=CARTESIAN_POINT('Ctrl Pts',(-2.87242489270678,0.0446498527838228,
0.799585690883939));
#8534=CARTESIAN_POINT('Ctrl Pts',(-2.87242489270678,0.18018086206585,0.652542723134748));
#8535=CARTESIAN_POINT('Ctrl Pts',(-2.87242489270678,0.343371337017633,0.80295705517648));
#8536=CARTESIAN_POINT('Ctrl Pts',(-2.87242489270678,0.506561811969416,0.953371387218211));
#8537=CARTESIAN_POINT('Ctrl Pts',(-2.87242489270678,0.371030802687389,1.1004143549674));
#8538=CARTESIAN_POINT('Ctrl Pts',(-2.82242488759071,0.371030802687389,1.1004143549674));
#8539=CARTESIAN_POINT('Ctrl Pts',(-2.82242488759071,0.235499793405362,1.24745732271659));
#8540=CARTESIAN_POINT('Ctrl Pts',(-2.82242488759071,0.0723093184535789,
1.09704299067486));
#8541=CARTESIAN_POINT('Ctrl Pts',(-2.82242488759071,-0.0908811564982043,
0.946628658633131));
#8542=CARTESIAN_POINT('Ctrl Pts',(-2.82242488759071,0.0446498527838228,
0.799585690883939));
#8543=CARTESIAN_POINT('Ctrl Pts',(-2.82242488759071,0.18018086206585,0.652542723134748));
#8544=CARTESIAN_POINT('Ctrl Pts',(-2.82242488759071,0.343371337017633,0.80295705517648));
#8545=CARTESIAN_POINT('Ctrl Pts',(-2.82242488759071,0.506561811969416,0.953371387218211));
#8546=CARTESIAN_POINT('Ctrl Pts',(-2.82242488759071,0.371030802687389,1.1004143549674));
#8547=CARTESIAN_POINT('',(-2.84742489014874,0.371030802687389,1.1004143549674));
#8548=CARTESIAN_POINT('',(0.,0.,0.));
#8549=CARTESIAN_POINT('Origin',(-4.29660717053692,-7.40138282793198,0.350000000000003));
#8550=CARTESIAN_POINT('',(-4.34745717053692,-3.99915,0.350000000000002));
#8551=CARTESIAN_POINT('Origin',(-4.29660717053692,-3.99915,0.350000000000002));
#8552=CARTESIAN_POINT('',(-4.34745717053692,-3.39968282793198,0.350000000000002));
#8553=CARTESIAN_POINT('',(-4.34745717053692,-7.40138282793198,0.350000000000003));
#8554=CARTESIAN_POINT('Origin',(-4.29660717053692,-3.39968282793198,0.350000000000002));
#8555=CARTESIAN_POINT('Origin',(-4.29660717053692,-3.39968282793198,0.350000000000002));
#8556=CARTESIAN_POINT('Origin',(-2.74660717053692,-7.40138282793198,0.350000000000003));
#8557=CARTESIAN_POINT('',(-2.79745717053692,-3.99915,0.350000000000002));
#8558=CARTESIAN_POINT('Origin',(-2.74660717053692,-3.99915,0.350000000000002));
#8559=CARTESIAN_POINT('',(-2.79745717053692,-3.39968282793198,0.350000000000002));
#8560=CARTESIAN_POINT('',(-2.79745717053692,-7.40138282793198,0.350000000000003));
#8561=CARTESIAN_POINT('Origin',(-2.74660717053692,-3.39968282793198,0.350000000000002));
#8562=CARTESIAN_POINT('Origin',(-2.74660717053692,-3.39968282793198,0.350000000000002));
#8563=CARTESIAN_POINT('Origin',(-2.69660717053692,-7.40138282793198,1.45));
#8564=CARTESIAN_POINT('',(-2.74745717053692,-3.99915,1.45));
#8565=CARTESIAN_POINT('Origin',(-2.69660717053692,-3.99915,1.45));
#8566=CARTESIAN_POINT('',(-2.74745717053692,-3.39968282793198,1.45));
#8567=CARTESIAN_POINT('',(-2.74745717053692,-7.40138282793198,1.45));
#8568=CARTESIAN_POINT('Origin',(-2.69660717053692,-3.39968282793198,1.45));
#8569=CARTESIAN_POINT('Origin',(-2.69660717053692,-3.39968282793198,1.45));
#8570=CARTESIAN_POINT('Origin',(-4.34660717053692,-7.40138282793198,1.45));
#8571=CARTESIAN_POINT('',(-4.39745717053692,-3.99915,1.45));
#8572=CARTESIAN_POINT('Origin',(-4.34660717053692,-3.99915,1.45));
#8573=CARTESIAN_POINT('',(-4.39745717053692,-3.39968282793198,1.45));
#8574=CARTESIAN_POINT('',(-4.39745717053692,-7.40138282793198,1.45));
#8575=CARTESIAN_POINT('Origin',(-4.34660717053692,-3.39968282793198,1.45));
#8576=CARTESIAN_POINT('Origin',(-4.34660717053692,-3.39968282793198,1.45));
#8577=CARTESIAN_POINT('Ctrl Pts',(-2.87313889269489,0.463859214899628,0.903959596301583));
#8578=CARTESIAN_POINT('Ctrl Pts',(-2.87313889269489,0.517504995315237,1.09378935997721));
#8579=CARTESIAN_POINT('Ctrl Pts',(-2.87313889269489,0.355474423274414,1.18314776105536));
#8580=CARTESIAN_POINT('Ctrl Pts',(-2.87313889269489,0.193443851233592,1.27250616213351));
#8581=CARTESIAN_POINT('Ctrl Pts',(-2.87313889269489,0.0421714133151981,
1.13651662075159));
#8582=CARTESIAN_POINT('Ctrl Pts',(-2.87313889269489,-0.109101024603196,
1.00052707936966));
#8583=CARTESIAN_POINT('Ctrl Pts',(-2.87313889269489,-0.0382151192771807,
0.829232262137217));
#8584=CARTESIAN_POINT('Ctrl Pts',(-2.87313889269489,0.0326707860488342,
0.657937444904777));
#8585=CARTESIAN_POINT('Ctrl Pts',(-2.87313889269489,0.226653398435378,0.690718435929057));
#8586=CARTESIAN_POINT('Ctrl Pts',(-2.8230028875649,0.463859214899628,0.903959596301583));
#8587=CARTESIAN_POINT('Ctrl Pts',(-2.8230028875649,0.517504995315237,1.09378935997721));
#8588=CARTESIAN_POINT('Ctrl Pts',(-2.8230028875649,0.355474423274414,1.18314776105536));
#8589=CARTESIAN_POINT('Ctrl Pts',(-2.8230028875649,0.193443851233592,1.27250616213351));
#8590=CARTESIAN_POINT('Ctrl Pts',(-2.8230028875649,0.0421714133151981,1.13651662075159));
#8591=CARTESIAN_POINT('Ctrl Pts',(-2.8230028875649,-0.109101024603196,1.00052707936966));
#8592=CARTESIAN_POINT('Ctrl Pts',(-2.8230028875649,-0.0382151192771807,
0.829232262137217));
#8593=CARTESIAN_POINT('Ctrl Pts',(-2.8230028875649,0.0326707860488342,0.657937444904777));
#8594=CARTESIAN_POINT('Ctrl Pts',(-2.8230028875649,0.226653398435378,0.690718435929057));
#8595=CARTESIAN_POINT('',(-2.8230028875649,0.463859214899628,0.903959596301583));
#8596=CARTESIAN_POINT('',(-2.87313889269489,0.463859214899629,0.903959596301583));
#8597=CARTESIAN_POINT('',(-2.8480708901299,0.463859214899629,0.903959596301583));
#8598=CARTESIAN_POINT('',(-2.82300288756491,0.226653398435379,0.690718435929057));
#8599=CARTESIAN_POINT('Origin',(-2.82300288756491,0.208840327735787,0.950000022925671));
#8600=CARTESIAN_POINT('',(-2.87313889269489,0.226653398435343,0.690718435929051));
#8601=CARTESIAN_POINT('',(-2.8480708901299,0.226653398435343,0.690718435929051));
#8602=CARTESIAN_POINT('Origin',(-2.87313889269489,0.208840327735787,0.950000022925671));
#8603=CARTESIAN_POINT('Origin',(-2.8731388919478,0.208840327735787,0.950000022925671));
#8604=CARTESIAN_POINT('',(-2.8731388919478,0.45842700703472,0.877598128942682));
#8605=CARTESIAN_POINT('Origin',(-2.8731388919478,0.215809054341463,0.941333923681057));
#8606=CARTESIAN_POINT('',(-2.8731388919478,0.25406953976224,0.693418902443201));
#8607=CARTESIAN_POINT('Origin',(-2.8731388919478,0.215809054341463,0.941333923681057));
#8608=CARTESIAN_POINT('Origin',(-2.8731388919478,0.208840351796161,0.950000009294202));
#8609=CARTESIAN_POINT('Origin',(-2.52133453341273,0.208840351796161,0.950000009294202));
#8610=CARTESIAN_POINT('',(-2.52133453341273,0.45842700703472,0.877598128942681));
#8611=CARTESIAN_POINT('',(-2.52133453341273,0.254069539762241,0.693418902443201));
#8612=CARTESIAN_POINT('Origin',(-2.52133453341273,0.215809054341463,0.941333923681057));
#8613=CARTESIAN_POINT('Origin',(-2.52133453341273,0.208840351796161,0.950000009294202));
#8614=CARTESIAN_POINT('Ctrl Pts',(-2.8731388919478,0.45842700703472,0.877598128942682));
#8615=CARTESIAN_POINT('Ctrl Pts',(-2.8731388919478,0.535151905128347,1.07559608751175));
#8616=CARTESIAN_POINT('Ctrl Pts',(-2.8731388919478,0.368093670514735,1.17976284368864));
#8617=CARTESIAN_POINT('Ctrl Pts',(-2.8731388919478,0.201035435901122,1.28392959986553));
#8618=CARTESIAN_POINT('Ctrl Pts',(-2.8731388919478,0.0398081528060183,1.13862188643867));
#8619=CARTESIAN_POINT('Ctrl Pts',(-2.8731388919478,-0.121419130289086,0.993314173011808));
#8620=CARTESIAN_POINT('Ctrl Pts',(-2.8731388919478,-0.0359138342681489,
0.815647009195143));
#8621=CARTESIAN_POINT('Ctrl Pts',(-2.8731388919478,0.049591461752788,0.637979845378478));
#8622=CARTESIAN_POINT('Ctrl Pts',(-2.8731388919478,0.254069539762241,0.693418902443202));
#8623=CARTESIAN_POINT('Ctrl Pts',(-2.52133453341273,0.45842700703472,0.877598128942681));
#8624=CARTESIAN_POINT('Ctrl Pts',(-2.52133453341273,0.535151905128347,1.07559608751175));
#8625=CARTESIAN_POINT('Ctrl Pts',(-2.52133453341273,0.368093670514735,1.17976284368864));
#8626=CARTESIAN_POINT('Ctrl Pts',(-2.52133453341273,0.201035435901123,1.28392959986553));
#8627=CARTESIAN_POINT('Ctrl Pts',(-2.52133453341273,0.0398081528060184,
1.13862188643867));
#8628=CARTESIAN_POINT('Ctrl Pts',(-2.52133453341273,-0.121419130289086,
0.993314173011808));
#8629=CARTESIAN_POINT('Ctrl Pts',(-2.52133453341273,-0.0359138342681489,
0.815647009195143));
#8630=CARTESIAN_POINT('Ctrl Pts',(-2.52133453341273,0.0495914617527879,
0.637979845378478));
#8631=CARTESIAN_POINT('Ctrl Pts',(-2.52133453341273,0.254069539762241,0.693418902443202));
#8632=CARTESIAN_POINT('',(-2.52133453341273,0.45842700703472,0.877598128942681));
#8633=CARTESIAN_POINT('',(-2.52133453341273,0.254069539762241,0.693418902443201));
#8634=CARTESIAN_POINT('',(-2.64846226988612,0.326807676976998,1.2001942608313));
#8635=CARTESIAN_POINT('',(-2.66346234687364,0.346121009820163,1.19187898253889));
#8636=CARTESIAN_POINT('Origin',(-2.80048146150826,0.208840351796161,0.950000009294202));
#8637=CARTESIAN_POINT('',(-2.61492043323521,0.32350628433253,1.2014198756694));
#8638=CARTESIAN_POINT('Origin',(-3.58554997201741,0.208840351796161,0.950000009294203));
#8639=CARTESIAN_POINT('',(-2.63957703281457,0.307261088998904,1.20668078961547));
#8640=CARTESIAN_POINT('Origin',(-2.80998252372753,0.208840351796161,0.950000009294202));
#8641=CARTESIAN_POINT('',(-2.63573890727007,0.285525244254313,1.21184951643133));
#8642=CARTESIAN_POINT('Origin',(-2.78319311811462,0.208840351796161,0.950000009294202));
#8643=CARTESIAN_POINT('',(-2.66346234687364,0.295456704845191,1.20974244879485));
#8644=CARTESIAN_POINT('Origin',(-2.45013989246638,0.208840351796161,0.950000009294202));
#8645=CARTESIAN_POINT('',(-2.69118578647722,0.285525244254313,1.21184951643133));
#8646=CARTESIAN_POINT('Origin',(-2.8767848012809,0.208840351796161,0.950000009294202));
#8647=CARTESIAN_POINT('',(-2.68734766093271,0.307261088998904,1.20668078961547));
#8648=CARTESIAN_POINT('Origin',(-2.54373157563267,0.208840351796161,0.950000009294202));
#8649=CARTESIAN_POINT('',(-2.71200426051207,0.32350628433253,1.2014198756694));
#8650=CARTESIAN_POINT('Origin',(-2.51694217001975,0.208840351796161,0.950000009294202));
#8651=CARTESIAN_POINT('',(-2.67846242386116,0.326807676976998,1.2001942608313));
#8652=CARTESIAN_POINT('Origin',(-1.74137472172987,0.208840351796161,0.950000009294202));
#8653=CARTESIAN_POINT('Origin',(-2.52644323223902,0.208840351796161,0.950000009294202));
#8654=CARTESIAN_POINT('Origin',(-2.66346234687364,0.299975667382546,1.33203493017497));
#8655=CARTESIAN_POINT('',(-2.66346234687364,0.297462534188698,1.26402434328166));
#8656=CARTESIAN_POINT('',(-2.66346234687364,0.299975667382546,1.33203493017497));
#8657=CARTESIAN_POINT('',(-2.72333393688446,0.275960561213057,1.26711415387301));
#8658=CARTESIAN_POINT('Origin',(-2.8767848012809,0.208840351796161,0.950000009294202));
#8659=CARTESIAN_POINT('',(-2.76923000292741,0.262305613137338,1.34601229941893));
#8660=CARTESIAN_POINT('Origin',(-2.55769469081988,0.262305613137338,1.34601229941893));
#8661=CARTESIAN_POINT('',(-2.60359075686282,0.275960561213057,1.26711415387301));
#8662=CARTESIAN_POINT('',(-2.55769469081988,0.262305613137338,1.34601229941893));
#8663=CARTESIAN_POINT('Origin',(-2.45013989246638,0.208840351796161,0.950000009294202));
#8664=CARTESIAN_POINT('Origin',(-2.57789451769085,0.342092069119168,1.31640775601514));
#8665=CARTESIAN_POINT('',(-2.61066711936198,0.323585984615209,1.25810860665029));
#8666=CARTESIAN_POINT('',(-2.57789451769085,0.342092069119168,1.31640775601514));
#8667=CARTESIAN_POINT('Origin',(-2.78319311811462,0.208840351796161,0.950000009294202));
#8668=CARTESIAN_POINT('Origin',(-2.49232668850806,0.39859715048698,1.29544170214919));
#8669=CARTESIAN_POINT('',(-2.55691626345698,0.359034878054102,1.24590548950011));
#8670=CARTESIAN_POINT('',(-2.49232668850806,0.39859715048698,1.29544170214919));
#8671=CARTESIAN_POINT('Origin',(-2.80998252372753,0.208840351796161,0.950000009294202));
#8672=CARTESIAN_POINT('Origin',(-2.61057851884676,0.410237837793989,1.29112245738027));
#8673=CARTESIAN_POINT('',(-2.63067365591653,0.36598296673784,1.24289031238334));
#8674=CARTESIAN_POINT('',(-2.61057851884676,0.410237837793989,1.29112245738027));
#8675=CARTESIAN_POINT('Origin',(-3.58554997201741,0.208840351796161,0.950000009294203));
#8676=CARTESIAN_POINT('Origin',(-2.66346234687364,0.482829953960224,1.26418735382954));
#8677=CARTESIAN_POINT('',(-2.66346234687364,0.403712752243618,1.22234052344702));
#8678=CARTESIAN_POINT('',(-2.66346234687364,0.482829953960224,1.26418735382954));
#8679=CARTESIAN_POINT('Origin',(-2.80048146150826,0.208840351796161,0.950000009294202));
#8680=CARTESIAN_POINT('Origin',(-2.76923000292741,0.262305613137338,1.34601229941893));
#8681=CARTESIAN_POINT('',(-2.71625757438531,0.323585984615209,1.25810860665029));
#8682=CARTESIAN_POINT('Origin',(-2.54373157563267,0.208840351796161,0.950000009294202));
#8683=CARTESIAN_POINT('',(-2.74903017605643,0.342092069119168,1.31640775601514));
#8684=CARTESIAN_POINT('Origin',(-2.74903017605643,0.342092069119168,1.31640775601514));
#8685=CARTESIAN_POINT('',(-2.7700084302903,0.359034878054102,1.24590548950011));
#8686=CARTESIAN_POINT('Origin',(-2.51694217001975,0.208840351796161,0.950000009294202));
#8687=CARTESIAN_POINT('',(-2.83459800523922,0.39859715048698,1.29544170214919));
#8688=CARTESIAN_POINT('Origin',(-2.83459800523922,0.39859715048698,1.29544170214919));
#8689=CARTESIAN_POINT('',(-2.69625103783076,0.36598296673784,1.24289031238334));
#8690=CARTESIAN_POINT('Origin',(-1.74137472172987,0.208840351796161,0.950000009294202));
#8691=CARTESIAN_POINT('',(-2.71634617490052,0.410237837793989,1.29112245738027));
#8692=CARTESIAN_POINT('Origin',(-2.71634617490052,0.410237837793989,1.29112245738027));
#8693=CARTESIAN_POINT('Origin',(-2.52644323223902,0.208840351796161,0.950000009294202));
#8694=CARTESIAN_POINT('Ctrl Pts',(-2.8731388919478,-0.0384692716443693,
0.721844765177539));
#8695=CARTESIAN_POINT('Ctrl Pts',(-2.8731388919478,0.16711184743175,0.499004438442816));
#8696=CARTESIAN_POINT('Ctrl Pts',(-2.8731388919478,0.41442147087228,0.727159682559479));
#8697=CARTESIAN_POINT('Ctrl Pts',(-2.8731388919478,0.661731094312811,0.955314926676142));
#8698=CARTESIAN_POINT('Ctrl Pts',(-2.8731388919478,0.456149975236691,1.17815525341087));
#8699=CARTESIAN_POINT('Ctrl Pts',(-2.8731388919478,0.250568856160572,1.40099558014559));
#8700=CARTESIAN_POINT('Ctrl Pts',(-2.8731388919478,0.00325923272004185,
1.17284033602893));
#8701=CARTESIAN_POINT('Ctrl Pts',(-2.8731388919478,-0.244050390720488,0.944685091912263));
#8702=CARTESIAN_POINT('Ctrl Pts',(-2.8731388919478,-0.0384692716443693,
0.721844765177539));
#8703=CARTESIAN_POINT('Ctrl Pts',(-2.47205084102983,-0.0384692716443693,
0.721844765177539));
#8704=CARTESIAN_POINT('Ctrl Pts',(-2.47205084102983,0.16711184743175,0.499004438442816));
#8705=CARTESIAN_POINT('Ctrl Pts',(-2.47205084102983,0.41442147087228,0.727159682559478));
#8706=CARTESIAN_POINT('Ctrl Pts',(-2.47205084102983,0.66173109431281,0.955314926676141));
#8707=CARTESIAN_POINT('Ctrl Pts',(-2.47205084102983,0.456149975236691,1.17815525341087));
#8708=CARTESIAN_POINT('Ctrl Pts',(-2.47205084102983,0.250568856160572,1.40099558014559));
#8709=CARTESIAN_POINT('Ctrl Pts',(-2.47205084102983,0.00325923272004183,
1.17284033602893));
#8710=CARTESIAN_POINT('Ctrl Pts',(-2.47205084102983,-0.244050390720488,
0.944685091912263));
#8711=CARTESIAN_POINT('Ctrl Pts',(-2.47205084102983,-0.0384692716443693,
0.721844765177539));
#8712=CARTESIAN_POINT('',(-2.8731388919478,-0.0384692716443692,0.721844765177539));
#8713=CARTESIAN_POINT('Origin',(-2.8731388919478,0.208840351796161,0.950000009294202));
#8714=CARTESIAN_POINT('',(-2.47205084102983,-0.0384692716443693,0.721844765177539));
#8715=CARTESIAN_POINT('',(-2.47205084102983,-0.0384692716443693,0.721844765177539));
#8716=CARTESIAN_POINT('Origin',(-2.47205084102983,0.208840351796161,0.950000009294202));
#8717=CARTESIAN_POINT('Origin',(-2.47205084102983,0.208840351796161,0.950000009294202));
#8718=CARTESIAN_POINT('',(-2.47205084102983,-0.0350409456585374,0.941333923681057));
#8719=CARTESIAN_POINT('Origin',(-2.47205084102983,0.215809054341463,0.941333923681057));
#8720=CARTESIAN_POINT('Origin',(-2.8731388919478,0.208840327735787,0.950000022925671));
#8721=CARTESIAN_POINT('',(-2.8731388919478,0.48088090958949,1.20097078782757));
#8722=CARTESIAN_POINT('Origin',(-2.8731388919478,0.208840327735787,0.950000022925671));
#8723=CARTESIAN_POINT('Ctrl Pts',(-2.92327489707779,0.48088090958949,1.20097078782757));
#8724=CARTESIAN_POINT('Ctrl Pts',(-2.92327489707779,0.254741681873383,1.44609514369381));
#8725=CARTESIAN_POINT('Ctrl Pts',(-2.92327489707778,-0.0172988999803199,
1.19512437879192));
#8726=CARTESIAN_POINT('Ctrl Pts',(-2.92327489707778,-0.289339481834023,
0.944153613890016));
#8727=CARTESIAN_POINT('Ctrl Pts',(-2.92327489707778,-0.0632002541179157,
0.699029258023772));
#8728=CARTESIAN_POINT('Ctrl Pts',(-2.92327489707778,0.162938973598191,0.453904902157527));
#8729=CARTESIAN_POINT('Ctrl Pts',(-2.92327489707778,0.434979555451894,0.704875667059427));
#8730=CARTESIAN_POINT('Ctrl Pts',(-2.92327489707778,0.707020137305597,0.955846431961326));
#8731=CARTESIAN_POINT('Ctrl Pts',(-2.92327489707779,0.48088090958949,1.20097078782757));
#8732=CARTESIAN_POINT('Ctrl Pts',(-2.8731388919478,0.48088090958949,1.20097078782757));
#8733=CARTESIAN_POINT('Ctrl Pts',(-2.8731388919478,0.254741681873383,1.44609514369381));
#8734=CARTESIAN_POINT('Ctrl Pts',(-2.8731388919478,-0.0172988999803198,
1.19512437879192));
#8735=CARTESIAN_POINT('Ctrl Pts',(-2.8731388919478,-0.289339481834023,0.944153613890017));
#8736=CARTESIAN_POINT('Ctrl Pts',(-2.8731388919478,-0.0632002541179157,
0.699029258023772));
#8737=CARTESIAN_POINT('Ctrl Pts',(-2.8731388919478,0.162938973598191,0.453904902157527));
#8738=CARTESIAN_POINT('Ctrl Pts',(-2.8731388919478,0.434979555451894,0.704875667059427));
#8739=CARTESIAN_POINT('Ctrl Pts',(-2.8731388919478,0.707020137305597,0.955846431961326));
#8740=CARTESIAN_POINT('Ctrl Pts',(-2.8731388919478,0.48088090958949,1.20097078782757));
#8741=CARTESIAN_POINT('',(-2.92327489707779,0.48088090958949,1.20097078782757));
#8742=CARTESIAN_POINT('Origin',(-2.92327489707778,0.208840327735787,0.950000022925671));
#8743=CARTESIAN_POINT('',(-2.92327489707778,0.48088090958949,1.20097078782757));
#8744=CARTESIAN_POINT('Origin',(-2.92327489707778,0.208840327735787,0.950000022925671));
#8745=CARTESIAN_POINT('',(-2.92327489707778,-0.0350409456585374,0.941333923681057));
#8746=CARTESIAN_POINT('Origin',(-2.92327489707778,0.215809054341463,0.941333923681057));
#8747=CARTESIAN_POINT('Origin',(-2.82300288756491,0.0172250871628982,1.02098522146747));
#8748=CARTESIAN_POINT('Origin',(-2.82300288756491,0.215809054341463,0.941333923681057));
#8749=CARTESIAN_POINT('Origin',(-3.6690499206543,0.215809054341463,0.941333923681057));
#8750=CARTESIAN_POINT('',(-2.99915,-0.0350409456585374,0.941333923681057));
#8751=CARTESIAN_POINT('Origin',(-2.99915,0.215809054341463,0.941333923681057));
#8752=CARTESIAN_POINT('',(-3.6690499206543,-0.0350409456585373,0.941333923681057));
#8753=CARTESIAN_POINT('Origin',(-3.6690499206543,0.215809054341463,0.941333923681057));
#8754=CARTESIAN_POINT('',(-2.46881497312094,-0.0350409456585374,0.941333923681057));
#8755=CARTESIAN_POINT('',(-3.6690499206543,-0.0350409456585373,0.941333923681057));
#8756=CARTESIAN_POINT('Origin',(-2.46881497312094,0.215809054341463,0.941333923681057));
#8757=CARTESIAN_POINT('Origin',(-2.67259492866879,0.208840308129005,0.949999965288561));
#8758=CARTESIAN_POINT('',(-2.67259492866879,0.466063519928566,0.924058943110502));
#8759=CARTESIAN_POINT('',(-2.67259492866879,0.206066411858752,0.69067318998418));
#8760=CARTESIAN_POINT('Origin',(-2.67259492866879,0.215809054341463,0.941333923681057));
#8761=CARTESIAN_POINT('Origin',(-2.67259492866879,0.208840308129005,0.949999965288561));
#8762=CARTESIAN_POINT('Ctrl Pts',(-2.67259492866879,0.466063519928567,0.924058943110503));
#8763=CARTESIAN_POINT('Ctrl Pts',(-2.67259492866879,0.503398169691869,1.10641098965537));
#8764=CARTESIAN_POINT('Ctrl Pts',(-2.67259492866879,0.345650036307518,1.18517354859818));
#8765=CARTESIAN_POINT('Ctrl Pts',(-2.67259492866879,0.187901902923168,1.263936107541));
#8766=CARTESIAN_POINT('Ctrl Pts',(-2.67259492866879,0.0440210699753269,
1.1347818380675));
#8767=CARTESIAN_POINT('Ctrl Pts',(-2.67259492866879,-0.099859762972514,
1.005627568594));
#8768=CARTESIAN_POINT('Ctrl Pts',(-2.67259492866879,-0.0392915660800493,
0.839631682960333));
#8769=CARTESIAN_POINT('Ctrl Pts',(-2.67259492866879,0.0212766308124155,
0.673635797326666));
#8770=CARTESIAN_POINT('Ctrl Pts',(-2.67259492866879,0.206066411858795,0.690673189984184));
#8771=CARTESIAN_POINT('Ctrl Pts',(-2.52218691244638,0.466063519928566,0.924058943110502));
#8772=CARTESIAN_POINT('Ctrl Pts',(-2.52218691244638,0.503398169691869,1.10641098965537));
#8773=CARTESIAN_POINT('Ctrl Pts',(-2.52218691244638,0.345650036307518,1.18517354859818));
#8774=CARTESIAN_POINT('Ctrl Pts',(-2.52218691244638,0.187901902923168,1.263936107541));
#8775=CARTESIAN_POINT('Ctrl Pts',(-2.52218691244638,0.044021069975327,1.1347818380675));
#8776=CARTESIAN_POINT('Ctrl Pts',(-2.52218691244638,-0.099859762972514,
1.005627568594));
#8777=CARTESIAN_POINT('Ctrl Pts',(-2.52218691244638,-0.0392915660800493,
0.839631682960333));
#8778=CARTESIAN_POINT('Ctrl Pts',(-2.52218691244638,0.0212766308124153,
0.673635797326666));
#8779=CARTESIAN_POINT('Ctrl Pts',(-2.52218691244638,0.206066411858795,0.690673189984184));
#8780=CARTESIAN_POINT('',(-2.52218691244638,0.466063519928566,0.924058943110502));
#8781=CARTESIAN_POINT('',(-2.52218691244638,0.466063519928566,0.924058943110502));
#8782=CARTESIAN_POINT('',(-2.52218691244638,0.206066411858795,0.690673189984184));
#8783=CARTESIAN_POINT('Origin',(-2.52218691244638,0.208840308129005,0.949999965288561));
#8784=CARTESIAN_POINT('',(-2.52218691244638,0.206066411858795,0.690673189984184));
#8785=CARTESIAN_POINT('Origin',(-2.52218691244638,0.208840308129005,0.949999965288561));
#8786=CARTESIAN_POINT('Origin',(-2.52218691244638,0.215809054341463,0.941333923681057));
#8787=CARTESIAN_POINT('Origin',(-3.19999999999997,-2.665,-0.000849999999999382));
#8788=CARTESIAN_POINT('',(-3.23585,-2.665,0.198949919128419));
#8789=CARTESIAN_POINT('Origin',(-3.19999999999997,-2.665,0.198949919128419));
#8790=CARTESIAN_POINT('',(-3.23585,-2.665,3.141150534125E-15));
#8791=CARTESIAN_POINT('',(-3.23585,-2.665,-0.000849999999999382));
#8792=CARTESIAN_POINT('Origin',(-3.19999999999997,-2.665,3.141150534125E-15));
#8793=CARTESIAN_POINT('Origin',(-3.79500000000003,-2.665,-0.000849999999999338));
#8794=CARTESIAN_POINT('',(-3.83085000000007,-2.665,0.198949919128419));
#8795=CARTESIAN_POINT('Origin',(-3.79500000000003,-2.665,0.198949919128419));
#8796=CARTESIAN_POINT('',(-3.83085000000007,-2.665,3.141150534125E-15));
#8797=CARTESIAN_POINT('',(-3.83085000000007,-2.665,-0.000849999999999338));
#8798=CARTESIAN_POINT('Origin',(-3.79500000000003,-2.665,3.141150534125E-15));
#8799=CARTESIAN_POINT('Origin',(6.80339282946308,1.54946717206802,0.59884997406006));
#8800=CARTESIAN_POINT('',(6.70254282946308,1.54946717206802,0.59884997406006));
#8801=CARTESIAN_POINT('Origin',(6.80339282946308,1.54946717206802,0.59884997406006));
#8802=CARTESIAN_POINT('',(6.70254282946308,1.54946717206802,1.79915002757986));
#8803=CARTESIAN_POINT('',(6.70254282946308,1.54946717206802,0.59884997406006));
#8804=CARTESIAN_POINT('Origin',(6.80339282946308,1.54946717206802,1.79915002757986));
#8805=CARTESIAN_POINT('Origin',(6.80339282946308,1.54946717206802,0.59884997406006));
#8806=CARTESIAN_POINT('Origin',(6.80339282946308,2.84946717206802,0.59884997406006));
#8807=CARTESIAN_POINT('',(6.70254282946308,2.84946717206802,0.59884997406006));
#8808=CARTESIAN_POINT('Origin',(6.80339282946308,2.84946717206802,0.59884997406006));
#8809=CARTESIAN_POINT('',(6.70254282946308,2.84946717206802,1.79915002757986));
#8810=CARTESIAN_POINT('',(6.70254282946308,2.84946717206802,0.59884997406006));
#8811=CARTESIAN_POINT('Origin',(6.80339282946308,2.84946717206802,1.79915002757986));
#8812=CARTESIAN_POINT('Origin',(6.80339282946308,2.84946717206802,0.59884997406006));
#8813=CARTESIAN_POINT('Origin',(-4.29660717053692,0.349467172068022,0.598849974060061));
#8814=CARTESIAN_POINT('',(-4.39745717053692,0.349467172068022,0.598849974060061));
#8815=CARTESIAN_POINT('Origin',(-4.29660717053692,0.349467172068022,0.598849974060061));
#8816=CARTESIAN_POINT('',(-4.39745717053692,0.349467172068022,1.79915002757986));
#8817=CARTESIAN_POINT('',(-4.39745717053692,0.349467172068022,0.598849974060061));
#8818=CARTESIAN_POINT('Origin',(-4.29660717053692,0.349467172068022,1.79915002757986));
#8819=CARTESIAN_POINT('Origin',(-4.29660717053692,0.349467172068022,0.598849974060061));
#8820=CARTESIAN_POINT('Origin',(-4.29660717053692,2.74946717206802,0.598849974060061));
#8821=CARTESIAN_POINT('',(-4.39745717053692,2.74946717206802,0.598849974060061));
#8822=CARTESIAN_POINT('Origin',(-4.29660717053692,2.74946717206802,0.598849974060061));
#8823=CARTESIAN_POINT('',(-4.39745717053692,2.74946717206802,1.79915002757986));
#8824=CARTESIAN_POINT('',(-4.39745717053692,2.74946717206802,0.598849974060061));
#8825=CARTESIAN_POINT('Origin',(-4.29660717053692,2.74946717206802,1.79915002757986));
#8826=CARTESIAN_POINT('Origin',(-4.29660717053692,2.74946717206802,0.598849974060061));
#8827=CARTESIAN_POINT('Origin',(-3.5,-3.99915,1.));
#8828=CARTESIAN_POINT('',(-4.20085,-3.99915,0.198949919128419));
#8829=CARTESIAN_POINT('',(-2.89915,-3.99915,0.198949919128419));
#8830=CARTESIAN_POINT('',(-3.525,-3.99915,0.198949919128419));
#8831=CARTESIAN_POINT('',(-4.20085,-3.99915,1.79915002757988));
#8832=CARTESIAN_POINT('',(-4.20085,-3.99915,1.09989995956421));
#8833=CARTESIAN_POINT('',(-4.5,-3.99915,1.79915002757988));
#8834=CARTESIAN_POINT('',(-1.2,-3.99915,1.79915002757988));
#8835=CARTESIAN_POINT('',(-4.5,-3.99915,3.43279767380084E-15));
#8836=CARTESIAN_POINT('',(-4.5,-3.99915,1.));
#8837=CARTESIAN_POINT('',(-2.5,-3.99915,3.43279767380084E-15));
#8838=CARTESIAN_POINT('',(-2.425,-3.99915,3.5527136788005E-15));
#8839=CARTESIAN_POINT('',(-2.5,-3.99915,1.79915002757988));
#8840=CARTESIAN_POINT('',(-2.5,-3.99915,1.));
#8841=CARTESIAN_POINT('',(-2.89915,-3.99915,1.79915002757988));
#8842=CARTESIAN_POINT('',(-1.2,-3.99915,1.79915002757988));
#8843=CARTESIAN_POINT('',(-2.89915,-3.99915,1.09989995956421));
#8844=CARTESIAN_POINT('Origin',(-1.35,0.0500000000000002,2.4757973449141E-15));
#8845=CARTESIAN_POINT('',(-4.5,3.2,1.71512449944288E-15));
#8846=CARTESIAN_POINT('',(-4.5,-0.5,2.59792187762287E-15));
#8847=CARTESIAN_POINT('',(7.40000000000002,3.2,1.71512449944288E-15));
#8848=CARTESIAN_POINT('',(-3.5,3.2,1.71512449944288E-15));
#8849=CARTESIAN_POINT('',(7.40000000000002,1.2,2.15921370929295E-15));
#8850=CARTESIAN_POINT('',(7.40000000000002,2.2,1.93716910436791E-15));
#8851=CARTESIAN_POINT('',(-0.2,1.2,2.15921370929295E-15));
#8852=CARTESIAN_POINT('',(1.85,1.2,2.22044604925031E-15));
#8853=CARTESIAN_POINT('',(-0.2,-1.1,2.79238098053525E-15));
#8854=CARTESIAN_POINT('',(-0.2,0.0500000000000002,2.4757973449141E-15));
#8855=CARTESIAN_POINT('',(-2.5,-1.1,2.79238098053525E-15));
#8856=CARTESIAN_POINT('',(-1.35,-1.1,2.79238098053525E-15));
#8857=CARTESIAN_POINT('',(-2.5,-0.5,2.59792187762287E-15));
#8858=CARTESIAN_POINT('',(-0.467114973120944,1.16449210062437,2.22044604925031E-15));
#8859=CARTESIAN_POINT('',(-2.46881497312094,1.16449210062437,2.22044604925031E-15));
#8860=CARTESIAN_POINT('',(-1.40898248656047,1.16449210062437,2.1094237467878E-15));
#8861=CARTESIAN_POINT('',(-2.46881497312094,-0.837207899375631,2.66453525910038E-15));
#8862=CARTESIAN_POINT('',(-2.46881497312094,0.106821050312184,2.44249065417534E-15));
#8863=CARTESIAN_POINT('',(-0.467114973120944,-0.837207899375631,2.66453525910038E-15));
#8864=CARTESIAN_POINT('',(-1.40898248656047,-0.837207899375632,2.66453525910038E-15));
#8865=CARTESIAN_POINT('',(-0.467114973120944,0.106821050312184,2.44249065417534E-15));
#8866=CARTESIAN_POINT('Origin',(-4.5,-0.5,1.));
#8867=CARTESIAN_POINT('',(-4.5,3.2,1.79915002757985));
#8868=CARTESIAN_POINT('',(-4.5,0.175000000000002,1.79915002757986));
#8869=CARTESIAN_POINT('',(-4.5,3.2,1.));
#8870=CARTESIAN_POINT('Origin',(-4.20085,-2.40344924408526,1.19979991912842));
#8871=CARTESIAN_POINT('',(-4.20085,-0.802599244085265,0.198949919128419));
#8872=CARTESIAN_POINT('',(-4.20085,-2.40344924408527,0.198949919128419));
#8873=CARTESIAN_POINT('',(-4.20085,-0.802599244085264,1.79915002757987));
#8874=CARTESIAN_POINT('',(-4.20085,-0.802599244085264,1.19979991912842));
#8875=CARTESIAN_POINT('',(-4.20085,-0.776724622042631,1.79915002757987));
#8876=CARTESIAN_POINT('Origin',(-3.55,-0.802599244085264,1.19979991912842));
#8877=CARTESIAN_POINT('',(-4.10085,-0.802599244085264,1.79915002757987));
#8878=CARTESIAN_POINT('',(-1.225,-0.802599244085264,1.79915002757987));
#8879=CARTESIAN_POINT('',(-2.89915,-0.802599244085265,0.198949919128419));
#8880=CARTESIAN_POINT('',(-3.55,-0.802599244085265,0.198949919128419));
#8881=CARTESIAN_POINT('',(-2.89915,-0.802599244085264,1.79915002757987));
#8882=CARTESIAN_POINT('',(-2.89915,-0.802599244085264,1.19979991912842));
#8883=CARTESIAN_POINT('',(-2.99915,-0.802599244085264,1.79915002757987));
#8884=CARTESIAN_POINT('',(-1.225,-0.802599244085264,1.79915002757987));
#8885=CARTESIAN_POINT('',(-2.99915,-0.802599244085265,0.199150000000001));
#8886=CARTESIAN_POINT('',(-2.99915,-0.802599244085264,1.09989995956421));
#8887=CARTESIAN_POINT('',(-4.10085,-0.802599244085265,0.199150000000001));
#8888=CARTESIAN_POINT('',(-3.55,-0.802599244085264,0.199150000000001));
#8889=CARTESIAN_POINT('',(-4.10085,-0.802599244085264,1.09989995956421));
#8890=CARTESIAN_POINT('Origin',(-3.55,-2.40344924408527,0.198949919128419));
#8891=CARTESIAN_POINT('',(-2.89915,-2.40344924408527,0.198949919128419));
#8892=CARTESIAN_POINT('Origin',(-2.89915,-2.40344924408526,1.19979991912842));
#8893=CARTESIAN_POINT('',(-2.89915,-0.776724622042631,1.79915002757987));
#8894=CARTESIAN_POINT('Origin',(-4.10085,0.250000000000001,1.));
#8895=CARTESIAN_POINT('',(-4.10085,1.40085,0.199150000000001));
#8896=CARTESIAN_POINT('',(-4.10085,0.250000000000001,0.199150000000001));
#8897=CARTESIAN_POINT('',(-4.10085,1.40085,1.79915002757986));
#8898=CARTESIAN_POINT('',(-4.10085,1.40085,1.));
#8899=CARTESIAN_POINT('',(-4.10085,0.550000000000002,1.79915002757986));
#8900=CARTESIAN_POINT('Origin',(-3.55,0.250000000000001,0.199150000000001));
#8901=CARTESIAN_POINT('',(-2.99915,1.39915,0.199150000000002));
#8902=CARTESIAN_POINT('',(-2.99915,0.250000000000001,0.199150000000001));
#8903=CARTESIAN_POINT('',(5.45085,1.39915,0.199150000000002));
#8904=CARTESIAN_POINT('',(0.950000000000001,1.39915,0.199150000000002));
#8905=CARTESIAN_POINT('',(5.45085,3.00085,0.199150000000002));
#8906=CARTESIAN_POINT('',(5.45085,2.2,0.199150000000002));
#8907=CARTESIAN_POINT('',(-3.55085,3.00085,0.199150000000002));
#8908=CARTESIAN_POINT('',(0.950000000000001,3.00085,0.199150000000002));
#8909=CARTESIAN_POINT('',(-3.55085,1.40085,0.199150000000001));
#8910=CARTESIAN_POINT('',(-3.55085,2.2,0.199150000000002));
#8911=CARTESIAN_POINT('',(-3.55,1.40085,0.199150000000001));
#8912=CARTESIAN_POINT('Origin',(-2.99915,0.250000000000001,1.));
#8913=CARTESIAN_POINT('',(-2.99915,1.39915,1.79915002757986));
#8914=CARTESIAN_POINT('',(-2.99915,0.550000000000002,1.79915002757986));
#8915=CARTESIAN_POINT('',(-2.99915,1.39915,1.));
#8916=CARTESIAN_POINT('Origin',(1.1,0.85,1.79915002757986));
#8917=CARTESIAN_POINT('',(-2.5,-1.1,1.79915002757987));
#8918=CARTESIAN_POINT('',(-2.5,0.175000000000002,1.79915002757986));
#8919=CARTESIAN_POINT('',(-0.2,-1.1,1.79915002757987));
#8920=CARTESIAN_POINT('',(-0.125000000000001,-1.1,1.79915002757987));
#8921=CARTESIAN_POINT('',(-0.2,1.2,1.79915002757986));
#8922=CARTESIAN_POINT('',(-0.2,0.450000000000002,1.79915002757986));
#8923=CARTESIAN_POINT('',(7.40000000000002,1.2,1.79915002757986));
#8924=CARTESIAN_POINT('',(1.475,1.2,1.79915002757986));
#8925=CARTESIAN_POINT('',(7.40000000000002,3.2,1.79915002757985));
#8926=CARTESIAN_POINT('',(7.40000000000002,1.525,1.79915002757986));
#8927=CARTESIAN_POINT('',(1.475,3.2,1.79915002757985));
#8928=CARTESIAN_POINT('',(-3.55085,1.40085,1.79915002757986));
#8929=CARTESIAN_POINT('',(-1.225,1.40085,1.79915002757986));
#8930=CARTESIAN_POINT('',(-3.55085,3.00085,1.79915002757985));
#8931=CARTESIAN_POINT('',(-3.55085,1.525,1.79915002757986));
#8932=CARTESIAN_POINT('',(5.45085,3.00085,1.79915002757985));
#8933=CARTESIAN_POINT('',(1.025,3.00085,1.79915002757985));
#8934=CARTESIAN_POINT('',(5.45085,1.39915,1.79915002757986));
#8935=CARTESIAN_POINT('',(5.45085,1.525,1.79915002757986));
#8936=CARTESIAN_POINT('',(1.025,1.39915,1.79915002757986));
#8937=CARTESIAN_POINT('',(-2.46881497312094,1.16449210062437,1.79915002757986));
#8938=CARTESIAN_POINT('',(-2.46881497312094,-0.837207899375631,1.79915002757987));
#8939=CARTESIAN_POINT('',(-2.46881497312094,0.506821050312185,1.79915002757986));
#8940=CARTESIAN_POINT('',(-0.467114973120944,1.16449210062437,1.79915002757986));
#8941=CARTESIAN_POINT('',(-0.183982486560473,1.16449210062437,1.79915002757986));
#8942=CARTESIAN_POINT('',(-0.467114973120944,-0.837207899375631,1.79915002757987));
#8943=CARTESIAN_POINT('',(-0.467114973120944,0.506821050312185,1.79915002757986));
#8944=CARTESIAN_POINT('',(-0.183982486560473,-0.837207899375631,1.79915002757987));
#8945=CARTESIAN_POINT('Origin',(-0.467114973120944,0.163642100624369,1.4));
#8946=CARTESIAN_POINT('',(-0.467114973120944,1.16449210062437,1.4));
#8947=CARTESIAN_POINT('',(-0.467114973120944,-0.837207899375631,1.4));
#8948=CARTESIAN_POINT('Origin',(-1.46796497312094,1.16449210062437,1.4));
#8949=CARTESIAN_POINT('',(-2.46881497312094,1.16449210062437,1.4));
#8950=CARTESIAN_POINT('Origin',(-2.5,-0.5,1.));
#8951=CARTESIAN_POINT('',(-2.5,-1.1,1.));
#8952=CARTESIAN_POINT('Origin',(1.85,3.2,1.));
#8953=CARTESIAN_POINT('',(7.40000000000002,3.2,1.));
#8954=CARTESIAN_POINT('Origin',(0.950000000000002,1.39915,1.));
#8955=CARTESIAN_POINT('',(5.45085,1.39915,1.));
#8956=CARTESIAN_POINT('Origin',(5.45085,2.2,1.));
#8957=CARTESIAN_POINT('',(5.45085,3.00085,1.));
#8958=CARTESIAN_POINT('',(5.45085,2.25,0.649150000000002));
#8959=CARTESIAN_POINT('Origin',(5.45085,2.25,1.));
#8960=CARTESIAN_POINT('Origin',(0.950000000000001,3.00085,1.));
#8961=CARTESIAN_POINT('',(-3.55085,3.00085,1.));
#8962=CARTESIAN_POINT('Origin',(7.55085,2.25,1.));
#8963=CARTESIAN_POINT('',(7.40000000000002,2.25,0.649150000000002));
#8964=CARTESIAN_POINT('',(7.55085,2.25,0.649150000000002));
#8965=CARTESIAN_POINT('Origin',(7.40000000000002,2.25,1.));
#8966=CARTESIAN_POINT('Origin',(-3.6690499206543,0.215809054341463,0.941333923681057));
#8967=CARTESIAN_POINT('Origin',(-0.2,0.0500000000000005,1.));
#8968=CARTESIAN_POINT('',(-0.2,-1.1,1.));
#8969=CARTESIAN_POINT('',(-0.2,1.2,1.));
#8970=CARTESIAN_POINT('Origin',(-1.35,-1.1,1.));
#8971=CARTESIAN_POINT('Origin',(-2.46881497312094,0.163642100624369,1.4));
#8972=CARTESIAN_POINT('',(-2.46881497312094,-0.837207899375631,1.4));
#8973=CARTESIAN_POINT('Origin',(-1.46796497312094,-0.837207899375631,1.4));
#8974=CARTESIAN_POINT('Origin',(7.40000000000002,2.2,1.));
#8975=CARTESIAN_POINT('',(7.40000000000002,1.2,1.));
#8976=CARTESIAN_POINT('Origin',(1.85,1.2,1.));
#8977=CARTESIAN_POINT('Origin',(-3.55085,2.2,1.));
#8978=CARTESIAN_POINT('',(-3.55085,1.40085,1.));
#8979=CARTESIAN_POINT('Origin',(-3.55,1.40085,1.));
#8980=CARTESIAN_POINT('Ctrl Pts',(-2.79878725219524,0.0394567621686404,
0.793506610959805));
#8981=CARTESIAN_POINT('Ctrl Pts',(-2.79878725219524,0.180468065351137,0.640880356279581));
#8982=CARTESIAN_POINT('Ctrl Pts',(-2.79878725219524,0.349851611311501,0.797373710608337));
#8983=CARTESIAN_POINT('Ctrl Pts',(-2.79878725219524,0.519235157271866,0.953867064937093));
#8984=CARTESIAN_POINT('Ctrl Pts',(-2.79878725219524,0.37822385408937,1.10649331961732));
#8985=CARTESIAN_POINT('Ctrl Pts',(-2.79878725219524,0.237212550906873,1.25911957429754));
#8986=CARTESIAN_POINT('Ctrl Pts',(-2.79878725219524,0.0678290049465088,
1.10262621996878));
#8987=CARTESIAN_POINT('Ctrl Pts',(-2.79878725219524,-0.101554541013856,
0.946132865640028));
#8988=CARTESIAN_POINT('Ctrl Pts',(-2.79878725219524,0.0394567621686404,
0.793506610959805));
#8989=CARTESIAN_POINT('Ctrl Pts',(-2.57147060386162,0.0394567621686402,
0.793506610959804));
#8990=CARTESIAN_POINT('Ctrl Pts',(-2.57147060386162,0.180468065351137,0.64088035627958));
#8991=CARTESIAN_POINT('Ctrl Pts',(-2.57147060386162,0.349851611311501,0.797373710608337));
#8992=CARTESIAN_POINT('Ctrl Pts',(-2.57147060386162,0.519235157271866,0.953867064937093));
#8993=CARTESIAN_POINT('Ctrl Pts',(-2.57147060386162,0.37822385408937,1.10649331961732));
#8994=CARTESIAN_POINT('Ctrl Pts',(-2.57147060386162,0.237212550906873,1.25911957429754));
#8995=CARTESIAN_POINT('Ctrl Pts',(-2.57147060386162,0.0678290049465086,
1.10262621996878));
#8996=CARTESIAN_POINT('Ctrl Pts',(-2.57147060386162,-0.101554541013856,
0.946132865640028));
#8997=CARTESIAN_POINT('Ctrl Pts',(-2.57147060386162,0.0394567621686402,
0.793506610959804));
#8998=CARTESIAN_POINT('',(-2.57147060386162,0.0394567621686403,0.793506610959804));
#8999=CARTESIAN_POINT('Origin',(-2.57147060386162,0.208840308129005,0.949999965288561));
#9000=CARTESIAN_POINT('',(-2.79878725219524,0.0394567621686404,0.793506610959804));
#9001=CARTESIAN_POINT('',(-2.57147060386162,0.0394567621686403,0.793506610959804));
#9002=CARTESIAN_POINT('Origin',(-2.79878725219524,0.208840308129005,0.949999965288561));
#9003=CARTESIAN_POINT('Origin',(-2.79878725219524,0.208840308129005,0.949999965288561));
#9004=CARTESIAN_POINT('Origin',(-2.57147060386162,0.208840308129005,0.949999965288561));
#9005=CARTESIAN_POINT('Ctrl Pts',(-2.87399128421315,0.080674891871964,0.831532346992963));
#9006=CARTESIAN_POINT('Ctrl Pts',(-2.87399128421315,0.187422794973857,0.716046025646628));
#9007=CARTESIAN_POINT('Ctrl Pts',(-2.87399128421315,0.315588211230898,0.834513643942225));
#9008=CARTESIAN_POINT('Ctrl Pts',(-2.87399128421315,0.443753627487939,0.952981262237823));
#9009=CARTESIAN_POINT('Ctrl Pts',(-2.87399128421315,0.337005724386046,1.06846758358416));
#9010=CARTESIAN_POINT('Ctrl Pts',(-2.87399128421315,0.230257821284153,1.18395390493049));
#9011=CARTESIAN_POINT('Ctrl Pts',(-2.87399128421315,0.102092405027112,1.0654862866349));
#9012=CARTESIAN_POINT('Ctrl Pts',(-2.87399128421315,-0.0260730112299288,
0.947018668339298));
#9013=CARTESIAN_POINT('Ctrl Pts',(-2.87399128421315,0.080674891871964,0.831532346992963));
#9014=CARTESIAN_POINT('Ctrl Pts',(-2.34585858849303,0.0806748918719639,
0.831532346992963));
#9015=CARTESIAN_POINT('Ctrl Pts',(-2.34585858849303,0.187422794973857,0.716046025646628));
#9016=CARTESIAN_POINT('Ctrl Pts',(-2.34585858849303,0.315588211230898,0.834513643942225));
#9017=CARTESIAN_POINT('Ctrl Pts',(-2.34585858849303,0.443753627487939,0.952981262237823));
#9018=CARTESIAN_POINT('Ctrl Pts',(-2.34585858849303,0.337005724386046,1.06846758358416));
#9019=CARTESIAN_POINT('Ctrl Pts',(-2.34585858849303,0.230257821284153,1.18395390493049));
#9020=CARTESIAN_POINT('Ctrl Pts',(-2.34585858849303,0.102092405027112,1.0654862866349));
#9021=CARTESIAN_POINT('Ctrl Pts',(-2.34585858849303,-0.026073011229929,
0.947018668339298));
#9022=CARTESIAN_POINT('Ctrl Pts',(-2.34585858849303,0.0806748918719639,
0.831532346992963));
#9023=CARTESIAN_POINT('',(-2.34585858849303,0.0806748918719639,0.831532346992963));
#9024=CARTESIAN_POINT('Origin',(-2.34585858849303,0.208840308129005,0.949999965288561));
#9025=CARTESIAN_POINT('',(-2.87399128421315,0.080674891871964,0.831532346992963));
#9026=CARTESIAN_POINT('',(-2.34585858849303,0.0806748918719639,0.831532346992963));
#9027=CARTESIAN_POINT('Origin',(-2.87399128421315,0.208840308129005,0.949999965288561));
#9028=CARTESIAN_POINT('Origin',(-2.87399128421315,0.208840308129005,0.949999965288561));
#9029=CARTESIAN_POINT('Origin',(-2.34585858849303,0.208840308129005,0.949999965288561));
#9030=CARTESIAN_POINT('Ctrl Pts',(-2.87399120469489,0.250447087491042,0.988613106894268));
#9031=CARTESIAN_POINT('Ctrl Pts',(-2.87399120469489,0.215652794367953,1.02610500461483));
#9032=CARTESIAN_POINT('Ctrl Pts',(-2.87399120469489,0.174046034612698,0.987491920646237));
#9033=CARTESIAN_POINT('Ctrl Pts',(-2.87399120469489,0.132439274857444,0.948878836677641));
#9034=CARTESIAN_POINT('Ctrl Pts',(-2.87399120469489,0.167233567980532,0.911386938957075));
#9035=CARTESIAN_POINT('Ctrl Pts',(-2.87399120469489,0.202027861103621,0.873895041236508));
#9036=CARTESIAN_POINT('Ctrl Pts',(-2.87399120469489,0.243634620858876,0.912508125205105));
#9037=CARTESIAN_POINT('Ctrl Pts',(-2.87399120469489,0.28524138061413,0.951121209173701));
#9038=CARTESIAN_POINT('Ctrl Pts',(-2.87399120469489,0.250447087491042,0.988613106894268));
#9039=CARTESIAN_POINT('Ctrl Pts',(-2.57147054244415,0.250447087491042,0.988613106894268));
#9040=CARTESIAN_POINT('Ctrl Pts',(-2.57147054244415,0.215652794367953,1.02610500461483));
#9041=CARTESIAN_POINT('Ctrl Pts',(-2.57147054244415,0.174046034612698,0.987491920646237));
#9042=CARTESIAN_POINT('Ctrl Pts',(-2.57147054244415,0.132439274857444,0.948878836677641));
#9043=CARTESIAN_POINT('Ctrl Pts',(-2.57147054244415,0.167233567980532,0.911386938957075));
#9044=CARTESIAN_POINT('Ctrl Pts',(-2.57147054244415,0.202027861103621,0.873895041236508));
#9045=CARTESIAN_POINT('Ctrl Pts',(-2.57147054244415,0.243634620858876,0.912508125205105));
#9046=CARTESIAN_POINT('Ctrl Pts',(-2.57147054244415,0.28524138061413,0.951121209173701));
#9047=CARTESIAN_POINT('Ctrl Pts',(-2.57147054244415,0.250447087491042,0.988613106894268));
#9048=CARTESIAN_POINT('',(-2.57147054244415,0.250447087491042,0.988613106894268));
#9049=CARTESIAN_POINT('Origin',(-2.57147054244415,0.208840327735787,0.950000022925671));
#9050=CARTESIAN_POINT('',(-2.87399120469489,0.250447087491042,0.988613106894268));
#9051=CARTESIAN_POINT('',(-2.87399120469489,0.250447087491042,0.988613106894268));
#9052=CARTESIAN_POINT('Origin',(-2.87399120469489,0.208840327735787,0.950000022925671));
#9053=CARTESIAN_POINT('Origin',(-2.57147054244415,0.208840327735787,0.950000022925671));
#9054=CARTESIAN_POINT('Origin',(-2.87399120469489,0.208840327735787,0.950000022925671));
#9055=CARTESIAN_POINT('Ctrl Pts',(-3.02439920124169,0.00236035267051487,
0.759283363946659));
#9056=CARTESIAN_POINT('Ctrl Pts',(-3.02439920124169,0.17420883023185,0.573231048313974));
#9057=CARTESIAN_POINT('Ctrl Pts',(-3.02439920124169,0.380688829357496,0.763947693661517));
#9058=CARTESIAN_POINT('Ctrl Pts',(-3.02439920124169,0.587168828483142,0.954664339009061));
#9059=CARTESIAN_POINT('Ctrl Pts',(-3.02439920124169,0.415320350921807,1.14071665464175));
#9060=CARTESIAN_POINT('Ctrl Pts',(-3.02439920124169,0.243471873360472,1.32676897027443));
#9061=CARTESIAN_POINT('Ctrl Pts',(-3.02439920124169,0.0369918742348261,
1.13605232492689));
#9062=CARTESIAN_POINT('Ctrl Pts',(-3.02439920124169,-0.16948812489082,0.945335679579344));
#9063=CARTESIAN_POINT('Ctrl Pts',(-3.02439920124169,0.00236035267051487,
0.759283363946659));
#9064=CARTESIAN_POINT('Ctrl Pts',(-2.52133453341273,0.00236035267051482,
0.759283363946659));
#9065=CARTESIAN_POINT('Ctrl Pts',(-2.52133453341273,0.17420883023185,0.573231048313974));
#9066=CARTESIAN_POINT('Ctrl Pts',(-2.52133453341273,0.380688829357496,0.763947693661517));
#9067=CARTESIAN_POINT('Ctrl Pts',(-2.52133453341273,0.587168828483142,0.95466433900906));
#9068=CARTESIAN_POINT('Ctrl Pts',(-2.52133453341273,0.415320350921807,1.14071665464175));
#9069=CARTESIAN_POINT('Ctrl Pts',(-2.52133453341273,0.243471873360472,1.32676897027443));
#9070=CARTESIAN_POINT('Ctrl Pts',(-2.52133453341273,0.0369918742348262,
1.13605232492689));
#9071=CARTESIAN_POINT('Ctrl Pts',(-2.52133453341273,-0.16948812489082,0.945335679579344));
#9072=CARTESIAN_POINT('Ctrl Pts',(-2.52133453341273,0.00236035267051482,
0.759283363946659));
#9073=CARTESIAN_POINT('',(-2.52133453341273,0.00236035267051488,0.759283363946659));
#9074=CARTESIAN_POINT('Origin',(-2.52133453341273,0.208840351796161,0.950000009294202));
#9075=CARTESIAN_POINT('',(-3.02439920124169,0.0023603526705149,0.759283363946659));
#9076=CARTESIAN_POINT('',(-2.52133453341273,0.00236035267051488,0.759283363946659));
#9077=CARTESIAN_POINT('Origin',(-3.02439920124169,0.208840351796161,0.950000009294203));
#9078=CARTESIAN_POINT('Origin',(-3.02439920124169,0.208840351796161,0.950000009294203));
#9079=CARTESIAN_POINT('Origin',(-2.52133453341273,0.208840351796161,0.950000009294202));
#9080=CARTESIAN_POINT('Ctrl Pts',(-2.9742631968588,0.0435786331969212,0.797309242023793));
#9081=CARTESIAN_POINT('Ctrl Pts',(-2.9742631968588,0.18116358435017,0.648396993513632));
#9082=CARTESIAN_POINT('Ctrl Pts',(-2.9742631968588,0.34642530294941,0.801087760784042));
#9083=CARTESIAN_POINT('Ctrl Pts',(-2.9742631968588,0.51168702154865,0.953778528054451));
#9084=CARTESIAN_POINT('Ctrl Pts',(-2.9742631968588,0.374102070395401,1.10269077656461));
#9085=CARTESIAN_POINT('Ctrl Pts',(-2.9742631968588,0.236517119242152,1.25160302507477));
#9086=CARTESIAN_POINT('Ctrl Pts',(-2.9742631968588,0.0712554006429122,1.09891225780436));
#9087=CARTESIAN_POINT('Ctrl Pts',(-2.9742631968588,-0.0940063179563275,
0.946221490533954));
#9088=CARTESIAN_POINT('Ctrl Pts',(-2.9742631968588,0.0435786331969212,0.797309242023793));
#9089=CARTESIAN_POINT('Ctrl Pts',(-2.47119852902983,0.0435786331969212,
0.797309242023793));
#9090=CARTESIAN_POINT('Ctrl Pts',(-2.47119852902983,0.18116358435017,0.648396993513632));
#9091=CARTESIAN_POINT('Ctrl Pts',(-2.47119852902983,0.34642530294941,0.801087760784041));
#9092=CARTESIAN_POINT('Ctrl Pts',(-2.47119852902983,0.511687021548649,0.953778528054451));
#9093=CARTESIAN_POINT('Ctrl Pts',(-2.47119852902983,0.374102070395401,1.10269077656461));
#9094=CARTESIAN_POINT('Ctrl Pts',(-2.47119852902983,0.236517119242152,1.25160302507477));
#9095=CARTESIAN_POINT('Ctrl Pts',(-2.47119852902983,0.0712554006429123,
1.09891225780436));
#9096=CARTESIAN_POINT('Ctrl Pts',(-2.47119852902983,-0.0940063179563274,
0.946221490533954));
#9097=CARTESIAN_POINT('Ctrl Pts',(-2.47119852902983,0.0435786331969212,
0.797309242023793));
#9098=CARTESIAN_POINT('',(-2.47119852902983,0.0435786331969213,0.797309242023793));
#9099=CARTESIAN_POINT('Origin',(-2.47119852902983,0.208840351796161,0.950000009294202));
#9100=CARTESIAN_POINT('',(-2.9742631968588,0.0435786331969213,0.797309242023793));
#9101=CARTESIAN_POINT('',(-2.47119852902983,0.0435786331969213,0.797309242023793));
#9102=CARTESIAN_POINT('Origin',(-2.9742631968588,0.208840351796161,0.950000009294203));
#9103=CARTESIAN_POINT('Origin',(-2.9742631968588,0.208840351796161,0.950000009294203));
#9104=CARTESIAN_POINT('Origin',(-2.47119852902983,0.208840351796161,0.950000009294202));
#9105=CARTESIAN_POINT('Origin',(-2.66346234687364,0.482829953960224,1.26418735382954));
#9106=CARTESIAN_POINT('',(-2.61057851884676,0.410237837793989,1.29112245738027));
#9107=CARTESIAN_POINT('',(-2.66346234687364,0.293773492108779,1.16419122757429));
#9108=CARTESIAN_POINT('',(-2.61057851884676,0.410237837793989,1.29112245738027));
#9109=CARTESIAN_POINT('',(-2.66346234687364,0.482829953960224,1.26418735382954));
#9110=CARTESIAN_POINT('',(-2.66346234687364,0.482829953960224,1.26418735382954));
#9111=CARTESIAN_POINT('',(-2.66346234687364,0.482829953960224,1.26418735382954));
#9112=CARTESIAN_POINT('Origin',(-2.61057851884676,0.410237837793989,1.29112245738027));
#9113=CARTESIAN_POINT('',(-2.49232668850806,0.39859715048698,1.29544170214919));
#9114=CARTESIAN_POINT('',(-2.49232668850806,0.39859715048698,1.29544170214919));
#9115=CARTESIAN_POINT('',(-2.49232668850806,0.39859715048698,1.29544170214919));
#9116=CARTESIAN_POINT('Origin',(-2.49232668850806,0.39859715048698,1.29544170214919));
#9117=CARTESIAN_POINT('',(-2.57789451769085,0.342092069119168,1.31640775601514));
#9118=CARTESIAN_POINT('',(-2.57789451769085,0.342092069119168,1.31640775601514));
#9119=CARTESIAN_POINT('',(-2.57789451769085,0.342092069119168,1.31640775601514));
#9120=CARTESIAN_POINT('Origin',(-2.57789451769085,0.342092069119168,1.31640775601514));
#9121=CARTESIAN_POINT('',(-2.55769469081988,0.262305613137338,1.34601229941893));
#9122=CARTESIAN_POINT('',(-2.55769469081988,0.262305613137338,1.34601229941893));
#9123=CARTESIAN_POINT('',(-2.55769469081988,0.262305613137338,1.34601229941893));
#9124=CARTESIAN_POINT('Origin',(-2.55769469081988,0.262305613137338,1.34601229941893));
#9125=CARTESIAN_POINT('',(-2.66346234687364,0.299975667382546,1.33203493017497));
#9126=CARTESIAN_POINT('',(-2.66346234687364,0.299975667382546,1.33203493017497));
#9127=CARTESIAN_POINT('',(-2.66346234687364,0.299975667382546,1.33203493017497));
#9128=CARTESIAN_POINT('Origin',(-2.66346234687364,0.299975667382546,1.33203493017497));
#9129=CARTESIAN_POINT('',(-2.76923000292741,0.262305613137338,1.34601229941893));
#9130=CARTESIAN_POINT('',(-2.76923000292741,0.262305613137338,1.34601229941893));
#9131=CARTESIAN_POINT('',(-2.76923000292741,0.262305613137338,1.34601229941893));
#9132=CARTESIAN_POINT('Origin',(-2.76923000292741,0.262305613137338,1.34601229941893));
#9133=CARTESIAN_POINT('',(-2.74903017605643,0.342092069119168,1.31640775601514));
#9134=CARTESIAN_POINT('',(-2.74903017605643,0.342092069119168,1.31640775601514));
#9135=CARTESIAN_POINT('',(-2.74903017605643,0.342092069119168,1.31640775601514));
#9136=CARTESIAN_POINT('Origin',(-2.74903017605643,0.342092069119168,1.31640775601514));
#9137=CARTESIAN_POINT('',(-2.83459800523922,0.39859715048698,1.29544170214919));
#9138=CARTESIAN_POINT('',(-2.83459800523922,0.39859715048698,1.29544170214919));
#9139=CARTESIAN_POINT('',(-2.83459800523922,0.39859715048698,1.29544170214919));
#9140=CARTESIAN_POINT('Origin',(-2.83459800523922,0.39859715048698,1.29544170214919));
#9141=CARTESIAN_POINT('',(-2.71634617490052,0.410237837793989,1.29112245738027));
#9142=CARTESIAN_POINT('',(-2.71634617490052,0.410237837793989,1.29112245738027));
#9143=CARTESIAN_POINT('',(-2.71634617490052,0.410237837793989,1.29112245738027));
#9144=CARTESIAN_POINT('Origin',(-2.66346234687364,0.360927096241772,1.30941907139316));
#9145=CARTESIAN_POINT('',(-2.66346234687364,0.482829953960224,1.26418735382954));
#9146=CARTESIAN_POINT('Origin',(-2.71634617490052,0.410237837793989,1.29112245738027));
#9147=CARTESIAN_POINT('',(0.,0.,0.));
#9148=CARTESIAN_POINT('',(0.,0.,0.));
#9149=CARTESIAN_POINT('',(0.,0.,0.));
#9150=CARTESIAN_POINT('',(0.,0.,0.));
#9151=CARTESIAN_POINT('',(0.,0.,0.));
#9152=CARTESIAN_POINT('',(0.,0.,0.));
#9153=CARTESIAN_POINT('',(0.,0.,0.));
#9154=CARTESIAN_POINT('',(0.,0.,0.));
#9155=CARTESIAN_POINT('',(0.,0.,0.));
#9156=CARTESIAN_POINT('',(0.,0.,0.));
#9157=UNCERTAINTY_MEASURE_WITH_UNIT(LENGTH_MEASURE(0.001),#9181,
'DISTANCE_ACCURACY_VALUE',
'Maximum model space distance between geometric entities at asserted c
onnectivities');
#9158=UNCERTAINTY_MEASURE_WITH_UNIT(LENGTH_MEASURE(0.001),#9181,
'DISTANCE_ACCURACY_VALUE',
'Maximum model space distance between geometric entities at asserted c
onnectivities');
#9159=UNCERTAINTY_MEASURE_WITH_UNIT(LENGTH_MEASURE(0.001),#9181,
'DISTANCE_ACCURACY_VALUE',
'Maximum model space distance between geometric entities at asserted c
onnectivities');
#9160=UNCERTAINTY_MEASURE_WITH_UNIT(LENGTH_MEASURE(0.001),#9181,
'DISTANCE_ACCURACY_VALUE',
'Maximum model space distance between geometric entities at asserted c
onnectivities');
#9161=UNCERTAINTY_MEASURE_WITH_UNIT(LENGTH_MEASURE(0.001),#9181,
'DISTANCE_ACCURACY_VALUE',
'Maximum model space distance between geometric entities at asserted c
onnectivities');
#9162=UNCERTAINTY_MEASURE_WITH_UNIT(LENGTH_MEASURE(0.001),#9181,
'DISTANCE_ACCURACY_VALUE',
'Maximum model space distance between geometric entities at asserted c
onnectivities');
#9163=UNCERTAINTY_MEASURE_WITH_UNIT(LENGTH_MEASURE(0.001),#9181,
'DISTANCE_ACCURACY_VALUE',
'Maximum model space distance between geometric entities at asserted c
onnectivities');
#9164=UNCERTAINTY_MEASURE_WITH_UNIT(LENGTH_MEASURE(0.001),#9181,
'DISTANCE_ACCURACY_VALUE',
'Maximum model space distance between geometric entities at asserted c
onnectivities');
#9165=UNCERTAINTY_MEASURE_WITH_UNIT(LENGTH_MEASURE(0.001),#9181,
'DISTANCE_ACCURACY_VALUE',
'Maximum model space distance between geometric entities at asserted c
onnectivities');
#9166=UNCERTAINTY_MEASURE_WITH_UNIT(LENGTH_MEASURE(0.001),#9181,
'DISTANCE_ACCURACY_VALUE',
'Maximum model space distance between geometric entities at asserted c
onnectivities');
#9167=UNCERTAINTY_MEASURE_WITH_UNIT(LENGTH_MEASURE(0.001),#9181,
'DISTANCE_ACCURACY_VALUE',
'Maximum model space distance between geometric entities at asserted c
onnectivities');
#9168=UNCERTAINTY_MEASURE_WITH_UNIT(LENGTH_MEASURE(0.001),#9181,
'DISTANCE_ACCURACY_VALUE',
'Maximum model space distance between geometric entities at asserted c
onnectivities');
#9169=(
GEOMETRIC_REPRESENTATION_CONTEXT(3)
GLOBAL_UNCERTAINTY_ASSIGNED_CONTEXT((#9157))
GLOBAL_UNIT_ASSIGNED_CONTEXT((#9181,#9183,#9184))
REPRESENTATION_CONTEXT('','3D')
);
#9170=(
GEOMETRIC_REPRESENTATION_CONTEXT(3)
GLOBAL_UNCERTAINTY_ASSIGNED_CONTEXT((#9158))
GLOBAL_UNIT_ASSIGNED_CONTEXT((#9181,#9183,#9184))
REPRESENTATION_CONTEXT('','3D')
);
#9171=(
GEOMETRIC_REPRESENTATION_CONTEXT(3)
GLOBAL_UNCERTAINTY_ASSIGNED_CONTEXT((#9159))
GLOBAL_UNIT_ASSIGNED_CONTEXT((#9181,#9183,#9184))
REPRESENTATION_CONTEXT('','3D')
);
#9172=(
GEOMETRIC_REPRESENTATION_CONTEXT(3)
GLOBAL_UNCERTAINTY_ASSIGNED_CONTEXT((#9160))
GLOBAL_UNIT_ASSIGNED_CONTEXT((#9181,#9183,#9184))
REPRESENTATION_CONTEXT('','3D')
);
#9173=(
GEOMETRIC_REPRESENTATION_CONTEXT(3)
GLOBAL_UNCERTAINTY_ASSIGNED_CONTEXT((#9161))
GLOBAL_UNIT_ASSIGNED_CONTEXT((#9181,#9183,#9184))
REPRESENTATION_CONTEXT('','3D')
);
#9174=(
GEOMETRIC_REPRESENTATION_CONTEXT(3)
GLOBAL_UNCERTAINTY_ASSIGNED_CONTEXT((#9162))
GLOBAL_UNIT_ASSIGNED_CONTEXT((#9181,#9183,#9184))
REPRESENTATION_CONTEXT('','3D')
);
#9175=(
GEOMETRIC_REPRESENTATION_CONTEXT(3)
GLOBAL_UNCERTAINTY_ASSIGNED_CONTEXT((#9163))
GLOBAL_UNIT_ASSIGNED_CONTEXT((#9181,#9183,#9184))
REPRESENTATION_CONTEXT('','3D')
);
#9176=(
GEOMETRIC_REPRESENTATION_CONTEXT(3)
GLOBAL_UNCERTAINTY_ASSIGNED_CONTEXT((#9164))
GLOBAL_UNIT_ASSIGNED_CONTEXT((#9181,#9183,#9184))
REPRESENTATION_CONTEXT('','3D')
);
#9177=(
GEOMETRIC_REPRESENTATION_CONTEXT(3)
GLOBAL_UNCERTAINTY_ASSIGNED_CONTEXT((#9165))
GLOBAL_UNIT_ASSIGNED_CONTEXT((#9181,#9183,#9184))
REPRESENTATION_CONTEXT('','3D')
);
#9178=(
GEOMETRIC_REPRESENTATION_CONTEXT(3)
GLOBAL_UNCERTAINTY_ASSIGNED_CONTEXT((#9166))
GLOBAL_UNIT_ASSIGNED_CONTEXT((#9181,#9183,#9184))
REPRESENTATION_CONTEXT('','3D')
);
#9179=(
GEOMETRIC_REPRESENTATION_CONTEXT(3)
GLOBAL_UNCERTAINTY_ASSIGNED_CONTEXT((#9167))
GLOBAL_UNIT_ASSIGNED_CONTEXT((#9181,#9183,#9184))
REPRESENTATION_CONTEXT('','3D')
);
#9180=(
GEOMETRIC_REPRESENTATION_CONTEXT(3)
GLOBAL_UNCERTAINTY_ASSIGNED_CONTEXT((#9168))
GLOBAL_UNIT_ASSIGNED_CONTEXT((#9181,#9183,#9184))
REPRESENTATION_CONTEXT('','3D')
);
#9181=(
LENGTH_UNIT()
NAMED_UNIT(*)
SI_UNIT(.CENTI.,.METRE.)
);
#9182=(
LENGTH_UNIT()
NAMED_UNIT(*)
SI_UNIT($,.METRE.)
);
#9183=(
NAMED_UNIT(*)
PLANE_ANGLE_UNIT()
SI_UNIT($,.RADIAN.)
);
#9184=(
NAMED_UNIT(*)
SI_UNIT($,.STERADIAN.)
SOLID_ANGLE_UNIT()
);
#9185=SHAPE_DEFINITION_REPRESENTATION(#9196,#9217);
#9186=SHAPE_DEFINITION_REPRESENTATION(#9197,#9218);
#9187=SHAPE_DEFINITION_REPRESENTATION(#9198,#9219);
#9188=SHAPE_DEFINITION_REPRESENTATION(#9199,#9220);
#9189=SHAPE_DEFINITION_REPRESENTATION(#9200,#9221);
#9190=SHAPE_DEFINITION_REPRESENTATION(#9201,#9222);
#9191=SHAPE_DEFINITION_REPRESENTATION(#9202,#9223);
#9192=SHAPE_DEFINITION_REPRESENTATION(#9203,#9224);
#9193=SHAPE_DEFINITION_REPRESENTATION(#9204,#9225);
#9194=SHAPE_DEFINITION_REPRESENTATION(#9205,#9226);
#9195=SHAPE_DEFINITION_REPRESENTATION(#9206,#9227);
#9196=PRODUCT_DEFINITION_SHAPE('',$,#9229);
#9197=PRODUCT_DEFINITION_SHAPE('',$,#9230);
#9198=PRODUCT_DEFINITION_SHAPE('',$,#9231);
#9199=PRODUCT_DEFINITION_SHAPE('',$,#9232);
#9200=PRODUCT_DEFINITION_SHAPE('',$,#9233);
#9201=PRODUCT_DEFINITION_SHAPE('',$,#9234);
#9202=PRODUCT_DEFINITION_SHAPE('',$,#9235);
#9203=PRODUCT_DEFINITION_SHAPE('',$,#9236);
#9204=PRODUCT_DEFINITION_SHAPE('',$,#9237);
#9205=PRODUCT_DEFINITION_SHAPE('',$,#9238);
#9206=PRODUCT_DEFINITION_SHAPE('',$,#9239);
#9207=PRODUCT_DEFINITION_SHAPE($,$,#41);
#9208=PRODUCT_DEFINITION_SHAPE($,$,#42);
#9209=PRODUCT_DEFINITION_SHAPE($,$,#43);
#9210=PRODUCT_DEFINITION_SHAPE($,$,#44);
#9211=PRODUCT_DEFINITION_SHAPE($,$,#45);
#9212=PRODUCT_DEFINITION_SHAPE($,$,#46);
#9213=PRODUCT_DEFINITION_SHAPE($,$,#47);
#9214=PRODUCT_DEFINITION_SHAPE($,$,#48);
#9215=PRODUCT_DEFINITION_SHAPE($,$,#49);
#9216=PRODUCT_DEFINITION_SHAPE($,$,#50);
#9217=SHAPE_REPRESENTATION('',(#4994,#5397,#5398,#5399,#5400,#5401,#5402,
#5403,#5404,#5405,#5406),#9169);
#9218=SHAPE_REPRESENTATION('',(#4995),#9170);
#9219=SHAPE_REPRESENTATION('',(#5002),#9171);
#9220=SHAPE_REPRESENTATION('',(#5009),#9172);
#9221=SHAPE_REPRESENTATION('',(#5026),#9173);
#9222=SHAPE_REPRESENTATION('',(#5045),#9174);
#9223=SHAPE_REPRESENTATION('',(#5068),#9175);
#9224=SHAPE_REPRESENTATION('',(#5091),#9176);
#9225=SHAPE_REPRESENTATION('',(#5168),#9177);
#9226=SHAPE_REPRESENTATION('',(#5181),#9178);
#9227=SHAPE_REPRESENTATION('',(#5237),#9179);
#9228=PRODUCT_DEFINITION_CONTEXT('part definition',#9263,'design');
#9229=PRODUCT_DEFINITION('2026-06-07-13-41-59-335','(Unsaved)',#9240,#9228);
#9230=PRODUCT_DEFINITION('2026-06-07-13-41-59-825','Component1',#9241,#9228);
#9231=PRODUCT_DEFINITION('2026-06-07-13-41-59-956','Component2',#9242,#9228);
#9232=PRODUCT_DEFINITION('2026-06-07-13-42-00-088','Component3',#9243,#9228);
#9233=PRODUCT_DEFINITION('2026-06-07-13-42-00-546','Component4',#9244,#9228);
#9234=PRODUCT_DEFINITION('2026-06-07-13-42-01-109','Component5',#9245,#9228);
#9235=PRODUCT_DEFINITION('2026-06-07-13-42-01-894','Component6',#9246,#9228);
#9236=PRODUCT_DEFINITION('2026-06-07-13-42-02-724','Component7',#9247,#9228);
#9237=PRODUCT_DEFINITION('2026-06-07-13-42-07-153','Component8',#9248,#9228);
#9238=PRODUCT_DEFINITION('2026-06-07-13-42-07-371','Component9',#9249,#9228);
#9239=PRODUCT_DEFINITION('2026-06-07-13-42-09-059','Component10',#9250,
#9228);
#9240=PRODUCT_DEFINITION_FORMATION('',$,#9265);
#9241=PRODUCT_DEFINITION_FORMATION('',$,#9266);
#9242=PRODUCT_DEFINITION_FORMATION('',$,#9267);
#9243=PRODUCT_DEFINITION_FORMATION('',$,#9268);
#9244=PRODUCT_DEFINITION_FORMATION('',$,#9269);
#9245=PRODUCT_DEFINITION_FORMATION('',$,#9270);
#9246=PRODUCT_DEFINITION_FORMATION('',$,#9271);
#9247=PRODUCT_DEFINITION_FORMATION('',$,#9272);
#9248=PRODUCT_DEFINITION_FORMATION('',$,#9273);
#9249=PRODUCT_DEFINITION_FORMATION('',$,#9274);
#9250=PRODUCT_DEFINITION_FORMATION('',$,#9275);
#9251=PRODUCT_RELATED_PRODUCT_CATEGORY('(Unsaved)','(Unsaved)',(#9265));
#9252=PRODUCT_RELATED_PRODUCT_CATEGORY('Component1','Component1',(#9266));
#9253=PRODUCT_RELATED_PRODUCT_CATEGORY('Component2','Component2',(#9267));
#9254=PRODUCT_RELATED_PRODUCT_CATEGORY('Component3','Component3',(#9268));
#9255=PRODUCT_RELATED_PRODUCT_CATEGORY('Component4','Component4',(#9269));
#9256=PRODUCT_RELATED_PRODUCT_CATEGORY('Component5','Component5',(#9270));
#9257=PRODUCT_RELATED_PRODUCT_CATEGORY('Component6','Component6',(#9271));
#9258=PRODUCT_RELATED_PRODUCT_CATEGORY('Component7','Component7',(#9272));
#9259=PRODUCT_RELATED_PRODUCT_CATEGORY('Component8','Component8',(#9273));
#9260=PRODUCT_RELATED_PRODUCT_CATEGORY('Component9','Component9',(#9274));
#9261=PRODUCT_RELATED_PRODUCT_CATEGORY('Component10','Component10',(#9275));
#9262=APPLICATION_PROTOCOL_DEFINITION('international standard',
'automotive_design',2009,#9263);
#9263=APPLICATION_CONTEXT(
'Core Data for Automotive Mechanical Design Process');
#9264=PRODUCT_CONTEXT('part definition',#9263,'mechanical');
#9265=PRODUCT('2026-06-07-13-41-59-335','(Unsaved)',$,(#9264));
#9266=PRODUCT('2026-06-07-13-41-59-825','Component1',$,(#9264));
#9267=PRODUCT('2026-06-07-13-41-59-956','Component2',$,(#9264));
#9268=PRODUCT('2026-06-07-13-42-00-088','Component3',$,(#9264));
#9269=PRODUCT('2026-06-07-13-42-00-546','Component4',$,(#9264));
#9270=PRODUCT('2026-06-07-13-42-01-109','Component5',$,(#9264));
#9271=PRODUCT('2026-06-07-13-42-01-894','Component6',$,(#9264));
#9272=PRODUCT('2026-06-07-13-42-02-724','Component7',$,(#9264));
#9273=PRODUCT('2026-06-07-13-42-07-153','Component8',$,(#9264));
#9274=PRODUCT('2026-06-07-13-42-07-371','Component9',$,(#9264));
#9275=PRODUCT('2026-06-07-13-42-09-059','Component10',$,(#9264));
#9276=PRESENTATION_STYLE_ASSIGNMENT((#9280));
#9277=PRESENTATION_STYLE_ASSIGNMENT((#9281));
#9278=PRESENTATION_STYLE_ASSIGNMENT((#9282));
#9279=PRESENTATION_STYLE_ASSIGNMENT((#9283));
#9280=SURFACE_STYLE_USAGE(.BOTH.,#9284);
#9281=SURFACE_STYLE_USAGE(.BOTH.,#9285);
#9282=SURFACE_STYLE_USAGE(.BOTH.,#9286);
#9283=SURFACE_STYLE_USAGE(.BOTH.,#9287);
#9284=SURFACE_SIDE_STYLE('',(#9288));
#9285=SURFACE_SIDE_STYLE('',(#9289));
#9286=SURFACE_SIDE_STYLE('',(#9290));
#9287=SURFACE_SIDE_STYLE('',(#9291));
#9288=SURFACE_STYLE_FILL_AREA(#9292);
#9289=SURFACE_STYLE_FILL_AREA(#9293);
#9290=SURFACE_STYLE_FILL_AREA(#9294);
#9291=SURFACE_STYLE_FILL_AREA(#9295);
#9292=FILL_AREA_STYLE('Steel - Satin',(#9296));
#9293=FILL_AREA_STYLE('Base Material - Opaque',(#9297));
#9294=FILL_AREA_STYLE('Base Material - Opaque',(#9298));
#9295=FILL_AREA_STYLE('Base Material - Opaque',(#9299));
#9296=FILL_AREA_STYLE_COLOUR('Steel - Satin',#9300);
#9297=FILL_AREA_STYLE_COLOUR('Base Material - Opaque',#9301);
#9298=FILL_AREA_STYLE_COLOUR('Base Material - Opaque',#9302);
#9299=FILL_AREA_STYLE_COLOUR('Base Material - Opaque',#9303);
#9300=COLOUR_RGB('Steel - Satin',0.627450980392157,0.627450980392157,0.627450980392157);
#9301=COLOUR_RGB('Base Material - Opaque',0.168627450980392,0.180392156862745,
0.192156862745098);
#9302=COLOUR_RGB('Base Material - Opaque',0.980392156862745,0.980392156862745,
0.980392156862745);
#9303=COLOUR_RGB('Base Material - Opaque',0.913725490196078,0.113725490196078,
0.176470588235294);
ENDSEC;
END-ISO-10303-21;
