ISO-10303-21;
HEADER;
/* Generated by software containing ST-Developer
 * from STEP Tools, Inc. (www.steptools.com) 
 */

FILE_DESCRIPTION(
/* description */ (''),
/* implementation_level */ '2;1');

FILE_NAME(
/* name */ 'ShootexGun2 Covers.step',
/* time_stamp */ '2026-06-07T13:30:13+05:30',
/* author */ (''),
/* organization */ (''),
/* preprocessor_version */ 'ST-DEVELOPER v20.1',
/* originating_system */ 'Autodesk Translation Framework v15.8.0.0',
/* authorisation */ '');

FILE_SCHEMA (('AUTOMOTIVE_DESIGN { 1 0 10303 214 3 1 1 }'));
ENDSEC;

DATA;
#10=MECHANICAL_DESIGN_GEOMETRIC_PRESENTATION_REPRESENTATION('',(#118,#119,
#120,#121,#122),#4102);
#11=ITEM_DEFINED_TRANSFORMATION($,$,#2240,#2363);
#12=ITEM_DEFINED_TRANSFORMATION($,$,#2247,#2364);
#13=ITEM_DEFINED_TRANSFORMATION($,$,#2254,#2365);
#14=ITEM_DEFINED_TRANSFORMATION($,$,#2273,#2366);
#15=ITEM_DEFINED_TRANSFORMATION($,$,#2350,#2367);
#16=(
REPRESENTATION_RELATIONSHIP($,$,#4125,#4124)
REPRESENTATION_RELATIONSHIP_WITH_TRANSFORMATION(#11)
SHAPE_REPRESENTATION_RELATIONSHIP()
);
#17=(
REPRESENTATION_RELATIONSHIP($,$,#4126,#4124)
REPRESENTATION_RELATIONSHIP_WITH_TRANSFORMATION(#12)
SHAPE_REPRESENTATION_RELATIONSHIP()
);
#18=(
REPRESENTATION_RELATIONSHIP($,$,#4127,#4124)
REPRESENTATION_RELATIONSHIP_WITH_TRANSFORMATION(#13)
SHAPE_REPRESENTATION_RELATIONSHIP()
);
#19=(
REPRESENTATION_RELATIONSHIP($,$,#4128,#4124)
REPRESENTATION_RELATIONSHIP_WITH_TRANSFORMATION(#14)
SHAPE_REPRESENTATION_RELATIONSHIP()
);
#20=(
REPRESENTATION_RELATIONSHIP($,$,#4129,#4124)
REPRESENTATION_RELATIONSHIP_WITH_TRANSFORMATION(#15)
SHAPE_REPRESENTATION_RELATIONSHIP()
);
#21=CONTEXT_DEPENDENT_SHAPE_REPRESENTATION(#16,#4119);
#22=CONTEXT_DEPENDENT_SHAPE_REPRESENTATION(#17,#4120);
#23=CONTEXT_DEPENDENT_SHAPE_REPRESENTATION(#18,#4121);
#24=CONTEXT_DEPENDENT_SHAPE_REPRESENTATION(#19,#4122);
#25=CONTEXT_DEPENDENT_SHAPE_REPRESENTATION(#20,#4123);
#26=NEXT_ASSEMBLY_USAGE_OCCURRENCE('Component1:1','Component1:1',
'Component1:1',#4131,#4132,'Component1:1');
#27=NEXT_ASSEMBLY_USAGE_OCCURRENCE('Component2:1','Component2:1',
'Component2:1',#4131,#4133,'Component2:1');
#28=NEXT_ASSEMBLY_USAGE_OCCURRENCE('Component3:1','Component3:1',
'Component3:1',#4131,#4134,'Component3:1');
#29=NEXT_ASSEMBLY_USAGE_OCCURRENCE('Component4:1','Component4:1',
'Component4:1',#4131,#4135,'Component4:1');
#30=NEXT_ASSEMBLY_USAGE_OCCURRENCE('Component5:1','Component5:1',
'Component5:1',#4131,#4136,'Component5:1');
#31=(
BOUNDED_CURVE()
B_SPLINE_CURVE(3,(#3519,#3520,#3521,#3522,#3523,#3524,#3525,#3526,#3527,
#3528,#3529,#3530,#3531,#3532,#3533,#3534,#3535,#3536,#3537,#3538,#3539,
#3540,#3541,#3542,#3543,#3544,#3545,#3546,#3547,#3548,#3549,#3550,#3551,
#3552,#3553,#3554,#3555,#3556,#3557,#3558,#3559,#3560,#3561),
 .UNSPECIFIED.,.F.,.F.)
B_SPLINE_CURVE_WITH_KNOTS((4,3,3,3,3,3,3,3,3,3,3,3,3,3,4),(0.,1.,1.1925601750547,
1.38512035010941,1.57768052516411,1.76746101695497,1.9756073627901,2.17943868758884,
2.37770778443389,2.57597688127894,3.18692235411543,3.32063872175512,3.4543550893948,
3.59004523707864,3.72573538476247),.UNSPECIFIED.)
CURVE()
GEOMETRIC_REPRESENTATION_ITEM()
RATIONAL_B_SPLINE_CURVE((1.,1.,1.,1.,1.,1.,1.,1.,1.,1.,1.,1.,1.,1.,1.,1.,
1.,1.,1.,1.,1.,1.,1.,1.,1.,1.,1.,1.,1.,1.,1.,1.,1.,1.,1.,1.,1.,1.,1.,1.,
1.,1.,1.))
REPRESENTATION_ITEM('')
);
#32=(
BOUNDED_CURVE()
B_SPLINE_CURVE(3,(#3565,#3566,#3567,#3568,#3569,#3570,#3571,#3572,#3573,
#3574,#3575,#3576,#3577,#3578,#3579,#3580,#3581,#3582,#3583,#3584,#3585,
#3586,#3587,#3588,#3589,#3590,#3591,#3592,#3593,#3594,#3595,#3596,#3597,
#3598,#3599,#3600,#3601,#3602,#3603,#3604,#3605,#3606,#3607),
 .UNSPECIFIED.,.F.,.F.)
B_SPLINE_CURVE_WITH_KNOTS((4,3,3,3,3,3,3,3,3,3,3,3,3,3,4),(-3.72573538476247,
-3.59004523707864,-3.4543550893948,-3.32063872175512,-3.18692235411543,
-2.57597688127894,-2.37770778443389,-2.17943868758884,-1.9756073627901,
-1.76746101695497,-1.57768052516411,-1.38512035010941,-1.1925601750547,
-1.,0.),.UNSPECIFIED.)
CURVE()
GEOMETRIC_REPRESENTATION_ITEM()
RATIONAL_B_SPLINE_CURVE((1.,1.,1.,1.,1.,1.,1.,1.,1.,1.,1.,1.,1.,1.,1.,1.,
1.,1.,1.,1.,1.,1.,1.,1.,1.,1.,1.,1.,1.,1.,1.,1.,1.,1.,1.,1.,1.,1.,1.,1.,
1.,1.,1.))
REPRESENTATION_ITEM('')
);
#33=(
BOUNDED_CURVE()
B_SPLINE_CURVE(3,(#3676,#3677,#3678,#3679,#3680,#3681,#3682,#3683,#3684,
#3685,#3686,#3687,#3688,#3689,#3690,#3691),.UNSPECIFIED.,.F.,.F.)
B_SPLINE_CURVE_WITH_KNOTS((4,3,3,3,3,4),(0.,1.,25.0000000000001,47.8270846719645,
69.6119372222909,91.8282148732621),.UNSPECIFIED.)
CURVE()
GEOMETRIC_REPRESENTATION_ITEM()
RATIONAL_B_SPLINE_CURVE((1.,1.,1.,1.,1.,1.,1.,1.,1.,1.,1.,1.,1.,1.,1.,1.))
REPRESENTATION_ITEM('')
);
#34=(
BOUNDED_CURVE()
B_SPLINE_CURVE(3,(#3693,#3694,#3695,#3696,#3697,#3698,#3699,#3700,#3701,
#3702,#3703,#3704,#3705,#3706,#3707,#3708),.UNSPECIFIED.,.F.,.F.)
B_SPLINE_CURVE_WITH_KNOTS((4,3,3,3,3,4),(-91.8282148732621,-69.6119372222909,
-47.8270846719645,-25.0000000000001,-1.,0.),.UNSPECIFIED.)
CURVE()
GEOMETRIC_REPRESENTATION_ITEM()
RATIONAL_B_SPLINE_CURVE((1.,1.,1.,1.,1.,1.,1.,1.,1.,1.,1.,1.,1.,1.,1.,1.))
REPRESENTATION_ITEM('')
);
#35=(
BOUNDED_CURVE()
B_SPLINE_CURVE(3,(#3765,#3766,#3767,#3768,#3769,#3770,#3771,#3772,#3773,
#3774,#3775,#3776,#3777,#3778,#3779,#3780),.UNSPECIFIED.,.F.,.F.)
B_SPLINE_CURVE_WITH_KNOTS((4,3,3,3,3,4),(0.,1.,2.04532130429522,3.09064260859044,
4.13596391288566,4.69346860850978),.UNSPECIFIED.)
CURVE()
GEOMETRIC_REPRESENTATION_ITEM()
RATIONAL_B_SPLINE_CURVE((1.,1.,1.,1.,1.,1.,1.,1.,1.,1.,1.,1.,1.,1.,1.,1.))
REPRESENTATION_ITEM('')
);
#36=(
BOUNDED_CURVE()
B_SPLINE_CURVE(3,(#3782,#3783,#3784,#3785,#3786,#3787,#3788,#3789,#3790,
#3791,#3792,#3793,#3794,#3795,#3796,#3797),.UNSPECIFIED.,.F.,.F.)
B_SPLINE_CURVE_WITH_KNOTS((4,3,3,3,3,4),(-4.69346860850978,-4.13596391288566,
-3.09064260859044,-2.04532130429522,-1.,0.),.UNSPECIFIED.)
CURVE()
GEOMETRIC_REPRESENTATION_ITEM()
RATIONAL_B_SPLINE_CURVE((1.,1.,1.,1.,1.,1.,1.,1.,1.,1.,1.,1.,1.,1.,1.,1.))
REPRESENTATION_ITEM('')
);
#37=(
BOUNDED_CURVE()
B_SPLINE_CURVE(3,(#3850,#3851,#3852,#3853,#3854,#3855,#3856,#3857,#3858,
#3859),.UNSPECIFIED.,.F.,.F.)
B_SPLINE_CURVE_WITH_KNOTS((4,3,3,4),(0.,1.,2.00000000000001,3.15036028522015),
 .UNSPECIFIED.)
CURVE()
GEOMETRIC_REPRESENTATION_ITEM()
RATIONAL_B_SPLINE_CURVE((1.,1.,1.,1.,1.,1.,1.,1.,1.,1.))
REPRESENTATION_ITEM('')
);
#38=(
BOUNDED_CURVE()
B_SPLINE_CURVE(3,(#3861,#3862,#3863,#3864,#3865,#3866,#3867,#3868,#3869,
#3870),.UNSPECIFIED.,.F.,.F.)
B_SPLINE_CURVE_WITH_KNOTS((4,3,3,4),(-3.15036028522015,-2.00000000000001,
-1.,0.),.UNSPECIFIED.)
CURVE()
GEOMETRIC_REPRESENTATION_ITEM()
RATIONAL_B_SPLINE_CURVE((1.,1.,1.,1.,1.,1.,1.,1.,1.,1.))
REPRESENTATION_ITEM('')
);
#39=(
BOUNDED_CURVE()
B_SPLINE_CURVE(3,(#3991,#3992,#3993,#3994,#3995,#3996,#3997,#3998,#3999,
#4000,#4001,#4002,#4003,#4004,#4005,#4006,#4007,#4008,#4009,#4010,#4011,
#4012,#4013,#4014,#4015,#4016,#4017,#4018,#4019,#4020,#4021,#4022,#4023,
#4024,#4025,#4026,#4027,#4028,#4029,#4030),.UNSPECIFIED.,.F.,.F.)
B_SPLINE_CURVE_WITH_KNOTS((4,3,3,3,3,3,3,3,3,3,3,3,3,4),(0.,1.,2.02293540415127,
3.09353277152369,4.20066285008639,6.06894485766093,7.88501982778192,9.6435741946076,
11.4021285614333,15.4468036051324,16.2758363780645,17.1165988148965,17.9233605223576,
18.7301222298187),.UNSPECIFIED.)
CURVE()
GEOMETRIC_REPRESENTATION_ITEM()
RATIONAL_B_SPLINE_CURVE((1.,1.,1.,1.,1.,1.,1.,1.,1.,1.,1.,1.,1.,1.,1.,1.,
1.,1.,1.,1.,1.,1.,1.,1.,1.,1.,1.,1.,1.,1.,1.,1.,1.,1.,1.,1.,1.,1.,1.,1.))
REPRESENTATION_ITEM('')
);
#40=(
BOUNDED_CURVE()
B_SPLINE_CURVE(3,(#4032,#4033,#4034,#4035,#4036,#4037,#4038,#4039,#4040,
#4041,#4042,#4043,#4044,#4045,#4046,#4047,#4048,#4049,#4050,#4051,#4052,
#4053,#4054,#4055,#4056,#4057,#4058,#4059,#4060,#4061,#4062,#4063,#4064,
#4065,#4066,#4067,#4068,#4069,#4070,#4071),.UNSPECIFIED.,.F.,.F.)
B_SPLINE_CURVE_WITH_KNOTS((4,3,3,3,3,3,3,3,3,3,3,3,3,4),(-18.7301222298187,
-17.9233605223576,-17.1165988148965,-16.2758363780645,-15.4468036051324,
-11.4021285614333,-9.6435741946076,-7.88501982778192,-6.06894485766093,
-4.20066285008639,-3.09353277152369,-2.02293540415127,-1.,0.),
 .UNSPECIFIED.)
CURVE()
GEOMETRIC_REPRESENTATION_ITEM()
RATIONAL_B_SPLINE_CURVE((1.,1.,1.,1.,1.,1.,1.,1.,1.,1.,1.,1.,1.,1.,1.,1.,
1.,1.,1.,1.,1.,1.,1.,1.,1.,1.,1.,1.,1.,1.,1.,1.,1.,1.,1.,1.,1.,1.,1.,1.))
REPRESENTATION_ITEM('')
);
#41=B_SPLINE_SURFACE_WITH_KNOTS('',3,3,((#3397,#3398,#3399,#3400),(#3401,
#3402,#3403,#3404),(#3405,#3406,#3407,#3408),(#3409,#3410,#3411,#3412),
(#3413,#3414,#3415,#3416),(#3417,#3418,#3419,#3420),(#3421,#3422,#3423,
#3424),(#3425,#3426,#3427,#3428),(#3429,#3430,#3431,#3432),(#3433,#3434,
#3435,#3436),(#3437,#3438,#3439,#3440),(#3441,#3442,#3443,#3444),(#3445,
#3446,#3447,#3448),(#3449,#3450,#3451,#3452),(#3453,#3454,#3455,#3456),
(#3457,#3458,#3459,#3460),(#3461,#3462,#3463,#3464),(#3465,#3466,#3467,
#3468),(#3469,#3470,#3471,#3472),(#3473,#3474,#3475,#3476),(#3477,#3478,
#3479,#3480),(#3481,#3482,#3483,#3484),(#3485,#3486,#3487,#3488),(#3489,
#3490,#3491,#3492),(#3493,#3494,#3495,#3496),(#3497,#3498,#3499,#3500),
(#3501,#3502,#3503,#3504),(#3505,#3506,#3507,#3508),(#3509,#3510,#3511,
#3512),(#3513,#3514,#3515,#3516)),.UNSPECIFIED.,.F.,.F.,.F.,(4,2,2,2,2,
2,2,2,2,2,2,2,2,2,4),(4,4),(-3.72573538476247,-3.59004523707864,-3.4543550893948,
-3.32063872175512,-3.18692235411543,-2.57597688127894,-2.37770778443389,
-2.17943868758884,-1.9756073627901,-1.76746101695497,-1.57768052516411,
-1.38512035010941,-1.1925601750547,-1.,0.),(0.,10.),.UNSPECIFIED.);
#42=B_SPLINE_SURFACE_WITH_KNOTS('',3,3,((#3627,#3628,#3629,#3630),(#3631,
#3632,#3633,#3634),(#3635,#3636,#3637,#3638),(#3639,#3640,#3641,#3642),
(#3643,#3644,#3645,#3646),(#3647,#3648,#3649,#3650),(#3651,#3652,#3653,
#3654),(#3655,#3656,#3657,#3658),(#3659,#3660,#3661,#3662),(#3663,#3664,
#3665,#3666),(#3667,#3668,#3669,#3670),(#3671,#3672,#3673,#3674)),
 .UNSPECIFIED.,.F.,.F.,.F.,(4,2,2,2,2,4),(4,4),(-91.8282148732621,-69.6119372222909,
-47.8270846719645,-25.0000000000001,-1.,0.),(0.,10.),.UNSPECIFIED.);
#43=B_SPLINE_SURFACE_WITH_KNOTS('',3,3,((#3716,#3717,#3718,#3719),(#3720,
#3721,#3722,#3723),(#3724,#3725,#3726,#3727),(#3728,#3729,#3730,#3731),
(#3732,#3733,#3734,#3735),(#3736,#3737,#3738,#3739),(#3740,#3741,#3742,
#3743),(#3744,#3745,#3746,#3747),(#3748,#3749,#3750,#3751),(#3752,#3753,
#3754,#3755),(#3756,#3757,#3758,#3759),(#3760,#3761,#3762,#3763)),
 .UNSPECIFIED.,.F.,.F.,.F.,(4,2,2,2,2,4),(4,4),(-4.69346860850978,-4.13596391288566,
-3.09064260859044,-2.04532130429522,-1.,0.),(0.,10.),.UNSPECIFIED.);
#44=B_SPLINE_SURFACE_WITH_KNOTS('',3,3,((#3817,#3818,#3819,#3820),(#3821,
#3822,#3823,#3824),(#3825,#3826,#3827,#3828),(#3829,#3830,#3831,#3832),
(#3833,#3834,#3835,#3836),(#3837,#3838,#3839,#3840),(#3841,#3842,#3843,
#3844),(#3845,#3846,#3847,#3848)),.UNSPECIFIED.,.F.,.F.,.F.,(4,2,2,4),(4,
4),(-3.15036028522015,-2.00000000000001,-1.,0.),(0.,10.),.UNSPECIFIED.);
#45=B_SPLINE_SURFACE_WITH_KNOTS('',3,3,((#3878,#3879,#3880,#3881),(#3882,
#3883,#3884,#3885),(#3886,#3887,#3888,#3889),(#3890,#3891,#3892,#3893),
(#3894,#3895,#3896,#3897),(#3898,#3899,#3900,#3901),(#3902,#3903,#3904,
#3905),(#3906,#3907,#3908,#3909),(#3910,#3911,#3912,#3913),(#3914,#3915,
#3916,#3917),(#3918,#3919,#3920,#3921),(#3922,#3923,#3924,#3925),(#3926,
#3927,#3928,#3929),(#3930,#3931,#3932,#3933),(#3934,#3935,#3936,#3937),
(#3938,#3939,#3940,#3941),(#3942,#3943,#3944,#3945),(#3946,#3947,#3948,
#3949),(#3950,#3951,#3952,#3953),(#3954,#3955,#3956,#3957),(#3958,#3959,
#3960,#3961),(#3962,#3963,#3964,#3965),(#3966,#3967,#3968,#3969),(#3970,
#3971,#3972,#3973),(#3974,#3975,#3976,#3977),(#3978,#3979,#3980,#3981),
(#3982,#3983,#3984,#3985),(#3986,#3987,#3988,#3989)),.UNSPECIFIED.,.F.,
 .F.,.F.,(4,2,2,2,2,2,2,2,2,2,2,2,2,4),(4,4),(-18.7301222298187,-17.9233605223576,
-17.1165988148965,-16.2758363780645,-15.4468036051324,-11.4021285614333,
-9.6435741946076,-7.88501982778192,-6.06894485766093,-4.20066285008639,
-3.09353277152369,-2.02293540415127,-1.,0.),(0.,10.),.UNSPECIFIED.);
#46=FACE_BOUND('',#254,.T.);
#47=FACE_BOUND('',#255,.T.);
#48=FACE_BOUND('',#256,.T.);
#49=FACE_BOUND('',#257,.T.);
#50=FACE_BOUND('',#260,.T.);
#51=FACE_BOUND('',#261,.T.);
#52=FACE_BOUND('',#262,.T.);
#53=FACE_BOUND('',#263,.T.);
#54=FACE_BOUND('',#306,.T.);
#55=FACE_BOUND('',#307,.T.);
#56=FACE_BOUND('',#308,.T.);
#57=FACE_BOUND('',#309,.T.);
#58=FACE_BOUND('',#310,.T.);
#59=FACE_BOUND('',#311,.T.);
#60=FACE_BOUND('',#332,.T.);
#61=FACE_BOUND('',#333,.T.);
#62=FACE_BOUND('',#334,.T.);
#63=FACE_BOUND('',#335,.T.);
#64=FACE_BOUND('',#336,.T.);
#65=FACE_BOUND('',#337,.T.);
#66=FACE_BOUND('',#338,.T.);
#67=FACE_BOUND('',#339,.T.);
#68=FACE_BOUND('',#340,.T.);
#69=FACE_BOUND('',#341,.T.);
#70=FACE_BOUND('',#342,.T.);
#71=FACE_BOUND('',#343,.T.);
#72=FACE_BOUND('',#344,.T.);
#73=FACE_BOUND('',#345,.T.);
#74=FACE_BOUND('',#346,.T.);
#75=FACE_BOUND('',#354,.T.);
#76=FACE_BOUND('',#355,.T.);
#77=FACE_BOUND('',#356,.T.);
#78=FACE_BOUND('',#357,.T.);
#79=FACE_BOUND('',#358,.T.);
#80=FACE_BOUND('',#359,.T.);
#81=FACE_BOUND('',#360,.T.);
#82=FACE_BOUND('',#361,.T.);
#83=FACE_BOUND('',#362,.T.);
#84=CIRCLE('',#2256,0.05085);
#85=CIRCLE('',#2257,0.05085);
#86=CIRCLE('',#2259,0.05085);
#87=CIRCLE('',#2260,0.05085);
#88=CIRCLE('',#2262,0.05085);
#89=CIRCLE('',#2263,0.05085);
#90=CIRCLE('',#2265,0.05085);
#91=CIRCLE('',#2266,0.05085);
#92=CIRCLE('',#2315,0.10085);
#93=CIRCLE('',#2316,0.10085);
#94=CIRCLE('',#2317,0.10085);
#95=CIRCLE('',#2318,0.10085);
#96=CIRCLE('',#2322,0.10085);
#97=CIRCLE('',#2324,0.10085);
#98=CIRCLE('',#2326,0.10085);
#99=CIRCLE('',#2328,0.10085);
#100=CYLINDRICAL_SURFACE('',#2255,0.05085);
#101=CYLINDRICAL_SURFACE('',#2258,0.05085);
#102=CYLINDRICAL_SURFACE('',#2261,0.05085);
#103=CYLINDRICAL_SURFACE('',#2264,0.05085);
#104=CYLINDRICAL_SURFACE('',#2321,0.10085);
#105=CYLINDRICAL_SURFACE('',#2323,0.10085);
#106=CYLINDRICAL_SURFACE('',#2325,0.10085);
#107=CYLINDRICAL_SURFACE('',#2327,0.10085);
#108=SHAPE_REPRESENTATION_RELATIONSHIP('SRR','None',#4125,#113);
#109=SHAPE_REPRESENTATION_RELATIONSHIP('SRR','None',#4126,#114);
#110=SHAPE_REPRESENTATION_RELATIONSHIP('SRR','None',#4127,#115);
#111=SHAPE_REPRESENTATION_RELATIONSHIP('SRR','None',#4128,#116);
#112=SHAPE_REPRESENTATION_RELATIONSHIP('SRR','None',#4129,#117);
#113=ADVANCED_BREP_SHAPE_REPRESENTATION('',(#123),#4097);
#114=ADVANCED_BREP_SHAPE_REPRESENTATION('',(#124),#4098);
#115=ADVANCED_BREP_SHAPE_REPRESENTATION('',(#125),#4099);
#116=ADVANCED_BREP_SHAPE_REPRESENTATION('',(#126),#4100);
#117=ADVANCED_BREP_SHAPE_REPRESENTATION('',(#127),#4101);
#118=STYLED_ITEM('',(#4159),#123);
#119=STYLED_ITEM('',(#4160),#124);
#120=STYLED_ITEM('',(#4159),#125);
#121=STYLED_ITEM('',(#4159),#126);
#122=STYLED_ITEM('',(#4161),#127);
#123=MANIFOLD_SOLID_BREP('Body1',#2178);
#124=MANIFOLD_SOLID_BREP('Body1',#2179);
#125=MANIFOLD_SOLID_BREP('Body1',#2180);
#126=MANIFOLD_SOLID_BREP('Body1',#2181);
#127=MANIFOLD_SOLID_BREP('Body1',#2182);
#128=FACE_OUTER_BOUND('',#235,.T.);
#129=FACE_OUTER_BOUND('',#236,.T.);
#130=FACE_OUTER_BOUND('',#237,.T.);
#131=FACE_OUTER_BOUND('',#238,.T.);
#132=FACE_OUTER_BOUND('',#239,.T.);
#133=FACE_OUTER_BOUND('',#240,.T.);
#134=FACE_OUTER_BOUND('',#241,.T.);
#135=FACE_OUTER_BOUND('',#242,.T.);
#136=FACE_OUTER_BOUND('',#243,.T.);
#137=FACE_OUTER_BOUND('',#244,.T.);
#138=FACE_OUTER_BOUND('',#245,.T.);
#139=FACE_OUTER_BOUND('',#246,.T.);
#140=FACE_OUTER_BOUND('',#247,.T.);
#141=FACE_OUTER_BOUND('',#248,.T.);
#142=FACE_OUTER_BOUND('',#249,.T.);
#143=FACE_OUTER_BOUND('',#250,.T.);
#144=FACE_OUTER_BOUND('',#251,.T.);
#145=FACE_OUTER_BOUND('',#252,.T.);
#146=FACE_OUTER_BOUND('',#253,.T.);
#147=FACE_OUTER_BOUND('',#258,.T.);
#148=FACE_OUTER_BOUND('',#259,.T.);
#149=FACE_OUTER_BOUND('',#264,.T.);
#150=FACE_OUTER_BOUND('',#265,.T.);
#151=FACE_OUTER_BOUND('',#266,.T.);
#152=FACE_OUTER_BOUND('',#267,.T.);
#153=FACE_OUTER_BOUND('',#268,.T.);
#154=FACE_OUTER_BOUND('',#269,.T.);
#155=FACE_OUTER_BOUND('',#270,.T.);
#156=FACE_OUTER_BOUND('',#271,.T.);
#157=FACE_OUTER_BOUND('',#272,.T.);
#158=FACE_OUTER_BOUND('',#273,.T.);
#159=FACE_OUTER_BOUND('',#274,.T.);
#160=FACE_OUTER_BOUND('',#275,.T.);
#161=FACE_OUTER_BOUND('',#276,.T.);
#162=FACE_OUTER_BOUND('',#277,.T.);
#163=FACE_OUTER_BOUND('',#278,.T.);
#164=FACE_OUTER_BOUND('',#279,.T.);
#165=FACE_OUTER_BOUND('',#280,.T.);
#166=FACE_OUTER_BOUND('',#281,.T.);
#167=FACE_OUTER_BOUND('',#282,.T.);
#168=FACE_OUTER_BOUND('',#283,.T.);
#169=FACE_OUTER_BOUND('',#284,.T.);
#170=FACE_OUTER_BOUND('',#285,.T.);
#171=FACE_OUTER_BOUND('',#286,.T.);
#172=FACE_OUTER_BOUND('',#287,.T.);
#173=FACE_OUTER_BOUND('',#288,.T.);
#174=FACE_OUTER_BOUND('',#289,.T.);
#175=FACE_OUTER_BOUND('',#290,.T.);
#176=FACE_OUTER_BOUND('',#291,.T.);
#177=FACE_OUTER_BOUND('',#292,.T.);
#178=FACE_OUTER_BOUND('',#293,.T.);
#179=FACE_OUTER_BOUND('',#294,.T.);
#180=FACE_OUTER_BOUND('',#295,.T.);
#181=FACE_OUTER_BOUND('',#296,.T.);
#182=FACE_OUTER_BOUND('',#297,.T.);
#183=FACE_OUTER_BOUND('',#298,.T.);
#184=FACE_OUTER_BOUND('',#299,.T.);
#185=FACE_OUTER_BOUND('',#300,.T.);
#186=FACE_OUTER_BOUND('',#301,.T.);
#187=FACE_OUTER_BOUND('',#302,.T.);
#188=FACE_OUTER_BOUND('',#303,.T.);
#189=FACE_OUTER_BOUND('',#304,.T.);
#190=FACE_OUTER_BOUND('',#305,.T.);
#191=FACE_OUTER_BOUND('',#312,.T.);
#192=FACE_OUTER_BOUND('',#313,.T.);
#193=FACE_OUTER_BOUND('',#314,.T.);
#194=FACE_OUTER_BOUND('',#315,.T.);
#195=FACE_OUTER_BOUND('',#316,.T.);
#196=FACE_OUTER_BOUND('',#317,.T.);
#197=FACE_OUTER_BOUND('',#318,.T.);
#198=FACE_OUTER_BOUND('',#319,.T.);
#199=FACE_OUTER_BOUND('',#320,.T.);
#200=FACE_OUTER_BOUND('',#321,.T.);
#201=FACE_OUTER_BOUND('',#322,.T.);
#202=FACE_OUTER_BOUND('',#323,.T.);
#203=FACE_OUTER_BOUND('',#324,.T.);
#204=FACE_OUTER_BOUND('',#325,.T.);
#205=FACE_OUTER_BOUND('',#326,.T.);
#206=FACE_OUTER_BOUND('',#327,.T.);
#207=FACE_OUTER_BOUND('',#328,.T.);
#208=FACE_OUTER_BOUND('',#329,.T.);
#209=FACE_OUTER_BOUND('',#330,.T.);
#210=FACE_OUTER_BOUND('',#331,.T.);
#211=FACE_OUTER_BOUND('',#347,.T.);
#212=FACE_OUTER_BOUND('',#348,.T.);
#213=FACE_OUTER_BOUND('',#349,.T.);
#214=FACE_OUTER_BOUND('',#350,.T.);
#215=FACE_OUTER_BOUND('',#351,.T.);
#216=FACE_OUTER_BOUND('',#352,.T.);
#217=FACE_OUTER_BOUND('',#353,.T.);
#218=FACE_OUTER_BOUND('',#363,.T.);
#219=FACE_OUTER_BOUND('',#364,.T.);
#220=FACE_OUTER_BOUND('',#365,.T.);
#221=FACE_OUTER_BOUND('',#366,.T.);
#222=FACE_OUTER_BOUND('',#367,.T.);
#223=FACE_OUTER_BOUND('',#368,.T.);
#224=FACE_OUTER_BOUND('',#369,.T.);
#225=FACE_OUTER_BOUND('',#370,.T.);
#226=FACE_OUTER_BOUND('',#371,.T.);
#227=FACE_OUTER_BOUND('',#372,.T.);
#228=FACE_OUTER_BOUND('',#373,.T.);
#229=FACE_OUTER_BOUND('',#374,.T.);
#230=FACE_OUTER_BOUND('',#375,.T.);
#231=FACE_OUTER_BOUND('',#376,.T.);
#232=FACE_OUTER_BOUND('',#377,.T.);
#233=FACE_OUTER_BOUND('',#378,.T.);
#234=FACE_OUTER_BOUND('',#379,.T.);
#235=EDGE_LOOP('',(#1395,#1396,#1397,#1398));
#236=EDGE_LOOP('',(#1399,#1400,#1401,#1402));
#237=EDGE_LOOP('',(#1403,#1404,#1405,#1406));
#238=EDGE_LOOP('',(#1407,#1408,#1409,#1410));
#239=EDGE_LOOP('',(#1411,#1412,#1413,#1414));
#240=EDGE_LOOP('',(#1415,#1416,#1417,#1418));
#241=EDGE_LOOP('',(#1419,#1420,#1421,#1422));
#242=EDGE_LOOP('',(#1423,#1424,#1425,#1426));
#243=EDGE_LOOP('',(#1427,#1428,#1429,#1430));
#244=EDGE_LOOP('',(#1431,#1432,#1433,#1434));
#245=EDGE_LOOP('',(#1435,#1436,#1437,#1438));
#246=EDGE_LOOP('',(#1439,#1440,#1441,#1442));
#247=EDGE_LOOP('',(#1443,#1444,#1445,#1446));
#248=EDGE_LOOP('',(#1447,#1448,#1449,#1450));
#249=EDGE_LOOP('',(#1451,#1452,#1453,#1454));
#250=EDGE_LOOP('',(#1455,#1456,#1457,#1458));
#251=EDGE_LOOP('',(#1459,#1460,#1461,#1462));
#252=EDGE_LOOP('',(#1463,#1464,#1465,#1466));
#253=EDGE_LOOP('',(#1467,#1468,#1469,#1470));
#254=EDGE_LOOP('',(#1471));
#255=EDGE_LOOP('',(#1472));
#256=EDGE_LOOP('',(#1473));
#257=EDGE_LOOP('',(#1474));
#258=EDGE_LOOP('',(#1475,#1476,#1477,#1478));
#259=EDGE_LOOP('',(#1479,#1480,#1481,#1482));
#260=EDGE_LOOP('',(#1483));
#261=EDGE_LOOP('',(#1484));
#262=EDGE_LOOP('',(#1485));
#263=EDGE_LOOP('',(#1486));
#264=EDGE_LOOP('',(#1487,#1488,#1489,#1490));
#265=EDGE_LOOP('',(#1491,#1492,#1493,#1494));
#266=EDGE_LOOP('',(#1495,#1496,#1497,#1498));
#267=EDGE_LOOP('',(#1499,#1500,#1501,#1502));
#268=EDGE_LOOP('',(#1503,#1504,#1505,#1506));
#269=EDGE_LOOP('',(#1507,#1508,#1509,#1510));
#270=EDGE_LOOP('',(#1511,#1512,#1513,#1514));
#271=EDGE_LOOP('',(#1515,#1516,#1517,#1518));
#272=EDGE_LOOP('',(#1519,#1520,#1521,#1522));
#273=EDGE_LOOP('',(#1523,#1524,#1525,#1526));
#274=EDGE_LOOP('',(#1527,#1528,#1529,#1530));
#275=EDGE_LOOP('',(#1531,#1532,#1533,#1534));
#276=EDGE_LOOP('',(#1535,#1536,#1537,#1538));
#277=EDGE_LOOP('',(#1539,#1540,#1541,#1542));
#278=EDGE_LOOP('',(#1543,#1544,#1545,#1546));
#279=EDGE_LOOP('',(#1547,#1548,#1549,#1550));
#280=EDGE_LOOP('',(#1551,#1552,#1553,#1554));
#281=EDGE_LOOP('',(#1555,#1556,#1557,#1558));
#282=EDGE_LOOP('',(#1559,#1560,#1561,#1562));
#283=EDGE_LOOP('',(#1563,#1564,#1565,#1566));
#284=EDGE_LOOP('',(#1567,#1568,#1569,#1570));
#285=EDGE_LOOP('',(#1571,#1572,#1573,#1574));
#286=EDGE_LOOP('',(#1575,#1576,#1577,#1578));
#287=EDGE_LOOP('',(#1579,#1580,#1581,#1582));
#288=EDGE_LOOP('',(#1583,#1584,#1585,#1586));
#289=EDGE_LOOP('',(#1587,#1588,#1589,#1590));
#290=EDGE_LOOP('',(#1591,#1592,#1593,#1594));
#291=EDGE_LOOP('',(#1595,#1596,#1597,#1598));
#292=EDGE_LOOP('',(#1599,#1600,#1601,#1602));
#293=EDGE_LOOP('',(#1603,#1604,#1605,#1606));
#294=EDGE_LOOP('',(#1607,#1608,#1609,#1610));
#295=EDGE_LOOP('',(#1611,#1612,#1613,#1614));
#296=EDGE_LOOP('',(#1615,#1616,#1617,#1618));
#297=EDGE_LOOP('',(#1619,#1620,#1621,#1622));
#298=EDGE_LOOP('',(#1623,#1624,#1625,#1626));
#299=EDGE_LOOP('',(#1627,#1628,#1629,#1630));
#300=EDGE_LOOP('',(#1631,#1632,#1633,#1634));
#301=EDGE_LOOP('',(#1635,#1636,#1637,#1638,#1639,#1640));
#302=EDGE_LOOP('',(#1641,#1642,#1643,#1644));
#303=EDGE_LOOP('',(#1645,#1646,#1647,#1648));
#304=EDGE_LOOP('',(#1649,#1650,#1651,#1652,#1653,#1654));
#305=EDGE_LOOP('',(#1655,#1656,#1657,#1658,#1659,#1660,#1661,#1662));
#306=EDGE_LOOP('',(#1663,#1664,#1665,#1666,#1667,#1668,#1669,#1670,#1671,
#1672,#1673,#1674));
#307=EDGE_LOOP('',(#1675,#1676,#1677,#1678));
#308=EDGE_LOOP('',(#1679));
#309=EDGE_LOOP('',(#1680));
#310=EDGE_LOOP('',(#1681));
#311=EDGE_LOOP('',(#1682));
#312=EDGE_LOOP('',(#1683,#1684,#1685,#1686));
#313=EDGE_LOOP('',(#1687,#1688,#1689,#1690));
#314=EDGE_LOOP('',(#1691,#1692,#1693,#1694));
#315=EDGE_LOOP('',(#1695,#1696,#1697,#1698));
#316=EDGE_LOOP('',(#1699,#1700,#1701,#1702));
#317=EDGE_LOOP('',(#1703,#1704,#1705,#1706));
#318=EDGE_LOOP('',(#1707,#1708,#1709,#1710));
#319=EDGE_LOOP('',(#1711,#1712,#1713,#1714));
#320=EDGE_LOOP('',(#1715,#1716,#1717,#1718));
#321=EDGE_LOOP('',(#1719,#1720,#1721,#1722));
#322=EDGE_LOOP('',(#1723,#1724,#1725,#1726));
#323=EDGE_LOOP('',(#1727,#1728,#1729,#1730));
#324=EDGE_LOOP('',(#1731,#1732,#1733,#1734));
#325=EDGE_LOOP('',(#1735,#1736,#1737,#1738));
#326=EDGE_LOOP('',(#1739,#1740,#1741,#1742));
#327=EDGE_LOOP('',(#1743,#1744,#1745,#1746));
#328=EDGE_LOOP('',(#1747,#1748,#1749,#1750));
#329=EDGE_LOOP('',(#1751,#1752,#1753,#1754));
#330=EDGE_LOOP('',(#1755,#1756,#1757,#1758));
#331=EDGE_LOOP('',(#1759,#1760,#1761,#1762,#1763,#1764,#1765,#1766));
#332=EDGE_LOOP('',(#1767,#1768,#1769,#1770));
#333=EDGE_LOOP('',(#1771,#1772,#1773,#1774));
#334=EDGE_LOOP('',(#1775,#1776,#1777,#1778));
#335=EDGE_LOOP('',(#1779,#1780,#1781,#1782));
#336=EDGE_LOOP('',(#1783,#1784,#1785,#1786));
#337=EDGE_LOOP('',(#1787,#1788,#1789,#1790));
#338=EDGE_LOOP('',(#1791));
#339=EDGE_LOOP('',(#1792));
#340=EDGE_LOOP('',(#1793));
#341=EDGE_LOOP('',(#1794));
#342=EDGE_LOOP('',(#1795,#1796,#1797,#1798));
#343=EDGE_LOOP('',(#1799,#1800,#1801,#1802));
#344=EDGE_LOOP('',(#1803,#1804,#1805,#1806));
#345=EDGE_LOOP('',(#1807,#1808,#1809,#1810));
#346=EDGE_LOOP('',(#1811,#1812,#1813,#1814));
#347=EDGE_LOOP('',(#1815,#1816,#1817,#1818));
#348=EDGE_LOOP('',(#1819,#1820,#1821,#1822));
#349=EDGE_LOOP('',(#1823,#1824,#1825,#1826));
#350=EDGE_LOOP('',(#1827,#1828,#1829,#1830));
#351=EDGE_LOOP('',(#1831,#1832,#1833,#1834));
#352=EDGE_LOOP('',(#1835,#1836,#1837,#1838));
#353=EDGE_LOOP('',(#1839,#1840,#1841,#1842,#1843,#1844,#1845,#1846,#1847,
#1848,#1849,#1850));
#354=EDGE_LOOP('',(#1851,#1852,#1853,#1854));
#355=EDGE_LOOP('',(#1855,#1856,#1857,#1858));
#356=EDGE_LOOP('',(#1859,#1860,#1861,#1862));
#357=EDGE_LOOP('',(#1863,#1864,#1865,#1866));
#358=EDGE_LOOP('',(#1867,#1868,#1869,#1870));
#359=EDGE_LOOP('',(#1871,#1872,#1873,#1874));
#360=EDGE_LOOP('',(#1875,#1876,#1877,#1878));
#361=EDGE_LOOP('',(#1879,#1880,#1881,#1882));
#362=EDGE_LOOP('',(#1883,#1884,#1885,#1886));
#363=EDGE_LOOP('',(#1887,#1888,#1889,#1890));
#364=EDGE_LOOP('',(#1891,#1892,#1893,#1894));
#365=EDGE_LOOP('',(#1895,#1896,#1897,#1898));
#366=EDGE_LOOP('',(#1899,#1900,#1901,#1902));
#367=EDGE_LOOP('',(#1903,#1904,#1905,#1906));
#368=EDGE_LOOP('',(#1907,#1908,#1909,#1910));
#369=EDGE_LOOP('',(#1911,#1912,#1913,#1914));
#370=EDGE_LOOP('',(#1915,#1916,#1917,#1918));
#371=EDGE_LOOP('',(#1919,#1920,#1921,#1922));
#372=EDGE_LOOP('',(#1923,#1924,#1925,#1926));
#373=EDGE_LOOP('',(#1927,#1928,#1929,#1930));
#374=EDGE_LOOP('',(#1931,#1932,#1933,#1934));
#375=EDGE_LOOP('',(#1935,#1936,#1937,#1938));
#376=EDGE_LOOP('',(#1939,#1940,#1941,#1942));
#377=EDGE_LOOP('',(#1943,#1944,#1945,#1946));
#378=EDGE_LOOP('',(#1947,#1948,#1949,#1950,#1951,#1952,#1953,#1954,#1955,
#1956,#1957,#1958,#1959,#1960,#1961));
#379=EDGE_LOOP('',(#1962,#1963,#1964,#1965,#1966,#1967,#1968,#1969,#1970,
#1971,#1972,#1973,#1974,#1975,#1976));
#380=LINE('',#2896,#645);
#381=LINE('',#2898,#646);
#382=LINE('',#2900,#647);
#383=LINE('',#2901,#648);
#384=LINE('',#2905,#649);
#385=LINE('',#2907,#650);
#386=LINE('',#2909,#651);
#387=LINE('',#2910,#652);
#388=LINE('',#2912,#653);
#389=LINE('',#2913,#654);
#390=LINE('',#2915,#655);
#391=LINE('',#2917,#656);
#392=LINE('',#2923,#657);
#393=LINE('',#2925,#658);
#394=LINE('',#2927,#659);
#395=LINE('',#2928,#660);
#396=LINE('',#2932,#661);
#397=LINE('',#2934,#662);
#398=LINE('',#2936,#663);
#399=LINE('',#2937,#664);
#400=LINE('',#2939,#665);
#401=LINE('',#2940,#666);
#402=LINE('',#2942,#667);
#403=LINE('',#2944,#668);
#404=LINE('',#2951,#669);
#405=LINE('',#2957,#670);
#406=LINE('',#2963,#671);
#407=LINE('',#2969,#672);
#408=LINE('',#2974,#673);
#409=LINE('',#2976,#674);
#410=LINE('',#2978,#675);
#411=LINE('',#2979,#676);
#412=LINE('',#2983,#677);
#413=LINE('',#2985,#678);
#414=LINE('',#2987,#679);
#415=LINE('',#2988,#680);
#416=LINE('',#2990,#681);
#417=LINE('',#2991,#682);
#418=LINE('',#2993,#683);
#419=LINE('',#2995,#684);
#420=LINE('',#3001,#685);
#421=LINE('',#3003,#686);
#422=LINE('',#3005,#687);
#423=LINE('',#3006,#688);
#424=LINE('',#3009,#689);
#425=LINE('',#3011,#690);
#426=LINE('',#3012,#691);
#427=LINE('',#3015,#692);
#428=LINE('',#3017,#693);
#429=LINE('',#3018,#694);
#430=LINE('',#3020,#695);
#431=LINE('',#3021,#696);
#432=LINE('',#3025,#697);
#433=LINE('',#3027,#698);
#434=LINE('',#3029,#699);
#435=LINE('',#3030,#700);
#436=LINE('',#3033,#701);
#437=LINE('',#3035,#702);
#438=LINE('',#3036,#703);
#439=LINE('',#3039,#704);
#440=LINE('',#3041,#705);
#441=LINE('',#3042,#706);
#442=LINE('',#3044,#707);
#443=LINE('',#3045,#708);
#444=LINE('',#3049,#709);
#445=LINE('',#3051,#710);
#446=LINE('',#3053,#711);
#447=LINE('',#3054,#712);
#448=LINE('',#3057,#713);
#449=LINE('',#3059,#714);
#450=LINE('',#3060,#715);
#451=LINE('',#3063,#716);
#452=LINE('',#3065,#717);
#453=LINE('',#3066,#718);
#454=LINE('',#3068,#719);
#455=LINE('',#3069,#720);
#456=LINE('',#3073,#721);
#457=LINE('',#3075,#722);
#458=LINE('',#3077,#723);
#459=LINE('',#3078,#724);
#460=LINE('',#3081,#725);
#461=LINE('',#3083,#726);
#462=LINE('',#3084,#727);
#463=LINE('',#3087,#728);
#464=LINE('',#3089,#729);
#465=LINE('',#3090,#730);
#466=LINE('',#3092,#731);
#467=LINE('',#3093,#732);
#468=LINE('',#3097,#733);
#469=LINE('',#3099,#734);
#470=LINE('',#3101,#735);
#471=LINE('',#3102,#736);
#472=LINE('',#3105,#737);
#473=LINE('',#3107,#738);
#474=LINE('',#3108,#739);
#475=LINE('',#3111,#740);
#476=LINE('',#3113,#741);
#477=LINE('',#3114,#742);
#478=LINE('',#3116,#743);
#479=LINE('',#3117,#744);
#480=LINE('',#3121,#745);
#481=LINE('',#3123,#746);
#482=LINE('',#3125,#747);
#483=LINE('',#3126,#748);
#484=LINE('',#3129,#749);
#485=LINE('',#3131,#750);
#486=LINE('',#3132,#751);
#487=LINE('',#3135,#752);
#488=LINE('',#3137,#753);
#489=LINE('',#3138,#754);
#490=LINE('',#3140,#755);
#491=LINE('',#3141,#756);
#492=LINE('',#3145,#757);
#493=LINE('',#3147,#758);
#494=LINE('',#3149,#759);
#495=LINE('',#3150,#760);
#496=LINE('',#3153,#761);
#497=LINE('',#3155,#762);
#498=LINE('',#3156,#763);
#499=LINE('',#3159,#764);
#500=LINE('',#3161,#765);
#501=LINE('',#3162,#766);
#502=LINE('',#3164,#767);
#503=LINE('',#3165,#768);
#504=LINE('',#3169,#769);
#505=LINE('',#3171,#770);
#506=LINE('',#3173,#771);
#507=LINE('',#3174,#772);
#508=LINE('',#3177,#773);
#509=LINE('',#3179,#774);
#510=LINE('',#3180,#775);
#511=LINE('',#3183,#776);
#512=LINE('',#3185,#777);
#513=LINE('',#3186,#778);
#514=LINE('',#3188,#779);
#515=LINE('',#3189,#780);
#516=LINE('',#3193,#781);
#517=LINE('',#3195,#782);
#518=LINE('',#3197,#783);
#519=LINE('',#3198,#784);
#520=LINE('',#3201,#785);
#521=LINE('',#3203,#786);
#522=LINE('',#3204,#787);
#523=LINE('',#3207,#788);
#524=LINE('',#3209,#789);
#525=LINE('',#3210,#790);
#526=LINE('',#3212,#791);
#527=LINE('',#3213,#792);
#528=LINE('',#3217,#793);
#529=LINE('',#3219,#794);
#530=LINE('',#3221,#795);
#531=LINE('',#3223,#796);
#532=LINE('',#3225,#797);
#533=LINE('',#3226,#798);
#534=LINE('',#3229,#799);
#535=LINE('',#3231,#800);
#536=LINE('',#3232,#801);
#537=LINE('',#3235,#802);
#538=LINE('',#3237,#803);
#539=LINE('',#3238,#804);
#540=LINE('',#3240,#805);
#541=LINE('',#3242,#806);
#542=LINE('',#3244,#807);
#543=LINE('',#3245,#808);
#544=LINE('',#3249,#809);
#545=LINE('',#3251,#810);
#546=LINE('',#3253,#811);
#547=LINE('',#3255,#812);
#548=LINE('',#3257,#813);
#549=LINE('',#3259,#814);
#550=LINE('',#3261,#815);
#551=LINE('',#3262,#816);
#552=LINE('',#3264,#817);
#553=LINE('',#3266,#818);
#554=LINE('',#3268,#819);
#555=LINE('',#3270,#820);
#556=LINE('',#3272,#821);
#557=LINE('',#3274,#822);
#558=LINE('',#3276,#823);
#559=LINE('',#3278,#824);
#560=LINE('',#3279,#825);
#561=LINE('',#3282,#826);
#562=LINE('',#3284,#827);
#563=LINE('',#3286,#828);
#564=LINE('',#3287,#829);
#565=LINE('',#3298,#830);
#566=LINE('',#3299,#831);
#567=LINE('',#3302,#832);
#568=LINE('',#3303,#833);
#569=LINE('',#3306,#834);
#570=LINE('',#3310,#835);
#571=LINE('',#3314,#836);
#572=LINE('',#3318,#837);
#573=LINE('',#3322,#838);
#574=LINE('',#3324,#839);
#575=LINE('',#3325,#840);
#576=LINE('',#3328,#841);
#577=LINE('',#3329,#842);
#578=LINE('',#3332,#843);
#579=LINE('',#3334,#844);
#580=LINE('',#3335,#845);
#581=LINE('',#3338,#846);
#582=LINE('',#3339,#847);
#583=LINE('',#3342,#848);
#584=LINE('',#3343,#849);
#585=LINE('',#3346,#850);
#586=LINE('',#3347,#851);
#587=LINE('',#3350,#852);
#588=LINE('',#3352,#853);
#589=LINE('',#3353,#854);
#590=LINE('',#3356,#855);
#591=LINE('',#3357,#856);
#592=LINE('',#3360,#857);
#593=LINE('',#3361,#858);
#594=LINE('',#3363,#859);
#595=LINE('',#3366,#860);
#596=LINE('',#3367,#861);
#597=LINE('',#3369,#862);
#598=LINE('',#3372,#863);
#599=LINE('',#3373,#864);
#600=LINE('',#3376,#865);
#601=LINE('',#3378,#866);
#602=LINE('',#3379,#867);
#603=LINE('',#3381,#868);
#604=LINE('',#3383,#869);
#605=LINE('',#3387,#870);
#606=LINE('',#3388,#871);
#607=LINE('',#3391,#872);
#608=LINE('',#3392,#873);
#609=LINE('',#3394,#874);
#610=LINE('',#3563,#875);
#611=LINE('',#3608,#876);
#612=LINE('',#3611,#877);
#613=LINE('',#3613,#878);
#614=LINE('',#3614,#879);
#615=LINE('',#3617,#880);
#616=LINE('',#3619,#881);
#617=LINE('',#3620,#882);
#618=LINE('',#3623,#883);
#619=LINE('',#3625,#884);
#620=LINE('',#3626,#885);
#621=LINE('',#3709,#886);
#622=LINE('',#3712,#887);
#623=LINE('',#3714,#888);
#624=LINE('',#3715,#889);
#625=LINE('',#3798,#890);
#626=LINE('',#3801,#891);
#627=LINE('',#3803,#892);
#628=LINE('',#3804,#893);
#629=LINE('',#3807,#894);
#630=LINE('',#3809,#895);
#631=LINE('',#3810,#896);
#632=LINE('',#3813,#897);
#633=LINE('',#3815,#898);
#634=LINE('',#3816,#899);
#635=LINE('',#3871,#900);
#636=LINE('',#3874,#901);
#637=LINE('',#3876,#902);
#638=LINE('',#3877,#903);
#639=LINE('',#4072,#904);
#640=LINE('',#4075,#905);
#641=LINE('',#4077,#906);
#642=LINE('',#4078,#907);
#643=LINE('',#4080,#908);
#644=LINE('',#4081,#909);
#645=VECTOR('',#2374,0.0235294117647059);
#646=VECTOR('',#2375,0.0634090909090909);
#647=VECTOR('',#2376,0.0235294117647059);
#648=VECTOR('',#2377,0.0634090909090909);
#649=VECTOR('',#2380,0.0235294117647059);
#650=VECTOR('',#2381,0.0634090909090909);
#651=VECTOR('',#2382,0.0235294117647059);
#652=VECTOR('',#2383,0.0634090909090909);
#653=VECTOR('',#2386,0.0825);
#654=VECTOR('',#2387,0.0825);
#655=VECTOR('',#2390,0.0825);
#656=VECTOR('',#2393,0.0825);
#657=VECTOR('',#2400,0.0235294117647059);
#658=VECTOR('',#2401,0.0675);
#659=VECTOR('',#2402,0.0235294117647059);
#660=VECTOR('',#2403,0.0675);
#661=VECTOR('',#2406,0.0235294117647059);
#662=VECTOR('',#2407,0.0675);
#663=VECTOR('',#2408,0.0235294117647059);
#664=VECTOR('',#2409,0.0675);
#665=VECTOR('',#2412,0.0875);
#666=VECTOR('',#2413,0.0875);
#667=VECTOR('',#2416,0.0875);
#668=VECTOR('',#2419,0.0875);
#669=VECTOR('',#2428,0.05085);
#670=VECTOR('',#2435,0.05085);
#671=VECTOR('',#2442,0.05085);
#672=VECTOR('',#2449,0.05085);
#673=VECTOR('',#2454,0.01);
#674=VECTOR('',#2455,0.09);
#675=VECTOR('',#2456,0.01);
#676=VECTOR('',#2457,0.09);
#677=VECTOR('',#2460,0.01);
#678=VECTOR('',#2461,0.09);
#679=VECTOR('',#2462,0.01);
#680=VECTOR('',#2463,0.09);
#681=VECTOR('',#2466,0.1);
#682=VECTOR('',#2467,0.1);
#683=VECTOR('',#2470,0.1);
#684=VECTOR('',#2473,0.1);
#685=VECTOR('',#2480,1.);
#686=VECTOR('',#2481,1.);
#687=VECTOR('',#2482,1.);
#688=VECTOR('',#2483,1.);
#689=VECTOR('',#2486,1.);
#690=VECTOR('',#2487,1.);
#691=VECTOR('',#2488,1.);
#692=VECTOR('',#2491,1.);
#693=VECTOR('',#2492,1.);
#694=VECTOR('',#2493,1.);
#695=VECTOR('',#2496,1.);
#696=VECTOR('',#2497,1.);
#697=VECTOR('',#2500,1.);
#698=VECTOR('',#2501,1.);
#699=VECTOR('',#2502,1.);
#700=VECTOR('',#2503,1.);
#701=VECTOR('',#2506,1.);
#702=VECTOR('',#2507,1.);
#703=VECTOR('',#2508,1.);
#704=VECTOR('',#2511,1.);
#705=VECTOR('',#2512,1.);
#706=VECTOR('',#2513,1.);
#707=VECTOR('',#2516,1.);
#708=VECTOR('',#2517,1.);
#709=VECTOR('',#2520,1.);
#710=VECTOR('',#2521,1.);
#711=VECTOR('',#2522,1.);
#712=VECTOR('',#2523,1.);
#713=VECTOR('',#2526,1.);
#714=VECTOR('',#2527,1.);
#715=VECTOR('',#2528,1.);
#716=VECTOR('',#2531,1.);
#717=VECTOR('',#2532,1.);
#718=VECTOR('',#2533,1.);
#719=VECTOR('',#2536,1.);
#720=VECTOR('',#2537,1.);
#721=VECTOR('',#2540,1.);
#722=VECTOR('',#2541,1.);
#723=VECTOR('',#2542,1.);
#724=VECTOR('',#2543,1.);
#725=VECTOR('',#2546,1.);
#726=VECTOR('',#2547,1.);
#727=VECTOR('',#2548,1.);
#728=VECTOR('',#2551,1.);
#729=VECTOR('',#2552,1.);
#730=VECTOR('',#2553,1.);
#731=VECTOR('',#2556,1.);
#732=VECTOR('',#2557,1.);
#733=VECTOR('',#2560,1.);
#734=VECTOR('',#2561,1.);
#735=VECTOR('',#2562,1.);
#736=VECTOR('',#2563,1.);
#737=VECTOR('',#2566,1.);
#738=VECTOR('',#2567,1.);
#739=VECTOR('',#2568,1.);
#740=VECTOR('',#2571,1.);
#741=VECTOR('',#2572,1.);
#742=VECTOR('',#2573,1.);
#743=VECTOR('',#2576,1.);
#744=VECTOR('',#2577,1.);
#745=VECTOR('',#2580,1.);
#746=VECTOR('',#2581,1.);
#747=VECTOR('',#2582,1.);
#748=VECTOR('',#2583,1.);
#749=VECTOR('',#2586,1.);
#750=VECTOR('',#2587,1.);
#751=VECTOR('',#2588,1.);
#752=VECTOR('',#2591,1.);
#753=VECTOR('',#2592,1.);
#754=VECTOR('',#2593,1.);
#755=VECTOR('',#2596,1.);
#756=VECTOR('',#2597,1.);
#757=VECTOR('',#2600,1.);
#758=VECTOR('',#2601,1.);
#759=VECTOR('',#2602,1.);
#760=VECTOR('',#2603,1.);
#761=VECTOR('',#2606,1.);
#762=VECTOR('',#2607,1.);
#763=VECTOR('',#2608,1.);
#764=VECTOR('',#2611,1.);
#765=VECTOR('',#2612,1.);
#766=VECTOR('',#2613,1.);
#767=VECTOR('',#2616,1.);
#768=VECTOR('',#2617,1.);
#769=VECTOR('',#2620,1.);
#770=VECTOR('',#2621,1.);
#771=VECTOR('',#2622,1.);
#772=VECTOR('',#2623,1.);
#773=VECTOR('',#2626,1.);
#774=VECTOR('',#2627,1.);
#775=VECTOR('',#2628,1.);
#776=VECTOR('',#2631,1.);
#777=VECTOR('',#2632,1.);
#778=VECTOR('',#2633,1.);
#779=VECTOR('',#2636,1.);
#780=VECTOR('',#2637,1.);
#781=VECTOR('',#2640,1.);
#782=VECTOR('',#2641,1.);
#783=VECTOR('',#2642,1.);
#784=VECTOR('',#2643,1.);
#785=VECTOR('',#2646,1.);
#786=VECTOR('',#2647,1.);
#787=VECTOR('',#2648,1.);
#788=VECTOR('',#2651,1.);
#789=VECTOR('',#2652,1.);
#790=VECTOR('',#2653,1.);
#791=VECTOR('',#2656,1.);
#792=VECTOR('',#2657,1.);
#793=VECTOR('',#2660,1.);
#794=VECTOR('',#2661,1.);
#795=VECTOR('',#2662,1.);
#796=VECTOR('',#2663,1.);
#797=VECTOR('',#2664,1.);
#798=VECTOR('',#2665,1.);
#799=VECTOR('',#2668,1.);
#800=VECTOR('',#2669,1.);
#801=VECTOR('',#2670,1.);
#802=VECTOR('',#2673,1.);
#803=VECTOR('',#2674,1.);
#804=VECTOR('',#2675,1.);
#805=VECTOR('',#2678,1.);
#806=VECTOR('',#2679,1.);
#807=VECTOR('',#2680,1.);
#808=VECTOR('',#2681,1.);
#809=VECTOR('',#2684,1.);
#810=VECTOR('',#2685,1.);
#811=VECTOR('',#2686,1.);
#812=VECTOR('',#2687,1.);
#813=VECTOR('',#2688,1.);
#814=VECTOR('',#2689,1.);
#815=VECTOR('',#2690,1.);
#816=VECTOR('',#2691,1.);
#817=VECTOR('',#2692,1.);
#818=VECTOR('',#2693,1.);
#819=VECTOR('',#2694,1.);
#820=VECTOR('',#2695,1.);
#821=VECTOR('',#2696,1.);
#822=VECTOR('',#2697,1.);
#823=VECTOR('',#2698,1.);
#824=VECTOR('',#2699,1.);
#825=VECTOR('',#2700,1.);
#826=VECTOR('',#2701,1.);
#827=VECTOR('',#2702,1.);
#828=VECTOR('',#2703,1.);
#829=VECTOR('',#2704,1.);
#830=VECTOR('',#2715,0.080085);
#831=VECTOR('',#2716,1.);
#832=VECTOR('',#2719,0.080085);
#833=VECTOR('',#2720,0.080085);
#834=VECTOR('',#2723,0.10085);
#835=VECTOR('',#2728,0.10085);
#836=VECTOR('',#2733,0.10085);
#837=VECTOR('',#2738,0.10085);
#838=VECTOR('',#2743,0.310085);
#839=VECTOR('',#2744,1.);
#840=VECTOR('',#2745,0.310085);
#841=VECTOR('',#2748,0.310085);
#842=VECTOR('',#2749,1.);
#843=VECTOR('',#2752,0.1);
#844=VECTOR('',#2753,0.37);
#845=VECTOR('',#2754,0.1);
#846=VECTOR('',#2757,0.1);
#847=VECTOR('',#2758,0.115);
#848=VECTOR('',#2761,0.1);
#849=VECTOR('',#2762,0.115);
#850=VECTOR('',#2765,0.1);
#851=VECTOR('',#2766,0.555000000000001);
#852=VECTOR('',#2769,0.080085);
#853=VECTOR('',#2770,0.115085);
#854=VECTOR('',#2771,1.);
#855=VECTOR('',#2774,0.080085);
#856=VECTOR('',#2775,0.055085);
#857=VECTOR('',#2778,0.080085);
#858=VECTOR('',#2779,0.115085);
#859=VECTOR('',#2782,0.055085);
#860=VECTOR('',#2785,0.310085);
#861=VECTOR('',#2786,1.);
#862=VECTOR('',#2789,1.);
#863=VECTOR('',#2792,0.1);
#864=VECTOR('',#2793,0.1);
#865=VECTOR('',#2796,0.1);
#866=VECTOR('',#2797,0.37);
#867=VECTOR('',#2798,0.1);
#868=VECTOR('',#2801,0.1);
#869=VECTOR('',#2804,0.1);
#870=VECTOR('',#2809,0.450085);
#871=VECTOR('',#2810,0.080085);
#872=VECTOR('',#2813,0.080085);
#873=VECTOR('',#2814,0.080085);
#874=VECTOR('',#2817,0.450085);
#875=VECTOR('',#2822,0.0235294117647059);
#876=VECTOR('',#2823,0.0235294117647059);
#877=VECTOR('',#2826,0.0775071089413339);
#878=VECTOR('',#2827,0.0775071089413339);
#879=VECTOR('',#2828,0.0235294117647059);
#880=VECTOR('',#2831,0.288162877099791);
#881=VECTOR('',#2832,0.288162877099791);
#882=VECTOR('',#2833,0.0235294117647059);
#883=VECTOR('',#2836,0.0775071089413339);
#884=VECTOR('',#2837,0.0775071089413339);
#885=VECTOR('',#2838,0.0235294117647059);
#886=VECTOR('',#2839,0.0235294117647059);
#887=VECTOR('',#2842,0.762502369044474);
#888=VECTOR('',#2843,0.762502369044474);
#889=VECTOR('',#2844,0.0235294117647059);
#890=VECTOR('',#2845,0.0235294117647059);
#891=VECTOR('',#2848,0.0764597155772618);
#892=VECTOR('',#2849,0.0764597155772618);
#893=VECTOR('',#2850,0.0235294117647059);
#894=VECTOR('',#2853,0.219003786595841);
#895=VECTOR('',#2854,0.219003786595841);
#896=VECTOR('',#2855,0.0235294117647059);
#897=VECTOR('',#2858,0.239853080372506);
#898=VECTOR('',#2859,0.239853080372506);
#899=VECTOR('',#2860,0.0235294117647059);
#900=VECTOR('',#2861,0.0235294117647059);
#901=VECTOR('',#2864,0.0081363635887);
#902=VECTOR('',#2865,0.0081363635887);
#903=VECTOR('',#2866,0.0235294117647059);
#904=VECTOR('',#2867,0.0235294117647059);
#905=VECTOR('',#2870,0.0775071089413339);
#906=VECTOR('',#2871,0.0775071089413339);
#907=VECTOR('',#2872,0.0235294117647059);
#908=VECTOR('',#2875,0.20747727151185);
#909=VECTOR('',#2876,0.20747727151185);
#910=VERTEX_POINT('',#2894);
#911=VERTEX_POINT('',#2895);
#912=VERTEX_POINT('',#2897);
#913=VERTEX_POINT('',#2899);
#914=VERTEX_POINT('',#2903);
#915=VERTEX_POINT('',#2904);
#916=VERTEX_POINT('',#2906);
#917=VERTEX_POINT('',#2908);
#918=VERTEX_POINT('',#2921);
#919=VERTEX_POINT('',#2922);
#920=VERTEX_POINT('',#2924);
#921=VERTEX_POINT('',#2926);
#922=VERTEX_POINT('',#2930);
#923=VERTEX_POINT('',#2931);
#924=VERTEX_POINT('',#2933);
#925=VERTEX_POINT('',#2935);
#926=VERTEX_POINT('',#2948);
#927=VERTEX_POINT('',#2950);
#928=VERTEX_POINT('',#2954);
#929=VERTEX_POINT('',#2956);
#930=VERTEX_POINT('',#2960);
#931=VERTEX_POINT('',#2962);
#932=VERTEX_POINT('',#2966);
#933=VERTEX_POINT('',#2968);
#934=VERTEX_POINT('',#2972);
#935=VERTEX_POINT('',#2973);
#936=VERTEX_POINT('',#2975);
#937=VERTEX_POINT('',#2977);
#938=VERTEX_POINT('',#2981);
#939=VERTEX_POINT('',#2982);
#940=VERTEX_POINT('',#2984);
#941=VERTEX_POINT('',#2986);
#942=VERTEX_POINT('',#2999);
#943=VERTEX_POINT('',#3000);
#944=VERTEX_POINT('',#3002);
#945=VERTEX_POINT('',#3004);
#946=VERTEX_POINT('',#3008);
#947=VERTEX_POINT('',#3010);
#948=VERTEX_POINT('',#3014);
#949=VERTEX_POINT('',#3016);
#950=VERTEX_POINT('',#3023);
#951=VERTEX_POINT('',#3024);
#952=VERTEX_POINT('',#3026);
#953=VERTEX_POINT('',#3028);
#954=VERTEX_POINT('',#3032);
#955=VERTEX_POINT('',#3034);
#956=VERTEX_POINT('',#3038);
#957=VERTEX_POINT('',#3040);
#958=VERTEX_POINT('',#3047);
#959=VERTEX_POINT('',#3048);
#960=VERTEX_POINT('',#3050);
#961=VERTEX_POINT('',#3052);
#962=VERTEX_POINT('',#3056);
#963=VERTEX_POINT('',#3058);
#964=VERTEX_POINT('',#3062);
#965=VERTEX_POINT('',#3064);
#966=VERTEX_POINT('',#3071);
#967=VERTEX_POINT('',#3072);
#968=VERTEX_POINT('',#3074);
#969=VERTEX_POINT('',#3076);
#970=VERTEX_POINT('',#3080);
#971=VERTEX_POINT('',#3082);
#972=VERTEX_POINT('',#3086);
#973=VERTEX_POINT('',#3088);
#974=VERTEX_POINT('',#3095);
#975=VERTEX_POINT('',#3096);
#976=VERTEX_POINT('',#3098);
#977=VERTEX_POINT('',#3100);
#978=VERTEX_POINT('',#3104);
#979=VERTEX_POINT('',#3106);
#980=VERTEX_POINT('',#3110);
#981=VERTEX_POINT('',#3112);
#982=VERTEX_POINT('',#3119);
#983=VERTEX_POINT('',#3120);
#984=VERTEX_POINT('',#3122);
#985=VERTEX_POINT('',#3124);
#986=VERTEX_POINT('',#3128);
#987=VERTEX_POINT('',#3130);
#988=VERTEX_POINT('',#3134);
#989=VERTEX_POINT('',#3136);
#990=VERTEX_POINT('',#3143);
#991=VERTEX_POINT('',#3144);
#992=VERTEX_POINT('',#3146);
#993=VERTEX_POINT('',#3148);
#994=VERTEX_POINT('',#3152);
#995=VERTEX_POINT('',#3154);
#996=VERTEX_POINT('',#3158);
#997=VERTEX_POINT('',#3160);
#998=VERTEX_POINT('',#3167);
#999=VERTEX_POINT('',#3168);
#1000=VERTEX_POINT('',#3170);
#1001=VERTEX_POINT('',#3172);
#1002=VERTEX_POINT('',#3176);
#1003=VERTEX_POINT('',#3178);
#1004=VERTEX_POINT('',#3182);
#1005=VERTEX_POINT('',#3184);
#1006=VERTEX_POINT('',#3191);
#1007=VERTEX_POINT('',#3192);
#1008=VERTEX_POINT('',#3194);
#1009=VERTEX_POINT('',#3196);
#1010=VERTEX_POINT('',#3200);
#1011=VERTEX_POINT('',#3202);
#1012=VERTEX_POINT('',#3206);
#1013=VERTEX_POINT('',#3208);
#1014=VERTEX_POINT('',#3215);
#1015=VERTEX_POINT('',#3216);
#1016=VERTEX_POINT('',#3218);
#1017=VERTEX_POINT('',#3220);
#1018=VERTEX_POINT('',#3222);
#1019=VERTEX_POINT('',#3224);
#1020=VERTEX_POINT('',#3228);
#1021=VERTEX_POINT('',#3230);
#1022=VERTEX_POINT('',#3234);
#1023=VERTEX_POINT('',#3236);
#1024=VERTEX_POINT('',#3241);
#1025=VERTEX_POINT('',#3243);
#1026=VERTEX_POINT('',#3247);
#1027=VERTEX_POINT('',#3248);
#1028=VERTEX_POINT('',#3250);
#1029=VERTEX_POINT('',#3252);
#1030=VERTEX_POINT('',#3254);
#1031=VERTEX_POINT('',#3256);
#1032=VERTEX_POINT('',#3258);
#1033=VERTEX_POINT('',#3260);
#1034=VERTEX_POINT('',#3263);
#1035=VERTEX_POINT('',#3265);
#1036=VERTEX_POINT('',#3267);
#1037=VERTEX_POINT('',#3269);
#1038=VERTEX_POINT('',#3271);
#1039=VERTEX_POINT('',#3273);
#1040=VERTEX_POINT('',#3275);
#1041=VERTEX_POINT('',#3277);
#1042=VERTEX_POINT('',#3280);
#1043=VERTEX_POINT('',#3281);
#1044=VERTEX_POINT('',#3283);
#1045=VERTEX_POINT('',#3285);
#1046=VERTEX_POINT('',#3288);
#1047=VERTEX_POINT('',#3290);
#1048=VERTEX_POINT('',#3292);
#1049=VERTEX_POINT('',#3294);
#1050=VERTEX_POINT('',#3297);
#1051=VERTEX_POINT('',#3301);
#1052=VERTEX_POINT('',#3305);
#1053=VERTEX_POINT('',#3309);
#1054=VERTEX_POINT('',#3313);
#1055=VERTEX_POINT('',#3317);
#1056=VERTEX_POINT('',#3321);
#1057=VERTEX_POINT('',#3323);
#1058=VERTEX_POINT('',#3327);
#1059=VERTEX_POINT('',#3331);
#1060=VERTEX_POINT('',#3333);
#1061=VERTEX_POINT('',#3337);
#1062=VERTEX_POINT('',#3341);
#1063=VERTEX_POINT('',#3345);
#1064=VERTEX_POINT('',#3349);
#1065=VERTEX_POINT('',#3351);
#1066=VERTEX_POINT('',#3355);
#1067=VERTEX_POINT('',#3359);
#1068=VERTEX_POINT('',#3365);
#1069=VERTEX_POINT('',#3371);
#1070=VERTEX_POINT('',#3375);
#1071=VERTEX_POINT('',#3377);
#1072=VERTEX_POINT('',#3386);
#1073=VERTEX_POINT('',#3390);
#1074=VERTEX_POINT('',#3517);
#1075=VERTEX_POINT('',#3518);
#1076=VERTEX_POINT('',#3562);
#1077=VERTEX_POINT('',#3564);
#1078=VERTEX_POINT('',#3610);
#1079=VERTEX_POINT('',#3612);
#1080=VERTEX_POINT('',#3616);
#1081=VERTEX_POINT('',#3618);
#1082=VERTEX_POINT('',#3622);
#1083=VERTEX_POINT('',#3624);
#1084=VERTEX_POINT('',#3675);
#1085=VERTEX_POINT('',#3692);
#1086=VERTEX_POINT('',#3711);
#1087=VERTEX_POINT('',#3713);
#1088=VERTEX_POINT('',#3764);
#1089=VERTEX_POINT('',#3781);
#1090=VERTEX_POINT('',#3800);
#1091=VERTEX_POINT('',#3802);
#1092=VERTEX_POINT('',#3806);
#1093=VERTEX_POINT('',#3808);
#1094=VERTEX_POINT('',#3812);
#1095=VERTEX_POINT('',#3814);
#1096=VERTEX_POINT('',#3849);
#1097=VERTEX_POINT('',#3860);
#1098=VERTEX_POINT('',#3873);
#1099=VERTEX_POINT('',#3875);
#1100=VERTEX_POINT('',#3990);
#1101=VERTEX_POINT('',#4031);
#1102=VERTEX_POINT('',#4074);
#1103=VERTEX_POINT('',#4076);
#1104=EDGE_CURVE('',#910,#911,#380,.T.);
#1105=EDGE_CURVE('',#911,#912,#381,.T.);
#1106=EDGE_CURVE('',#912,#913,#382,.T.);
#1107=EDGE_CURVE('',#913,#910,#383,.T.);
#1108=EDGE_CURVE('',#914,#915,#384,.T.);
#1109=EDGE_CURVE('',#915,#916,#385,.T.);
#1110=EDGE_CURVE('',#916,#917,#386,.T.);
#1111=EDGE_CURVE('',#917,#914,#387,.T.);
#1112=EDGE_CURVE('',#913,#916,#388,.T.);
#1113=EDGE_CURVE('',#910,#915,#389,.T.);
#1114=EDGE_CURVE('',#912,#917,#390,.T.);
#1115=EDGE_CURVE('',#911,#914,#391,.T.);
#1116=EDGE_CURVE('',#918,#919,#392,.T.);
#1117=EDGE_CURVE('',#919,#920,#393,.T.);
#1118=EDGE_CURVE('',#920,#921,#394,.T.);
#1119=EDGE_CURVE('',#921,#918,#395,.T.);
#1120=EDGE_CURVE('',#922,#923,#396,.T.);
#1121=EDGE_CURVE('',#923,#924,#397,.T.);
#1122=EDGE_CURVE('',#924,#925,#398,.T.);
#1123=EDGE_CURVE('',#925,#922,#399,.T.);
#1124=EDGE_CURVE('',#921,#924,#400,.T.);
#1125=EDGE_CURVE('',#918,#923,#401,.T.);
#1126=EDGE_CURVE('',#920,#925,#402,.T.);
#1127=EDGE_CURVE('',#919,#922,#403,.T.);
#1128=EDGE_CURVE('',#926,#926,#84,.T.);
#1129=EDGE_CURVE('',#926,#927,#404,.T.);
#1130=EDGE_CURVE('',#927,#927,#85,.T.);
#1131=EDGE_CURVE('',#928,#928,#86,.T.);
#1132=EDGE_CURVE('',#928,#929,#405,.T.);
#1133=EDGE_CURVE('',#929,#929,#87,.T.);
#1134=EDGE_CURVE('',#930,#930,#88,.T.);
#1135=EDGE_CURVE('',#930,#931,#406,.T.);
#1136=EDGE_CURVE('',#931,#931,#89,.T.);
#1137=EDGE_CURVE('',#932,#932,#90,.T.);
#1138=EDGE_CURVE('',#932,#933,#407,.T.);
#1139=EDGE_CURVE('',#933,#933,#91,.T.);
#1140=EDGE_CURVE('',#934,#935,#408,.T.);
#1141=EDGE_CURVE('',#935,#936,#409,.T.);
#1142=EDGE_CURVE('',#936,#937,#410,.T.);
#1143=EDGE_CURVE('',#937,#934,#411,.T.);
#1144=EDGE_CURVE('',#938,#939,#412,.T.);
#1145=EDGE_CURVE('',#939,#940,#413,.T.);
#1146=EDGE_CURVE('',#940,#941,#414,.T.);
#1147=EDGE_CURVE('',#941,#938,#415,.T.);
#1148=EDGE_CURVE('',#937,#940,#416,.T.);
#1149=EDGE_CURVE('',#934,#939,#417,.T.);
#1150=EDGE_CURVE('',#936,#941,#418,.T.);
#1151=EDGE_CURVE('',#935,#938,#419,.T.);
#1152=EDGE_CURVE('',#942,#943,#420,.T.);
#1153=EDGE_CURVE('',#942,#944,#421,.T.);
#1154=EDGE_CURVE('',#945,#944,#422,.T.);
#1155=EDGE_CURVE('',#945,#943,#423,.T.);
#1156=EDGE_CURVE('',#943,#946,#424,.T.);
#1157=EDGE_CURVE('',#947,#945,#425,.T.);
#1158=EDGE_CURVE('',#946,#947,#426,.T.);
#1159=EDGE_CURVE('',#946,#948,#427,.T.);
#1160=EDGE_CURVE('',#949,#947,#428,.T.);
#1161=EDGE_CURVE('',#949,#948,#429,.T.);
#1162=EDGE_CURVE('',#948,#942,#430,.T.);
#1163=EDGE_CURVE('',#944,#949,#431,.T.);
#1164=EDGE_CURVE('',#950,#951,#432,.T.);
#1165=EDGE_CURVE('',#950,#952,#433,.T.);
#1166=EDGE_CURVE('',#953,#952,#434,.T.);
#1167=EDGE_CURVE('',#953,#951,#435,.T.);
#1168=EDGE_CURVE('',#951,#954,#436,.T.);
#1169=EDGE_CURVE('',#955,#953,#437,.T.);
#1170=EDGE_CURVE('',#954,#955,#438,.T.);
#1171=EDGE_CURVE('',#954,#956,#439,.T.);
#1172=EDGE_CURVE('',#957,#955,#440,.T.);
#1173=EDGE_CURVE('',#957,#956,#441,.T.);
#1174=EDGE_CURVE('',#956,#950,#442,.T.);
#1175=EDGE_CURVE('',#952,#957,#443,.T.);
#1176=EDGE_CURVE('',#958,#959,#444,.T.);
#1177=EDGE_CURVE('',#958,#960,#445,.T.);
#1178=EDGE_CURVE('',#961,#960,#446,.T.);
#1179=EDGE_CURVE('',#961,#959,#447,.T.);
#1180=EDGE_CURVE('',#959,#962,#448,.T.);
#1181=EDGE_CURVE('',#963,#961,#449,.T.);
#1182=EDGE_CURVE('',#962,#963,#450,.T.);
#1183=EDGE_CURVE('',#962,#964,#451,.T.);
#1184=EDGE_CURVE('',#965,#963,#452,.T.);
#1185=EDGE_CURVE('',#965,#964,#453,.T.);
#1186=EDGE_CURVE('',#964,#958,#454,.T.);
#1187=EDGE_CURVE('',#960,#965,#455,.T.);
#1188=EDGE_CURVE('',#966,#967,#456,.T.);
#1189=EDGE_CURVE('',#966,#968,#457,.T.);
#1190=EDGE_CURVE('',#969,#968,#458,.T.);
#1191=EDGE_CURVE('',#969,#967,#459,.T.);
#1192=EDGE_CURVE('',#967,#970,#460,.T.);
#1193=EDGE_CURVE('',#971,#969,#461,.T.);
#1194=EDGE_CURVE('',#970,#971,#462,.T.);
#1195=EDGE_CURVE('',#970,#972,#463,.T.);
#1196=EDGE_CURVE('',#973,#971,#464,.T.);
#1197=EDGE_CURVE('',#973,#972,#465,.T.);
#1198=EDGE_CURVE('',#972,#966,#466,.T.);
#1199=EDGE_CURVE('',#968,#973,#467,.T.);
#1200=EDGE_CURVE('',#974,#975,#468,.T.);
#1201=EDGE_CURVE('',#974,#976,#469,.T.);
#1202=EDGE_CURVE('',#977,#976,#470,.T.);
#1203=EDGE_CURVE('',#977,#975,#471,.T.);
#1204=EDGE_CURVE('',#975,#978,#472,.T.);
#1205=EDGE_CURVE('',#979,#977,#473,.T.);
#1206=EDGE_CURVE('',#978,#979,#474,.T.);
#1207=EDGE_CURVE('',#978,#980,#475,.T.);
#1208=EDGE_CURVE('',#981,#979,#476,.T.);
#1209=EDGE_CURVE('',#981,#980,#477,.T.);
#1210=EDGE_CURVE('',#980,#974,#478,.T.);
#1211=EDGE_CURVE('',#976,#981,#479,.T.);
#1212=EDGE_CURVE('',#982,#983,#480,.T.);
#1213=EDGE_CURVE('',#982,#984,#481,.T.);
#1214=EDGE_CURVE('',#985,#984,#482,.T.);
#1215=EDGE_CURVE('',#985,#983,#483,.T.);
#1216=EDGE_CURVE('',#983,#986,#484,.T.);
#1217=EDGE_CURVE('',#987,#985,#485,.T.);
#1218=EDGE_CURVE('',#986,#987,#486,.T.);
#1219=EDGE_CURVE('',#986,#988,#487,.T.);
#1220=EDGE_CURVE('',#989,#987,#488,.T.);
#1221=EDGE_CURVE('',#989,#988,#489,.T.);
#1222=EDGE_CURVE('',#988,#982,#490,.T.);
#1223=EDGE_CURVE('',#984,#989,#491,.T.);
#1224=EDGE_CURVE('',#990,#991,#492,.T.);
#1225=EDGE_CURVE('',#990,#992,#493,.T.);
#1226=EDGE_CURVE('',#993,#992,#494,.T.);
#1227=EDGE_CURVE('',#993,#991,#495,.T.);
#1228=EDGE_CURVE('',#991,#994,#496,.T.);
#1229=EDGE_CURVE('',#995,#993,#497,.T.);
#1230=EDGE_CURVE('',#994,#995,#498,.T.);
#1231=EDGE_CURVE('',#994,#996,#499,.T.);
#1232=EDGE_CURVE('',#997,#995,#500,.T.);
#1233=EDGE_CURVE('',#997,#996,#501,.T.);
#1234=EDGE_CURVE('',#996,#990,#502,.T.);
#1235=EDGE_CURVE('',#992,#997,#503,.T.);
#1236=EDGE_CURVE('',#998,#999,#504,.T.);
#1237=EDGE_CURVE('',#998,#1000,#505,.T.);
#1238=EDGE_CURVE('',#1001,#1000,#506,.T.);
#1239=EDGE_CURVE('',#1001,#999,#507,.T.);
#1240=EDGE_CURVE('',#999,#1002,#508,.T.);
#1241=EDGE_CURVE('',#1003,#1001,#509,.T.);
#1242=EDGE_CURVE('',#1002,#1003,#510,.T.);
#1243=EDGE_CURVE('',#1002,#1004,#511,.T.);
#1244=EDGE_CURVE('',#1005,#1003,#512,.T.);
#1245=EDGE_CURVE('',#1005,#1004,#513,.T.);
#1246=EDGE_CURVE('',#1004,#998,#514,.T.);
#1247=EDGE_CURVE('',#1000,#1005,#515,.T.);
#1248=EDGE_CURVE('',#1006,#1007,#516,.T.);
#1249=EDGE_CURVE('',#1006,#1008,#517,.T.);
#1250=EDGE_CURVE('',#1009,#1008,#518,.T.);
#1251=EDGE_CURVE('',#1009,#1007,#519,.T.);
#1252=EDGE_CURVE('',#1007,#1010,#520,.T.);
#1253=EDGE_CURVE('',#1011,#1009,#521,.T.);
#1254=EDGE_CURVE('',#1010,#1011,#522,.T.);
#1255=EDGE_CURVE('',#1010,#1012,#523,.T.);
#1256=EDGE_CURVE('',#1013,#1011,#524,.T.);
#1257=EDGE_CURVE('',#1013,#1012,#525,.T.);
#1258=EDGE_CURVE('',#1012,#1006,#526,.T.);
#1259=EDGE_CURVE('',#1008,#1013,#527,.T.);
#1260=EDGE_CURVE('',#1014,#1015,#528,.T.);
#1261=EDGE_CURVE('',#1016,#1014,#529,.T.);
#1262=EDGE_CURVE('',#1017,#1016,#530,.T.);
#1263=EDGE_CURVE('',#1018,#1017,#531,.T.);
#1264=EDGE_CURVE('',#1019,#1018,#532,.T.);
#1265=EDGE_CURVE('',#1015,#1019,#533,.T.);
#1266=EDGE_CURVE('',#1020,#1014,#534,.T.);
#1267=EDGE_CURVE('',#1020,#1021,#535,.T.);
#1268=EDGE_CURVE('',#1016,#1021,#536,.T.);
#1269=EDGE_CURVE('',#1015,#1022,#537,.T.);
#1270=EDGE_CURVE('',#1023,#1019,#538,.T.);
#1271=EDGE_CURVE('',#1023,#1022,#539,.T.);
#1272=EDGE_CURVE('',#1022,#1020,#540,.T.);
#1273=EDGE_CURVE('',#1024,#1023,#541,.T.);
#1274=EDGE_CURVE('',#1025,#1024,#542,.T.);
#1275=EDGE_CURVE('',#1021,#1025,#543,.T.);
#1276=EDGE_CURVE('',#1026,#1027,#544,.T.);
#1277=EDGE_CURVE('',#1028,#1026,#545,.T.);
#1278=EDGE_CURVE('',#1029,#1028,#546,.T.);
#1279=EDGE_CURVE('',#1030,#1029,#547,.T.);
#1280=EDGE_CURVE('',#1031,#1030,#548,.T.);
#1281=EDGE_CURVE('',#1032,#1031,#549,.T.);
#1282=EDGE_CURVE('',#1033,#1032,#550,.T.);
#1283=EDGE_CURVE('',#1027,#1033,#551,.T.);
#1284=EDGE_CURVE('',#1034,#1025,#552,.T.);
#1285=EDGE_CURVE('',#1035,#1034,#553,.T.);
#1286=EDGE_CURVE('',#1036,#1035,#554,.T.);
#1287=EDGE_CURVE('',#1037,#1036,#555,.T.);
#1288=EDGE_CURVE('',#1038,#1037,#556,.T.);
#1289=EDGE_CURVE('',#1039,#1038,#557,.T.);
#1290=EDGE_CURVE('',#1040,#1039,#558,.T.);
#1291=EDGE_CURVE('',#1041,#1040,#559,.T.);
#1292=EDGE_CURVE('',#1017,#1041,#560,.T.);
#1293=EDGE_CURVE('',#1042,#1043,#561,.T.);
#1294=EDGE_CURVE('',#1044,#1042,#562,.T.);
#1295=EDGE_CURVE('',#1045,#1044,#563,.T.);
#1296=EDGE_CURVE('',#1043,#1045,#564,.T.);
#1297=EDGE_CURVE('',#1046,#1046,#92,.T.);
#1298=EDGE_CURVE('',#1047,#1047,#93,.T.);
#1299=EDGE_CURVE('',#1048,#1048,#94,.T.);
#1300=EDGE_CURVE('',#1049,#1049,#95,.T.);
#1301=EDGE_CURVE('',#1050,#1024,#565,.T.);
#1302=EDGE_CURVE('',#1034,#1050,#566,.T.);
#1303=EDGE_CURVE('',#1051,#1041,#567,.T.);
#1304=EDGE_CURVE('',#1018,#1051,#568,.T.);
#1305=EDGE_CURVE('',#1049,#1052,#569,.T.);
#1306=EDGE_CURVE('',#1052,#1052,#96,.T.);
#1307=EDGE_CURVE('',#1048,#1053,#570,.T.);
#1308=EDGE_CURVE('',#1053,#1053,#97,.T.);
#1309=EDGE_CURVE('',#1047,#1054,#571,.T.);
#1310=EDGE_CURVE('',#1054,#1054,#98,.T.);
#1311=EDGE_CURVE('',#1046,#1055,#572,.T.);
#1312=EDGE_CURVE('',#1055,#1055,#99,.T.);
#1313=EDGE_CURVE('',#1044,#1056,#573,.T.);
#1314=EDGE_CURVE('',#1057,#1056,#574,.T.);
#1315=EDGE_CURVE('',#1057,#1045,#575,.T.);
#1316=EDGE_CURVE('',#1058,#1042,#576,.T.);
#1317=EDGE_CURVE('',#1056,#1058,#577,.T.);
#1318=EDGE_CURVE('',#1059,#1030,#578,.T.);
#1319=EDGE_CURVE('',#1060,#1059,#579,.T.);
#1320=EDGE_CURVE('',#1031,#1060,#580,.T.);
#1321=EDGE_CURVE('',#1029,#1061,#581,.T.);
#1322=EDGE_CURVE('',#1061,#1059,#582,.T.);
#1323=EDGE_CURVE('',#1062,#1028,#583,.T.);
#1324=EDGE_CURVE('',#1061,#1062,#584,.T.);
#1325=EDGE_CURVE('',#1063,#1026,#585,.T.);
#1326=EDGE_CURVE('',#1062,#1063,#586,.T.);
#1327=EDGE_CURVE('',#1037,#1064,#587,.T.);
#1328=EDGE_CURVE('',#1064,#1065,#588,.T.);
#1329=EDGE_CURVE('',#1065,#1038,#589,.T.);
#1330=EDGE_CURVE('',#1066,#1036,#590,.T.);
#1331=EDGE_CURVE('',#1064,#1066,#591,.T.);
#1332=EDGE_CURVE('',#1035,#1067,#592,.T.);
#1333=EDGE_CURVE('',#1066,#1067,#593,.T.);
#1334=EDGE_CURVE('',#1067,#1050,#594,.T.);
#1335=EDGE_CURVE('',#1043,#1068,#595,.T.);
#1336=EDGE_CURVE('',#1058,#1068,#596,.T.);
#1337=EDGE_CURVE('',#1068,#1057,#597,.T.);
#1338=EDGE_CURVE('',#1027,#1069,#598,.T.);
#1339=EDGE_CURVE('',#1069,#1063,#599,.T.);
#1340=EDGE_CURVE('',#1070,#1069,#600,.T.);
#1341=EDGE_CURVE('',#1071,#1070,#601,.T.);
#1342=EDGE_CURVE('',#1060,#1071,#602,.T.);
#1343=EDGE_CURVE('',#1033,#1070,#603,.T.);
#1344=EDGE_CURVE('',#1071,#1032,#604,.T.);
#1345=EDGE_CURVE('',#1065,#1072,#605,.T.);
#1346=EDGE_CURVE('',#1072,#1039,#606,.T.);
#1347=EDGE_CURVE('',#1073,#1072,#607,.T.);
#1348=EDGE_CURVE('',#1040,#1073,#608,.T.);
#1349=EDGE_CURVE('',#1051,#1073,#609,.T.);
#1350=EDGE_CURVE('',#1074,#1075,#31,.T.);
#1351=EDGE_CURVE('',#1074,#1076,#610,.T.);
#1352=EDGE_CURVE('',#1077,#1076,#32,.T.);
#1353=EDGE_CURVE('',#1075,#1077,#611,.T.);
#1354=EDGE_CURVE('',#1075,#1078,#612,.T.);
#1355=EDGE_CURVE('',#1079,#1077,#613,.T.);
#1356=EDGE_CURVE('',#1078,#1079,#614,.T.);
#1357=EDGE_CURVE('',#1078,#1080,#615,.T.);
#1358=EDGE_CURVE('',#1081,#1079,#616,.T.);
#1359=EDGE_CURVE('',#1080,#1081,#617,.T.);
#1360=EDGE_CURVE('',#1080,#1082,#618,.T.);
#1361=EDGE_CURVE('',#1083,#1081,#619,.T.);
#1362=EDGE_CURVE('',#1082,#1083,#620,.T.);
#1363=EDGE_CURVE('',#1082,#1084,#33,.T.);
#1364=EDGE_CURVE('',#1085,#1083,#34,.T.);
#1365=EDGE_CURVE('',#1084,#1085,#621,.T.);
#1366=EDGE_CURVE('',#1084,#1086,#622,.T.);
#1367=EDGE_CURVE('',#1087,#1085,#623,.T.);
#1368=EDGE_CURVE('',#1086,#1087,#624,.T.);
#1369=EDGE_CURVE('',#1086,#1088,#35,.T.);
#1370=EDGE_CURVE('',#1089,#1087,#36,.T.);
#1371=EDGE_CURVE('',#1088,#1089,#625,.T.);
#1372=EDGE_CURVE('',#1088,#1090,#626,.T.);
#1373=EDGE_CURVE('',#1091,#1089,#627,.T.);
#1374=EDGE_CURVE('',#1090,#1091,#628,.T.);
#1375=EDGE_CURVE('',#1090,#1092,#629,.T.);
#1376=EDGE_CURVE('',#1093,#1091,#630,.T.);
#1377=EDGE_CURVE('',#1092,#1093,#631,.T.);
#1378=EDGE_CURVE('',#1092,#1094,#632,.T.);
#1379=EDGE_CURVE('',#1095,#1093,#633,.T.);
#1380=EDGE_CURVE('',#1094,#1095,#634,.T.);
#1381=EDGE_CURVE('',#1094,#1096,#37,.T.);
#1382=EDGE_CURVE('',#1097,#1095,#38,.T.);
#1383=EDGE_CURVE('',#1096,#1097,#635,.T.);
#1384=EDGE_CURVE('',#1096,#1098,#636,.T.);
#1385=EDGE_CURVE('',#1099,#1097,#637,.T.);
#1386=EDGE_CURVE('',#1098,#1099,#638,.T.);
#1387=EDGE_CURVE('',#1098,#1100,#39,.T.);
#1388=EDGE_CURVE('',#1101,#1099,#40,.T.);
#1389=EDGE_CURVE('',#1100,#1101,#639,.T.);
#1390=EDGE_CURVE('',#1100,#1102,#640,.T.);
#1391=EDGE_CURVE('',#1103,#1101,#641,.T.);
#1392=EDGE_CURVE('',#1102,#1103,#642,.T.);
#1393=EDGE_CURVE('',#1102,#1074,#643,.T.);
#1394=EDGE_CURVE('',#1076,#1103,#644,.T.);
#1395=ORIENTED_EDGE('',*,*,#1104,.T.);
#1396=ORIENTED_EDGE('',*,*,#1105,.T.);
#1397=ORIENTED_EDGE('',*,*,#1106,.T.);
#1398=ORIENTED_EDGE('',*,*,#1107,.T.);
#1399=ORIENTED_EDGE('',*,*,#1108,.T.);
#1400=ORIENTED_EDGE('',*,*,#1109,.T.);
#1401=ORIENTED_EDGE('',*,*,#1110,.T.);
#1402=ORIENTED_EDGE('',*,*,#1111,.T.);
#1403=ORIENTED_EDGE('',*,*,#1112,.T.);
#1404=ORIENTED_EDGE('',*,*,#1109,.F.);
#1405=ORIENTED_EDGE('',*,*,#1113,.F.);
#1406=ORIENTED_EDGE('',*,*,#1107,.F.);
#1407=ORIENTED_EDGE('',*,*,#1114,.T.);
#1408=ORIENTED_EDGE('',*,*,#1110,.F.);
#1409=ORIENTED_EDGE('',*,*,#1112,.F.);
#1410=ORIENTED_EDGE('',*,*,#1106,.F.);
#1411=ORIENTED_EDGE('',*,*,#1115,.T.);
#1412=ORIENTED_EDGE('',*,*,#1111,.F.);
#1413=ORIENTED_EDGE('',*,*,#1114,.F.);
#1414=ORIENTED_EDGE('',*,*,#1105,.F.);
#1415=ORIENTED_EDGE('',*,*,#1113,.T.);
#1416=ORIENTED_EDGE('',*,*,#1108,.F.);
#1417=ORIENTED_EDGE('',*,*,#1115,.F.);
#1418=ORIENTED_EDGE('',*,*,#1104,.F.);
#1419=ORIENTED_EDGE('',*,*,#1116,.T.);
#1420=ORIENTED_EDGE('',*,*,#1117,.T.);
#1421=ORIENTED_EDGE('',*,*,#1118,.T.);
#1422=ORIENTED_EDGE('',*,*,#1119,.T.);
#1423=ORIENTED_EDGE('',*,*,#1120,.T.);
#1424=ORIENTED_EDGE('',*,*,#1121,.T.);
#1425=ORIENTED_EDGE('',*,*,#1122,.T.);
#1426=ORIENTED_EDGE('',*,*,#1123,.T.);
#1427=ORIENTED_EDGE('',*,*,#1124,.T.);
#1428=ORIENTED_EDGE('',*,*,#1121,.F.);
#1429=ORIENTED_EDGE('',*,*,#1125,.F.);
#1430=ORIENTED_EDGE('',*,*,#1119,.F.);
#1431=ORIENTED_EDGE('',*,*,#1126,.T.);
#1432=ORIENTED_EDGE('',*,*,#1122,.F.);
#1433=ORIENTED_EDGE('',*,*,#1124,.F.);
#1434=ORIENTED_EDGE('',*,*,#1118,.F.);
#1435=ORIENTED_EDGE('',*,*,#1127,.T.);
#1436=ORIENTED_EDGE('',*,*,#1123,.F.);
#1437=ORIENTED_EDGE('',*,*,#1126,.F.);
#1438=ORIENTED_EDGE('',*,*,#1117,.F.);
#1439=ORIENTED_EDGE('',*,*,#1125,.T.);
#1440=ORIENTED_EDGE('',*,*,#1120,.F.);
#1441=ORIENTED_EDGE('',*,*,#1127,.F.);
#1442=ORIENTED_EDGE('',*,*,#1116,.F.);
#1443=ORIENTED_EDGE('',*,*,#1128,.F.);
#1444=ORIENTED_EDGE('',*,*,#1129,.T.);
#1445=ORIENTED_EDGE('',*,*,#1130,.F.);
#1446=ORIENTED_EDGE('',*,*,#1129,.F.);
#1447=ORIENTED_EDGE('',*,*,#1131,.F.);
#1448=ORIENTED_EDGE('',*,*,#1132,.T.);
#1449=ORIENTED_EDGE('',*,*,#1133,.F.);
#1450=ORIENTED_EDGE('',*,*,#1132,.F.);
#1451=ORIENTED_EDGE('',*,*,#1134,.F.);
#1452=ORIENTED_EDGE('',*,*,#1135,.T.);
#1453=ORIENTED_EDGE('',*,*,#1136,.F.);
#1454=ORIENTED_EDGE('',*,*,#1135,.F.);
#1455=ORIENTED_EDGE('',*,*,#1137,.F.);
#1456=ORIENTED_EDGE('',*,*,#1138,.T.);
#1457=ORIENTED_EDGE('',*,*,#1139,.F.);
#1458=ORIENTED_EDGE('',*,*,#1138,.F.);
#1459=ORIENTED_EDGE('',*,*,#1140,.T.);
#1460=ORIENTED_EDGE('',*,*,#1141,.T.);
#1461=ORIENTED_EDGE('',*,*,#1142,.T.);
#1462=ORIENTED_EDGE('',*,*,#1143,.T.);
#1463=ORIENTED_EDGE('',*,*,#1144,.T.);
#1464=ORIENTED_EDGE('',*,*,#1145,.T.);
#1465=ORIENTED_EDGE('',*,*,#1146,.T.);
#1466=ORIENTED_EDGE('',*,*,#1147,.T.);
#1467=ORIENTED_EDGE('',*,*,#1148,.T.);
#1468=ORIENTED_EDGE('',*,*,#1145,.F.);
#1469=ORIENTED_EDGE('',*,*,#1149,.F.);
#1470=ORIENTED_EDGE('',*,*,#1143,.F.);
#1471=ORIENTED_EDGE('',*,*,#1130,.T.);
#1472=ORIENTED_EDGE('',*,*,#1133,.T.);
#1473=ORIENTED_EDGE('',*,*,#1136,.T.);
#1474=ORIENTED_EDGE('',*,*,#1139,.T.);
#1475=ORIENTED_EDGE('',*,*,#1150,.T.);
#1476=ORIENTED_EDGE('',*,*,#1146,.F.);
#1477=ORIENTED_EDGE('',*,*,#1148,.F.);
#1478=ORIENTED_EDGE('',*,*,#1142,.F.);
#1479=ORIENTED_EDGE('',*,*,#1151,.T.);
#1480=ORIENTED_EDGE('',*,*,#1147,.F.);
#1481=ORIENTED_EDGE('',*,*,#1150,.F.);
#1482=ORIENTED_EDGE('',*,*,#1141,.F.);
#1483=ORIENTED_EDGE('',*,*,#1128,.T.);
#1484=ORIENTED_EDGE('',*,*,#1131,.T.);
#1485=ORIENTED_EDGE('',*,*,#1134,.T.);
#1486=ORIENTED_EDGE('',*,*,#1137,.T.);
#1487=ORIENTED_EDGE('',*,*,#1149,.T.);
#1488=ORIENTED_EDGE('',*,*,#1144,.F.);
#1489=ORIENTED_EDGE('',*,*,#1151,.F.);
#1490=ORIENTED_EDGE('',*,*,#1140,.F.);
#1491=ORIENTED_EDGE('',*,*,#1152,.F.);
#1492=ORIENTED_EDGE('',*,*,#1153,.T.);
#1493=ORIENTED_EDGE('',*,*,#1154,.F.);
#1494=ORIENTED_EDGE('',*,*,#1155,.T.);
#1495=ORIENTED_EDGE('',*,*,#1156,.F.);
#1496=ORIENTED_EDGE('',*,*,#1155,.F.);
#1497=ORIENTED_EDGE('',*,*,#1157,.F.);
#1498=ORIENTED_EDGE('',*,*,#1158,.F.);
#1499=ORIENTED_EDGE('',*,*,#1159,.F.);
#1500=ORIENTED_EDGE('',*,*,#1158,.T.);
#1501=ORIENTED_EDGE('',*,*,#1160,.F.);
#1502=ORIENTED_EDGE('',*,*,#1161,.T.);
#1503=ORIENTED_EDGE('',*,*,#1162,.F.);
#1504=ORIENTED_EDGE('',*,*,#1161,.F.);
#1505=ORIENTED_EDGE('',*,*,#1163,.F.);
#1506=ORIENTED_EDGE('',*,*,#1153,.F.);
#1507=ORIENTED_EDGE('',*,*,#1164,.F.);
#1508=ORIENTED_EDGE('',*,*,#1165,.T.);
#1509=ORIENTED_EDGE('',*,*,#1166,.F.);
#1510=ORIENTED_EDGE('',*,*,#1167,.T.);
#1511=ORIENTED_EDGE('',*,*,#1168,.F.);
#1512=ORIENTED_EDGE('',*,*,#1167,.F.);
#1513=ORIENTED_EDGE('',*,*,#1169,.F.);
#1514=ORIENTED_EDGE('',*,*,#1170,.F.);
#1515=ORIENTED_EDGE('',*,*,#1171,.F.);
#1516=ORIENTED_EDGE('',*,*,#1170,.T.);
#1517=ORIENTED_EDGE('',*,*,#1172,.F.);
#1518=ORIENTED_EDGE('',*,*,#1173,.T.);
#1519=ORIENTED_EDGE('',*,*,#1174,.F.);
#1520=ORIENTED_EDGE('',*,*,#1173,.F.);
#1521=ORIENTED_EDGE('',*,*,#1175,.F.);
#1522=ORIENTED_EDGE('',*,*,#1165,.F.);
#1523=ORIENTED_EDGE('',*,*,#1176,.F.);
#1524=ORIENTED_EDGE('',*,*,#1177,.T.);
#1525=ORIENTED_EDGE('',*,*,#1178,.F.);
#1526=ORIENTED_EDGE('',*,*,#1179,.T.);
#1527=ORIENTED_EDGE('',*,*,#1180,.F.);
#1528=ORIENTED_EDGE('',*,*,#1179,.F.);
#1529=ORIENTED_EDGE('',*,*,#1181,.F.);
#1530=ORIENTED_EDGE('',*,*,#1182,.F.);
#1531=ORIENTED_EDGE('',*,*,#1183,.F.);
#1532=ORIENTED_EDGE('',*,*,#1182,.T.);
#1533=ORIENTED_EDGE('',*,*,#1184,.F.);
#1534=ORIENTED_EDGE('',*,*,#1185,.T.);
#1535=ORIENTED_EDGE('',*,*,#1186,.F.);
#1536=ORIENTED_EDGE('',*,*,#1185,.F.);
#1537=ORIENTED_EDGE('',*,*,#1187,.F.);
#1538=ORIENTED_EDGE('',*,*,#1177,.F.);
#1539=ORIENTED_EDGE('',*,*,#1188,.F.);
#1540=ORIENTED_EDGE('',*,*,#1189,.T.);
#1541=ORIENTED_EDGE('',*,*,#1190,.F.);
#1542=ORIENTED_EDGE('',*,*,#1191,.T.);
#1543=ORIENTED_EDGE('',*,*,#1192,.F.);
#1544=ORIENTED_EDGE('',*,*,#1191,.F.);
#1545=ORIENTED_EDGE('',*,*,#1193,.F.);
#1546=ORIENTED_EDGE('',*,*,#1194,.F.);
#1547=ORIENTED_EDGE('',*,*,#1195,.F.);
#1548=ORIENTED_EDGE('',*,*,#1194,.T.);
#1549=ORIENTED_EDGE('',*,*,#1196,.F.);
#1550=ORIENTED_EDGE('',*,*,#1197,.T.);
#1551=ORIENTED_EDGE('',*,*,#1198,.F.);
#1552=ORIENTED_EDGE('',*,*,#1197,.F.);
#1553=ORIENTED_EDGE('',*,*,#1199,.F.);
#1554=ORIENTED_EDGE('',*,*,#1189,.F.);
#1555=ORIENTED_EDGE('',*,*,#1200,.F.);
#1556=ORIENTED_EDGE('',*,*,#1201,.T.);
#1557=ORIENTED_EDGE('',*,*,#1202,.F.);
#1558=ORIENTED_EDGE('',*,*,#1203,.T.);
#1559=ORIENTED_EDGE('',*,*,#1204,.F.);
#1560=ORIENTED_EDGE('',*,*,#1203,.F.);
#1561=ORIENTED_EDGE('',*,*,#1205,.F.);
#1562=ORIENTED_EDGE('',*,*,#1206,.F.);
#1563=ORIENTED_EDGE('',*,*,#1207,.F.);
#1564=ORIENTED_EDGE('',*,*,#1206,.T.);
#1565=ORIENTED_EDGE('',*,*,#1208,.F.);
#1566=ORIENTED_EDGE('',*,*,#1209,.T.);
#1567=ORIENTED_EDGE('',*,*,#1210,.F.);
#1568=ORIENTED_EDGE('',*,*,#1209,.F.);
#1569=ORIENTED_EDGE('',*,*,#1211,.F.);
#1570=ORIENTED_EDGE('',*,*,#1201,.F.);
#1571=ORIENTED_EDGE('',*,*,#1212,.F.);
#1572=ORIENTED_EDGE('',*,*,#1213,.T.);
#1573=ORIENTED_EDGE('',*,*,#1214,.F.);
#1574=ORIENTED_EDGE('',*,*,#1215,.T.);
#1575=ORIENTED_EDGE('',*,*,#1216,.F.);
#1576=ORIENTED_EDGE('',*,*,#1215,.F.);
#1577=ORIENTED_EDGE('',*,*,#1217,.F.);
#1578=ORIENTED_EDGE('',*,*,#1218,.F.);
#1579=ORIENTED_EDGE('',*,*,#1219,.F.);
#1580=ORIENTED_EDGE('',*,*,#1218,.T.);
#1581=ORIENTED_EDGE('',*,*,#1220,.F.);
#1582=ORIENTED_EDGE('',*,*,#1221,.T.);
#1583=ORIENTED_EDGE('',*,*,#1222,.F.);
#1584=ORIENTED_EDGE('',*,*,#1221,.F.);
#1585=ORIENTED_EDGE('',*,*,#1223,.F.);
#1586=ORIENTED_EDGE('',*,*,#1213,.F.);
#1587=ORIENTED_EDGE('',*,*,#1224,.F.);
#1588=ORIENTED_EDGE('',*,*,#1225,.T.);
#1589=ORIENTED_EDGE('',*,*,#1226,.F.);
#1590=ORIENTED_EDGE('',*,*,#1227,.T.);
#1591=ORIENTED_EDGE('',*,*,#1228,.F.);
#1592=ORIENTED_EDGE('',*,*,#1227,.F.);
#1593=ORIENTED_EDGE('',*,*,#1229,.F.);
#1594=ORIENTED_EDGE('',*,*,#1230,.F.);
#1595=ORIENTED_EDGE('',*,*,#1231,.F.);
#1596=ORIENTED_EDGE('',*,*,#1230,.T.);
#1597=ORIENTED_EDGE('',*,*,#1232,.F.);
#1598=ORIENTED_EDGE('',*,*,#1233,.T.);
#1599=ORIENTED_EDGE('',*,*,#1234,.F.);
#1600=ORIENTED_EDGE('',*,*,#1233,.F.);
#1601=ORIENTED_EDGE('',*,*,#1235,.F.);
#1602=ORIENTED_EDGE('',*,*,#1225,.F.);
#1603=ORIENTED_EDGE('',*,*,#1236,.F.);
#1604=ORIENTED_EDGE('',*,*,#1237,.T.);
#1605=ORIENTED_EDGE('',*,*,#1238,.F.);
#1606=ORIENTED_EDGE('',*,*,#1239,.T.);
#1607=ORIENTED_EDGE('',*,*,#1240,.F.);
#1608=ORIENTED_EDGE('',*,*,#1239,.F.);
#1609=ORIENTED_EDGE('',*,*,#1241,.F.);
#1610=ORIENTED_EDGE('',*,*,#1242,.F.);
#1611=ORIENTED_EDGE('',*,*,#1243,.F.);
#1612=ORIENTED_EDGE('',*,*,#1242,.T.);
#1613=ORIENTED_EDGE('',*,*,#1244,.F.);
#1614=ORIENTED_EDGE('',*,*,#1245,.T.);
#1615=ORIENTED_EDGE('',*,*,#1246,.F.);
#1616=ORIENTED_EDGE('',*,*,#1245,.F.);
#1617=ORIENTED_EDGE('',*,*,#1247,.F.);
#1618=ORIENTED_EDGE('',*,*,#1237,.F.);
#1619=ORIENTED_EDGE('',*,*,#1248,.F.);
#1620=ORIENTED_EDGE('',*,*,#1249,.T.);
#1621=ORIENTED_EDGE('',*,*,#1250,.F.);
#1622=ORIENTED_EDGE('',*,*,#1251,.T.);
#1623=ORIENTED_EDGE('',*,*,#1252,.F.);
#1624=ORIENTED_EDGE('',*,*,#1251,.F.);
#1625=ORIENTED_EDGE('',*,*,#1253,.F.);
#1626=ORIENTED_EDGE('',*,*,#1254,.F.);
#1627=ORIENTED_EDGE('',*,*,#1255,.F.);
#1628=ORIENTED_EDGE('',*,*,#1254,.T.);
#1629=ORIENTED_EDGE('',*,*,#1256,.F.);
#1630=ORIENTED_EDGE('',*,*,#1257,.T.);
#1631=ORIENTED_EDGE('',*,*,#1258,.F.);
#1632=ORIENTED_EDGE('',*,*,#1257,.F.);
#1633=ORIENTED_EDGE('',*,*,#1259,.F.);
#1634=ORIENTED_EDGE('',*,*,#1249,.F.);
#1635=ORIENTED_EDGE('',*,*,#1260,.F.);
#1636=ORIENTED_EDGE('',*,*,#1261,.F.);
#1637=ORIENTED_EDGE('',*,*,#1262,.F.);
#1638=ORIENTED_EDGE('',*,*,#1263,.F.);
#1639=ORIENTED_EDGE('',*,*,#1264,.F.);
#1640=ORIENTED_EDGE('',*,*,#1265,.F.);
#1641=ORIENTED_EDGE('',*,*,#1266,.F.);
#1642=ORIENTED_EDGE('',*,*,#1267,.T.);
#1643=ORIENTED_EDGE('',*,*,#1268,.F.);
#1644=ORIENTED_EDGE('',*,*,#1261,.T.);
#1645=ORIENTED_EDGE('',*,*,#1269,.F.);
#1646=ORIENTED_EDGE('',*,*,#1265,.T.);
#1647=ORIENTED_EDGE('',*,*,#1270,.F.);
#1648=ORIENTED_EDGE('',*,*,#1271,.T.);
#1649=ORIENTED_EDGE('',*,*,#1272,.F.);
#1650=ORIENTED_EDGE('',*,*,#1271,.F.);
#1651=ORIENTED_EDGE('',*,*,#1273,.F.);
#1652=ORIENTED_EDGE('',*,*,#1274,.F.);
#1653=ORIENTED_EDGE('',*,*,#1275,.F.);
#1654=ORIENTED_EDGE('',*,*,#1267,.F.);
#1655=ORIENTED_EDGE('',*,*,#1276,.F.);
#1656=ORIENTED_EDGE('',*,*,#1277,.F.);
#1657=ORIENTED_EDGE('',*,*,#1278,.F.);
#1658=ORIENTED_EDGE('',*,*,#1279,.F.);
#1659=ORIENTED_EDGE('',*,*,#1280,.F.);
#1660=ORIENTED_EDGE('',*,*,#1281,.F.);
#1661=ORIENTED_EDGE('',*,*,#1282,.F.);
#1662=ORIENTED_EDGE('',*,*,#1283,.F.);
#1663=ORIENTED_EDGE('',*,*,#1262,.T.);
#1664=ORIENTED_EDGE('',*,*,#1268,.T.);
#1665=ORIENTED_EDGE('',*,*,#1275,.T.);
#1666=ORIENTED_EDGE('',*,*,#1284,.F.);
#1667=ORIENTED_EDGE('',*,*,#1285,.F.);
#1668=ORIENTED_EDGE('',*,*,#1286,.F.);
#1669=ORIENTED_EDGE('',*,*,#1287,.F.);
#1670=ORIENTED_EDGE('',*,*,#1288,.F.);
#1671=ORIENTED_EDGE('',*,*,#1289,.F.);
#1672=ORIENTED_EDGE('',*,*,#1290,.F.);
#1673=ORIENTED_EDGE('',*,*,#1291,.F.);
#1674=ORIENTED_EDGE('',*,*,#1292,.F.);
#1675=ORIENTED_EDGE('',*,*,#1293,.F.);
#1676=ORIENTED_EDGE('',*,*,#1294,.F.);
#1677=ORIENTED_EDGE('',*,*,#1295,.F.);
#1678=ORIENTED_EDGE('',*,*,#1296,.F.);
#1679=ORIENTED_EDGE('',*,*,#1297,.T.);
#1680=ORIENTED_EDGE('',*,*,#1298,.T.);
#1681=ORIENTED_EDGE('',*,*,#1299,.T.);
#1682=ORIENTED_EDGE('',*,*,#1300,.T.);
#1683=ORIENTED_EDGE('',*,*,#1274,.T.);
#1684=ORIENTED_EDGE('',*,*,#1301,.F.);
#1685=ORIENTED_EDGE('',*,*,#1302,.F.);
#1686=ORIENTED_EDGE('',*,*,#1284,.T.);
#1687=ORIENTED_EDGE('',*,*,#1263,.T.);
#1688=ORIENTED_EDGE('',*,*,#1292,.T.);
#1689=ORIENTED_EDGE('',*,*,#1303,.F.);
#1690=ORIENTED_EDGE('',*,*,#1304,.F.);
#1691=ORIENTED_EDGE('',*,*,#1300,.F.);
#1692=ORIENTED_EDGE('',*,*,#1305,.T.);
#1693=ORIENTED_EDGE('',*,*,#1306,.F.);
#1694=ORIENTED_EDGE('',*,*,#1305,.F.);
#1695=ORIENTED_EDGE('',*,*,#1299,.F.);
#1696=ORIENTED_EDGE('',*,*,#1307,.T.);
#1697=ORIENTED_EDGE('',*,*,#1308,.F.);
#1698=ORIENTED_EDGE('',*,*,#1307,.F.);
#1699=ORIENTED_EDGE('',*,*,#1298,.F.);
#1700=ORIENTED_EDGE('',*,*,#1309,.T.);
#1701=ORIENTED_EDGE('',*,*,#1310,.F.);
#1702=ORIENTED_EDGE('',*,*,#1309,.F.);
#1703=ORIENTED_EDGE('',*,*,#1297,.F.);
#1704=ORIENTED_EDGE('',*,*,#1311,.T.);
#1705=ORIENTED_EDGE('',*,*,#1312,.F.);
#1706=ORIENTED_EDGE('',*,*,#1311,.F.);
#1707=ORIENTED_EDGE('',*,*,#1295,.T.);
#1708=ORIENTED_EDGE('',*,*,#1313,.T.);
#1709=ORIENTED_EDGE('',*,*,#1314,.F.);
#1710=ORIENTED_EDGE('',*,*,#1315,.T.);
#1711=ORIENTED_EDGE('',*,*,#1294,.T.);
#1712=ORIENTED_EDGE('',*,*,#1316,.F.);
#1713=ORIENTED_EDGE('',*,*,#1317,.F.);
#1714=ORIENTED_EDGE('',*,*,#1313,.F.);
#1715=ORIENTED_EDGE('',*,*,#1280,.T.);
#1716=ORIENTED_EDGE('',*,*,#1318,.F.);
#1717=ORIENTED_EDGE('',*,*,#1319,.F.);
#1718=ORIENTED_EDGE('',*,*,#1320,.F.);
#1719=ORIENTED_EDGE('',*,*,#1279,.T.);
#1720=ORIENTED_EDGE('',*,*,#1321,.T.);
#1721=ORIENTED_EDGE('',*,*,#1322,.T.);
#1722=ORIENTED_EDGE('',*,*,#1318,.T.);
#1723=ORIENTED_EDGE('',*,*,#1278,.T.);
#1724=ORIENTED_EDGE('',*,*,#1323,.F.);
#1725=ORIENTED_EDGE('',*,*,#1324,.F.);
#1726=ORIENTED_EDGE('',*,*,#1321,.F.);
#1727=ORIENTED_EDGE('',*,*,#1277,.T.);
#1728=ORIENTED_EDGE('',*,*,#1325,.F.);
#1729=ORIENTED_EDGE('',*,*,#1326,.F.);
#1730=ORIENTED_EDGE('',*,*,#1323,.T.);
#1731=ORIENTED_EDGE('',*,*,#1288,.T.);
#1732=ORIENTED_EDGE('',*,*,#1327,.T.);
#1733=ORIENTED_EDGE('',*,*,#1328,.T.);
#1734=ORIENTED_EDGE('',*,*,#1329,.T.);
#1735=ORIENTED_EDGE('',*,*,#1287,.T.);
#1736=ORIENTED_EDGE('',*,*,#1330,.F.);
#1737=ORIENTED_EDGE('',*,*,#1331,.F.);
#1738=ORIENTED_EDGE('',*,*,#1327,.F.);
#1739=ORIENTED_EDGE('',*,*,#1286,.T.);
#1740=ORIENTED_EDGE('',*,*,#1332,.T.);
#1741=ORIENTED_EDGE('',*,*,#1333,.F.);
#1742=ORIENTED_EDGE('',*,*,#1330,.T.);
#1743=ORIENTED_EDGE('',*,*,#1285,.T.);
#1744=ORIENTED_EDGE('',*,*,#1302,.T.);
#1745=ORIENTED_EDGE('',*,*,#1334,.F.);
#1746=ORIENTED_EDGE('',*,*,#1332,.F.);
#1747=ORIENTED_EDGE('',*,*,#1293,.T.);
#1748=ORIENTED_EDGE('',*,*,#1335,.T.);
#1749=ORIENTED_EDGE('',*,*,#1336,.F.);
#1750=ORIENTED_EDGE('',*,*,#1316,.T.);
#1751=ORIENTED_EDGE('',*,*,#1296,.T.);
#1752=ORIENTED_EDGE('',*,*,#1315,.F.);
#1753=ORIENTED_EDGE('',*,*,#1337,.F.);
#1754=ORIENTED_EDGE('',*,*,#1335,.F.);
#1755=ORIENTED_EDGE('',*,*,#1276,.T.);
#1756=ORIENTED_EDGE('',*,*,#1338,.T.);
#1757=ORIENTED_EDGE('',*,*,#1339,.T.);
#1758=ORIENTED_EDGE('',*,*,#1325,.T.);
#1759=ORIENTED_EDGE('',*,*,#1322,.F.);
#1760=ORIENTED_EDGE('',*,*,#1324,.T.);
#1761=ORIENTED_EDGE('',*,*,#1326,.T.);
#1762=ORIENTED_EDGE('',*,*,#1339,.F.);
#1763=ORIENTED_EDGE('',*,*,#1340,.F.);
#1764=ORIENTED_EDGE('',*,*,#1341,.F.);
#1765=ORIENTED_EDGE('',*,*,#1342,.F.);
#1766=ORIENTED_EDGE('',*,*,#1319,.T.);
#1767=ORIENTED_EDGE('',*,*,#1171,.T.);
#1768=ORIENTED_EDGE('',*,*,#1174,.T.);
#1769=ORIENTED_EDGE('',*,*,#1164,.T.);
#1770=ORIENTED_EDGE('',*,*,#1168,.T.);
#1771=ORIENTED_EDGE('',*,*,#1195,.T.);
#1772=ORIENTED_EDGE('',*,*,#1198,.T.);
#1773=ORIENTED_EDGE('',*,*,#1188,.T.);
#1774=ORIENTED_EDGE('',*,*,#1192,.T.);
#1775=ORIENTED_EDGE('',*,*,#1219,.T.);
#1776=ORIENTED_EDGE('',*,*,#1222,.T.);
#1777=ORIENTED_EDGE('',*,*,#1212,.T.);
#1778=ORIENTED_EDGE('',*,*,#1216,.T.);
#1779=ORIENTED_EDGE('',*,*,#1243,.T.);
#1780=ORIENTED_EDGE('',*,*,#1246,.T.);
#1781=ORIENTED_EDGE('',*,*,#1236,.T.);
#1782=ORIENTED_EDGE('',*,*,#1240,.T.);
#1783=ORIENTED_EDGE('',*,*,#1255,.T.);
#1784=ORIENTED_EDGE('',*,*,#1258,.T.);
#1785=ORIENTED_EDGE('',*,*,#1248,.T.);
#1786=ORIENTED_EDGE('',*,*,#1252,.T.);
#1787=ORIENTED_EDGE('',*,*,#1269,.T.);
#1788=ORIENTED_EDGE('',*,*,#1272,.T.);
#1789=ORIENTED_EDGE('',*,*,#1266,.T.);
#1790=ORIENTED_EDGE('',*,*,#1260,.T.);
#1791=ORIENTED_EDGE('',*,*,#1306,.T.);
#1792=ORIENTED_EDGE('',*,*,#1308,.T.);
#1793=ORIENTED_EDGE('',*,*,#1310,.T.);
#1794=ORIENTED_EDGE('',*,*,#1312,.T.);
#1795=ORIENTED_EDGE('',*,*,#1337,.T.);
#1796=ORIENTED_EDGE('',*,*,#1314,.T.);
#1797=ORIENTED_EDGE('',*,*,#1317,.T.);
#1798=ORIENTED_EDGE('',*,*,#1336,.T.);
#1799=ORIENTED_EDGE('',*,*,#1231,.T.);
#1800=ORIENTED_EDGE('',*,*,#1234,.T.);
#1801=ORIENTED_EDGE('',*,*,#1224,.T.);
#1802=ORIENTED_EDGE('',*,*,#1228,.T.);
#1803=ORIENTED_EDGE('',*,*,#1207,.T.);
#1804=ORIENTED_EDGE('',*,*,#1210,.T.);
#1805=ORIENTED_EDGE('',*,*,#1200,.T.);
#1806=ORIENTED_EDGE('',*,*,#1204,.T.);
#1807=ORIENTED_EDGE('',*,*,#1183,.T.);
#1808=ORIENTED_EDGE('',*,*,#1186,.T.);
#1809=ORIENTED_EDGE('',*,*,#1176,.T.);
#1810=ORIENTED_EDGE('',*,*,#1180,.T.);
#1811=ORIENTED_EDGE('',*,*,#1159,.T.);
#1812=ORIENTED_EDGE('',*,*,#1162,.T.);
#1813=ORIENTED_EDGE('',*,*,#1152,.T.);
#1814=ORIENTED_EDGE('',*,*,#1156,.T.);
#1815=ORIENTED_EDGE('',*,*,#1283,.T.);
#1816=ORIENTED_EDGE('',*,*,#1343,.T.);
#1817=ORIENTED_EDGE('',*,*,#1340,.T.);
#1818=ORIENTED_EDGE('',*,*,#1338,.F.);
#1819=ORIENTED_EDGE('',*,*,#1282,.T.);
#1820=ORIENTED_EDGE('',*,*,#1344,.F.);
#1821=ORIENTED_EDGE('',*,*,#1341,.T.);
#1822=ORIENTED_EDGE('',*,*,#1343,.F.);
#1823=ORIENTED_EDGE('',*,*,#1281,.T.);
#1824=ORIENTED_EDGE('',*,*,#1320,.T.);
#1825=ORIENTED_EDGE('',*,*,#1342,.T.);
#1826=ORIENTED_EDGE('',*,*,#1344,.T.);
#1827=ORIENTED_EDGE('',*,*,#1289,.T.);
#1828=ORIENTED_EDGE('',*,*,#1329,.F.);
#1829=ORIENTED_EDGE('',*,*,#1345,.T.);
#1830=ORIENTED_EDGE('',*,*,#1346,.T.);
#1831=ORIENTED_EDGE('',*,*,#1290,.T.);
#1832=ORIENTED_EDGE('',*,*,#1346,.F.);
#1833=ORIENTED_EDGE('',*,*,#1347,.F.);
#1834=ORIENTED_EDGE('',*,*,#1348,.F.);
#1835=ORIENTED_EDGE('',*,*,#1291,.T.);
#1836=ORIENTED_EDGE('',*,*,#1348,.T.);
#1837=ORIENTED_EDGE('',*,*,#1349,.F.);
#1838=ORIENTED_EDGE('',*,*,#1303,.T.);
#1839=ORIENTED_EDGE('',*,*,#1264,.T.);
#1840=ORIENTED_EDGE('',*,*,#1304,.T.);
#1841=ORIENTED_EDGE('',*,*,#1349,.T.);
#1842=ORIENTED_EDGE('',*,*,#1347,.T.);
#1843=ORIENTED_EDGE('',*,*,#1345,.F.);
#1844=ORIENTED_EDGE('',*,*,#1328,.F.);
#1845=ORIENTED_EDGE('',*,*,#1331,.T.);
#1846=ORIENTED_EDGE('',*,*,#1333,.T.);
#1847=ORIENTED_EDGE('',*,*,#1334,.T.);
#1848=ORIENTED_EDGE('',*,*,#1301,.T.);
#1849=ORIENTED_EDGE('',*,*,#1273,.T.);
#1850=ORIENTED_EDGE('',*,*,#1270,.T.);
#1851=ORIENTED_EDGE('',*,*,#1172,.T.);
#1852=ORIENTED_EDGE('',*,*,#1169,.T.);
#1853=ORIENTED_EDGE('',*,*,#1166,.T.);
#1854=ORIENTED_EDGE('',*,*,#1175,.T.);
#1855=ORIENTED_EDGE('',*,*,#1184,.T.);
#1856=ORIENTED_EDGE('',*,*,#1181,.T.);
#1857=ORIENTED_EDGE('',*,*,#1178,.T.);
#1858=ORIENTED_EDGE('',*,*,#1187,.T.);
#1859=ORIENTED_EDGE('',*,*,#1196,.T.);
#1860=ORIENTED_EDGE('',*,*,#1193,.T.);
#1861=ORIENTED_EDGE('',*,*,#1190,.T.);
#1862=ORIENTED_EDGE('',*,*,#1199,.T.);
#1863=ORIENTED_EDGE('',*,*,#1208,.T.);
#1864=ORIENTED_EDGE('',*,*,#1205,.T.);
#1865=ORIENTED_EDGE('',*,*,#1202,.T.);
#1866=ORIENTED_EDGE('',*,*,#1211,.T.);
#1867=ORIENTED_EDGE('',*,*,#1220,.T.);
#1868=ORIENTED_EDGE('',*,*,#1217,.T.);
#1869=ORIENTED_EDGE('',*,*,#1214,.T.);
#1870=ORIENTED_EDGE('',*,*,#1223,.T.);
#1871=ORIENTED_EDGE('',*,*,#1232,.T.);
#1872=ORIENTED_EDGE('',*,*,#1229,.T.);
#1873=ORIENTED_EDGE('',*,*,#1226,.T.);
#1874=ORIENTED_EDGE('',*,*,#1235,.T.);
#1875=ORIENTED_EDGE('',*,*,#1244,.T.);
#1876=ORIENTED_EDGE('',*,*,#1241,.T.);
#1877=ORIENTED_EDGE('',*,*,#1238,.T.);
#1878=ORIENTED_EDGE('',*,*,#1247,.T.);
#1879=ORIENTED_EDGE('',*,*,#1256,.T.);
#1880=ORIENTED_EDGE('',*,*,#1253,.T.);
#1881=ORIENTED_EDGE('',*,*,#1250,.T.);
#1882=ORIENTED_EDGE('',*,*,#1259,.T.);
#1883=ORIENTED_EDGE('',*,*,#1160,.T.);
#1884=ORIENTED_EDGE('',*,*,#1157,.T.);
#1885=ORIENTED_EDGE('',*,*,#1154,.T.);
#1886=ORIENTED_EDGE('',*,*,#1163,.T.);
#1887=ORIENTED_EDGE('',*,*,#1350,.F.);
#1888=ORIENTED_EDGE('',*,*,#1351,.T.);
#1889=ORIENTED_EDGE('',*,*,#1352,.F.);
#1890=ORIENTED_EDGE('',*,*,#1353,.F.);
#1891=ORIENTED_EDGE('',*,*,#1354,.F.);
#1892=ORIENTED_EDGE('',*,*,#1353,.T.);
#1893=ORIENTED_EDGE('',*,*,#1355,.F.);
#1894=ORIENTED_EDGE('',*,*,#1356,.F.);
#1895=ORIENTED_EDGE('',*,*,#1357,.F.);
#1896=ORIENTED_EDGE('',*,*,#1356,.T.);
#1897=ORIENTED_EDGE('',*,*,#1358,.F.);
#1898=ORIENTED_EDGE('',*,*,#1359,.F.);
#1899=ORIENTED_EDGE('',*,*,#1360,.F.);
#1900=ORIENTED_EDGE('',*,*,#1359,.T.);
#1901=ORIENTED_EDGE('',*,*,#1361,.F.);
#1902=ORIENTED_EDGE('',*,*,#1362,.F.);
#1903=ORIENTED_EDGE('',*,*,#1363,.F.);
#1904=ORIENTED_EDGE('',*,*,#1362,.T.);
#1905=ORIENTED_EDGE('',*,*,#1364,.F.);
#1906=ORIENTED_EDGE('',*,*,#1365,.F.);
#1907=ORIENTED_EDGE('',*,*,#1366,.F.);
#1908=ORIENTED_EDGE('',*,*,#1365,.T.);
#1909=ORIENTED_EDGE('',*,*,#1367,.F.);
#1910=ORIENTED_EDGE('',*,*,#1368,.F.);
#1911=ORIENTED_EDGE('',*,*,#1369,.F.);
#1912=ORIENTED_EDGE('',*,*,#1368,.T.);
#1913=ORIENTED_EDGE('',*,*,#1370,.F.);
#1914=ORIENTED_EDGE('',*,*,#1371,.F.);
#1915=ORIENTED_EDGE('',*,*,#1372,.F.);
#1916=ORIENTED_EDGE('',*,*,#1371,.T.);
#1917=ORIENTED_EDGE('',*,*,#1373,.F.);
#1918=ORIENTED_EDGE('',*,*,#1374,.F.);
#1919=ORIENTED_EDGE('',*,*,#1375,.F.);
#1920=ORIENTED_EDGE('',*,*,#1374,.T.);
#1921=ORIENTED_EDGE('',*,*,#1376,.F.);
#1922=ORIENTED_EDGE('',*,*,#1377,.F.);
#1923=ORIENTED_EDGE('',*,*,#1378,.F.);
#1924=ORIENTED_EDGE('',*,*,#1377,.T.);
#1925=ORIENTED_EDGE('',*,*,#1379,.F.);
#1926=ORIENTED_EDGE('',*,*,#1380,.F.);
#1927=ORIENTED_EDGE('',*,*,#1381,.F.);
#1928=ORIENTED_EDGE('',*,*,#1380,.T.);
#1929=ORIENTED_EDGE('',*,*,#1382,.F.);
#1930=ORIENTED_EDGE('',*,*,#1383,.F.);
#1931=ORIENTED_EDGE('',*,*,#1384,.F.);
#1932=ORIENTED_EDGE('',*,*,#1383,.T.);
#1933=ORIENTED_EDGE('',*,*,#1385,.F.);
#1934=ORIENTED_EDGE('',*,*,#1386,.F.);
#1935=ORIENTED_EDGE('',*,*,#1387,.F.);
#1936=ORIENTED_EDGE('',*,*,#1386,.T.);
#1937=ORIENTED_EDGE('',*,*,#1388,.F.);
#1938=ORIENTED_EDGE('',*,*,#1389,.F.);
#1939=ORIENTED_EDGE('',*,*,#1390,.F.);
#1940=ORIENTED_EDGE('',*,*,#1389,.T.);
#1941=ORIENTED_EDGE('',*,*,#1391,.F.);
#1942=ORIENTED_EDGE('',*,*,#1392,.F.);
#1943=ORIENTED_EDGE('',*,*,#1393,.F.);
#1944=ORIENTED_EDGE('',*,*,#1392,.T.);
#1945=ORIENTED_EDGE('',*,*,#1394,.F.);
#1946=ORIENTED_EDGE('',*,*,#1351,.F.);
#1947=ORIENTED_EDGE('',*,*,#1394,.T.);
#1948=ORIENTED_EDGE('',*,*,#1391,.T.);
#1949=ORIENTED_EDGE('',*,*,#1388,.T.);
#1950=ORIENTED_EDGE('',*,*,#1385,.T.);
#1951=ORIENTED_EDGE('',*,*,#1382,.T.);
#1952=ORIENTED_EDGE('',*,*,#1379,.T.);
#1953=ORIENTED_EDGE('',*,*,#1376,.T.);
#1954=ORIENTED_EDGE('',*,*,#1373,.T.);
#1955=ORIENTED_EDGE('',*,*,#1370,.T.);
#1956=ORIENTED_EDGE('',*,*,#1367,.T.);
#1957=ORIENTED_EDGE('',*,*,#1364,.T.);
#1958=ORIENTED_EDGE('',*,*,#1361,.T.);
#1959=ORIENTED_EDGE('',*,*,#1358,.T.);
#1960=ORIENTED_EDGE('',*,*,#1355,.T.);
#1961=ORIENTED_EDGE('',*,*,#1352,.T.);
#1962=ORIENTED_EDGE('',*,*,#1393,.T.);
#1963=ORIENTED_EDGE('',*,*,#1350,.T.);
#1964=ORIENTED_EDGE('',*,*,#1354,.T.);
#1965=ORIENTED_EDGE('',*,*,#1357,.T.);
#1966=ORIENTED_EDGE('',*,*,#1360,.T.);
#1967=ORIENTED_EDGE('',*,*,#1363,.T.);
#1968=ORIENTED_EDGE('',*,*,#1366,.T.);
#1969=ORIENTED_EDGE('',*,*,#1369,.T.);
#1970=ORIENTED_EDGE('',*,*,#1372,.T.);
#1971=ORIENTED_EDGE('',*,*,#1375,.T.);
#1972=ORIENTED_EDGE('',*,*,#1378,.T.);
#1973=ORIENTED_EDGE('',*,*,#1381,.T.);
#1974=ORIENTED_EDGE('',*,*,#1384,.T.);
#1975=ORIENTED_EDGE('',*,*,#1387,.T.);
#1976=ORIENTED_EDGE('',*,*,#1390,.T.);
#1977=PLANE('',#2241);
#1978=PLANE('',#2242);
#1979=PLANE('',#2243);
#1980=PLANE('',#2244);
#1981=PLANE('',#2245);
#1982=PLANE('',#2246);
#1983=PLANE('',#2248);
#1984=PLANE('',#2249);
#1985=PLANE('',#2250);
#1986=PLANE('',#2251);
#1987=PLANE('',#2252);
#1988=PLANE('',#2253);
#1989=PLANE('',#2267);
#1990=PLANE('',#2268);
#1991=PLANE('',#2269);
#1992=PLANE('',#2270);
#1993=PLANE('',#2271);
#1994=PLANE('',#2272);
#1995=PLANE('',#2274);
#1996=PLANE('',#2275);
#1997=PLANE('',#2276);
#1998=PLANE('',#2277);
#1999=PLANE('',#2278);
#2000=PLANE('',#2279);
#2001=PLANE('',#2280);
#2002=PLANE('',#2281);
#2003=PLANE('',#2282);
#2004=PLANE('',#2283);
#2005=PLANE('',#2284);
#2006=PLANE('',#2285);
#2007=PLANE('',#2286);
#2008=PLANE('',#2287);
#2009=PLANE('',#2288);
#2010=PLANE('',#2289);
#2011=PLANE('',#2290);
#2012=PLANE('',#2291);
#2013=PLANE('',#2292);
#2014=PLANE('',#2293);
#2015=PLANE('',#2294);
#2016=PLANE('',#2295);
#2017=PLANE('',#2296);
#2018=PLANE('',#2297);
#2019=PLANE('',#2298);
#2020=PLANE('',#2299);
#2021=PLANE('',#2300);
#2022=PLANE('',#2301);
#2023=PLANE('',#2302);
#2024=PLANE('',#2303);
#2025=PLANE('',#2304);
#2026=PLANE('',#2305);
#2027=PLANE('',#2306);
#2028=PLANE('',#2307);
#2029=PLANE('',#2308);
#2030=PLANE('',#2309);
#2031=PLANE('',#2310);
#2032=PLANE('',#2311);
#2033=PLANE('',#2312);
#2034=PLANE('',#2313);
#2035=PLANE('',#2314);
#2036=PLANE('',#2319);
#2037=PLANE('',#2320);
#2038=PLANE('',#2329);
#2039=PLANE('',#2330);
#2040=PLANE('',#2331);
#2041=PLANE('',#2332);
#2042=PLANE('',#2333);
#2043=PLANE('',#2334);
#2044=PLANE('',#2335);
#2045=PLANE('',#2336);
#2046=PLANE('',#2337);
#2047=PLANE('',#2338);
#2048=PLANE('',#2339);
#2049=PLANE('',#2340);
#2050=PLANE('',#2341);
#2051=PLANE('',#2342);
#2052=PLANE('',#2343);
#2053=PLANE('',#2344);
#2054=PLANE('',#2345);
#2055=PLANE('',#2346);
#2056=PLANE('',#2347);
#2057=PLANE('',#2348);
#2058=PLANE('',#2349);
#2059=PLANE('',#2351);
#2060=PLANE('',#2352);
#2061=PLANE('',#2353);
#2062=PLANE('',#2354);
#2063=PLANE('',#2355);
#2064=PLANE('',#2356);
#2065=PLANE('',#2357);
#2066=PLANE('',#2358);
#2067=PLANE('',#2359);
#2068=PLANE('',#2360);
#2069=PLANE('',#2361);
#2070=PLANE('',#2362);
#2071=ADVANCED_FACE('',(#128),#1977,.T.);
#2072=ADVANCED_FACE('',(#129),#1978,.F.);
#2073=ADVANCED_FACE('',(#130),#1979,.F.);
#2074=ADVANCED_FACE('',(#131),#1980,.F.);
#2075=ADVANCED_FACE('',(#132),#1981,.F.);
#2076=ADVANCED_FACE('',(#133),#1982,.F.);
#2077=ADVANCED_FACE('',(#134),#1983,.T.);
#2078=ADVANCED_FACE('',(#135),#1984,.F.);
#2079=ADVANCED_FACE('',(#136),#1985,.F.);
#2080=ADVANCED_FACE('',(#137),#1986,.F.);
#2081=ADVANCED_FACE('',(#138),#1987,.F.);
#2082=ADVANCED_FACE('',(#139),#1988,.F.);
#2083=ADVANCED_FACE('',(#140),#100,.F.);
#2084=ADVANCED_FACE('',(#141),#101,.F.);
#2085=ADVANCED_FACE('',(#142),#102,.F.);
#2086=ADVANCED_FACE('',(#143),#103,.F.);
#2087=ADVANCED_FACE('',(#144),#1989,.T.);
#2088=ADVANCED_FACE('',(#145),#1990,.F.);
#2089=ADVANCED_FACE('',(#146,#46,#47,#48,#49),#1991,.F.);
#2090=ADVANCED_FACE('',(#147),#1992,.F.);
#2091=ADVANCED_FACE('',(#148,#50,#51,#52,#53),#1993,.F.);
#2092=ADVANCED_FACE('',(#149),#1994,.F.);
#2093=ADVANCED_FACE('',(#150),#1995,.F.);
#2094=ADVANCED_FACE('',(#151),#1996,.T.);
#2095=ADVANCED_FACE('',(#152),#1997,.F.);
#2096=ADVANCED_FACE('',(#153),#1998,.F.);
#2097=ADVANCED_FACE('',(#154),#1999,.F.);
#2098=ADVANCED_FACE('',(#155),#2000,.T.);
#2099=ADVANCED_FACE('',(#156),#2001,.F.);
#2100=ADVANCED_FACE('',(#157),#2002,.F.);
#2101=ADVANCED_FACE('',(#158),#2003,.F.);
#2102=ADVANCED_FACE('',(#159),#2004,.T.);
#2103=ADVANCED_FACE('',(#160),#2005,.F.);
#2104=ADVANCED_FACE('',(#161),#2006,.F.);
#2105=ADVANCED_FACE('',(#162),#2007,.F.);
#2106=ADVANCED_FACE('',(#163),#2008,.T.);
#2107=ADVANCED_FACE('',(#164),#2009,.F.);
#2108=ADVANCED_FACE('',(#165),#2010,.F.);
#2109=ADVANCED_FACE('',(#166),#2011,.F.);
#2110=ADVANCED_FACE('',(#167),#2012,.T.);
#2111=ADVANCED_FACE('',(#168),#2013,.F.);
#2112=ADVANCED_FACE('',(#169),#2014,.F.);
#2113=ADVANCED_FACE('',(#170),#2015,.F.);
#2114=ADVANCED_FACE('',(#171),#2016,.T.);
#2115=ADVANCED_FACE('',(#172),#2017,.F.);
#2116=ADVANCED_FACE('',(#173),#2018,.F.);
#2117=ADVANCED_FACE('',(#174),#2019,.F.);
#2118=ADVANCED_FACE('',(#175),#2020,.T.);
#2119=ADVANCED_FACE('',(#176),#2021,.F.);
#2120=ADVANCED_FACE('',(#177),#2022,.F.);
#2121=ADVANCED_FACE('',(#178),#2023,.F.);
#2122=ADVANCED_FACE('',(#179),#2024,.T.);
#2123=ADVANCED_FACE('',(#180),#2025,.F.);
#2124=ADVANCED_FACE('',(#181),#2026,.F.);
#2125=ADVANCED_FACE('',(#182),#2027,.F.);
#2126=ADVANCED_FACE('',(#183),#2028,.T.);
#2127=ADVANCED_FACE('',(#184),#2029,.F.);
#2128=ADVANCED_FACE('',(#185),#2030,.F.);
#2129=ADVANCED_FACE('',(#186),#2031,.T.);
#2130=ADVANCED_FACE('',(#187),#2032,.F.);
#2131=ADVANCED_FACE('',(#188),#2033,.F.);
#2132=ADVANCED_FACE('',(#189),#2034,.F.);
#2133=ADVANCED_FACE('',(#190,#54,#55,#56,#57,#58,#59),#2035,.T.);
#2134=ADVANCED_FACE('',(#191),#2036,.F.);
#2135=ADVANCED_FACE('',(#192),#2037,.F.);
#2136=ADVANCED_FACE('',(#193),#104,.F.);
#2137=ADVANCED_FACE('',(#194),#105,.F.);
#2138=ADVANCED_FACE('',(#195),#106,.F.);
#2139=ADVANCED_FACE('',(#196),#107,.F.);
#2140=ADVANCED_FACE('',(#197),#2038,.T.);
#2141=ADVANCED_FACE('',(#198),#2039,.F.);
#2142=ADVANCED_FACE('',(#199),#2040,.F.);
#2143=ADVANCED_FACE('',(#200),#2041,.T.);
#2144=ADVANCED_FACE('',(#201),#2042,.F.);
#2145=ADVANCED_FACE('',(#202),#2043,.F.);
#2146=ADVANCED_FACE('',(#203),#2044,.T.);
#2147=ADVANCED_FACE('',(#204),#2045,.F.);
#2148=ADVANCED_FACE('',(#205),#2046,.T.);
#2149=ADVANCED_FACE('',(#206),#2047,.T.);
#2150=ADVANCED_FACE('',(#207),#2048,.T.);
#2151=ADVANCED_FACE('',(#208),#2049,.T.);
#2152=ADVANCED_FACE('',(#209),#2050,.F.);
#2153=ADVANCED_FACE('',(#210,#60,#61,#62,#63,#64,#65,#66,#67,#68,#69,#70,
#71,#72,#73,#74),#2051,.F.);
#2154=ADVANCED_FACE('',(#211),#2052,.F.);
#2155=ADVANCED_FACE('',(#212),#2053,.F.);
#2156=ADVANCED_FACE('',(#213),#2054,.T.);
#2157=ADVANCED_FACE('',(#214),#2055,.T.);
#2158=ADVANCED_FACE('',(#215),#2056,.T.);
#2159=ADVANCED_FACE('',(#216),#2057,.T.);
#2160=ADVANCED_FACE('',(#217,#75,#76,#77,#78,#79,#80,#81,#82,#83),#2058,
 .T.);
#2161=ADVANCED_FACE('',(#218),#41,.T.);
#2162=ADVANCED_FACE('',(#219),#2059,.T.);
#2163=ADVANCED_FACE('',(#220),#2060,.T.);
#2164=ADVANCED_FACE('',(#221),#2061,.T.);
#2165=ADVANCED_FACE('',(#222),#42,.T.);
#2166=ADVANCED_FACE('',(#223),#2062,.T.);
#2167=ADVANCED_FACE('',(#224),#43,.T.);
#2168=ADVANCED_FACE('',(#225),#2063,.T.);
#2169=ADVANCED_FACE('',(#226),#2064,.T.);
#2170=ADVANCED_FACE('',(#227),#2065,.T.);
#2171=ADVANCED_FACE('',(#228),#44,.T.);
#2172=ADVANCED_FACE('',(#229),#2066,.T.);
#2173=ADVANCED_FACE('',(#230),#45,.T.);
#2174=ADVANCED_FACE('',(#231),#2067,.T.);
#2175=ADVANCED_FACE('',(#232),#2068,.T.);
#2176=ADVANCED_FACE('',(#233),#2069,.T.);
#2177=ADVANCED_FACE('',(#234),#2070,.F.);
#2178=CLOSED_SHELL('',(#2071,#2072,#2073,#2074,#2075,#2076));
#2179=CLOSED_SHELL('',(#2077,#2078,#2079,#2080,#2081,#2082));
#2180=CLOSED_SHELL('',(#2083,#2084,#2085,#2086,#2087,#2088,#2089,#2090,
#2091,#2092));
#2181=CLOSED_SHELL('',(#2093,#2094,#2095,#2096,#2097,#2098,#2099,#2100,
#2101,#2102,#2103,#2104,#2105,#2106,#2107,#2108,#2109,#2110,#2111,#2112,
#2113,#2114,#2115,#2116,#2117,#2118,#2119,#2120,#2121,#2122,#2123,#2124,
#2125,#2126,#2127,#2128,#2129,#2130,#2131,#2132,#2133,#2134,#2135,#2136,
#2137,#2138,#2139,#2140,#2141,#2142,#2143,#2144,#2145,#2146,#2147,#2148,
#2149,#2150,#2151,#2152,#2153,#2154,#2155,#2156,#2157,#2158,#2159,#2160));
#2182=CLOSED_SHELL('',(#2161,#2162,#2163,#2164,#2165,#2166,#2167,#2168,
#2169,#2170,#2171,#2172,#2173,#2174,#2175,#2176,#2177));
#2183=DERIVED_UNIT_ELEMENT(#2193,1.);
#2184=DERIVED_UNIT_ELEMENT(#4104,-3.);
#2185=DERIVED_UNIT_ELEMENT(#2193,1.);
#2186=DERIVED_UNIT_ELEMENT(#4104,-3.);
#2187=DERIVED_UNIT_ELEMENT(#2193,1.);
#2188=DERIVED_UNIT_ELEMENT(#4104,-3.);
#2189=DERIVED_UNIT_ELEMENT(#2193,1.);
#2190=DERIVED_UNIT_ELEMENT(#4104,-3.);
#2191=DERIVED_UNIT_ELEMENT(#2193,1.);
#2192=DERIVED_UNIT_ELEMENT(#4104,-3.);
#2193=(
MASS_UNIT()
NAMED_UNIT(*)
SI_UNIT(.KILO.,.GRAM.)
);
#2194=DERIVED_UNIT((#2183,#2184));
#2195=DERIVED_UNIT((#2185,#2186));
#2196=DERIVED_UNIT((#2187,#2188));
#2197=DERIVED_UNIT((#2189,#2190));
#2198=DERIVED_UNIT((#2191,#2192));
#2199=MEASURE_REPRESENTATION_ITEM('density measure',
POSITIVE_RATIO_MEASURE(7850.),#2194);
#2200=MEASURE_REPRESENTATION_ITEM('density measure',
POSITIVE_RATIO_MEASURE(7850.),#2195);
#2201=MEASURE_REPRESENTATION_ITEM('density measure',
POSITIVE_RATIO_MEASURE(7850.),#2196);
#2202=MEASURE_REPRESENTATION_ITEM('density measure',
POSITIVE_RATIO_MEASURE(7850.),#2197);
#2203=MEASURE_REPRESENTATION_ITEM('density measure',
POSITIVE_RATIO_MEASURE(7850.),#2198);
#2204=PROPERTY_DEFINITION_REPRESENTATION(#2229,#2214);
#2205=PROPERTY_DEFINITION_REPRESENTATION(#2230,#2215);
#2206=PROPERTY_DEFINITION_REPRESENTATION(#2231,#2216);
#2207=PROPERTY_DEFINITION_REPRESENTATION(#2232,#2217);
#2208=PROPERTY_DEFINITION_REPRESENTATION(#2233,#2218);
#2209=PROPERTY_DEFINITION_REPRESENTATION(#2234,#2219);
#2210=PROPERTY_DEFINITION_REPRESENTATION(#2235,#2220);
#2211=PROPERTY_DEFINITION_REPRESENTATION(#2236,#2221);
#2212=PROPERTY_DEFINITION_REPRESENTATION(#2237,#2222);
#2213=PROPERTY_DEFINITION_REPRESENTATION(#2238,#2223);
#2214=REPRESENTATION('material name',(#2224),#4097);
#2215=REPRESENTATION('density',(#2199),#4097);
#2216=REPRESENTATION('material name',(#2225),#4098);
#2217=REPRESENTATION('density',(#2200),#4098);
#2218=REPRESENTATION('material name',(#2226),#4099);
#2219=REPRESENTATION('density',(#2201),#4099);
#2220=REPRESENTATION('material name',(#2227),#4100);
#2221=REPRESENTATION('density',(#2202),#4100);
#2222=REPRESENTATION('material name',(#2228),#4101);
#2223=REPRESENTATION('density',(#2203),#4101);
#2224=DESCRIPTIVE_REPRESENTATION_ITEM('Steel','Steel');
#2225=DESCRIPTIVE_REPRESENTATION_ITEM('Steel','Steel');
#2226=DESCRIPTIVE_REPRESENTATION_ITEM('Steel','Steel');
#2227=DESCRIPTIVE_REPRESENTATION_ITEM('Steel','Steel');
#2228=DESCRIPTIVE_REPRESENTATION_ITEM('Steel','Steel');
#2229=PROPERTY_DEFINITION('material property','material name',#4132);
#2230=PROPERTY_DEFINITION('material property','density of part',#4132);
#2231=PROPERTY_DEFINITION('material property','material name',#4133);
#2232=PROPERTY_DEFINITION('material property','density of part',#4133);
#2233=PROPERTY_DEFINITION('material property','material name',#4134);
#2234=PROPERTY_DEFINITION('material property','density of part',#4134);
#2235=PROPERTY_DEFINITION('material property','material name',#4135);
#2236=PROPERTY_DEFINITION('material property','density of part',#4135);
#2237=PROPERTY_DEFINITION('material property','material name',#4136);
#2238=PROPERTY_DEFINITION('material property','density of part',#4136);
#2239=AXIS2_PLACEMENT_3D('',#2891,#2368,#2369);
#2240=AXIS2_PLACEMENT_3D('',#2892,#2370,#2371);
#2241=AXIS2_PLACEMENT_3D('',#2893,#2372,#2373);
#2242=AXIS2_PLACEMENT_3D('',#2902,#2378,#2379);
#2243=AXIS2_PLACEMENT_3D('',#2911,#2384,#2385);
#2244=AXIS2_PLACEMENT_3D('',#2914,#2388,#2389);
#2245=AXIS2_PLACEMENT_3D('',#2916,#2391,#2392);
#2246=AXIS2_PLACEMENT_3D('',#2918,#2394,#2395);
#2247=AXIS2_PLACEMENT_3D('',#2919,#2396,#2397);
#2248=AXIS2_PLACEMENT_3D('',#2920,#2398,#2399);
#2249=AXIS2_PLACEMENT_3D('',#2929,#2404,#2405);
#2250=AXIS2_PLACEMENT_3D('',#2938,#2410,#2411);
#2251=AXIS2_PLACEMENT_3D('',#2941,#2414,#2415);
#2252=AXIS2_PLACEMENT_3D('',#2943,#2417,#2418);
#2253=AXIS2_PLACEMENT_3D('',#2945,#2420,#2421);
#2254=AXIS2_PLACEMENT_3D('',#2946,#2422,#2423);
#2255=AXIS2_PLACEMENT_3D('',#2947,#2424,#2425);
#2256=AXIS2_PLACEMENT_3D('',#2949,#2426,#2427);
#2257=AXIS2_PLACEMENT_3D('',#2952,#2429,#2430);
#2258=AXIS2_PLACEMENT_3D('',#2953,#2431,#2432);
#2259=AXIS2_PLACEMENT_3D('',#2955,#2433,#2434);
#2260=AXIS2_PLACEMENT_3D('',#2958,#2436,#2437);
#2261=AXIS2_PLACEMENT_3D('',#2959,#2438,#2439);
#2262=AXIS2_PLACEMENT_3D('',#2961,#2440,#2441);
#2263=AXIS2_PLACEMENT_3D('',#2964,#2443,#2444);
#2264=AXIS2_PLACEMENT_3D('',#2965,#2445,#2446);
#2265=AXIS2_PLACEMENT_3D('',#2967,#2447,#2448);
#2266=AXIS2_PLACEMENT_3D('',#2970,#2450,#2451);
#2267=AXIS2_PLACEMENT_3D('',#2971,#2452,#2453);
#2268=AXIS2_PLACEMENT_3D('',#2980,#2458,#2459);
#2269=AXIS2_PLACEMENT_3D('',#2989,#2464,#2465);
#2270=AXIS2_PLACEMENT_3D('',#2992,#2468,#2469);
#2271=AXIS2_PLACEMENT_3D('',#2994,#2471,#2472);
#2272=AXIS2_PLACEMENT_3D('',#2996,#2474,#2475);
#2273=AXIS2_PLACEMENT_3D('',#2997,#2476,#2477);
#2274=AXIS2_PLACEMENT_3D('',#2998,#2478,#2479);
#2275=AXIS2_PLACEMENT_3D('',#3007,#2484,#2485);
#2276=AXIS2_PLACEMENT_3D('',#3013,#2489,#2490);
#2277=AXIS2_PLACEMENT_3D('',#3019,#2494,#2495);
#2278=AXIS2_PLACEMENT_3D('',#3022,#2498,#2499);
#2279=AXIS2_PLACEMENT_3D('',#3031,#2504,#2505);
#2280=AXIS2_PLACEMENT_3D('',#3037,#2509,#2510);
#2281=AXIS2_PLACEMENT_3D('',#3043,#2514,#2515);
#2282=AXIS2_PLACEMENT_3D('',#3046,#2518,#2519);
#2283=AXIS2_PLACEMENT_3D('',#3055,#2524,#2525);
#2284=AXIS2_PLACEMENT_3D('',#3061,#2529,#2530);
#2285=AXIS2_PLACEMENT_3D('',#3067,#2534,#2535);
#2286=AXIS2_PLACEMENT_3D('',#3070,#2538,#2539);
#2287=AXIS2_PLACEMENT_3D('',#3079,#2544,#2545);
#2288=AXIS2_PLACEMENT_3D('',#3085,#2549,#2550);
#2289=AXIS2_PLACEMENT_3D('',#3091,#2554,#2555);
#2290=AXIS2_PLACEMENT_3D('',#3094,#2558,#2559);
#2291=AXIS2_PLACEMENT_3D('',#3103,#2564,#2565);
#2292=AXIS2_PLACEMENT_3D('',#3109,#2569,#2570);
#2293=AXIS2_PLACEMENT_3D('',#3115,#2574,#2575);
#2294=AXIS2_PLACEMENT_3D('',#3118,#2578,#2579);
#2295=AXIS2_PLACEMENT_3D('',#3127,#2584,#2585);
#2296=AXIS2_PLACEMENT_3D('',#3133,#2589,#2590);
#2297=AXIS2_PLACEMENT_3D('',#3139,#2594,#2595);
#2298=AXIS2_PLACEMENT_3D('',#3142,#2598,#2599);
#2299=AXIS2_PLACEMENT_3D('',#3151,#2604,#2605);
#2300=AXIS2_PLACEMENT_3D('',#3157,#2609,#2610);
#2301=AXIS2_PLACEMENT_3D('',#3163,#2614,#2615);
#2302=AXIS2_PLACEMENT_3D('',#3166,#2618,#2619);
#2303=AXIS2_PLACEMENT_3D('',#3175,#2624,#2625);
#2304=AXIS2_PLACEMENT_3D('',#3181,#2629,#2630);
#2305=AXIS2_PLACEMENT_3D('',#3187,#2634,#2635);
#2306=AXIS2_PLACEMENT_3D('',#3190,#2638,#2639);
#2307=AXIS2_PLACEMENT_3D('',#3199,#2644,#2645);
#2308=AXIS2_PLACEMENT_3D('',#3205,#2649,#2650);
#2309=AXIS2_PLACEMENT_3D('',#3211,#2654,#2655);
#2310=AXIS2_PLACEMENT_3D('',#3214,#2658,#2659);
#2311=AXIS2_PLACEMENT_3D('',#3227,#2666,#2667);
#2312=AXIS2_PLACEMENT_3D('',#3233,#2671,#2672);
#2313=AXIS2_PLACEMENT_3D('',#3239,#2676,#2677);
#2314=AXIS2_PLACEMENT_3D('',#3246,#2682,#2683);
#2315=AXIS2_PLACEMENT_3D('',#3289,#2705,#2706);
#2316=AXIS2_PLACEMENT_3D('',#3291,#2707,#2708);
#2317=AXIS2_PLACEMENT_3D('',#3293,#2709,#2710);
#2318=AXIS2_PLACEMENT_3D('',#3295,#2711,#2712);
#2319=AXIS2_PLACEMENT_3D('',#3296,#2713,#2714);
#2320=AXIS2_PLACEMENT_3D('',#3300,#2717,#2718);
#2321=AXIS2_PLACEMENT_3D('',#3304,#2721,#2722);
#2322=AXIS2_PLACEMENT_3D('',#3307,#2724,#2725);
#2323=AXIS2_PLACEMENT_3D('',#3308,#2726,#2727);
#2324=AXIS2_PLACEMENT_3D('',#3311,#2729,#2730);
#2325=AXIS2_PLACEMENT_3D('',#3312,#2731,#2732);
#2326=AXIS2_PLACEMENT_3D('',#3315,#2734,#2735);
#2327=AXIS2_PLACEMENT_3D('',#3316,#2736,#2737);
#2328=AXIS2_PLACEMENT_3D('',#3319,#2739,#2740);
#2329=AXIS2_PLACEMENT_3D('',#3320,#2741,#2742);
#2330=AXIS2_PLACEMENT_3D('',#3326,#2746,#2747);
#2331=AXIS2_PLACEMENT_3D('',#3330,#2750,#2751);
#2332=AXIS2_PLACEMENT_3D('',#3336,#2755,#2756);
#2333=AXIS2_PLACEMENT_3D('',#3340,#2759,#2760);
#2334=AXIS2_PLACEMENT_3D('',#3344,#2763,#2764);
#2335=AXIS2_PLACEMENT_3D('',#3348,#2767,#2768);
#2336=AXIS2_PLACEMENT_3D('',#3354,#2772,#2773);
#2337=AXIS2_PLACEMENT_3D('',#3358,#2776,#2777);
#2338=AXIS2_PLACEMENT_3D('',#3362,#2780,#2781);
#2339=AXIS2_PLACEMENT_3D('',#3364,#2783,#2784);
#2340=AXIS2_PLACEMENT_3D('',#3368,#2787,#2788);
#2341=AXIS2_PLACEMENT_3D('',#3370,#2790,#2791);
#2342=AXIS2_PLACEMENT_3D('',#3374,#2794,#2795);
#2343=AXIS2_PLACEMENT_3D('',#3380,#2799,#2800);
#2344=AXIS2_PLACEMENT_3D('',#3382,#2802,#2803);
#2345=AXIS2_PLACEMENT_3D('',#3384,#2805,#2806);
#2346=AXIS2_PLACEMENT_3D('',#3385,#2807,#2808);
#2347=AXIS2_PLACEMENT_3D('',#3389,#2811,#2812);
#2348=AXIS2_PLACEMENT_3D('',#3393,#2815,#2816);
#2349=AXIS2_PLACEMENT_3D('',#3395,#2818,#2819);
#2350=AXIS2_PLACEMENT_3D('',#3396,#2820,#2821);
#2351=AXIS2_PLACEMENT_3D('',#3609,#2824,#2825);
#2352=AXIS2_PLACEMENT_3D('',#3615,#2829,#2830);
#2353=AXIS2_PLACEMENT_3D('',#3621,#2834,#2835);
#2354=AXIS2_PLACEMENT_3D('',#3710,#2840,#2841);
#2355=AXIS2_PLACEMENT_3D('',#3799,#2846,#2847);
#2356=AXIS2_PLACEMENT_3D('',#3805,#2851,#2852);
#2357=AXIS2_PLACEMENT_3D('',#3811,#2856,#2857);
#2358=AXIS2_PLACEMENT_3D('',#3872,#2862,#2863);
#2359=AXIS2_PLACEMENT_3D('',#4073,#2868,#2869);
#2360=AXIS2_PLACEMENT_3D('',#4079,#2873,#2874);
#2361=AXIS2_PLACEMENT_3D('',#4082,#2877,#2878);
#2362=AXIS2_PLACEMENT_3D('',#4083,#2879,#2880);
#2363=AXIS2_PLACEMENT_3D('',#4084,#2881,#2882);
#2364=AXIS2_PLACEMENT_3D('',#4085,#2883,#2884);
#2365=AXIS2_PLACEMENT_3D('',#4086,#2885,#2886);
#2366=AXIS2_PLACEMENT_3D('',#4087,#2887,#2888);
#2367=AXIS2_PLACEMENT_3D('',#4088,#2889,#2890);
#2368=DIRECTION('axis',(0.,0.,1.));
#2369=DIRECTION('refdir',(1.,0.,0.));
#2370=DIRECTION('axis',(0.,0.,1.));
#2371=DIRECTION('refdir',(1.,0.,0.));
#2372=DIRECTION('center_axis',(0.,-1.,4.36740496900552E-16));
#2373=DIRECTION('ref_axis',(0.,-4.36740496900552E-16,-1.));
#2374=DIRECTION('',(0.,4.36740496900552E-16,1.));
#2375=DIRECTION('',(-1.,0.,0.));
#2376=DIRECTION('',(0.,-4.36740496900552E-16,-1.));
#2377=DIRECTION('',(1.,0.,0.));
#2378=DIRECTION('center_axis',(0.,-1.,4.36740496900552E-16));
#2379=DIRECTION('ref_axis',(0.,-4.36740496900552E-16,-1.));
#2380=DIRECTION('',(0.,-4.36740496900552E-16,-1.));
#2381=DIRECTION('',(-1.,0.,0.));
#2382=DIRECTION('',(0.,4.36740496900552E-16,1.));
#2383=DIRECTION('',(1.,0.,0.));
#2384=DIRECTION('center_axis',(0.,2.3950837389683E-16,1.));
#2385=DIRECTION('ref_axis',(1.,0.,0.));
#2386=DIRECTION('',(0.,1.,-2.3950837389683E-16));
#2387=DIRECTION('',(0.,1.,-2.3950837389683E-16));
#2388=DIRECTION('center_axis',(1.,0.,0.));
#2389=DIRECTION('ref_axis',(0.,0.,-1.));
#2390=DIRECTION('',(0.,1.,-2.3950837389683E-16));
#2391=DIRECTION('center_axis',(0.,-2.3950837389683E-16,-1.));
#2392=DIRECTION('ref_axis',(-1.,0.,0.));
#2393=DIRECTION('',(0.,1.,-2.3950837389683E-16));
#2394=DIRECTION('center_axis',(-1.,0.,0.));
#2395=DIRECTION('ref_axis',(0.,0.,1.));
#2396=DIRECTION('axis',(0.,0.,1.));
#2397=DIRECTION('refdir',(1.,0.,0.));
#2398=DIRECTION('center_axis',(0.,-1.,4.49752369141492E-16));
#2399=DIRECTION('ref_axis',(0.,-4.49752369141492E-16,-1.));
#2400=DIRECTION('',(0.,4.49752369141492E-16,1.));
#2401=DIRECTION('',(-1.,0.,0.));
#2402=DIRECTION('',(0.,-4.49752369141492E-16,-1.));
#2403=DIRECTION('',(1.,0.,0.));
#2404=DIRECTION('center_axis',(0.,-1.,4.49752369141492E-16));
#2405=DIRECTION('ref_axis',(0.,-4.49752369141492E-16,-1.));
#2406=DIRECTION('',(0.,-4.49752369141492E-16,-1.));
#2407=DIRECTION('',(-1.,0.,0.));
#2408=DIRECTION('',(0.,4.49752369141492E-16,1.));
#2409=DIRECTION('',(1.,0.,0.));
#2410=DIRECTION('center_axis',(0.,2.38510444241298E-16,1.));
#2411=DIRECTION('ref_axis',(1.,0.,0.));
#2412=DIRECTION('',(0.,1.,-2.38510444241298E-16));
#2413=DIRECTION('',(0.,1.,-2.38510444241298E-16));
#2414=DIRECTION('center_axis',(1.,0.,0.));
#2415=DIRECTION('ref_axis',(0.,0.,-1.));
#2416=DIRECTION('',(0.,1.,-2.38510444241298E-16));
#2417=DIRECTION('center_axis',(0.,-2.38510444241298E-16,-1.));
#2418=DIRECTION('ref_axis',(-1.,0.,0.));
#2419=DIRECTION('',(0.,1.,-2.38510444241298E-16));
#2420=DIRECTION('center_axis',(-1.,0.,0.));
#2421=DIRECTION('ref_axis',(0.,0.,1.));
#2422=DIRECTION('axis',(0.,0.,1.));
#2423=DIRECTION('refdir',(1.,0.,0.));
#2424=DIRECTION('center_axis',(9.75980313396673E-33,1.59389681020877E-16,
1.));
#2425=DIRECTION('ref_axis',(1.,-6.12323399573677E-17,-2.79384201558287E-32));
#2426=DIRECTION('center_axis',(-6.12323399573675E-18,1.60812264967664E-16,
1.));
#2427=DIRECTION('ref_axis',(1.,-6.12323399573677E-17,-2.79384201558287E-32));
#2428=DIRECTION('',(9.75980313396673E-33,1.59389681020877E-16,1.));
#2429=DIRECTION('center_axis',(6.12323399573675E-18,-1.60812264967664E-16,
-1.));
#2430=DIRECTION('ref_axis',(1.,-6.12323399573677E-17,-2.79384201558287E-32));
#2431=DIRECTION('center_axis',(9.75980313396673E-33,1.59389681020877E-16,
1.));
#2432=DIRECTION('ref_axis',(1.,-6.12323399573677E-17,-2.79384201558287E-32));
#2433=DIRECTION('center_axis',(-6.12323399573675E-18,1.60812264967664E-16,
1.));
#2434=DIRECTION('ref_axis',(1.,-6.12323399573677E-17,-2.79384201558287E-32));
#2435=DIRECTION('',(9.75980313396673E-33,1.59389681020877E-16,1.));
#2436=DIRECTION('center_axis',(6.12323399573675E-18,-1.60812264967664E-16,
-1.));
#2437=DIRECTION('ref_axis',(1.,-6.12323399573677E-17,-2.79384201558287E-32));
#2438=DIRECTION('center_axis',(9.75980313396673E-33,1.59389681020877E-16,
1.));
#2439=DIRECTION('ref_axis',(1.,-6.12323399573677E-17,-2.79384201558287E-32));
#2440=DIRECTION('center_axis',(-6.12323399573675E-18,1.60812264967664E-16,
1.));
#2441=DIRECTION('ref_axis',(1.,-6.12323399573677E-17,-2.79384201558287E-32));
#2442=DIRECTION('',(9.75980313396673E-33,1.59389681020877E-16,1.));
#2443=DIRECTION('center_axis',(6.12323399573675E-18,-1.60812264967664E-16,
-1.));
#2444=DIRECTION('ref_axis',(1.,-6.12323399573677E-17,-2.79384201558287E-32));
#2445=DIRECTION('center_axis',(9.75980313396673E-33,1.59389681020877E-16,
1.));
#2446=DIRECTION('ref_axis',(1.,-6.12323399573677E-17,-2.79384201558287E-32));
#2447=DIRECTION('center_axis',(-6.12323399573675E-18,1.60812264967664E-16,
1.));
#2448=DIRECTION('ref_axis',(1.,-6.12323399573677E-17,-2.79384201558287E-32));
#2449=DIRECTION('',(9.75980313396673E-33,1.59389681020877E-16,1.));
#2450=DIRECTION('center_axis',(6.12323399573675E-18,-1.60812264967664E-16,
-1.));
#2451=DIRECTION('ref_axis',(1.,-6.12323399573677E-17,-2.79384201558287E-32));
#2452=DIRECTION('center_axis',(-1.,1.22464679914735E-16,-6.12323399573677E-16));
#2453=DIRECTION('ref_axis',(-6.12323399573677E-16,0.,1.));
#2454=DIRECTION('',(6.12323399573677E-16,-1.60812264967664E-16,-1.));
#2455=DIRECTION('',(-1.22464679914735E-16,-1.,1.60812264967664E-16));
#2456=DIRECTION('',(-6.12323399573677E-16,1.60812264967664E-16,1.));
#2457=DIRECTION('',(1.22464679914735E-16,1.,-1.60812264967664E-16));
#2458=DIRECTION('center_axis',(-1.,1.22464679914735E-16,-6.12323399573677E-16));
#2459=DIRECTION('ref_axis',(-6.12323399573677E-16,0.,1.));
#2460=DIRECTION('',(-6.12323399573677E-16,1.60812264967664E-16,1.));
#2461=DIRECTION('',(-1.22464679914735E-16,-1.,1.60812264967664E-16));
#2462=DIRECTION('',(6.12323399573677E-16,-1.60812264967664E-16,-1.));
#2463=DIRECTION('',(1.22464679914735E-16,1.,-1.60812264967664E-16));
#2464=DIRECTION('center_axis',(6.12323399573675E-18,-1.60812264967664E-16,
-1.));
#2465=DIRECTION('ref_axis',(-1.,0.,-6.12323399573675E-18));
#2466=DIRECTION('',(1.,-1.22464679914735E-16,6.12323399573677E-18));
#2467=DIRECTION('',(1.,-1.22464679914735E-16,6.12323399573677E-18));
#2468=DIRECTION('center_axis',(1.22464679914735E-16,1.,-1.60812264967664E-16));
#2469=DIRECTION('ref_axis',(0.,1.60812264967664E-16,1.));
#2470=DIRECTION('',(1.,-1.22464679914735E-16,6.12323399573677E-18));
#2471=DIRECTION('center_axis',(-6.12323399573675E-18,1.60812264967664E-16,
1.));
#2472=DIRECTION('ref_axis',(1.,0.,6.12323399573675E-18));
#2473=DIRECTION('',(1.,-1.22464679914735E-16,6.12323399573677E-18));
#2474=DIRECTION('center_axis',(-1.22464679914735E-16,-1.,1.60812264967664E-16));
#2475=DIRECTION('ref_axis',(0.,-1.60812264967664E-16,-1.));
#2476=DIRECTION('axis',(0.,0.,1.));
#2477=DIRECTION('refdir',(1.,0.,0.));
#2478=DIRECTION('center_axis',(-6.13341532471732E-17,-1.,2.22419232896488E-16));
#2479=DIRECTION('ref_axis',(0.,-2.22419232896488E-16,-1.));
#2480=DIRECTION('',(-1.,6.13341532471732E-17,-1.68846862806392E-32));
#2481=DIRECTION('',(-2.00975396458448E-18,-2.22419232896488E-16,-1.));
#2482=DIRECTION('',(1.,-6.13341532471732E-17,1.62367774967133E-32));
#2483=DIRECTION('',(2.00975396458448E-18,2.22419232896488E-16,1.));
#2484=DIRECTION('center_axis',(0.888742391355287,-0.458406982721779,1.00172375906851E-16));
#2485=DIRECTION('ref_axis',(1.12712499011208E-16,0.,-1.));
#2486=DIRECTION('',(0.458406982721779,0.888742391355287,-2.44661997726865E-16));
#2487=DIRECTION('',(-0.458406982721779,-0.888742391355287,2.35273688415969E-16));
#2488=DIRECTION('',(-2.00975396458448E-18,-2.22419232896488E-16,-1.));
#2489=DIRECTION('center_axis',(6.13341532471732E-17,1.,-2.22419232896488E-16));
#2490=DIRECTION('ref_axis',(0.,2.22419232896488E-16,1.));
#2491=DIRECTION('',(1.,-6.13341532471732E-17,1.68846862806392E-32));
#2492=DIRECTION('',(-1.,6.13341532471732E-17,-1.62367774967133E-32));
#2493=DIRECTION('',(2.00975396458448E-18,2.22419232896488E-16,1.));
#2494=DIRECTION('center_axis',(0.888742391355287,-0.458406982721779,1.00172375906851E-16));
#2495=DIRECTION('ref_axis',(1.12712499011208E-16,0.,-1.));
#2496=DIRECTION('',(-0.458406982721779,-0.888742391355287,2.44661997726865E-16));
#2497=DIRECTION('',(0.458406982721779,0.888742391355287,-2.35273688415969E-16));
#2498=DIRECTION('center_axis',(-6.13341532471732E-17,-1.,2.22419232896488E-16));
#2499=DIRECTION('ref_axis',(0.,-2.22419232896488E-16,-1.));
#2500=DIRECTION('',(-1.,6.13341532471732E-17,-1.68846862806392E-32));
#2501=DIRECTION('',(-2.00975396458448E-18,-2.22419232896488E-16,-1.));
#2502=DIRECTION('',(1.,-6.13341532471732E-17,1.62367774967133E-32));
#2503=DIRECTION('',(2.00975396458448E-18,2.22419232896488E-16,1.));
#2504=DIRECTION('center_axis',(0.888742391355287,-0.458406982721779,1.00172375906851E-16));
#2505=DIRECTION('ref_axis',(1.12712499011208E-16,0.,-1.));
#2506=DIRECTION('',(0.458406982721779,0.888742391355287,-2.44661997726865E-16));
#2507=DIRECTION('',(-0.458406982721779,-0.888742391355287,2.35273688415969E-16));
#2508=DIRECTION('',(-2.00975396458448E-18,-2.22419232896488E-16,-1.));
#2509=DIRECTION('center_axis',(6.13341532471732E-17,1.,-2.22419232896488E-16));
#2510=DIRECTION('ref_axis',(0.,2.22419232896488E-16,1.));
#2511=DIRECTION('',(1.,-6.13341532471732E-17,1.68846862806392E-32));
#2512=DIRECTION('',(-1.,6.13341532471732E-17,-1.62367774967133E-32));
#2513=DIRECTION('',(2.00975396458448E-18,2.22419232896488E-16,1.));
#2514=DIRECTION('center_axis',(0.888742391355287,-0.458406982721779,1.00172375906851E-16));
#2515=DIRECTION('ref_axis',(1.12712499011208E-16,0.,-1.));
#2516=DIRECTION('',(-0.458406982721779,-0.888742391355287,2.44661997726865E-16));
#2517=DIRECTION('',(0.458406982721779,0.888742391355287,-2.35273688415969E-16));
#2518=DIRECTION('center_axis',(-6.13341532471732E-17,-1.,2.22419232896488E-16));
#2519=DIRECTION('ref_axis',(0.,-2.22419232896488E-16,-1.));
#2520=DIRECTION('',(-1.,6.13341532471732E-17,-1.68846862806392E-32));
#2521=DIRECTION('',(-2.00975396458448E-18,-2.22419232896488E-16,-1.));
#2522=DIRECTION('',(1.,-6.13341532471732E-17,1.62367774967133E-32));
#2523=DIRECTION('',(2.00975396458448E-18,2.22419232896488E-16,1.));
#2524=DIRECTION('center_axis',(0.888742391355287,-0.458406982721779,1.00172375906851E-16));
#2525=DIRECTION('ref_axis',(1.12712499011208E-16,0.,-1.));
#2526=DIRECTION('',(0.458406982721779,0.888742391355287,-2.44661997726865E-16));
#2527=DIRECTION('',(-0.458406982721779,-0.888742391355287,2.35273688415969E-16));
#2528=DIRECTION('',(-2.00975396458448E-18,-2.22419232896488E-16,-1.));
#2529=DIRECTION('center_axis',(6.13341532471732E-17,1.,-2.22419232896488E-16));
#2530=DIRECTION('ref_axis',(0.,2.22419232896488E-16,1.));
#2531=DIRECTION('',(1.,-6.13341532471732E-17,1.68846862806392E-32));
#2532=DIRECTION('',(-1.,6.13341532471732E-17,-1.62367774967133E-32));
#2533=DIRECTION('',(2.00975396458448E-18,2.22419232896488E-16,1.));
#2534=DIRECTION('center_axis',(0.888742391355287,-0.458406982721779,1.00172375906851E-16));
#2535=DIRECTION('ref_axis',(1.12712499011208E-16,0.,-1.));
#2536=DIRECTION('',(-0.458406982721779,-0.888742391355287,2.44661997726865E-16));
#2537=DIRECTION('',(0.458406982721779,0.888742391355287,-2.35273688415969E-16));
#2538=DIRECTION('center_axis',(-6.13341532471732E-17,-1.,2.22419232896488E-16));
#2539=DIRECTION('ref_axis',(0.,-2.22419232896488E-16,-1.));
#2540=DIRECTION('',(-1.,6.13341532471732E-17,-1.68846862806392E-32));
#2541=DIRECTION('',(-2.00975396458448E-18,-2.22419232896488E-16,-1.));
#2542=DIRECTION('',(1.,-6.13341532471732E-17,1.62367774967133E-32));
#2543=DIRECTION('',(2.00975396458448E-18,2.22419232896488E-16,1.));
#2544=DIRECTION('center_axis',(0.888742391355287,-0.458406982721779,1.00172375906851E-16));
#2545=DIRECTION('ref_axis',(1.12712499011208E-16,0.,-1.));
#2546=DIRECTION('',(0.458406982721779,0.888742391355287,-2.44661997726865E-16));
#2547=DIRECTION('',(-0.458406982721779,-0.888742391355287,2.35273688415969E-16));
#2548=DIRECTION('',(-2.00975396458448E-18,-2.22419232896488E-16,-1.));
#2549=DIRECTION('center_axis',(6.13341532471732E-17,1.,-2.22419232896488E-16));
#2550=DIRECTION('ref_axis',(0.,2.22419232896488E-16,1.));
#2551=DIRECTION('',(1.,-6.13341532471732E-17,1.68846862806392E-32));
#2552=DIRECTION('',(-1.,6.13341532471732E-17,-1.62367774967133E-32));
#2553=DIRECTION('',(2.00975396458448E-18,2.22419232896488E-16,1.));
#2554=DIRECTION('center_axis',(0.888742391355287,-0.458406982721779,1.00172375906851E-16));
#2555=DIRECTION('ref_axis',(1.12712499011208E-16,0.,-1.));
#2556=DIRECTION('',(-0.458406982721779,-0.888742391355287,2.44661997726865E-16));
#2557=DIRECTION('',(0.458406982721779,0.888742391355287,-2.35273688415969E-16));
#2558=DIRECTION('center_axis',(-6.13341532471732E-17,-1.,2.22419232896488E-16));
#2559=DIRECTION('ref_axis',(0.,-2.22419232896488E-16,-1.));
#2560=DIRECTION('',(-1.,6.13341532471732E-17,-1.68846862806392E-32));
#2561=DIRECTION('',(-2.00975396458448E-18,-2.22419232896488E-16,-1.));
#2562=DIRECTION('',(1.,-6.13341532471732E-17,1.62367774967133E-32));
#2563=DIRECTION('',(2.00975396458448E-18,2.22419232896488E-16,1.));
#2564=DIRECTION('center_axis',(0.888742391355287,-0.458406982721779,1.00172375906851E-16));
#2565=DIRECTION('ref_axis',(1.12712499011208E-16,0.,-1.));
#2566=DIRECTION('',(0.458406982721779,0.888742391355287,-2.44661997726865E-16));
#2567=DIRECTION('',(-0.458406982721779,-0.888742391355287,2.35273688415969E-16));
#2568=DIRECTION('',(-2.00975396458448E-18,-2.22419232896488E-16,-1.));
#2569=DIRECTION('center_axis',(6.13341532471732E-17,1.,-2.22419232896488E-16));
#2570=DIRECTION('ref_axis',(0.,2.22419232896488E-16,1.));
#2571=DIRECTION('',(1.,-6.13341532471732E-17,1.68846862806392E-32));
#2572=DIRECTION('',(-1.,6.13341532471732E-17,-1.62367774967133E-32));
#2573=DIRECTION('',(2.00975396458448E-18,2.22419232896488E-16,1.));
#2574=DIRECTION('center_axis',(0.888742391355287,-0.458406982721779,1.00172375906851E-16));
#2575=DIRECTION('ref_axis',(1.12712499011208E-16,0.,-1.));
#2576=DIRECTION('',(-0.458406982721779,-0.888742391355287,2.44661997726865E-16));
#2577=DIRECTION('',(0.458406982721779,0.888742391355287,-2.35273688415969E-16));
#2578=DIRECTION('center_axis',(-6.13341532471732E-17,-1.,2.22419232896488E-16));
#2579=DIRECTION('ref_axis',(0.,-2.22419232896488E-16,-1.));
#2580=DIRECTION('',(-1.,6.13341532471732E-17,-1.68846862806392E-32));
#2581=DIRECTION('',(-2.00975396458448E-18,-2.22419232896488E-16,-1.));
#2582=DIRECTION('',(1.,-6.13341532471732E-17,1.62367774967133E-32));
#2583=DIRECTION('',(2.00975396458448E-18,2.22419232896488E-16,1.));
#2584=DIRECTION('center_axis',(0.888742391355287,-0.458406982721779,1.00172375906851E-16));
#2585=DIRECTION('ref_axis',(1.12712499011208E-16,0.,-1.));
#2586=DIRECTION('',(0.458406982721779,0.888742391355287,-2.44661997726865E-16));
#2587=DIRECTION('',(-0.458406982721779,-0.888742391355287,2.35273688415969E-16));
#2588=DIRECTION('',(-2.00975396458448E-18,-2.22419232896488E-16,-1.));
#2589=DIRECTION('center_axis',(6.13341532471732E-17,1.,-2.22419232896488E-16));
#2590=DIRECTION('ref_axis',(0.,2.22419232896488E-16,1.));
#2591=DIRECTION('',(1.,-6.13341532471732E-17,1.68846862806392E-32));
#2592=DIRECTION('',(-1.,6.13341532471732E-17,-1.62367774967133E-32));
#2593=DIRECTION('',(2.00975396458448E-18,2.22419232896488E-16,1.));
#2594=DIRECTION('center_axis',(0.888742391355287,-0.458406982721779,1.00172375906851E-16));
#2595=DIRECTION('ref_axis',(1.12712499011208E-16,0.,-1.));
#2596=DIRECTION('',(-0.458406982721779,-0.888742391355287,2.44661997726865E-16));
#2597=DIRECTION('',(0.458406982721779,0.888742391355287,-2.35273688415969E-16));
#2598=DIRECTION('center_axis',(-6.13341532471732E-17,-1.,2.22419232896488E-16));
#2599=DIRECTION('ref_axis',(0.,-2.22419232896488E-16,-1.));
#2600=DIRECTION('',(-1.,6.13341532471732E-17,-1.68846862806392E-32));
#2601=DIRECTION('',(-2.00975396458448E-18,-2.22419232896488E-16,-1.));
#2602=DIRECTION('',(1.,-6.13341532471732E-17,1.62367774967133E-32));
#2603=DIRECTION('',(2.00975396458448E-18,2.22419232896488E-16,1.));
#2604=DIRECTION('center_axis',(0.888742391355287,-0.458406982721779,1.00172375906851E-16));
#2605=DIRECTION('ref_axis',(1.12712499011208E-16,0.,-1.));
#2606=DIRECTION('',(0.458406982721779,0.888742391355287,-2.44661997726865E-16));
#2607=DIRECTION('',(-0.458406982721779,-0.888742391355287,2.35273688415969E-16));
#2608=DIRECTION('',(-2.00975396458448E-18,-2.22419232896488E-16,-1.));
#2609=DIRECTION('center_axis',(6.13341532471732E-17,1.,-2.22419232896488E-16));
#2610=DIRECTION('ref_axis',(0.,2.22419232896488E-16,1.));
#2611=DIRECTION('',(1.,-6.13341532471732E-17,1.68846862806392E-32));
#2612=DIRECTION('',(-1.,6.13341532471732E-17,-1.62367774967133E-32));
#2613=DIRECTION('',(2.00975396458448E-18,2.22419232896488E-16,1.));
#2614=DIRECTION('center_axis',(0.888742391355287,-0.458406982721779,1.00172375906851E-16));
#2615=DIRECTION('ref_axis',(1.12712499011208E-16,0.,-1.));
#2616=DIRECTION('',(-0.458406982721779,-0.888742391355287,2.44661997726865E-16));
#2617=DIRECTION('',(0.458406982721779,0.888742391355287,-2.35273688415969E-16));
#2618=DIRECTION('center_axis',(-6.13341532471732E-17,-1.,2.22419232896488E-16));
#2619=DIRECTION('ref_axis',(0.,-2.22419232896488E-16,-1.));
#2620=DIRECTION('',(-1.,6.13341532471732E-17,-1.68846862806392E-32));
#2621=DIRECTION('',(-2.00975396458448E-18,-2.22419232896488E-16,-1.));
#2622=DIRECTION('',(1.,-6.13341532471732E-17,1.62367774967133E-32));
#2623=DIRECTION('',(2.00975396458448E-18,2.22419232896488E-16,1.));
#2624=DIRECTION('center_axis',(0.888742391355287,-0.458406982721779,1.00172375906851E-16));
#2625=DIRECTION('ref_axis',(1.12712499011208E-16,0.,-1.));
#2626=DIRECTION('',(0.458406982721779,0.888742391355287,-2.44661997726865E-16));
#2627=DIRECTION('',(-0.458406982721779,-0.888742391355287,2.35273688415969E-16));
#2628=DIRECTION('',(-2.00975396458448E-18,-2.22419232896488E-16,-1.));
#2629=DIRECTION('center_axis',(6.13341532471732E-17,1.,-2.22419232896488E-16));
#2630=DIRECTION('ref_axis',(0.,2.22419232896488E-16,1.));
#2631=DIRECTION('',(1.,-6.13341532471732E-17,1.68846862806392E-32));
#2632=DIRECTION('',(-1.,6.13341532471732E-17,-1.62367774967133E-32));
#2633=DIRECTION('',(2.00975396458448E-18,2.22419232896488E-16,1.));
#2634=DIRECTION('center_axis',(0.888742391355287,-0.458406982721779,1.00172375906851E-16));
#2635=DIRECTION('ref_axis',(1.12712499011208E-16,0.,-1.));
#2636=DIRECTION('',(-0.458406982721779,-0.888742391355287,2.44661997726865E-16));
#2637=DIRECTION('',(0.458406982721779,0.888742391355287,-2.35273688415969E-16));
#2638=DIRECTION('center_axis',(-6.13341532471732E-17,-1.,2.22419232896488E-16));
#2639=DIRECTION('ref_axis',(0.,-2.22419232896488E-16,-1.));
#2640=DIRECTION('',(-1.,6.13341532471732E-17,-1.68846862806392E-32));
#2641=DIRECTION('',(-2.00975396458448E-18,-2.22419232896488E-16,-1.));
#2642=DIRECTION('',(1.,-6.13341532471732E-17,1.62367774967133E-32));
#2643=DIRECTION('',(2.00975396458448E-18,2.22419232896488E-16,1.));
#2644=DIRECTION('center_axis',(0.888742391355287,-0.458406982721779,1.00172375906851E-16));
#2645=DIRECTION('ref_axis',(1.12712499011208E-16,0.,-1.));
#2646=DIRECTION('',(0.458406982721779,0.888742391355287,-2.44661997726865E-16));
#2647=DIRECTION('',(-0.458406982721779,-0.888742391355287,2.35273688415969E-16));
#2648=DIRECTION('',(-2.00975396458448E-18,-2.22419232896488E-16,-1.));
#2649=DIRECTION('center_axis',(6.13341532471732E-17,1.,-2.22419232896488E-16));
#2650=DIRECTION('ref_axis',(0.,2.22419232896488E-16,1.));
#2651=DIRECTION('',(1.,-6.13341532471732E-17,1.68846862806392E-32));
#2652=DIRECTION('',(-1.,6.13341532471732E-17,-1.62367774967133E-32));
#2653=DIRECTION('',(2.00975396458448E-18,2.22419232896488E-16,1.));
#2654=DIRECTION('center_axis',(0.888742391355287,-0.458406982721779,1.00172375906851E-16));
#2655=DIRECTION('ref_axis',(1.12712499011208E-16,0.,-1.));
#2656=DIRECTION('',(-0.458406982721779,-0.888742391355287,2.44661997726865E-16));
#2657=DIRECTION('',(0.458406982721779,0.888742391355287,-2.35273688415969E-16));
#2658=DIRECTION('center_axis',(0.888742391355287,-0.458406982721779,1.00172375906851E-16));
#2659=DIRECTION('ref_axis',(1.12712499011208E-16,0.,-1.));
#2660=DIRECTION('',(0.458406982721779,0.888742391355287,-2.44661997726865E-16));
#2661=DIRECTION('',(2.00975396458448E-18,2.22419232896488E-16,1.));
#2662=DIRECTION('',(-0.458406982721779,-0.888742391355287,1.93260084012652E-15));
#2663=DIRECTION('',(-3.44131332081062E-16,-8.85711811172994E-16,-1.));
#2664=DIRECTION('',(-0.458406982721779,-0.888742391355287,2.35273688415969E-16));
#2665=DIRECTION('',(-2.00975396458448E-18,-2.22419232896488E-16,-1.));
#2666=DIRECTION('center_axis',(-6.13341532471732E-17,-1.,2.22419232896488E-16));
#2667=DIRECTION('ref_axis',(0.,-2.22419232896488E-16,-1.));
#2668=DIRECTION('',(-1.,6.13341532471732E-17,-1.68846862806392E-32));
#2669=DIRECTION('',(-2.00975396458448E-18,-2.22419232896488E-16,-1.));
#2670=DIRECTION('',(1.,-6.13341532471732E-17,1.33373221809727E-31));
#2671=DIRECTION('center_axis',(6.13341532471732E-17,1.,-2.22419232896488E-16));
#2672=DIRECTION('ref_axis',(0.,2.22419232896488E-16,1.));
#2673=DIRECTION('',(1.,-6.13341532471732E-17,1.68846862806392E-32));
#2674=DIRECTION('',(-1.,6.13341532471732E-17,-1.62367774967133E-32));
#2675=DIRECTION('',(2.00975396458448E-18,2.22419232896488E-16,1.));
#2676=DIRECTION('center_axis',(0.888742391355287,-0.458406982721779,1.00172375906851E-16));
#2677=DIRECTION('ref_axis',(1.12712499011208E-16,0.,-1.));
#2678=DIRECTION('',(-0.458406982721779,-0.888742391355287,2.44661997726865E-16));
#2679=DIRECTION('',(0.458406982721779,0.888742391355287,-2.35273688415969E-16));
#2680=DIRECTION('',(3.44131332081062E-16,8.85711811172994E-16,1.));
#2681=DIRECTION('',(0.458406982721779,0.888742391355287,-1.93260084012652E-15));
#2682=DIRECTION('center_axis',(1.1903437559603E-62,-2.17453432954785E-15,
-1.));
#2683=DIRECTION('ref_axis',(-1.,0.,-1.1903437559603E-62));
#2684=DIRECTION('',(-1.0562578642646E-16,1.,-2.17453432954785E-15));
#2685=DIRECTION('',(1.,3.54970086709377E-17,-7.71894639512118E-32));
#2686=DIRECTION('',(5.47382212626882E-48,1.,-2.17453432954785E-15));
#2687=DIRECTION('',(1.,5.47382212626882E-48,4.23432192809499E-67));
#2688=DIRECTION('',(5.47382212626882E-48,1.,-2.17453432954785E-15));
#2689=DIRECTION('',(1.,5.47382212626882E-48,4.23432192809499E-67));
#2690=DIRECTION('',(-5.47382212626882E-48,-1.,2.17453432954785E-15));
#2691=DIRECTION('',(-1.,-3.54970086709377E-17,7.71894639512118E-32));
#2692=DIRECTION('',(-1.0695973834952E-16,1.,-2.17453432954785E-15));
#2693=DIRECTION('',(1.,5.46941526211911E-48,1.00063095720023E-65));
#2694=DIRECTION('',(5.47823254115488E-48,1.,-2.17453432954785E-15));
#2695=DIRECTION('',(-1.,-5.46941526211911E-48,-1.00063095720023E-65));
#2696=DIRECTION('',(-5.47823254115488E-48,-1.,2.17453432954785E-15));
#2697=DIRECTION('',(-1.,-3.50543065504002E-17,7.62267929923394E-32));
#2698=DIRECTION('',(1.0695973834952E-16,-1.,2.17453432954785E-15));
#2699=DIRECTION('',(1.,3.50543065504002E-17,-7.62267929923394E-32));
#2700=DIRECTION('',(-1.0695973834952E-16,1.,-2.17453432954785E-15));
#2701=DIRECTION('',(5.47382212626882E-48,1.,-2.17453432954785E-15));
#2702=DIRECTION('',(-1.,-5.47382212626882E-48,-4.23432192809499E-67));
#2703=DIRECTION('',(-5.47382212626882E-48,-1.,2.17453432954785E-15));
#2704=DIRECTION('',(1.,5.47382212626882E-48,4.23432192809499E-67));
#2705=DIRECTION('center_axis',(-1.1903437559603E-62,2.17453432954785E-15,
1.));
#2706=DIRECTION('ref_axis',(1.,5.47382212626882E-48,0.));
#2707=DIRECTION('center_axis',(-1.1903437559603E-62,2.17453432954785E-15,
1.));
#2708=DIRECTION('ref_axis',(1.,5.47382212626882E-48,0.));
#2709=DIRECTION('center_axis',(-1.1903437559603E-62,2.17453432954785E-15,
1.));
#2710=DIRECTION('ref_axis',(1.,5.47382212626882E-48,0.));
#2711=DIRECTION('center_axis',(-1.1903437559603E-62,2.17453432954785E-15,
1.));
#2712=DIRECTION('ref_axis',(1.,5.47382212626882E-48,0.));
#2713=DIRECTION('center_axis',(-1.,-1.06959738349519E-16,3.44131332081062E-16));
#2714=DIRECTION('ref_axis',(3.44131332081062E-16,0.,1.));
#2715=DIRECTION('',(-1.06959738349519E-16,1.,-2.22044604925031E-16));
#2716=DIRECTION('',(3.44131332081062E-16,3.09965934095355E-16,1.));
#2717=DIRECTION('center_axis',(-1.,-1.06959738349519E-16,3.44131332081062E-16));
#2718=DIRECTION('ref_axis',(3.44131332081062E-16,0.,1.));
#2719=DIRECTION('',(-3.44131332081062E-16,-2.22044604925031E-16,-1.));
#2720=DIRECTION('',(-1.06959738349519E-16,1.,-2.22044604925031E-16));
#2721=DIRECTION('center_axis',(1.18087498105291E-63,2.1573133978649E-16,
1.));
#2722=DIRECTION('ref_axis',(1.,5.47382212626882E-48,0.));
#2723=DIRECTION('',(1.18087498105291E-63,2.1573133978649E-16,1.));
#2724=DIRECTION('center_axis',(1.50688913867626E-63,-2.75290117931438E-16,
-1.));
#2725=DIRECTION('ref_axis',(1.,5.47382212626882E-48,0.));
#2726=DIRECTION('center_axis',(1.18087498105291E-63,2.1573133978649E-16,
1.));
#2727=DIRECTION('ref_axis',(1.,5.47382212626882E-48,0.));
#2728=DIRECTION('',(1.18087498105291E-63,2.1573133978649E-16,1.));
#2729=DIRECTION('center_axis',(1.50688913867626E-63,-2.75290117931438E-16,
-1.));
#2730=DIRECTION('ref_axis',(1.,5.47382212626882E-48,0.));
#2731=DIRECTION('center_axis',(1.18087498105291E-63,2.1573133978649E-16,
1.));
#2732=DIRECTION('ref_axis',(1.,5.47382212626882E-48,0.));
#2733=DIRECTION('',(1.18087498105291E-63,2.1573133978649E-16,1.));
#2734=DIRECTION('center_axis',(1.50688913867626E-63,-2.75290117931438E-16,
-1.));
#2735=DIRECTION('ref_axis',(1.,5.47382212626882E-48,0.));
#2736=DIRECTION('center_axis',(1.18087498105291E-63,2.1573133978649E-16,
1.));
#2737=DIRECTION('ref_axis',(1.,5.47382212626882E-48,0.));
#2738=DIRECTION('',(1.18087498105291E-63,2.1573133978649E-16,1.));
#2739=DIRECTION('center_axis',(1.50688913867626E-63,-2.75290117931438E-16,
-1.));
#2740=DIRECTION('ref_axis',(1.,5.47382212626882E-48,0.));
#2741=DIRECTION('center_axis',(-1.,5.47382212626882E-48,0.));
#2742=DIRECTION('ref_axis',(0.,0.,1.));
#2743=DIRECTION('',(1.32431552077828E-63,2.41936162745023E-16,1.));
#2744=DIRECTION('',(-5.47382212626882E-48,-1.,2.75290117931438E-16));
#2745=DIRECTION('',(-1.32431552077828E-63,-2.41936162745023E-16,-1.));
#2746=DIRECTION('center_axis',(5.47382212626882E-48,-1.,2.41936162745023E-16));
#2747=DIRECTION('ref_axis',(0.,-2.41936162745023E-16,-1.));
#2748=DIRECTION('',(-1.32431552077828E-63,-2.41936162745023E-16,-1.));
#2749=DIRECTION('',(-1.,-5.47382212626882E-48,0.));
#2750=DIRECTION('center_axis',(-1.,5.47382212626882E-48,0.));
#2751=DIRECTION('ref_axis',(0.,0.,1.));
#2752=DIRECTION('',(-1.60088384935439E-63,-2.92461795876004E-16,-1.));
#2753=DIRECTION('',(5.47382212626882E-48,1.,-2.3859388599459E-16));
#2754=DIRECTION('',(2.45557993947411E-63,4.48604262767292E-16,1.));
#2755=DIRECTION('center_axis',(5.47382212626882E-48,-1.,2.92461795876004E-16));
#2756=DIRECTION('ref_axis',(0.,-2.92461795876004E-16,-1.));
#2757=DIRECTION('',(1.60088384935439E-63,2.92461795876004E-16,1.));
#2758=DIRECTION('',(-1.,-5.47382212626882E-48,0.));
#2759=DIRECTION('center_axis',(-1.,5.47382212626882E-48,0.));
#2760=DIRECTION('ref_axis',(0.,0.,1.));
#2761=DIRECTION('',(-1.60088384935439E-63,-2.92461795876004E-16,-1.));
#2762=DIRECTION('',(5.47382212626882E-48,1.,-2.75290117931438E-16));
#2763=DIRECTION('center_axis',(-3.54970086709377E-17,1.,-2.22044604925031E-16));
#2764=DIRECTION('ref_axis',(0.,2.22044604925031E-16,1.));
#2765=DIRECTION('',(-3.39839486763392E-16,-2.22044604925031E-16,-1.));
#2766=DIRECTION('',(1.,3.54970086709377E-17,-1.10328540463725E-17));
#2767=DIRECTION('center_axis',(-1.,5.47823254115488E-48,5.85640665396877E-79));
#2768=DIRECTION('ref_axis',(5.85640665396877E-79,0.,1.));
#2769=DIRECTION('',(1.69806546681064E-63,3.09965934095355E-16,1.));
#2770=DIRECTION('',(5.47823254115488E-48,1.,-2.64726528974486E-16));
#2771=DIRECTION('',(-1.21641198028819E-63,-2.22044604925031E-16,-1.));
#2772=DIRECTION('center_axis',(5.46941526211911E-48,-1.,3.09965934095355E-16));
#2773=DIRECTION('ref_axis',(0.,-3.09965934095355E-16,-1.));
#2774=DIRECTION('',(-1.69806546681064E-63,-3.09965934095355E-16,-1.));
#2775=DIRECTION('',(-1.,-5.46941526211911E-48,0.));
#2776=DIRECTION('center_axis',(1.,-5.47823254115488E-48,-5.85640665396877E-79));
#2777=DIRECTION('ref_axis',(-5.85640665396877E-79,0.,-1.));
#2778=DIRECTION('',(1.69806546681064E-63,3.09965934095355E-16,1.));
#2779=DIRECTION('',(5.47823254115488E-48,1.,-2.64726528974486E-16));
#2780=DIRECTION('center_axis',(5.46941526211911E-48,-1.,3.09965934095355E-16));
#2781=DIRECTION('ref_axis',(0.,-3.09965934095355E-16,-1.));
#2782=DIRECTION('',(1.,5.46941526211911E-48,0.));
#2783=DIRECTION('center_axis',(1.,-5.47382212626882E-48,0.));
#2784=DIRECTION('ref_axis',(0.,0.,-1.));
#2785=DIRECTION('',(1.32431552077828E-63,2.41936162745023E-16,1.));
#2786=DIRECTION('',(5.47382212626882E-48,1.,-2.75290117931438E-16));
#2787=DIRECTION('center_axis',(5.47382212626882E-48,-1.,2.41936162745023E-16));
#2788=DIRECTION('ref_axis',(0.,-2.41936162745023E-16,-1.));
#2789=DIRECTION('',(1.,5.47382212626882E-48,0.));
#2790=DIRECTION('center_axis',(-1.,-1.05625786426459E-16,3.39839486763392E-16));
#2791=DIRECTION('ref_axis',(3.39839486763392E-16,0.,1.));
#2792=DIRECTION('',(3.39839486763392E-16,2.22044604925031E-16,1.));
#2793=DIRECTION('',(1.05625786426459E-16,-1.,2.22044604925031E-16));
#2794=DIRECTION('center_axis',(1.50688913867626E-63,-2.75290117931438E-16,
-1.));
#2795=DIRECTION('ref_axis',(-1.,0.,-1.50688913867626E-63));
#2796=DIRECTION('',(1.,5.47382212626882E-48,0.));
#2797=DIRECTION('',(5.47382212626882E-48,1.,-2.3859388599459E-16));
#2798=DIRECTION('',(-1.,-5.47382212626882E-48,0.));
#2799=DIRECTION('center_axis',(3.54970086709377E-17,-1.,2.22044604925031E-16));
#2800=DIRECTION('ref_axis',(0.,-2.22044604925031E-16,-1.));
#2801=DIRECTION('',(2.45557993947411E-63,4.48604262767292E-16,1.));
#2802=DIRECTION('center_axis',(1.,-5.47382212626882E-48,0.));
#2803=DIRECTION('ref_axis',(0.,0.,-1.));
#2804=DIRECTION('',(-2.45557993947411E-63,-4.48604262767292E-16,-1.));
#2805=DIRECTION('center_axis',(5.47382212626882E-48,-1.,4.48604262767292E-16));
#2806=DIRECTION('ref_axis',(0.,-4.48604262767292E-16,-1.));
#2807=DIRECTION('center_axis',(-3.50543065504002E-17,1.,-2.22044604925031E-16));
#2808=DIRECTION('ref_axis',(0.,2.22044604925031E-16,1.));
#2809=DIRECTION('',(1.,3.50543065504002E-17,-1.08952574413406E-17));
#2810=DIRECTION('',(-3.44131332081062E-16,-2.22044604925031E-16,-1.));
#2811=DIRECTION('center_axis',(-1.,-1.06959738349519E-16,3.44131332081062E-16));
#2812=DIRECTION('ref_axis',(3.44131332081062E-16,0.,1.));
#2813=DIRECTION('',(1.06959738349519E-16,-1.,2.22044604925031E-16));
#2814=DIRECTION('',(3.44131332081062E-16,2.22044604925031E-16,1.));
#2815=DIRECTION('center_axis',(3.50543065504002E-17,-1.,2.22044604925031E-16));
#2816=DIRECTION('ref_axis',(0.,-2.22044604925031E-16,-1.));
#2817=DIRECTION('',(1.,3.50543065504002E-17,-1.08952574413406E-17));
#2818=DIRECTION('center_axis',(1.44789931786087E-63,-2.64726528974485E-16,
-1.));
#2819=DIRECTION('ref_axis',(-1.,0.,-1.44789931786087E-63));
#2820=DIRECTION('axis',(0.,0.,1.));
#2821=DIRECTION('refdir',(1.,0.,0.));
#2822=DIRECTION('',(0.,2.22044604925031E-16,1.));
#2823=DIRECTION('',(0.,2.22044604925031E-16,1.));
#2824=DIRECTION('center_axis',(1.,0.,0.));
#2825=DIRECTION('ref_axis',(0.,0.,-1.));
#2826=DIRECTION('',(0.,-1.,2.22044604925031E-16));
#2827=DIRECTION('',(0.,1.,-2.22044604925031E-16));
#2828=DIRECTION('',(0.,2.22044604925031E-16,1.));
#2829=DIRECTION('center_axis',(0.,-1.,2.22044604925031E-16));
#2830=DIRECTION('ref_axis',(0.,-2.22044604925031E-16,-1.));
#2831=DIRECTION('',(-1.,0.,0.));
#2832=DIRECTION('',(1.,0.,0.));
#2833=DIRECTION('',(0.,2.22044604925031E-16,1.));
#2834=DIRECTION('center_axis',(-1.,0.,0.));
#2835=DIRECTION('ref_axis',(0.,0.,1.));
#2836=DIRECTION('',(0.,1.,-2.22044604925031E-16));
#2837=DIRECTION('',(0.,-1.,2.22044604925031E-16));
#2838=DIRECTION('',(0.,2.22044604925031E-16,1.));
#2839=DIRECTION('',(0.,2.22044604925031E-16,1.));
#2840=DIRECTION('center_axis',(-1.,0.,0.));
#2841=DIRECTION('ref_axis',(0.,0.,1.));
#2842=DIRECTION('',(0.,1.,-2.22044604925031E-16));
#2843=DIRECTION('',(0.,-1.,2.22044604925031E-16));
#2844=DIRECTION('',(0.,2.22044604925031E-16,1.));
#2845=DIRECTION('',(0.,2.22044604925031E-16,1.));
#2846=DIRECTION('center_axis',(-1.,0.,0.));
#2847=DIRECTION('ref_axis',(0.,0.,1.));
#2848=DIRECTION('',(0.,1.,-2.22044604925031E-16));
#2849=DIRECTION('',(0.,-1.,2.22044604925031E-16));
#2850=DIRECTION('',(0.,2.22044604925031E-16,1.));
#2851=DIRECTION('center_axis',(0.,1.,-2.22044604925031E-16));
#2852=DIRECTION('ref_axis',(0.,2.22044604925031E-16,1.));
#2853=DIRECTION('',(1.,0.,0.));
#2854=DIRECTION('',(-1.,0.,0.));
#2855=DIRECTION('',(0.,2.22044604925031E-16,1.));
#2856=DIRECTION('center_axis',(1.,0.,0.));
#2857=DIRECTION('ref_axis',(0.,0.,-1.));
#2858=DIRECTION('',(0.,-1.,2.22044604925031E-16));
#2859=DIRECTION('',(0.,1.,-2.22044604925031E-16));
#2860=DIRECTION('',(0.,2.22044604925031E-16,1.));
#2861=DIRECTION('',(0.,2.22044604925031E-16,1.));
#2862=DIRECTION('center_axis',(0.,1.,-2.22044604925031E-16));
#2863=DIRECTION('ref_axis',(0.,2.22044604925031E-16,1.));
#2864=DIRECTION('',(1.,0.,0.));
#2865=DIRECTION('',(-1.,0.,0.));
#2866=DIRECTION('',(0.,2.22044604925031E-16,1.));
#2867=DIRECTION('',(0.,2.22044604925031E-16,1.));
#2868=DIRECTION('center_axis',(1.,0.,0.));
#2869=DIRECTION('ref_axis',(0.,0.,-1.));
#2870=DIRECTION('',(0.,-1.,2.22044604925031E-16));
#2871=DIRECTION('',(0.,1.,-2.22044604925031E-16));
#2872=DIRECTION('',(0.,2.22044604925031E-16,1.));
#2873=DIRECTION('center_axis',(0.,-1.,2.22044604925031E-16));
#2874=DIRECTION('ref_axis',(0.,-2.22044604925031E-16,-1.));
#2875=DIRECTION('',(-1.,0.,0.));
#2876=DIRECTION('',(1.,0.,0.));
#2877=DIRECTION('center_axis',(0.,2.22044604925031E-16,1.));
#2878=DIRECTION('ref_axis',(1.,0.,0.));
#2879=DIRECTION('center_axis',(0.,2.22044604925031E-16,1.));
#2880=DIRECTION('ref_axis',(1.,0.,0.));
#2881=DIRECTION('',(0.,0.,1.));
#2882=DIRECTION('',(1.,0.,0.));
#2883=DIRECTION('',(0.,0.,1.));
#2884=DIRECTION('',(1.,0.,0.));
#2885=DIRECTION('',(0.,0.,1.));
#2886=DIRECTION('',(1.,0.,0.));
#2887=DIRECTION('',(0.,0.,1.));
#2888=DIRECTION('',(1.,0.,0.));
#2889=DIRECTION('',(0.,0.,1.));
#2890=DIRECTION('',(1.,0.,0.));
#2891=CARTESIAN_POINT('',(0.,0.,0.));
#2892=CARTESIAN_POINT('',(0.,0.,0.));
#2893=CARTESIAN_POINT('Origin',(1.375,0.449999999999999,0.241105876249426));
#2894=CARTESIAN_POINT('',(2.00909090909091,0.449999999999999,0.00581175860236718));
#2895=CARTESIAN_POINT('',(2.00909090909091,0.449999999999999,0.476399993896485));
#2896=CARTESIAN_POINT('',(2.00909090909091,0.449999999999999,0.241105876249426));
#2897=CARTESIAN_POINT('',(0.740909090909093,0.449999999999999,0.476399993896485));
#2898=CARTESIAN_POINT('',(1.375,0.449999999999999,0.476399993896485));
#2899=CARTESIAN_POINT('',(0.740909090909093,0.449999999999999,0.00581175860236718));
#2900=CARTESIAN_POINT('',(0.740909090909093,0.449999999999999,0.241105876249426));
#2901=CARTESIAN_POINT('',(1.375,0.449999999999999,0.00581175860236718));
#2902=CARTESIAN_POINT('Origin',(1.375,2.1,0.241105876249426));
#2903=CARTESIAN_POINT('',(2.00909090909091,2.1,0.476399993896485));
#2904=CARTESIAN_POINT('',(2.00909090909091,2.1,0.00581175860236678));
#2905=CARTESIAN_POINT('',(2.00909090909091,2.1,0.241105876249426));
#2906=CARTESIAN_POINT('',(0.740909090909093,2.1,0.00581175860236678));
#2907=CARTESIAN_POINT('',(1.375,2.1,0.00581175860236678));
#2908=CARTESIAN_POINT('',(0.740909090909093,2.1,0.476399993896485));
#2909=CARTESIAN_POINT('',(0.740909090909093,2.1,0.241105876249426));
#2910=CARTESIAN_POINT('',(1.375,2.1,0.476399993896485));
#2911=CARTESIAN_POINT('Origin',(1.375,1.275,0.00581175860236698));
#2912=CARTESIAN_POINT('',(0.740909090909093,1.275,0.00581175860236698));
#2913=CARTESIAN_POINT('',(2.00909090909091,1.275,0.00581175860236698));
#2914=CARTESIAN_POINT('Origin',(0.740909090909093,1.275,0.241105876249426));
#2915=CARTESIAN_POINT('',(0.740909090909093,1.275,0.476399993896485));
#2916=CARTESIAN_POINT('Origin',(1.375,1.275,0.476399993896485));
#2917=CARTESIAN_POINT('',(2.00909090909091,1.275,0.476399993896485));
#2918=CARTESIAN_POINT('Origin',(2.00909090909091,1.275,0.241105876249426));
#2919=CARTESIAN_POINT('',(0.,0.,0.));
#2920=CARTESIAN_POINT('Origin',(1.375,0.399999999999999,0.235294117647059));
#2921=CARTESIAN_POINT('',(2.05,0.399999999999999,2.08696638711136E-16));
#2922=CARTESIAN_POINT('',(2.05,0.399999999999999,0.470588235294118));
#2923=CARTESIAN_POINT('',(2.05,0.399999999999999,0.235294117647059));
#2924=CARTESIAN_POINT('',(0.700000000000002,0.399999999999999,0.470588235294118));
#2925=CARTESIAN_POINT('',(1.375,0.399999999999999,0.470588235294118));
#2926=CARTESIAN_POINT('',(0.700000000000002,0.399999999999999,2.08696638711136E-16));
#2927=CARTESIAN_POINT('',(0.700000000000002,0.399999999999999,0.235294117647059));
#2928=CARTESIAN_POINT('',(1.375,0.399999999999999,2.08696638711136E-16));
#2929=CARTESIAN_POINT('Origin',(1.375,2.15,0.235294117647059));
#2930=CARTESIAN_POINT('',(2.05,2.15,0.470588235294118));
#2931=CARTESIAN_POINT('',(2.05,2.15,-2.08696638711136E-16));
#2932=CARTESIAN_POINT('',(2.05,2.15,0.235294117647059));
#2933=CARTESIAN_POINT('',(0.700000000000002,2.15,-2.08696638711136E-16));
#2934=CARTESIAN_POINT('',(1.375,2.15,-2.08696638711136E-16));
#2935=CARTESIAN_POINT('',(0.700000000000002,2.15,0.470588235294118));
#2936=CARTESIAN_POINT('',(0.700000000000002,2.15,0.235294117647059));
#2937=CARTESIAN_POINT('',(1.375,2.15,0.470588235294118));
#2938=CARTESIAN_POINT('Origin',(1.375,1.275,0.));
#2939=CARTESIAN_POINT('',(0.700000000000002,1.275,0.));
#2940=CARTESIAN_POINT('',(2.05,1.275,0.));
#2941=CARTESIAN_POINT('Origin',(0.700000000000002,1.275,0.235294117647059));
#2942=CARTESIAN_POINT('',(0.700000000000002,1.275,0.470588235294118));
#2943=CARTESIAN_POINT('Origin',(1.375,1.275,0.470588235294118));
#2944=CARTESIAN_POINT('',(2.05,1.275,0.470588235294118));
#2945=CARTESIAN_POINT('Origin',(2.05,1.275,0.235294117647059));
#2946=CARTESIAN_POINT('',(0.,0.,0.));
#2947=CARTESIAN_POINT('Origin',(2.25339282946308,-1.85,2.2013497253418));
#2948=CARTESIAN_POINT('',(2.20254282946308,-1.85,-3.31025901800786E-5));
#2949=CARTESIAN_POINT('Origin',(2.25339282946308,-1.85,-3.31025901800786E-5));
#2950=CARTESIAN_POINT('',(2.20254282946308,-1.85,0.19996689740982));
#2951=CARTESIAN_POINT('',(2.20254282946308,-1.85,2.2013497253418));
#2952=CARTESIAN_POINT('Origin',(2.25339282946308,-1.85,0.19996689740982));
#2953=CARTESIAN_POINT('Origin',(2.20339282946308,-2.95,2.7013497253418));
#2954=CARTESIAN_POINT('',(2.15254282946308,-2.95,-3.31025901800786E-5));
#2955=CARTESIAN_POINT('Origin',(2.20339282946308,-2.95,-3.31025901800786E-5));
#2956=CARTESIAN_POINT('',(2.15254282946308,-2.95,0.19996689740982));
#2957=CARTESIAN_POINT('',(2.15254282946308,-2.95,2.7013497253418));
#2958=CARTESIAN_POINT('Origin',(2.20339282946308,-2.95,0.19996689740982));
#2959=CARTESIAN_POINT('Origin',(0.653392829463077,-2.95,2.6013497253418));
#2960=CARTESIAN_POINT('',(0.602542829463077,-2.95,-3.31025901800786E-5));
#2961=CARTESIAN_POINT('Origin',(0.653392829463077,-2.95,-3.31025901800786E-5));
#2962=CARTESIAN_POINT('',(0.602542829463077,-2.95,0.19996689740982));
#2963=CARTESIAN_POINT('',(0.602542829463077,-2.95,2.6013497253418));
#2964=CARTESIAN_POINT('Origin',(0.653392829463077,-2.95,0.19996689740982));
#2965=CARTESIAN_POINT('Origin',(0.603392829463077,-1.85,2.6013497253418));
#2966=CARTESIAN_POINT('',(0.552542829463077,-1.85,-3.31025901800786E-5));
#2967=CARTESIAN_POINT('Origin',(0.603392829463077,-1.85,-3.31025901800786E-5));
#2968=CARTESIAN_POINT('',(0.552542829463077,-1.85,0.19996689740982));
#2969=CARTESIAN_POINT('',(0.552542829463077,-1.85,2.6013497253418));
#2970=CARTESIAN_POINT('Origin',(0.603392829463077,-1.85,0.19996689740982));
#2971=CARTESIAN_POINT('Origin',(0.5,-2.4,0.0999668974098199));
#2972=CARTESIAN_POINT('',(0.5,-1.5,0.19996689740982));
#2973=CARTESIAN_POINT('',(0.5,-1.5,-3.31025901802118E-5));
#2974=CARTESIAN_POINT('',(0.5,-1.5,0.0999668974098198));
#2975=CARTESIAN_POINT('',(0.5,-3.3,-3.31025901799231E-5));
#2976=CARTESIAN_POINT('',(0.5,-2.4,-3.31025901800786E-5));
#2977=CARTESIAN_POINT('',(0.5,-3.3,0.19996689740982));
#2978=CARTESIAN_POINT('',(0.5,-3.3,0.0999668974098201));
#2979=CARTESIAN_POINT('',(0.5,-2.4,0.19996689740982));
#2980=CARTESIAN_POINT('Origin',(2.5,-2.4,0.09996689740982));
#2981=CARTESIAN_POINT('',(2.5,-1.5,-3.31025901802118E-5));
#2982=CARTESIAN_POINT('',(2.5,-1.5,0.19996689740982));
#2983=CARTESIAN_POINT('',(2.5,-1.5,0.0999668974098198));
#2984=CARTESIAN_POINT('',(2.5,-3.3,0.19996689740982));
#2985=CARTESIAN_POINT('',(2.5,-2.4,0.19996689740982));
#2986=CARTESIAN_POINT('',(2.5,-3.3,-3.31025901799231E-5));
#2987=CARTESIAN_POINT('',(2.5,-3.3,0.0999668974098201));
#2988=CARTESIAN_POINT('',(2.5,-2.4,-3.31025901800786E-5));
#2989=CARTESIAN_POINT('Origin',(1.5,-2.4,0.19996689740982));
#2990=CARTESIAN_POINT('',(1.5,-3.3,0.19996689740982));
#2991=CARTESIAN_POINT('',(1.5,-1.5,0.19996689740982));
#2992=CARTESIAN_POINT('Origin',(1.5,-3.3,0.0999668974098201));
#2993=CARTESIAN_POINT('',(1.5,-3.3,-3.31025901799231E-5));
#2994=CARTESIAN_POINT('Origin',(1.5,-2.4,-3.31025901800786E-5));
#2995=CARTESIAN_POINT('',(1.5,-1.5,-3.31025901802118E-5));
#2996=CARTESIAN_POINT('Origin',(1.5,-1.5,0.0999668974098198));
#2997=CARTESIAN_POINT('',(0.,0.,0.));
#2998=CARTESIAN_POINT('Origin',(-2.89197769374018,0.769623333032024,0.050000000000002));
#2999=CARTESIAN_POINT('',(-2.22636721887046,0.769623333032025,0.34969997406006));
#3000=CARTESIAN_POINT('',(-2.28771828841488,0.769623333032025,0.34969997406006));
#3001=CARTESIAN_POINT('',(-2.87098884687009,0.769623333032025,0.34969997406006));
#3002=CARTESIAN_POINT('',(-2.22636721887046,0.769623333032024,0.150549974060059));
#3003=CARTESIAN_POINT('',(-2.22636721887046,0.769623333032024,0.050000000000002));
#3004=CARTESIAN_POINT('',(-2.28771828841488,0.769623333032024,0.150549974060059));
#3005=CARTESIAN_POINT('',(-3.97098884687009,0.769623333032025,0.150549974060059));
#3006=CARTESIAN_POINT('',(-2.28771828841488,0.769623333032024,0.050000000000002));
#3007=CARTESIAN_POINT('Origin',(-2.03714558999477,1.25542435176867,0.050000000000002));
#3008=CARTESIAN_POINT('',(-1.77207950982039,1.76932459945387,0.34969997406006));
#3009=CARTESIAN_POINT('',(-2.5514319279538,0.258345146898735,0.34969997406006));
#3010=CARTESIAN_POINT('',(-1.77207950982039,1.76932459945387,0.150549974060059));
#3011=CARTESIAN_POINT('',(-2.74184201413888,-0.110814839124,0.150549974060059));
#3012=CARTESIAN_POINT('',(-1.77207950982039,1.76932459945387,0.0500000000000019));
#3013=CARTESIAN_POINT('Origin',(-2.66525370394115,1.76932459945387,0.050000000000002));
#3014=CARTESIAN_POINT('',(-1.71072844027598,1.76932459945387,0.34969997406006));
#3015=CARTESIAN_POINT('',(-2.75762685197057,1.76932459945387,0.34969997406006));
#3016=CARTESIAN_POINT('',(-1.71072844027598,1.76932459945387,0.150549974060059));
#3017=CARTESIAN_POINT('',(-3.85762685197057,1.76932459945387,0.150549974060059));
#3018=CARTESIAN_POINT('',(-1.71072844027598,1.76932459945387,0.0500000000000019));
#3019=CARTESIAN_POINT('Origin',(-1.98477917656861,1.23800523499032,0.050000000000002));
#3020=CARTESIAN_POINT('',(-2.50101925014738,0.237138200239485,0.34969997406006));
#3021=CARTESIAN_POINT('',(-2.69142933633246,-0.132021785783251,0.150549974060059));
#3022=CARTESIAN_POINT('Origin',(-2.89197769374018,0.769623333032024,0.050000000000002));
#3023=CARTESIAN_POINT('',(-2.90776911326118,0.769623333032025,0.34969997406006));
#3024=CARTESIAN_POINT('',(-2.9691201828056,0.769623333032024,0.34969997406006));
#3025=CARTESIAN_POINT('',(-2.87098884687009,0.769623333032025,0.34969997406006));
#3026=CARTESIAN_POINT('',(-2.90776911326118,0.769623333032025,0.150549974060059));
#3027=CARTESIAN_POINT('',(-2.90776911326118,0.769623333032025,0.050000000000002));
#3028=CARTESIAN_POINT('',(-2.9691201828056,0.769623333032024,0.150549974060059));
#3029=CARTESIAN_POINT('',(-3.97098884687009,0.769623333032025,0.150549974060059));
#3030=CARTESIAN_POINT('',(-2.9691201828056,0.769623333032024,0.050000000000002));
#3031=CARTESIAN_POINT('Origin',(-2.71854748438549,1.25542435176867,0.050000000000002));
#3032=CARTESIAN_POINT('',(-2.45348140421111,1.76932459945387,0.34969997406006));
#3033=CARTESIAN_POINT('',(-3.16123996041574,0.397148660927127,0.34969997406006));
#3034=CARTESIAN_POINT('',(-2.45348140421111,1.76932459945387,0.150549974060059));
#3035=CARTESIAN_POINT('',(-3.35165004660083,0.0279886749043915,0.150549974060059));
#3036=CARTESIAN_POINT('',(-2.45348140421111,1.76932459945387,0.0500000000000019));
#3037=CARTESIAN_POINT('Origin',(-2.66525370394115,1.76932459945387,0.050000000000002));
#3038=CARTESIAN_POINT('',(-2.3921303346667,1.76932459945387,0.34969997406006));
#3039=CARTESIAN_POINT('',(-2.75762685197057,1.76932459945387,0.34969997406006));
#3040=CARTESIAN_POINT('',(-2.3921303346667,1.76932459945387,0.150549974060059));
#3041=CARTESIAN_POINT('',(-3.85762685197057,1.76932459945387,0.150549974060059));
#3042=CARTESIAN_POINT('',(-2.3921303346667,1.76932459945387,0.0500000000000019));
#3043=CARTESIAN_POINT('Origin',(-2.66618107095933,1.23800523499032,0.050000000000002));
#3044=CARTESIAN_POINT('',(-3.11082728260933,0.375941714267877,0.34969997406006));
#3045=CARTESIAN_POINT('',(-3.30123736879441,0.00678172824514096,0.150549974060059));
#3046=CARTESIAN_POINT('Origin',(-2.89197769374018,0.769623333032024,0.050000000000002));
#3047=CARTESIAN_POINT('',(-2.56706816606582,0.769623333032025,0.34969997406006));
#3048=CARTESIAN_POINT('',(-2.62841923561024,0.769623333032025,0.34969997406006));
#3049=CARTESIAN_POINT('',(-2.87098884687009,0.769623333032025,0.34969997406006));
#3050=CARTESIAN_POINT('',(-2.56706816606582,0.769623333032024,0.150549974060059));
#3051=CARTESIAN_POINT('',(-2.56706816606582,0.769623333032024,0.050000000000002));
#3052=CARTESIAN_POINT('',(-2.62841923561024,0.769623333032024,0.150549974060059));
#3053=CARTESIAN_POINT('',(-3.97098884687009,0.769623333032025,0.150549974060059));
#3054=CARTESIAN_POINT('',(-2.62841923561024,0.769623333032024,0.050000000000002));
#3055=CARTESIAN_POINT('Origin',(-2.37784653719013,1.25542435176867,0.050000000000002));
#3056=CARTESIAN_POINT('',(-2.11278045701575,1.76932459945387,0.34969997406006));
#3057=CARTESIAN_POINT('',(-2.85633594418477,0.327746903912931,0.34969997406006));
#3058=CARTESIAN_POINT('',(-2.11278045701575,1.76932459945387,0.150549974060059));
#3059=CARTESIAN_POINT('',(-3.04674603036985,-0.0414130821098045,0.150549974060059));
#3060=CARTESIAN_POINT('',(-2.11278045701575,1.76932459945387,0.0500000000000019));
#3061=CARTESIAN_POINT('Origin',(-2.66525370394115,1.76932459945387,0.050000000000002));
#3062=CARTESIAN_POINT('',(-2.05142938747134,1.76932459945387,0.34969997406006));
#3063=CARTESIAN_POINT('',(-2.75762685197057,1.76932459945387,0.34969997406006));
#3064=CARTESIAN_POINT('',(-2.05142938747134,1.76932459945387,0.150549974060059));
#3065=CARTESIAN_POINT('',(-3.85762685197057,1.76932459945387,0.150549974060059));
#3066=CARTESIAN_POINT('',(-2.05142938747134,1.76932459945387,0.0500000000000019));
#3067=CARTESIAN_POINT('Origin',(-2.32548012376397,1.23800523499032,0.050000000000002));
#3068=CARTESIAN_POINT('',(-2.80592326637836,0.306539957253681,0.34969997406006));
#3069=CARTESIAN_POINT('',(-2.99633335256344,-0.0626200287690547,0.150549974060059));
#3070=CARTESIAN_POINT('Origin',(-2.89197769374018,0.769623333032024,0.050000000000002));
#3071=CARTESIAN_POINT('',(-3.24847006045654,0.769623333032025,0.34969997406006));
#3072=CARTESIAN_POINT('',(-3.30982113000096,0.769623333032024,0.34969997406006));
#3073=CARTESIAN_POINT('',(-2.87098884687009,0.769623333032025,0.34969997406006));
#3074=CARTESIAN_POINT('',(-3.24847006045654,0.769623333032025,0.150549974060059));
#3075=CARTESIAN_POINT('',(-3.24847006045654,0.769623333032025,0.050000000000002));
#3076=CARTESIAN_POINT('',(-3.30982113000096,0.769623333032024,0.150549974060059));
#3077=CARTESIAN_POINT('',(-3.97098884687009,0.769623333032025,0.150549974060059));
#3078=CARTESIAN_POINT('',(-3.30982113000096,0.769623333032024,0.050000000000002));
#3079=CARTESIAN_POINT('Origin',(-3.05924843158085,1.25542435176867,0.050000000000002));
#3080=CARTESIAN_POINT('',(-2.79418235140647,1.76932459945387,0.34969997406006));
#3081=CARTESIAN_POINT('',(-3.46614397664672,0.466550417941323,0.34969997406006));
#3082=CARTESIAN_POINT('',(-2.79418235140647,1.76932459945387,0.150549974060059));
#3083=CARTESIAN_POINT('',(-3.6565540628318,0.0973904319185873,0.150549974060059));
#3084=CARTESIAN_POINT('',(-2.79418235140647,1.76932459945387,0.0500000000000019));
#3085=CARTESIAN_POINT('Origin',(-2.66525370394115,1.76932459945387,0.050000000000002));
#3086=CARTESIAN_POINT('',(-2.73283128186206,1.76932459945387,0.34969997406006));
#3087=CARTESIAN_POINT('',(-2.75762685197057,1.76932459945387,0.34969997406006));
#3088=CARTESIAN_POINT('',(-2.73283128186206,1.76932459945387,0.150549974060059));
#3089=CARTESIAN_POINT('',(-3.85762685197057,1.76932459945387,0.150549974060059));
#3090=CARTESIAN_POINT('',(-2.73283128186206,1.76932459945387,0.0500000000000019));
#3091=CARTESIAN_POINT('Origin',(-3.00688201815469,1.23800523499032,0.050000000000002));
#3092=CARTESIAN_POINT('',(-3.41573129884031,0.445343471282073,0.34969997406006));
#3093=CARTESIAN_POINT('',(-3.60614138502539,0.0761834852593369,0.150549974060059));
#3094=CARTESIAN_POINT('Origin',(-2.89197769374018,0.769623333032024,0.050000000000002));
#3095=CARTESIAN_POINT('',(-3.5891710076519,0.769623333032025,0.34969997406006));
#3096=CARTESIAN_POINT('',(-3.65052207719631,0.769623333032025,0.34969997406006));
#3097=CARTESIAN_POINT('',(-2.87098884687009,0.769623333032025,0.34969997406006));
#3098=CARTESIAN_POINT('',(-3.5891710076519,0.769623333032025,0.150549974060059));
#3099=CARTESIAN_POINT('',(-3.5891710076519,0.769623333032025,0.0500000000000019));
#3100=CARTESIAN_POINT('',(-3.65052207719631,0.769623333032024,0.150549974060059));
#3101=CARTESIAN_POINT('',(-3.97098884687009,0.769623333032025,0.150549974060059));
#3102=CARTESIAN_POINT('',(-3.65052207719631,0.769623333032024,0.0500000000000019));
#3103=CARTESIAN_POINT('Origin',(-3.39994937877621,1.25542435176867,0.0500000000000018));
#3104=CARTESIAN_POINT('',(-3.13488329860183,1.76932459945387,0.34969997406006));
#3105=CARTESIAN_POINT('',(-3.77104799287769,0.535952174955519,0.34969997406006));
#3106=CARTESIAN_POINT('',(-3.13488329860183,1.76932459945387,0.150549974060059));
#3107=CARTESIAN_POINT('',(-3.96145807906278,0.166792188932783,0.150549974060059));
#3108=CARTESIAN_POINT('',(-3.13488329860183,1.76932459945387,0.0500000000000018));
#3109=CARTESIAN_POINT('Origin',(-2.66525370394115,1.76932459945387,0.050000000000002));
#3110=CARTESIAN_POINT('',(-3.07353222905742,1.76932459945387,0.34969997406006));
#3111=CARTESIAN_POINT('',(-2.75762685197057,1.76932459945387,0.34969997406006));
#3112=CARTESIAN_POINT('',(-3.07353222905742,1.76932459945387,0.150549974060059));
#3113=CARTESIAN_POINT('',(-3.85762685197057,1.76932459945387,0.150549974060059));
#3114=CARTESIAN_POINT('',(-3.07353222905742,1.76932459945387,0.0500000000000018));
#3115=CARTESIAN_POINT('Origin',(-3.34758296535005,1.23800523499032,0.0500000000000018));
#3116=CARTESIAN_POINT('',(-3.72063531507128,0.514745228296268,0.34969997406006));
#3117=CARTESIAN_POINT('',(-3.91104540125636,0.145585242273533,0.150549974060059));
#3118=CARTESIAN_POINT('Origin',(-4.61144314021235,0.769623333032024,0.050000000000002));
#3119=CARTESIAN_POINT('',(-3.94583266534263,0.769623333032025,0.34969997406006));
#3120=CARTESIAN_POINT('',(-4.00718373488704,0.769623333032025,0.34969997406006));
#3121=CARTESIAN_POINT('',(-3.73072157010617,0.769623333032025,0.34969997406006));
#3122=CARTESIAN_POINT('',(-3.94583266534263,0.769623333032024,0.150549974060059));
#3123=CARTESIAN_POINT('',(-3.94583266534263,0.769623333032024,0.050000000000002));
#3124=CARTESIAN_POINT('',(-4.00718373488704,0.769623333032024,0.150549974060059));
#3125=CARTESIAN_POINT('',(-4.83072157010617,0.769623333032024,0.150549974060059));
#3126=CARTESIAN_POINT('',(-4.00718373488704,0.769623333032024,0.050000000000002));
#3127=CARTESIAN_POINT('Origin',(-3.75661103646694,1.25542435176867,0.050000000000002));
#3128=CARTESIAN_POINT('',(-3.49154495629256,1.76932459945387,0.34969997406006));
#3129=CARTESIAN_POINT('',(-4.09023575199814,0.608605174329597,0.34969997406006));
#3130=CARTESIAN_POINT('',(-3.49154495629256,1.76932459945387,0.150549974060059));
#3131=CARTESIAN_POINT('',(-4.28064583818322,0.239445188306861,0.150549974060059));
#3132=CARTESIAN_POINT('',(-3.49154495629256,1.76932459945387,0.0500000000000019));
#3133=CARTESIAN_POINT('Origin',(-4.38471915041332,1.76932459945387,0.050000000000002));
#3134=CARTESIAN_POINT('',(-3.43019388674815,1.76932459945387,0.34969997406006));
#3135=CARTESIAN_POINT('',(-3.61735957520666,1.76932459945387,0.34969997406006));
#3136=CARTESIAN_POINT('',(-3.43019388674815,1.76932459945387,0.150549974060059));
#3137=CARTESIAN_POINT('',(-4.71735957520666,1.76932459945387,0.150549974060059));
#3138=CARTESIAN_POINT('',(-3.43019388674815,1.76932459945387,0.0500000000000019));
#3139=CARTESIAN_POINT('Origin',(-3.70424462304078,1.23800523499032,0.050000000000002));
#3140=CARTESIAN_POINT('',(-4.03982307419173,0.587398227670346,0.34969997406006));
#3141=CARTESIAN_POINT('',(-4.23023316037681,0.218238241647611,0.150549974060059));
#3142=CARTESIAN_POINT('Origin',(-4.61144314021235,0.769623333032024,0.050000000000002));
#3143=CARTESIAN_POINT('',(-4.62723455973335,0.769623333032025,0.34969997406006));
#3144=CARTESIAN_POINT('',(-4.68858562927776,0.769623333032024,0.34969997406006));
#3145=CARTESIAN_POINT('',(-3.73072157010617,0.769623333032025,0.34969997406006));
#3146=CARTESIAN_POINT('',(-4.62723455973335,0.769623333032025,0.150549974060059));
#3147=CARTESIAN_POINT('',(-4.62723455973335,0.769623333032025,0.050000000000002));
#3148=CARTESIAN_POINT('',(-4.68858562927776,0.769623333032024,0.150549974060059));
#3149=CARTESIAN_POINT('',(-4.83072157010617,0.769623333032024,0.150549974060059));
#3150=CARTESIAN_POINT('',(-4.68858562927776,0.769623333032024,0.050000000000002));
#3151=CARTESIAN_POINT('Origin',(-4.43801293085766,1.25542435176867,0.050000000000002));
#3152=CARTESIAN_POINT('',(-4.17294685068328,1.76932459945387,0.34969997406006));
#3153=CARTESIAN_POINT('',(-4.70004378446009,0.747408688357989,0.34969997406006));
#3154=CARTESIAN_POINT('',(-4.17294685068328,1.76932459945387,0.150549974060059));
#3155=CARTESIAN_POINT('',(-4.89045387064517,0.378248702335253,0.150549974060059));
#3156=CARTESIAN_POINT('',(-4.17294685068328,1.76932459945387,0.0500000000000019));
#3157=CARTESIAN_POINT('Origin',(-4.38471915041332,1.76932459945387,0.050000000000002));
#3158=CARTESIAN_POINT('',(-4.11159578113887,1.76932459945387,0.34969997406006));
#3159=CARTESIAN_POINT('',(-3.61735957520666,1.76932459945387,0.34969997406006));
#3160=CARTESIAN_POINT('',(-4.11159578113887,1.76932459945387,0.150549974060059));
#3161=CARTESIAN_POINT('',(-4.71735957520666,1.76932459945387,0.150549974060059));
#3162=CARTESIAN_POINT('',(-4.11159578113887,1.76932459945387,0.0500000000000019));
#3163=CARTESIAN_POINT('Origin',(-4.3856465174315,1.23800523499032,0.050000000000002));
#3164=CARTESIAN_POINT('',(-4.64963110665368,0.726201741698738,0.34969997406006));
#3165=CARTESIAN_POINT('',(-4.84004119283876,0.357041755676002,0.150549974060059));
#3166=CARTESIAN_POINT('Origin',(-4.61144314021235,0.769623333032024,0.050000000000002));
#3167=CARTESIAN_POINT('',(-4.28653361253799,0.769623333032025,0.34969997406006));
#3168=CARTESIAN_POINT('',(-4.3478846820824,0.769623333032025,0.34969997406006));
#3169=CARTESIAN_POINT('',(-3.73072157010617,0.769623333032025,0.34969997406006));
#3170=CARTESIAN_POINT('',(-4.28653361253799,0.769623333032024,0.150549974060059));
#3171=CARTESIAN_POINT('',(-4.28653361253799,0.769623333032024,0.050000000000002));
#3172=CARTESIAN_POINT('',(-4.3478846820824,0.769623333032024,0.150549974060059));
#3173=CARTESIAN_POINT('',(-4.83072157010617,0.769623333032024,0.150549974060059));
#3174=CARTESIAN_POINT('',(-4.3478846820824,0.769623333032024,0.050000000000002));
#3175=CARTESIAN_POINT('Origin',(-4.0973119836623,1.25542435176867,0.050000000000002));
#3176=CARTESIAN_POINT('',(-3.83224590348792,1.76932459945387,0.34969997406006));
#3177=CARTESIAN_POINT('',(-4.39513976822912,0.678006931343793,0.34969997406006));
#3178=CARTESIAN_POINT('',(-3.83224590348792,1.76932459945387,0.150549974060059));
#3179=CARTESIAN_POINT('',(-4.5855498544142,0.308846945321057,0.150549974060059));
#3180=CARTESIAN_POINT('',(-3.83224590348792,1.76932459945387,0.0500000000000019));
#3181=CARTESIAN_POINT('Origin',(-4.38471915041332,1.76932459945387,0.050000000000002));
#3182=CARTESIAN_POINT('',(-3.77089483394351,1.76932459945387,0.34969997406006));
#3183=CARTESIAN_POINT('',(-3.61735957520666,1.76932459945387,0.34969997406006));
#3184=CARTESIAN_POINT('',(-3.77089483394351,1.76932459945387,0.150549974060059));
#3185=CARTESIAN_POINT('',(-4.71735957520666,1.76932459945387,0.150549974060059));
#3186=CARTESIAN_POINT('',(-3.77089483394351,1.76932459945387,0.0500000000000019));
#3187=CARTESIAN_POINT('Origin',(-4.04494557023614,1.23800523499032,0.050000000000002));
#3188=CARTESIAN_POINT('',(-4.3447270904227,0.656799984684542,0.34969997406006));
#3189=CARTESIAN_POINT('',(-4.53513717660778,0.287639998661807,0.150549974060059));
#3190=CARTESIAN_POINT('Origin',(-4.61144314021235,0.769623333032024,0.050000000000002));
#3191=CARTESIAN_POINT('',(-4.96793550692871,0.769623333032025,0.34969997406006));
#3192=CARTESIAN_POINT('',(-5.02928657647312,0.769623333032024,0.34969997406006));
#3193=CARTESIAN_POINT('',(-3.73072157010617,0.769623333032025,0.34969997406006));
#3194=CARTESIAN_POINT('',(-4.96793550692871,0.769623333032025,0.150549974060059));
#3195=CARTESIAN_POINT('',(-4.96793550692871,0.769623333032025,0.050000000000002));
#3196=CARTESIAN_POINT('',(-5.02928657647312,0.769623333032024,0.150549974060059));
#3197=CARTESIAN_POINT('',(-4.83072157010617,0.769623333032024,0.150549974060059));
#3198=CARTESIAN_POINT('',(-5.02928657647312,0.769623333032024,0.050000000000002));
#3199=CARTESIAN_POINT('Origin',(-4.77871387805302,1.25542435176867,0.050000000000002));
#3200=CARTESIAN_POINT('',(-4.51364779787864,1.76932459945387,0.34969997406006));
#3201=CARTESIAN_POINT('',(-5.00494780069107,0.816810445372185,0.34969997406006));
#3202=CARTESIAN_POINT('',(-4.51364779787864,1.76932459945387,0.150549974060059));
#3203=CARTESIAN_POINT('',(-5.19535788687615,0.447650459349449,0.150549974060059));
#3204=CARTESIAN_POINT('',(-4.51364779787864,1.76932459945387,0.0500000000000019));
#3205=CARTESIAN_POINT('Origin',(-4.38471915041332,1.76932459945387,0.050000000000002));
#3206=CARTESIAN_POINT('',(-4.45229672833423,1.76932459945387,0.34969997406006));
#3207=CARTESIAN_POINT('',(-3.61735957520666,1.76932459945387,0.34969997406006));
#3208=CARTESIAN_POINT('',(-4.45229672833423,1.76932459945387,0.150549974060059));
#3209=CARTESIAN_POINT('',(-4.71735957520666,1.76932459945387,0.150549974060059));
#3210=CARTESIAN_POINT('',(-4.45229672833423,1.76932459945387,0.0500000000000019));
#3211=CARTESIAN_POINT('Origin',(-4.72634746462686,1.23800523499032,0.050000000000002));
#3212=CARTESIAN_POINT('',(-4.95453512288465,0.795603498712934,0.34969997406006));
#3213=CARTESIAN_POINT('',(-5.14494520906973,0.426443512690198,0.150549974060059));
#3214=CARTESIAN_POINT('Origin',(-5.11941482524838,1.25542435176867,0.0500000000000018));
#3215=CARTESIAN_POINT('',(-5.36998752366848,0.769623333032025,0.34969997406006));
#3216=CARTESIAN_POINT('',(-4.854348745074,1.76932459945387,0.34969997406006));
#3217=CARTESIAN_POINT('',(-5.30985181692204,0.88621220238638,0.34969997406006));
#3218=CARTESIAN_POINT('',(-5.36998752366848,0.769623333032024,0.0505499472252869));
#3219=CARTESIAN_POINT('',(-5.36998752366848,0.769623333032024,0.0500000000000019));
#3220=CARTESIAN_POINT('',(-5.05085,1.38835528225383,0.0505499472252854));
#3221=CARTESIAN_POINT('',(-4.77711347389196,1.91906546770972,0.0505499472252844));
#3222=CARTESIAN_POINT('',(-5.05085,1.38835528225383,0.15054997406006));
#3223=CARTESIAN_POINT('',(-5.05085,1.38835528225383,-0.300150012969969));
#3224=CARTESIAN_POINT('',(-4.854348745074,1.76932459945387,0.150549974060059));
#3225=CARTESIAN_POINT('',(-5.50026190310712,0.517052216363645,0.150549974060059));
#3226=CARTESIAN_POINT('',(-4.854348745074,1.76932459945387,0.0500000000000018));
#3227=CARTESIAN_POINT('Origin',(-4.61144314021235,0.769623333032024,0.050000000000002));
#3228=CARTESIAN_POINT('',(-5.30863645412407,0.769623333032025,0.34969997406006));
#3229=CARTESIAN_POINT('',(-3.73072157010617,0.769623333032025,0.34969997406006));
#3230=CARTESIAN_POINT('',(-5.30863645412407,0.769623333032025,0.0505499472252869));
#3231=CARTESIAN_POINT('',(-5.30863645412407,0.769623333032025,0.0500000000000019));
#3232=CARTESIAN_POINT('',(-2.45572157010617,0.769623333032024,0.0505499472252869));
#3233=CARTESIAN_POINT('Origin',(-4.38471915041332,1.76932459945387,0.050000000000002));
#3234=CARTESIAN_POINT('',(-4.79299767552959,1.76932459945387,0.34969997406006));
#3235=CARTESIAN_POINT('',(-3.61735957520666,1.76932459945387,0.34969997406006));
#3236=CARTESIAN_POINT('',(-4.79299767552959,1.76932459945387,0.150549974060059));
#3237=CARTESIAN_POINT('',(-4.71735957520666,1.76932459945387,0.150549974060059));
#3238=CARTESIAN_POINT('',(-4.79299767552959,1.76932459945387,0.0500000000000018));
#3239=CARTESIAN_POINT('Origin',(-5.06704841182222,1.23800523499032,0.0500000000000018));
#3240=CARTESIAN_POINT('',(-5.25943913911563,0.86500525572713,0.34969997406006));
#3241=CARTESIAN_POINT('',(-5.05085,1.26941011275541,0.15054997406006));
#3242=CARTESIAN_POINT('',(-5.44984922530071,0.495845269704394,0.150549974060059));
#3243=CARTESIAN_POINT('',(-5.05085,1.26941011275541,0.0505499472252857));
#3244=CARTESIAN_POINT('',(-5.05085,1.26941011275541,-0.300150012969969));
#3245=CARTESIAN_POINT('',(-4.72670079608554,1.89785852105047,0.0505499472252844));
#3246=CARTESIAN_POINT('Origin',(-0.299999999999997,0.45,0.0505499472252876));
#3247=CARTESIAN_POINT('',(5.90000000000002,0.300000000000001,0.0505499472252878));
#3248=CARTESIAN_POINT('',(5.90000000000002,2.3,0.0505499472252835));
#3249=CARTESIAN_POINT('',(5.90000000000002,0.875000000000001,0.0505499472252866));
#3250=CARTESIAN_POINT('',(-1.7,0.300000000000001,0.0505499472252878));
#3251=CARTESIAN_POINT('',(0.0250000000000034,0.300000000000001,0.0505499472252878));
#3252=CARTESIAN_POINT('',(-1.7,-2.,0.0505499472252928));
#3253=CARTESIAN_POINT('',(-1.7,-0.199999999999999,0.050549947225289));
#3254=CARTESIAN_POINT('',(-4.,-2.,0.0505499472252928));
#3255=CARTESIAN_POINT('',(-1.575,-2.,0.0505499472252928));
#3256=CARTESIAN_POINT('',(-4.,-5.1,0.0505499472252997));
#3257=CARTESIAN_POINT('',(-4.,-0.474999999999999,0.0505499472252896));
#3258=CARTESIAN_POINT('',(-6.,-5.1,0.0505499472252997));
#3259=CARTESIAN_POINT('',(-2.65,-5.1,0.0505499472252997));
#3260=CARTESIAN_POINT('',(-6.,2.3,0.0505499472252836));
#3261=CARTESIAN_POINT('',(-6.,-0.474999999999999,0.0505499472252896));
#3262=CARTESIAN_POINT('',(0.0250000000000033,2.3,0.0505499472252835));
#3263=CARTESIAN_POINT('',(-5.05085,0.500850000000002,0.0505499472252875));
#3264=CARTESIAN_POINT('',(-5.05085,0.875000000000001,0.0505499472252866));
#3265=CARTESIAN_POINT('',(-5.60085,0.500850000000002,0.0505499472252874));
#3266=CARTESIAN_POINT('',(-2.675,0.500850000000002,0.0505499472252874));
#3267=CARTESIAN_POINT('',(-5.60085,-1.80085,0.0505499472252925));
#3268=CARTESIAN_POINT('',(-5.60085,-0.0999999999999988,0.0505499472252887));
#3269=CARTESIAN_POINT('',(-4.49915,-1.80085,0.0505499472252925));
#3270=CARTESIAN_POINT('',(-2.675,-1.80085,0.0505499472252925));
#3271=CARTESIAN_POINT('',(-4.49915,0.49915,0.0505499472252875));
#3272=CARTESIAN_POINT('',(-4.49915,-0.0999999999999988,0.0505499472252887));
#3273=CARTESIAN_POINT('',(3.95085000000001,0.499150000000001,0.0505499472252875));
#3274=CARTESIAN_POINT('',(-0.424999999999996,0.49915,0.0505499472252875));
#3275=CARTESIAN_POINT('',(3.95085000000001,2.10085,0.0505499472252839));
#3276=CARTESIAN_POINT('',(3.95085000000001,0.875000000000001,0.0505499472252866));
#3277=CARTESIAN_POINT('',(-5.05085,2.10085,0.0505499472252839));
#3278=CARTESIAN_POINT('',(-0.424999999999997,2.10085,0.0505499472252839));
#3279=CARTESIAN_POINT('',(-5.05085,0.875000000000001,0.0505499472252866));
#3280=CARTESIAN_POINT('',(-3.96881497312094,-1.73720789937563,0.0505499472252923));
#3281=CARTESIAN_POINT('',(-3.96881497312094,0.264492100624369,0.0505499472252879));
#3282=CARTESIAN_POINT('',(-3.96881497312094,-0.143178949687815,0.0505499472252888));
#3283=CARTESIAN_POINT('',(-1.96711497312094,-1.73720789937563,0.0505499472252923));
#3284=CARTESIAN_POINT('',(-1.63398248656047,-1.73720789937563,0.0505499472252923));
#3285=CARTESIAN_POINT('',(-1.96711497312094,0.264492100624369,0.0505499472252879));
#3286=CARTESIAN_POINT('',(-1.96711497312094,-0.143178949687815,0.0505499472252888));
#3287=CARTESIAN_POINT('',(-1.63398248656047,0.264492100624369,0.0505499472252879));
#3288=CARTESIAN_POINT('',(-5.89745717053692,-0.550532827931978,0.0505499472252877));
#3289=CARTESIAN_POINT('Origin',(-5.79660717053692,-0.550532827931978,0.0505499472252877));
#3290=CARTESIAN_POINT('',(-5.89745717053692,1.84946717206802,0.0505499472252873));
#3291=CARTESIAN_POINT('Origin',(-5.79660717053692,1.84946717206802,0.0505499472252873));
#3292=CARTESIAN_POINT('',(5.20254282946308,1.94946717206802,0.0505499472252873));
#3293=CARTESIAN_POINT('Origin',(5.30339282946308,1.94946717206802,0.0505499472252873));
#3294=CARTESIAN_POINT('',(5.20254282946308,0.649467172068022,0.0505499472252877));
#3295=CARTESIAN_POINT('Origin',(5.30339282946308,0.649467172068022,0.0505499472252877));
#3296=CARTESIAN_POINT('Origin',(-5.05085,1.3,-0.65030002593994));
#3297=CARTESIAN_POINT('',(-5.05085,0.500850000000002,0.15054997406006));
#3298=CARTESIAN_POINT('',(-5.05085,1.3,0.15054997406006));
#3299=CARTESIAN_POINT('',(-5.05085,0.500850000000001,-0.650300025939941));
#3300=CARTESIAN_POINT('Origin',(-5.05085,1.3,-0.65030002593994));
#3301=CARTESIAN_POINT('',(-5.05085,2.10085,0.15054997406006));
#3302=CARTESIAN_POINT('',(-5.05085,2.10085,-0.65030002593994));
#3303=CARTESIAN_POINT('',(-5.05085,1.3,0.15054997406006));
#3304=CARTESIAN_POINT('Origin',(5.30339282946308,0.649467172068022,-2.15085));
#3305=CARTESIAN_POINT('',(5.20254282946308,0.649467172068022,0.34969997406006));
#3306=CARTESIAN_POINT('',(5.20254282946308,0.649467172068022,-2.15085));
#3307=CARTESIAN_POINT('Origin',(5.30339282946308,0.649467172068022,0.34969997406006));
#3308=CARTESIAN_POINT('Origin',(5.30339282946308,1.94946717206802,-1.85085));
#3309=CARTESIAN_POINT('',(5.20254282946308,1.94946717206802,0.34969997406006));
#3310=CARTESIAN_POINT('',(5.20254282946308,1.94946717206802,-1.85085));
#3311=CARTESIAN_POINT('Origin',(5.30339282946308,1.94946717206802,0.34969997406006));
#3312=CARTESIAN_POINT('Origin',(-5.79660717053692,1.84946717206802,-2.35085));
#3313=CARTESIAN_POINT('',(-5.89745717053692,1.84946717206802,0.34969997406006));
#3314=CARTESIAN_POINT('',(-5.89745717053692,1.84946717206802,-2.35085));
#3315=CARTESIAN_POINT('Origin',(-5.79660717053692,1.84946717206802,0.34969997406006));
#3316=CARTESIAN_POINT('Origin',(-5.79660717053692,-0.550532827931978,-2.15085));
#3317=CARTESIAN_POINT('',(-5.89745717053692,-0.550532827931978,0.34969997406006));
#3318=CARTESIAN_POINT('',(-5.89745717053692,-0.550532827931978,-2.15085));
#3319=CARTESIAN_POINT('Origin',(-5.79660717053692,-0.550532827931978,0.34969997406006));
#3320=CARTESIAN_POINT('Origin',(-1.96711497312094,-0.736357899375631,-0.25030002593994));
#3321=CARTESIAN_POINT('',(-1.96711497312094,-1.73720789937563,0.349699974060061));
#3322=CARTESIAN_POINT('',(-1.96711497312094,-1.73720789937563,-0.25030002593994));
#3323=CARTESIAN_POINT('',(-1.96711497312094,0.264492100624369,0.34969997406006));
#3324=CARTESIAN_POINT('',(-1.96711497312094,-0.793178949687815,0.34969997406006));
#3325=CARTESIAN_POINT('',(-1.96711497312094,0.264492100624369,-0.25030002593994));
#3326=CARTESIAN_POINT('Origin',(-2.96796497312094,-1.73720789937563,-0.25030002593994));
#3327=CARTESIAN_POINT('',(-3.96881497312094,-1.73720789937563,0.349699974060061));
#3328=CARTESIAN_POINT('',(-3.96881497312094,-1.73720789937563,-0.25030002593994));
#3329=CARTESIAN_POINT('',(-2.90898248656047,-1.73720789937563,0.349699974060061));
#3330=CARTESIAN_POINT('Origin',(-4.,-1.4,-0.65030002593994));
#3331=CARTESIAN_POINT('',(-4.,-2.,0.349699974060061));
#3332=CARTESIAN_POINT('',(-4.,-2.,-0.650300025939939));
#3333=CARTESIAN_POINT('',(-4.,-5.1,0.349699974060061));
#3334=CARTESIAN_POINT('',(-4.,-1.4,0.34969997406006));
#3335=CARTESIAN_POINT('',(-4.,-5.1,-0.650300025939939));
#3336=CARTESIAN_POINT('Origin',(-2.85,-2.,-0.650300025939939));
#3337=CARTESIAN_POINT('',(-1.7,-2.,0.349699974060061));
#3338=CARTESIAN_POINT('',(-1.7,-2.,-0.650300025939939));
#3339=CARTESIAN_POINT('',(-2.85,-2.,0.349699974060061));
#3340=CARTESIAN_POINT('Origin',(-1.7,-0.85,-0.65030002593994));
#3341=CARTESIAN_POINT('',(-1.7,0.300000000000001,0.34969997406006));
#3342=CARTESIAN_POINT('',(-1.7,0.300000000000001,-0.65030002593994));
#3343=CARTESIAN_POINT('',(-1.7,-0.849999999999999,0.34969997406006));
#3344=CARTESIAN_POINT('Origin',(0.350000000000004,0.3,-0.65030002593994));
#3345=CARTESIAN_POINT('',(5.90000000000002,0.300000000000001,0.34969997406006));
#3346=CARTESIAN_POINT('',(5.90000000000002,0.300000000000001,-0.65030002593994));
#3347=CARTESIAN_POINT('',(0.350000000000004,0.300000000000001,0.34969997406006));
#3348=CARTESIAN_POINT('Origin',(-4.49915,-0.649999999999999,-0.650300025939941));
#3349=CARTESIAN_POINT('',(-4.49915,-1.80085,0.15054997406006));
#3350=CARTESIAN_POINT('',(-4.49915,-1.80085,-0.650300025939941));
#3351=CARTESIAN_POINT('',(-4.49915,0.49915,0.150549974060061));
#3352=CARTESIAN_POINT('',(-4.49915,-0.649999999999999,0.150549974060059));
#3353=CARTESIAN_POINT('',(-4.49915,0.49915,-0.650300025939941));
#3354=CARTESIAN_POINT('Origin',(-5.05,-1.80085,-0.650300025939941));
#3355=CARTESIAN_POINT('',(-5.60085,-1.80085,0.15054997406006));
#3356=CARTESIAN_POINT('',(-5.60085,-1.80085,-0.650300025939941));
#3357=CARTESIAN_POINT('',(-5.05,-1.80085,0.15054997406006));
#3358=CARTESIAN_POINT('Origin',(-5.60085,-0.649999999999999,-0.650300025939941));
#3359=CARTESIAN_POINT('',(-5.60085,0.500850000000002,0.150549974060059));
#3360=CARTESIAN_POINT('',(-5.60085,0.500850000000001,-0.650300025939941));
#3361=CARTESIAN_POINT('',(-5.60085,-0.649999999999999,0.150549974060059));
#3362=CARTESIAN_POINT('Origin',(-5.05,0.500850000000001,-0.650300025939941));
#3363=CARTESIAN_POINT('',(-5.05,0.500850000000002,0.150549974060059));
#3364=CARTESIAN_POINT('Origin',(-3.96881497312094,-0.736357899375631,-0.25030002593994));
#3365=CARTESIAN_POINT('',(-3.96881497312094,0.264492100624369,0.34969997406006));
#3366=CARTESIAN_POINT('',(-3.96881497312094,0.264492100624369,-0.25030002593994));
#3367=CARTESIAN_POINT('',(-3.96881497312094,-0.793178949687815,0.34969997406006));
#3368=CARTESIAN_POINT('Origin',(-2.96796497312094,0.264492100624369,-0.25030002593994));
#3369=CARTESIAN_POINT('',(-2.90898248656047,0.264492100624369,0.34969997406006));
#3370=CARTESIAN_POINT('Origin',(5.90000000000002,1.3,-0.65030002593994));
#3371=CARTESIAN_POINT('',(5.90000000000002,2.3,0.349699974060059));
#3372=CARTESIAN_POINT('',(5.90000000000002,2.3,-0.650300025939941));
#3373=CARTESIAN_POINT('',(5.90000000000002,1.3,0.34969997406006));
#3374=CARTESIAN_POINT('Origin',(-2.85,-0.849999999999999,0.34969997406006));
#3375=CARTESIAN_POINT('',(-6.,2.3,0.34969997406006));
#3376=CARTESIAN_POINT('',(-5.,2.3,0.34969997406006));
#3377=CARTESIAN_POINT('',(-6.,-5.1,0.349699974060061));
#3378=CARTESIAN_POINT('',(-6.,-1.4,0.34969997406006));
#3379=CARTESIAN_POINT('',(-5.,-5.1,0.349699974060061));
#3380=CARTESIAN_POINT('Origin',(0.350000000000004,2.3,-0.650300025939941));
#3381=CARTESIAN_POINT('',(-6.,2.3,-0.650300025939941));
#3382=CARTESIAN_POINT('Origin',(-6.,-1.4,-0.65030002593994));
#3383=CARTESIAN_POINT('',(-6.,-5.1,-0.650300025939939));
#3384=CARTESIAN_POINT('Origin',(-5.,-5.1,-0.650300025939939));
#3385=CARTESIAN_POINT('Origin',(-0.549999999999996,0.49915,-0.65030002593994));
#3386=CARTESIAN_POINT('',(3.95085,0.499150000000001,0.150549974060061));
#3387=CARTESIAN_POINT('',(-0.549999999999996,0.49915,0.150549974060061));
#3388=CARTESIAN_POINT('',(3.95085,0.49915,-0.65030002593994));
#3389=CARTESIAN_POINT('Origin',(3.95085,1.3,-0.65030002593994));
#3390=CARTESIAN_POINT('',(3.95085,2.10085,0.15054997406006));
#3391=CARTESIAN_POINT('',(3.95085,1.3,0.15054997406006));
#3392=CARTESIAN_POINT('',(3.95085,2.10085,-0.65030002593994));
#3393=CARTESIAN_POINT('Origin',(-0.549999999999996,2.10085,-0.65030002593994));
#3394=CARTESIAN_POINT('',(-0.549999999999996,2.10085,0.15054997406006));
#3395=CARTESIAN_POINT('Origin',(-5.05,-0.649999999999999,0.150549974060059));
#3396=CARTESIAN_POINT('',(0.,0.,0.));
#3397=CARTESIAN_POINT('Ctrl Pts',(1.3590568072433,0.872507089867846,0.264705882352941));
#3398=CARTESIAN_POINT('Ctrl Pts',(1.3590568072433,0.872507089867846,0.343137254901961));
#3399=CARTESIAN_POINT('Ctrl Pts',(1.3590568072433,0.872507089867846,0.42156862745098));
#3400=CARTESIAN_POINT('Ctrl Pts',(1.3590568072433,0.872507089867846,0.5));
#3401=CARTESIAN_POINT('Ctrl Pts',(1.34820832245837,0.872507089867846,0.264705882352941));
#3402=CARTESIAN_POINT('Ctrl Pts',(1.34820832245837,0.872507089867846,0.343137254901961));
#3403=CARTESIAN_POINT('Ctrl Pts',(1.34820832245837,0.872507089867846,0.42156862745098));
#3404=CARTESIAN_POINT('Ctrl Pts',(1.34820832245837,0.872507089867846,0.5));
#3405=CARTESIAN_POINT('Ctrl Pts',(1.33848988817187,0.873554483231918,0.264705882352941));
#3406=CARTESIAN_POINT('Ctrl Pts',(1.33848988817187,0.873554483231918,0.343137254901961));
#3407=CARTESIAN_POINT('Ctrl Pts',(1.33848988817187,0.873554483231918,0.42156862745098));
#3408=CARTESIAN_POINT('Ctrl Pts',(1.33848988817187,0.873554483231918,0.5));
#3409=CARTESIAN_POINT('Ctrl Pts',(1.32131312059572,0.877744056688206,0.264705882352941));
#3410=CARTESIAN_POINT('Ctrl Pts',(1.32131312059572,0.877744056688206,0.343137254901961));
#3411=CARTESIAN_POINT('Ctrl Pts',(1.32131312059572,0.877744056688206,0.42156862745098));
#3412=CARTESIAN_POINT('Ctrl Pts',(1.32131312059572,0.877744056688206,0.5));
#3413=CARTESIAN_POINT('Ctrl Pts',(1.31348950629984,0.881132297791173,0.264705882352941));
#3414=CARTESIAN_POINT('Ctrl Pts',(1.31348950629984,0.881132297791173,0.343137254901961));
#3415=CARTESIAN_POINT('Ctrl Pts',(1.31348950629984,0.881132297791173,0.42156862745098));
#3416=CARTESIAN_POINT('Ctrl Pts',(1.31348950629984,0.881132297791173,0.5));
#3417=CARTESIAN_POINT('Ctrl Pts',(1.30165024192303,0.895200612756074,0.264705882352941));
#3418=CARTESIAN_POINT('Ctrl Pts',(1.30165024192303,0.895200612756074,0.343137254901961));
#3419=CARTESIAN_POINT('Ctrl Pts',(1.30165024192303,0.895200612756074,0.42156862745098));
#3420=CARTESIAN_POINT('Ctrl Pts',(1.30165024192303,0.895200612756074,0.5));
#3421=CARTESIAN_POINT('Ctrl Pts',(1.29713003992931,0.90497628415408,0.264705882352941));
#3422=CARTESIAN_POINT('Ctrl Pts',(1.29713003992931,0.90497628415408,0.343137254901961));
#3423=CARTESIAN_POINT('Ctrl Pts',(1.29713003992931,0.90497628415408,0.42156862745098));
#3424=CARTESIAN_POINT('Ctrl Pts',(1.29713003992931,0.90497628415408,0.5));
#3425=CARTESIAN_POINT('Ctrl Pts',(1.2908017571381,0.93011372489181,0.264705882352941));
#3426=CARTESIAN_POINT('Ctrl Pts',(1.2908017571381,0.93011372489181,0.343137254901961));
#3427=CARTESIAN_POINT('Ctrl Pts',(1.2908017571381,0.93011372489181,0.42156862745098));
#3428=CARTESIAN_POINT('Ctrl Pts',(1.2908017571381,0.93011372489181,0.5));
#3429=CARTESIAN_POINT('Ctrl Pts',(1.28921968644029,0.946522887595606,0.264705882352941));
#3430=CARTESIAN_POINT('Ctrl Pts',(1.28921968644029,0.946522887595606,0.343137254901961));
#3431=CARTESIAN_POINT('Ctrl Pts',(1.28921968644029,0.946522887595606,0.42156862745098));
#3432=CARTESIAN_POINT('Ctrl Pts',(1.28921968644029,0.946522887595606,0.5));
#3433=CARTESIAN_POINT('Ctrl Pts',(1.28921968644029,1.05929223979403,0.264705882352941));
#3434=CARTESIAN_POINT('Ctrl Pts',(1.28921968644029,1.05929223979403,0.343137254901961));
#3435=CARTESIAN_POINT('Ctrl Pts',(1.28921968644029,1.05929223979403,0.42156862745098));
#3436=CARTESIAN_POINT('Ctrl Pts',(1.28921968644029,1.05929223979403,0.5));
#3437=CARTESIAN_POINT('Ctrl Pts',(1.28921968644029,1.15181198695373,0.264705882352941));
#3438=CARTESIAN_POINT('Ctrl Pts',(1.28921968644029,1.15181198695373,0.343137254901961));
#3439=CARTESIAN_POINT('Ctrl Pts',(1.28921968644029,1.15181198695373,0.42156862745098));
#3440=CARTESIAN_POINT('Ctrl Pts',(1.28921968644029,1.15181198695373,0.5));
#3441=CARTESIAN_POINT('Ctrl Pts',(1.28921968644029,1.27435701055017,0.264705882352941));
#3442=CARTESIAN_POINT('Ctrl Pts',(1.28921968644029,1.27435701055017,0.343137254901961));
#3443=CARTESIAN_POINT('Ctrl Pts',(1.28921968644029,1.27435701055017,0.42156862745098));
#3444=CARTESIAN_POINT('Ctrl Pts',(1.28921968644029,1.27435701055017,0.5));
#3445=CARTESIAN_POINT('Ctrl Pts',(1.29057574703841,1.30298576250147,0.264705882352941));
#3446=CARTESIAN_POINT('Ctrl Pts',(1.29057574703841,1.30298576250147,0.34313725490196));
#3447=CARTESIAN_POINT('Ctrl Pts',(1.29057574703841,1.30298576250147,0.42156862745098));
#3448=CARTESIAN_POINT('Ctrl Pts',(1.29057574703841,1.30298576250147,0.5));
#3449=CARTESIAN_POINT('Ctrl Pts',(1.29599998943088,1.35745021743322,0.264705882352941));
#3450=CARTESIAN_POINT('Ctrl Pts',(1.29599998943088,1.35745021743322,0.343137254901961));
#3451=CARTESIAN_POINT('Ctrl Pts',(1.29599998943088,1.35745021743322,0.42156862745098));
#3452=CARTESIAN_POINT('Ctrl Pts',(1.29599998943088,1.35745021743322,0.5));
#3453=CARTESIAN_POINT('Ctrl Pts',(1.30069288005072,1.38106450493966,0.264705882352941));
#3454=CARTESIAN_POINT('Ctrl Pts',(1.30069288005072,1.38106450493966,0.34313725490196));
#3455=CARTESIAN_POINT('Ctrl Pts',(1.30069288005072,1.38106450493966,0.42156862745098));
#3456=CARTESIAN_POINT('Ctrl Pts',(1.30069288005072,1.38106450493966,0.5));
#3457=CARTESIAN_POINT('Ctrl Pts',(1.31317675700702,1.42238860600569,0.264705882352941));
#3458=CARTESIAN_POINT('Ctrl Pts',(1.31317675700702,1.42238860600569,0.343137254901961));
#3459=CARTESIAN_POINT('Ctrl Pts',(1.31317675700702,1.42238860600569,0.42156862745098));
#3460=CARTESIAN_POINT('Ctrl Pts',(1.31317675700702,1.42238860600569,0.5));
#3461=CARTESIAN_POINT('Ctrl Pts',(1.32175465676295,1.43836006493382,0.264705882352941));
#3462=CARTESIAN_POINT('Ctrl Pts',(1.32175465676295,1.43836006493382,0.34313725490196));
#3463=CARTESIAN_POINT('Ctrl Pts',(1.32175465676295,1.43836006493382,0.42156862745098));
#3464=CARTESIAN_POINT('Ctrl Pts',(1.32175465676295,1.43836006493382,0.5));
#3465=CARTESIAN_POINT('Ctrl Pts',(1.34233205986653,1.4632369472045,0.264705882352941));
#3466=CARTESIAN_POINT('Ctrl Pts',(1.34233205986653,1.4632369472045,0.343137254901961));
#3467=CARTESIAN_POINT('Ctrl Pts',(1.34233205986653,1.4632369472045,0.42156862745098));
#3468=CARTESIAN_POINT('Ctrl Pts',(1.34233205986653,1.4632369472045,0.5));
#3469=CARTESIAN_POINT('Ctrl Pts',(1.35521463554864,1.46952130738893,0.264705882352941));
#3470=CARTESIAN_POINT('Ctrl Pts',(1.35521463554864,1.46952130738893,0.343137254901961));
#3471=CARTESIAN_POINT('Ctrl Pts',(1.35521463554864,1.46952130738893,0.421568627450981));
#3472=CARTESIAN_POINT('Ctrl Pts',(1.35521463554864,1.46952130738893,0.5));
#3473=CARTESIAN_POINT('Ctrl Pts',(1.38459594850783,1.46952130738893,0.264705882352941));
#3474=CARTESIAN_POINT('Ctrl Pts',(1.38459594850783,1.46952130738893,0.343137254901961));
#3475=CARTESIAN_POINT('Ctrl Pts',(1.38459594850783,1.46952130738893,0.42156862745098));
#3476=CARTESIAN_POINT('Ctrl Pts',(1.38459594850783,1.46952130738893,0.5));
#3477=CARTESIAN_POINT('Ctrl Pts',(1.39634847369151,1.46498260281128,0.264705882352941));
#3478=CARTESIAN_POINT('Ctrl Pts',(1.39634847369151,1.46498260281128,0.34313725490196));
#3479=CARTESIAN_POINT('Ctrl Pts',(1.39634847369151,1.46498260281128,0.42156862745098));
#3480=CARTESIAN_POINT('Ctrl Pts',(1.39634847369151,1.46498260281128,0.5));
#3481=CARTESIAN_POINT('Ctrl Pts',(1.41547235602167,1.44669482920024,0.264705882352941));
#3482=CARTESIAN_POINT('Ctrl Pts',(1.41547235602167,1.44669482920024,0.343137254901961));
#3483=CARTESIAN_POINT('Ctrl Pts',(1.41547235602167,1.44669482920024,0.42156862745098));
#3484=CARTESIAN_POINT('Ctrl Pts',(1.41547235602167,1.44669482920024,0.5));
#3485=CARTESIAN_POINT('Ctrl Pts',(1.42369569575353,1.43495732637455,0.264705882352941));
#3486=CARTESIAN_POINT('Ctrl Pts',(1.42369569575353,1.43495732637455,0.343137254901961));
#3487=CARTESIAN_POINT('Ctrl Pts',(1.42369569575353,1.43495732637455,0.42156862745098));
#3488=CARTESIAN_POINT('Ctrl Pts',(1.42369569575353,1.43495732637455,0.5));
#3489=CARTESIAN_POINT('Ctrl Pts',(1.43544822093721,1.40144073872425,0.264705882352941));
#3490=CARTESIAN_POINT('Ctrl Pts',(1.43544822093721,1.40144073872425,0.34313725490196));
#3491=CARTESIAN_POINT('Ctrl Pts',(1.43544822093721,1.40144073872425,0.42156862745098));
#3492=CARTESIAN_POINT('Ctrl Pts',(1.43544822093721,1.40144073872425,0.5));
#3493=CARTESIAN_POINT('Ctrl Pts',(1.43974241283124,1.38084200256416,0.264705882352941));
#3494=CARTESIAN_POINT('Ctrl Pts',(1.43974241283124,1.38084200256416,0.343137254901961));
#3495=CARTESIAN_POINT('Ctrl Pts',(1.43974241283124,1.38084200256416,0.42156862745098));
#3496=CARTESIAN_POINT('Ctrl Pts',(1.43974241283124,1.38084200256416,0.5));
#3497=CARTESIAN_POINT('Ctrl Pts',(1.44516665522371,1.33196364557413,0.264705882352941));
#3498=CARTESIAN_POINT('Ctrl Pts',(1.44516665522371,1.33196364557413,0.34313725490196));
#3499=CARTESIAN_POINT('Ctrl Pts',(1.44516665522371,1.33196364557413,0.42156862745098));
#3500=CARTESIAN_POINT('Ctrl Pts',(1.44516665522371,1.33196364557413,0.5));
#3501=CARTESIAN_POINT('Ctrl Pts',(1.44652271582183,1.3043822869869,0.264705882352941));
#3502=CARTESIAN_POINT('Ctrl Pts',(1.44652271582183,1.3043822869869,0.34313725490196));
#3503=CARTESIAN_POINT('Ctrl Pts',(1.44652271582183,1.3043822869869,0.42156862745098));
#3504=CARTESIAN_POINT('Ctrl Pts',(1.44652271582183,1.3043822869869,0.5));
#3505=CARTESIAN_POINT('Ctrl Pts',(1.44652271582183,1.11410582584714,0.264705882352941));
#3506=CARTESIAN_POINT('Ctrl Pts',(1.44652271582183,1.11410582584714,0.343137254901961));
#3507=CARTESIAN_POINT('Ctrl Pts',(1.44652271582183,1.11410582584714,0.42156862745098));
#3508=CARTESIAN_POINT('Ctrl Pts',(1.44652271582183,1.11410582584714,0.5));
#3509=CARTESIAN_POINT('Ctrl Pts',(1.44652271582183,0.954552903386826,0.264705882352941));
#3510=CARTESIAN_POINT('Ctrl Pts',(1.44652271582183,0.954552903386826,0.343137254901961));
#3511=CARTESIAN_POINT('Ctrl Pts',(1.44652271582183,0.954552903386826,0.42156862745098));
#3512=CARTESIAN_POINT('Ctrl Pts',(1.44652271582183,0.954552903386826,0.5));
#3513=CARTESIAN_POINT('Ctrl Pts',(1.44652271582183,0.794999980926512,0.264705882352941));
#3514=CARTESIAN_POINT('Ctrl Pts',(1.44652271582183,0.794999980926512,0.343137254901961));
#3515=CARTESIAN_POINT('Ctrl Pts',(1.44652271582183,0.794999980926512,0.42156862745098));
#3516=CARTESIAN_POINT('Ctrl Pts',(1.44652271582183,0.794999980926512,0.5));
#3517=CARTESIAN_POINT('',(1.44652271582183,0.794999980926512,0.264705882352941));
#3518=CARTESIAN_POINT('',(1.3590568072433,0.872507089867846,0.264705882352941));
#3519=CARTESIAN_POINT('Ctrl Pts',(1.44652271582183,0.794999980926512,0.264705882352941));
#3520=CARTESIAN_POINT('Ctrl Pts',(1.44652271582183,0.954552903386826,0.264705882352941));
#3521=CARTESIAN_POINT('Ctrl Pts',(1.44652271582183,1.11410582584714,0.264705882352941));
#3522=CARTESIAN_POINT('Ctrl Pts',(1.44652271582183,1.27365874830745,0.264705882352941));
#3523=CARTESIAN_POINT('Ctrl Pts',(1.44652271582183,1.3043822869869,0.264705882352941));
#3524=CARTESIAN_POINT('Ctrl Pts',(1.44516665522371,1.33196364557413,0.264705882352941));
#3525=CARTESIAN_POINT('Ctrl Pts',(1.44245453402748,1.35640282406915,0.264705882352941));
#3526=CARTESIAN_POINT('Ctrl Pts',(1.43974241283124,1.38084200256416,0.264705882352941));
#3527=CARTESIAN_POINT('Ctrl Pts',(1.43544822093721,1.40144073872425,0.264705882352941));
#3528=CARTESIAN_POINT('Ctrl Pts',(1.42957195834537,1.4181990325494,0.264705882352941));
#3529=CARTESIAN_POINT('Ctrl Pts',(1.42369569575353,1.43495732637455,0.264705882352941));
#3530=CARTESIAN_POINT('Ctrl Pts',(1.41547235602167,1.44669482920024,0.264705882352941));
#3531=CARTESIAN_POINT('Ctrl Pts',(1.40584089787833,1.45590519365599,0.264705882352941));
#3532=CARTESIAN_POINT('Ctrl Pts',(1.39634847369151,1.46498260281129,0.264705882352941));
#3533=CARTESIAN_POINT('Ctrl Pts',(1.38459594850783,1.46952130738893,0.264705882352941));
#3534=CARTESIAN_POINT('Ctrl Pts',(1.37058332232729,1.46952130738893,0.264705882352941));
#3535=CARTESIAN_POINT('Ctrl Pts',(1.35521463554864,1.46952130738893,0.264705882352941));
#3536=CARTESIAN_POINT('Ctrl Pts',(1.34233205986653,1.4632369472045,0.264705882352941));
#3537=CARTESIAN_POINT('Ctrl Pts',(1.33193559528097,1.45066822683563,0.264705882352941));
#3538=CARTESIAN_POINT('Ctrl Pts',(1.32175465676295,1.43836006493382,0.264705882352941));
#3539=CARTESIAN_POINT('Ctrl Pts',(1.31317675700702,1.42238860600569,0.264705882352941));
#3540=CARTESIAN_POINT('Ctrl Pts',(1.30684847421581,1.40144073872425,0.264705882352941));
#3541=CARTESIAN_POINT('Ctrl Pts',(1.30069288005072,1.38106450493966,0.264705882352941));
#3542=CARTESIAN_POINT('Ctrl Pts',(1.29599998943088,1.35745021743322,0.264705882352941));
#3543=CARTESIAN_POINT('Ctrl Pts',(1.29328786823464,1.33021798996734,0.264705882352941));
#3544=CARTESIAN_POINT('Ctrl Pts',(1.29057574703841,1.30298576250147,0.264705882352941));
#3545=CARTESIAN_POINT('Ctrl Pts',(1.28921968644029,1.27435701055017,0.264705882352941));
#3546=CARTESIAN_POINT('Ctrl Pts',(1.28921968644029,1.24433173411343,0.264705882352941));
#3547=CARTESIAN_POINT('Ctrl Pts',(1.28921968644029,1.15181198695373,0.264705882352941));
#3548=CARTESIAN_POINT('Ctrl Pts',(1.28921968644029,1.05929223979403,0.264705882352941));
#3549=CARTESIAN_POINT('Ctrl Pts',(1.28921968644029,0.966772492634333,0.264705882352941));
#3550=CARTESIAN_POINT('Ctrl Pts',(1.28921968644029,0.946522887595606,0.264705882352941));
#3551=CARTESIAN_POINT('Ctrl Pts',(1.2908017571381,0.93011372489181,0.264705882352941));
#3552=CARTESIAN_POINT('Ctrl Pts',(1.2939658985337,0.917545004522946,0.264705882352941));
#3553=CARTESIAN_POINT('Ctrl Pts',(1.29713003992931,0.904976284154081,0.264705882352941));
#3554=CARTESIAN_POINT('Ctrl Pts',(1.30165024192303,0.895200612756075,0.264705882352941));
#3555=CARTESIAN_POINT('Ctrl Pts',(1.30752650451487,0.888217990328927,0.264705882352941));
#3556=CARTESIAN_POINT('Ctrl Pts',(1.31348950629984,0.881132297791173,0.264705882352941));
#3557=CARTESIAN_POINT('Ctrl Pts',(1.32131312059572,0.877744056688207,0.264705882352941));
#3558=CARTESIAN_POINT('Ctrl Pts',(1.32990150438379,0.875649269960062,0.264705882352941));
#3559=CARTESIAN_POINT('Ctrl Pts',(1.33848988817187,0.873554483231918,0.264705882352941));
#3560=CARTESIAN_POINT('Ctrl Pts',(1.34820832245837,0.872507089867846,0.264705882352941));
#3561=CARTESIAN_POINT('Ctrl Pts',(1.3590568072433,0.872507089867846,0.264705882352941));
#3562=CARTESIAN_POINT('',(1.44652271582183,0.794999980926512,0.5));
#3563=CARTESIAN_POINT('',(1.44652271582183,0.794999980926512,0.264705882352941));
#3564=CARTESIAN_POINT('',(1.3590568072433,0.872507089867846,0.5));
#3565=CARTESIAN_POINT('Ctrl Pts',(1.3590568072433,0.872507089867846,0.5));
#3566=CARTESIAN_POINT('Ctrl Pts',(1.34820832245837,0.872507089867846,0.5));
#3567=CARTESIAN_POINT('Ctrl Pts',(1.33848988817187,0.873554483231918,0.5));
#3568=CARTESIAN_POINT('Ctrl Pts',(1.32990150438379,0.875649269960062,0.5));
#3569=CARTESIAN_POINT('Ctrl Pts',(1.32131312059572,0.877744056688207,0.5));
#3570=CARTESIAN_POINT('Ctrl Pts',(1.31348950629984,0.881132297791173,0.5));
#3571=CARTESIAN_POINT('Ctrl Pts',(1.30752650451487,0.888217990328927,0.5));
#3572=CARTESIAN_POINT('Ctrl Pts',(1.30165024192303,0.895200612756075,0.5));
#3573=CARTESIAN_POINT('Ctrl Pts',(1.29713003992931,0.904976284154081,0.5));
#3574=CARTESIAN_POINT('Ctrl Pts',(1.2939658985337,0.917545004522946,0.5));
#3575=CARTESIAN_POINT('Ctrl Pts',(1.2908017571381,0.93011372489181,0.5));
#3576=CARTESIAN_POINT('Ctrl Pts',(1.28921968644029,0.946522887595606,0.5));
#3577=CARTESIAN_POINT('Ctrl Pts',(1.28921968644029,0.966772492634333,0.5));
#3578=CARTESIAN_POINT('Ctrl Pts',(1.28921968644029,1.05929223979403,0.5));
#3579=CARTESIAN_POINT('Ctrl Pts',(1.28921968644029,1.15181198695373,0.5));
#3580=CARTESIAN_POINT('Ctrl Pts',(1.28921968644029,1.24433173411343,0.5));
#3581=CARTESIAN_POINT('Ctrl Pts',(1.28921968644029,1.27435701055017,0.5));
#3582=CARTESIAN_POINT('Ctrl Pts',(1.29057574703841,1.30298576250147,0.5));
#3583=CARTESIAN_POINT('Ctrl Pts',(1.29328786823464,1.33021798996734,0.5));
#3584=CARTESIAN_POINT('Ctrl Pts',(1.29599998943088,1.35745021743322,0.5));
#3585=CARTESIAN_POINT('Ctrl Pts',(1.30069288005072,1.38106450493966,0.5));
#3586=CARTESIAN_POINT('Ctrl Pts',(1.30684847421581,1.40144073872425,0.5));
#3587=CARTESIAN_POINT('Ctrl Pts',(1.31317675700702,1.42238860600569,0.5));
#3588=CARTESIAN_POINT('Ctrl Pts',(1.32175465676295,1.43836006493382,0.5));
#3589=CARTESIAN_POINT('Ctrl Pts',(1.33193559528097,1.45066822683563,0.5));
#3590=CARTESIAN_POINT('Ctrl Pts',(1.34233205986653,1.4632369472045,0.5));
#3591=CARTESIAN_POINT('Ctrl Pts',(1.35521463554864,1.46952130738893,0.5));
#3592=CARTESIAN_POINT('Ctrl Pts',(1.37058332232729,1.46952130738893,0.5));
#3593=CARTESIAN_POINT('Ctrl Pts',(1.38459594850783,1.46952130738893,0.5));
#3594=CARTESIAN_POINT('Ctrl Pts',(1.39634847369151,1.46498260281129,0.5));
#3595=CARTESIAN_POINT('Ctrl Pts',(1.40584089787833,1.45590519365599,0.5));
#3596=CARTESIAN_POINT('Ctrl Pts',(1.41547235602167,1.44669482920024,0.5));
#3597=CARTESIAN_POINT('Ctrl Pts',(1.42369569575353,1.43495732637455,0.5));
#3598=CARTESIAN_POINT('Ctrl Pts',(1.42957195834537,1.4181990325494,0.5));
#3599=CARTESIAN_POINT('Ctrl Pts',(1.43544822093721,1.40144073872425,0.5));
#3600=CARTESIAN_POINT('Ctrl Pts',(1.43974241283124,1.38084200256416,0.5));
#3601=CARTESIAN_POINT('Ctrl Pts',(1.44245453402748,1.35640282406915,0.5));
#3602=CARTESIAN_POINT('Ctrl Pts',(1.44516665522371,1.33196364557413,0.5));
#3603=CARTESIAN_POINT('Ctrl Pts',(1.44652271582183,1.3043822869869,0.5));
#3604=CARTESIAN_POINT('Ctrl Pts',(1.44652271582183,1.27365874830745,0.5));
#3605=CARTESIAN_POINT('Ctrl Pts',(1.44652271582183,1.11410582584714,0.5));
#3606=CARTESIAN_POINT('Ctrl Pts',(1.44652271582183,0.954552903386826,0.5));
#3607=CARTESIAN_POINT('Ctrl Pts',(1.44652271582183,0.794999980926512,0.5));
#3608=CARTESIAN_POINT('',(1.3590568072433,0.872507089867846,0.264705882352941));
#3609=CARTESIAN_POINT('Origin',(1.3590568072433,0.794999980926512,0.264705882352941));
#3610=CARTESIAN_POINT('',(1.3590568072433,0.794999980926512,0.264705882352941));
#3611=CARTESIAN_POINT('',(1.3590568072433,0.872507089867846,0.264705882352941));
#3612=CARTESIAN_POINT('',(1.3590568072433,0.794999980926512,0.5));
#3613=CARTESIAN_POINT('',(1.3590568072433,0.872507089867846,0.5));
#3614=CARTESIAN_POINT('',(1.3590568072433,0.794999980926512,0.264705882352941));
#3615=CARTESIAN_POINT('Origin',(1.07089393014351,0.794999980926512,0.264705882352941));
#3616=CARTESIAN_POINT('',(1.07089393014351,0.794999980926512,0.264705882352941));
#3617=CARTESIAN_POINT('',(1.3590568072433,0.794999980926512,0.264705882352941));
#3618=CARTESIAN_POINT('',(1.07089393014351,0.794999980926512,0.5));
#3619=CARTESIAN_POINT('',(1.3590568072433,0.794999980926512,0.5));
#3620=CARTESIAN_POINT('',(1.07089393014351,0.794999980926512,0.264705882352941));
#3621=CARTESIAN_POINT('Origin',(1.07089393014351,0.872507089867846,0.264705882352941));
#3622=CARTESIAN_POINT('',(1.07089393014351,0.872507089867846,0.264705882352941));
#3623=CARTESIAN_POINT('',(1.07089393014351,0.794999980926512,0.264705882352941));
#3624=CARTESIAN_POINT('',(1.07089393014351,0.872507089867846,0.5));
#3625=CARTESIAN_POINT('',(1.07089393014351,0.794999980926512,0.5));
#3626=CARTESIAN_POINT('',(1.07089393014351,0.872507089867846,0.264705882352941));
#3627=CARTESIAN_POINT('Ctrl Pts',(1.14615529333899,0.972009459454694,0.264705882352941));
#3628=CARTESIAN_POINT('Ctrl Pts',(1.14615529333899,0.972009459454694,0.343137254901961));
#3629=CARTESIAN_POINT('Ctrl Pts',(1.14615529333899,0.972009459454694,0.42156862745098));
#3630=CARTESIAN_POINT('Ctrl Pts',(1.14615529333899,0.972009459454694,0.5));
#3631=CARTESIAN_POINT('Ctrl Pts',(1.14615529333899,0.950363329930537,0.264705882352941));
#3632=CARTESIAN_POINT('Ctrl Pts',(1.14615529333899,0.950363329930537,0.343137254901961));
#3633=CARTESIAN_POINT('Ctrl Pts',(1.14615529333899,0.950363329930537,0.42156862745098));
#3634=CARTESIAN_POINT('Ctrl Pts',(1.14615529333899,0.950363329930537,0.5));
#3635=CARTESIAN_POINT('Ctrl Pts',(1.14412120244181,0.93290677386267,0.264705882352941));
#3636=CARTESIAN_POINT('Ctrl Pts',(1.14412120244181,0.93290677386267,0.34313725490196));
#3637=CARTESIAN_POINT('Ctrl Pts',(1.14412120244181,0.93290677386267,0.42156862745098));
#3638=CARTESIAN_POINT('Ctrl Pts',(1.14412120244181,0.93290677386267,0.5));
#3639=CARTESIAN_POINT('Ctrl Pts',(1.13606384019473,0.906630444477446,0.264705882352941));
#3640=CARTESIAN_POINT('Ctrl Pts',(1.13606384019473,0.906630444477446,0.343137254901961));
#3641=CARTESIAN_POINT('Ctrl Pts',(1.13606384019473,0.906630444477446,0.421568627450981));
#3642=CARTESIAN_POINT('Ctrl Pts',(1.13606384019473,0.906630444477446,0.5));
#3643=CARTESIAN_POINT('Ctrl Pts',(1.13146463685939,0.896248006120147,0.264705882352941));
#3644=CARTESIAN_POINT('Ctrl Pts',(1.13146463685939,0.896248006120147,0.34313725490196));
#3645=CARTESIAN_POINT('Ctrl Pts',(1.13146463685939,0.896248006120148,0.42156862745098));
#3646=CARTESIAN_POINT('Ctrl Pts',(1.13146463685939,0.896248006120148,0.5));
#3647=CARTESIAN_POINT('Ctrl Pts',(1.11850531322136,0.881948698257161,0.264705882352941));
#3648=CARTESIAN_POINT('Ctrl Pts',(1.11850531322136,0.881948698257161,0.343137254901961));
#3649=CARTESIAN_POINT('Ctrl Pts',(1.11850531322136,0.881948698257161,0.421568627450981));
#3650=CARTESIAN_POINT('Ctrl Pts',(1.11850531322136,0.881948698257161,0.500000000000001));
#3651=CARTESIAN_POINT('Ctrl Pts',(1.11067170768826,0.877744056688207,0.264705882352941));
#3652=CARTESIAN_POINT('Ctrl Pts',(1.11067170768826,0.877744056688207,0.34313725490196));
#3653=CARTESIAN_POINT('Ctrl Pts',(1.11067170768826,0.877744056688206,0.42156862745098));
#3654=CARTESIAN_POINT('Ctrl Pts',(1.11067170768826,0.877744056688206,0.5));
#3655=CARTESIAN_POINT('Ctrl Pts',(1.09305364648515,0.873446847609686,0.264705882352941));
#3656=CARTESIAN_POINT('Ctrl Pts',(1.09305364648515,0.873446847609686,0.343137254901961));
#3657=CARTESIAN_POINT('Ctrl Pts',(1.09305364648515,0.873446847609687,0.421568627450981));
#3658=CARTESIAN_POINT('Ctrl Pts',(1.09305364648515,0.873446847609687,0.5));
#3659=CARTESIAN_POINT('Ctrl Pts',(1.08309847552656,0.872507089867846,0.264705882352941));
#3660=CARTESIAN_POINT('Ctrl Pts',(1.08309847552656,0.872507089867846,0.343137254901961));
#3661=CARTESIAN_POINT('Ctrl Pts',(1.08309847552656,0.872507089867845,0.42156862745098));
#3662=CARTESIAN_POINT('Ctrl Pts',(1.08309847552656,0.872507089867845,0.5));
#3663=CARTESIAN_POINT('Ctrl Pts',(1.07179797054226,0.872507089867846,0.264705882352941));
#3664=CARTESIAN_POINT('Ctrl Pts',(1.07179797054226,0.872507089867846,0.343137254901961));
#3665=CARTESIAN_POINT('Ctrl Pts',(1.07179797054226,0.872507089867847,0.42156862745098));
#3666=CARTESIAN_POINT('Ctrl Pts',(1.07179797054226,0.872507089867847,0.5));
#3667=CARTESIAN_POINT('Ctrl Pts',(1.07134595034288,0.872507089867846,0.264705882352941));
#3668=CARTESIAN_POINT('Ctrl Pts',(1.07134595034288,0.872507089867846,0.343137254901961));
#3669=CARTESIAN_POINT('Ctrl Pts',(1.07134595034288,0.872507089867846,0.42156862745098));
#3670=CARTESIAN_POINT('Ctrl Pts',(1.07134595034288,0.872507089867846,0.5));
#3671=CARTESIAN_POINT('Ctrl Pts',(1.07089393014351,0.872507089867846,0.264705882352941));
#3672=CARTESIAN_POINT('Ctrl Pts',(1.07089393014351,0.872507089867846,0.343137254901961));
#3673=CARTESIAN_POINT('Ctrl Pts',(1.07089393014351,0.872507089867846,0.42156862745098));
#3674=CARTESIAN_POINT('Ctrl Pts',(1.07089393014351,0.872507089867846,0.5));
#3675=CARTESIAN_POINT('',(1.14615529333899,0.972009459454694,0.264705882352941));
#3676=CARTESIAN_POINT('Ctrl Pts',(1.07089393014351,0.872507089867846,0.264705882352941));
#3677=CARTESIAN_POINT('Ctrl Pts',(1.07134595034288,0.872507089867846,0.264705882352941));
#3678=CARTESIAN_POINT('Ctrl Pts',(1.07179797054226,0.872507089867846,0.264705882352941));
#3679=CARTESIAN_POINT('Ctrl Pts',(1.07224999074163,0.872507089867846,0.264705882352941));
#3680=CARTESIAN_POINT('Ctrl Pts',(1.08309847552656,0.872507089867846,0.264705882352941));
#3681=CARTESIAN_POINT('Ctrl Pts',(1.09305364648515,0.873446847609686,0.264705882352941));
#3682=CARTESIAN_POINT('Ctrl Pts',(1.10208332390019,0.875649269960062,0.264705882352941));
#3683=CARTESIAN_POINT('Ctrl Pts',(1.11067170768827,0.877744056688207,0.264705882352941));
#3684=CARTESIAN_POINT('Ctrl Pts',(1.11850531322136,0.881948698257162,0.264705882352941));
#3685=CARTESIAN_POINT('Ctrl Pts',(1.12513635406818,0.889265383692999,0.264705882352941));
#3686=CARTESIAN_POINT('Ctrl Pts',(1.13146463685939,0.896248006120147,0.264705882352941));
#3687=CARTESIAN_POINT('Ctrl Pts',(1.13606384019472,0.906630444477447,0.264705882352941));
#3688=CARTESIAN_POINT('Ctrl Pts',(1.14005302064746,0.91963979125109,0.264705882352941));
#3689=CARTESIAN_POINT('Ctrl Pts',(1.14412120244181,0.932906773862669,0.264705882352941));
#3690=CARTESIAN_POINT('Ctrl Pts',(1.14615529333899,0.950363329930537,0.264705882352941));
#3691=CARTESIAN_POINT('Ctrl Pts',(1.14615529333899,0.972009459454694,0.264705882352941));
#3692=CARTESIAN_POINT('',(1.14615529333899,0.972009459454694,0.5));
#3693=CARTESIAN_POINT('Ctrl Pts',(1.14615529333899,0.972009459454694,0.5));
#3694=CARTESIAN_POINT('Ctrl Pts',(1.14615529333899,0.950363329930537,0.5));
#3695=CARTESIAN_POINT('Ctrl Pts',(1.14412120244181,0.932906773862669,0.5));
#3696=CARTESIAN_POINT('Ctrl Pts',(1.14005302064746,0.91963979125109,0.5));
#3697=CARTESIAN_POINT('Ctrl Pts',(1.13606384019472,0.906630444477447,0.5));
#3698=CARTESIAN_POINT('Ctrl Pts',(1.13146463685939,0.896248006120147,0.5));
#3699=CARTESIAN_POINT('Ctrl Pts',(1.12513635406818,0.889265383692999,0.5));
#3700=CARTESIAN_POINT('Ctrl Pts',(1.11850531322136,0.881948698257162,0.5));
#3701=CARTESIAN_POINT('Ctrl Pts',(1.11067170768827,0.877744056688207,0.5));
#3702=CARTESIAN_POINT('Ctrl Pts',(1.10208332390019,0.875649269960062,0.5));
#3703=CARTESIAN_POINT('Ctrl Pts',(1.09305364648515,0.873446847609686,0.5));
#3704=CARTESIAN_POINT('Ctrl Pts',(1.08309847552656,0.872507089867846,0.5));
#3705=CARTESIAN_POINT('Ctrl Pts',(1.07224999074163,0.872507089867846,0.5));
#3706=CARTESIAN_POINT('Ctrl Pts',(1.07179797054226,0.872507089867846,0.5));
#3707=CARTESIAN_POINT('Ctrl Pts',(1.07134595034288,0.872507089867846,0.5));
#3708=CARTESIAN_POINT('Ctrl Pts',(1.07089393014351,0.872507089867846,0.5));
#3709=CARTESIAN_POINT('',(1.14615529333899,0.972009459454694,0.264705882352941));
#3710=CARTESIAN_POINT('Origin',(1.14615529333899,1.73451182849917,0.264705882352941));
#3711=CARTESIAN_POINT('',(1.14615529333899,1.73451182849917,0.264705882352941));
#3712=CARTESIAN_POINT('',(1.14615529333899,0.972009459454694,0.264705882352941));
#3713=CARTESIAN_POINT('',(1.14615529333899,1.73451182849917,0.5));
#3714=CARTESIAN_POINT('',(1.14615529333899,0.972009459454694,0.5));
#3715=CARTESIAN_POINT('',(1.14615529333899,1.73451182849917,0.264705882352941));
#3716=CARTESIAN_POINT('Ctrl Pts',(1.06818180894728,1.82354026444529,0.264705882352941));
#3717=CARTESIAN_POINT('Ctrl Pts',(1.06818180894728,1.82354026444529,0.343137254901961));
#3718=CARTESIAN_POINT('Ctrl Pts',(1.06818180894728,1.82354026444529,0.42156862745098));
#3719=CARTESIAN_POINT('Ctrl Pts',(1.06818180894728,1.82354026444529,0.5));
#3720=CARTESIAN_POINT('Ctrl Pts',(1.07179797054226,1.82354026444529,0.264705882352941));
#3721=CARTESIAN_POINT('Ctrl Pts',(1.07179797054226,1.82354026444529,0.343137254901961));
#3722=CARTESIAN_POINT('Ctrl Pts',(1.07179797054226,1.82354026444529,0.42156862745098));
#3723=CARTESIAN_POINT('Ctrl Pts',(1.07179797054226,1.82354026444529,0.5));
#3724=CARTESIAN_POINT('Ctrl Pts',(1.07541413213723,1.82354026444529,0.264705882352941));
#3725=CARTESIAN_POINT('Ctrl Pts',(1.07541413213723,1.82354026444529,0.34313725490196));
#3726=CARTESIAN_POINT('Ctrl Pts',(1.07541413213723,1.82354026444529,0.42156862745098));
#3727=CARTESIAN_POINT('Ctrl Pts',(1.07541413213723,1.82354026444529,0.5));
#3728=CARTESIAN_POINT('Ctrl Pts',(1.08581059672279,1.82354026444529,0.264705882352941));
#3729=CARTESIAN_POINT('Ctrl Pts',(1.08581059672279,1.82354026444529,0.343137254901961));
#3730=CARTESIAN_POINT('Ctrl Pts',(1.08581059672279,1.82354026444529,0.42156862745098));
#3731=CARTESIAN_POINT('Ctrl Pts',(1.08581059672279,1.82354026444529,0.5));
#3732=CARTESIAN_POINT('Ctrl Pts',(1.09304291991275,1.82249287108122,0.264705882352941));
#3733=CARTESIAN_POINT('Ctrl Pts',(1.09304291991275,1.82249287108122,0.34313725490196));
#3734=CARTESIAN_POINT('Ctrl Pts',(1.09304291991275,1.82249287108122,0.42156862745098));
#3735=CARTESIAN_POINT('Ctrl Pts',(1.09304291991275,1.82249287108122,0.5));
#3736=CARTESIAN_POINT('Ctrl Pts',(1.10841160669141,1.81830329762493,0.264705882352941));
#3737=CARTESIAN_POINT('Ctrl Pts',(1.10841160669141,1.81830329762493,0.343137254901961));
#3738=CARTESIAN_POINT('Ctrl Pts',(1.10841160669141,1.81830329762493,0.42156862745098));
#3739=CARTESIAN_POINT('Ctrl Pts',(1.10841160669141,1.81830329762493,0.5));
#3740=CARTESIAN_POINT('Ctrl Pts',(1.11564392988136,1.81411372416865,0.264705882352941));
#3741=CARTESIAN_POINT('Ctrl Pts',(1.11564392988136,1.81411372416865,0.34313725490196));
#3742=CARTESIAN_POINT('Ctrl Pts',(1.11564392988136,1.81411372416865,0.42156862745098));
#3743=CARTESIAN_POINT('Ctrl Pts',(1.11564392988136,1.81411372416865,0.5));
#3744=CARTESIAN_POINT('Ctrl Pts',(1.12920453586253,1.80154500379978,0.264705882352941));
#3745=CARTESIAN_POINT('Ctrl Pts',(1.12920453586253,1.80154500379978,0.343137254901961));
#3746=CARTESIAN_POINT('Ctrl Pts',(1.12920453586253,1.80154500379978,0.42156862745098));
#3747=CARTESIAN_POINT('Ctrl Pts',(1.12920453586253,1.80154500379978,0.5));
#3748=CARTESIAN_POINT('Ctrl Pts',(1.13464992690465,1.79227567089105,0.264705882352941));
#3749=CARTESIAN_POINT('Ctrl Pts',(1.13464992690465,1.79227567089105,0.343137254901961));
#3750=CARTESIAN_POINT('Ctrl Pts',(1.13464992690465,1.79227567089105,0.42156862745098));
#3751=CARTESIAN_POINT('Ctrl Pts',(1.13464992690465,1.79227567089105,0.5));
#3752=CARTESIAN_POINT('Ctrl Pts',(1.14389519234213,1.7694249406349,0.264705882352941));
#3753=CARTESIAN_POINT('Ctrl Pts',(1.14389519234213,1.7694249406349,0.343137254901961));
#3754=CARTESIAN_POINT('Ctrl Pts',(1.14389519234213,1.7694249406349,0.42156862745098));
#3755=CARTESIAN_POINT('Ctrl Pts',(1.14389519234213,1.7694249406349,0.5));
#3756=CARTESIAN_POINT('Ctrl Pts',(1.14615529333899,1.75406317129518,0.264705882352941));
#3757=CARTESIAN_POINT('Ctrl Pts',(1.14615529333899,1.75406317129518,0.34313725490196));
#3758=CARTESIAN_POINT('Ctrl Pts',(1.14615529333899,1.75406317129518,0.42156862745098));
#3759=CARTESIAN_POINT('Ctrl Pts',(1.14615529333899,1.75406317129518,0.5));
#3760=CARTESIAN_POINT('Ctrl Pts',(1.14615529333899,1.73451182849917,0.264705882352941));
#3761=CARTESIAN_POINT('Ctrl Pts',(1.14615529333899,1.73451182849917,0.343137254901961));
#3762=CARTESIAN_POINT('Ctrl Pts',(1.14615529333899,1.73451182849917,0.42156862745098));
#3763=CARTESIAN_POINT('Ctrl Pts',(1.14615529333899,1.73451182849917,0.5));
#3764=CARTESIAN_POINT('',(1.06818180894728,1.82354026444529,0.264705882352941));
#3765=CARTESIAN_POINT('Ctrl Pts',(1.14615529333899,1.73451182849917,0.264705882352941));
#3766=CARTESIAN_POINT('Ctrl Pts',(1.14615529333899,1.75406317129518,0.264705882352941));
#3767=CARTESIAN_POINT('Ctrl Pts',(1.14389519234212,1.7694249406349,0.264705882352941));
#3768=CARTESIAN_POINT('Ctrl Pts',(1.1393749903484,1.78059713651834,0.264705882352941));
#3769=CARTESIAN_POINT('Ctrl Pts',(1.13464992690465,1.79227567089105,0.264705882352941));
#3770=CARTESIAN_POINT('Ctrl Pts',(1.12920453586253,1.80154500379978,0.264705882352941));
#3771=CARTESIAN_POINT('Ctrl Pts',(1.12242423287194,1.80782936398421,0.264705882352941));
#3772=CARTESIAN_POINT('Ctrl Pts',(1.11564392988136,1.81411372416865,0.264705882352941));
#3773=CARTESIAN_POINT('Ctrl Pts',(1.10841160669141,1.81830329762493,0.264705882352941));
#3774=CARTESIAN_POINT('Ctrl Pts',(1.10072726330208,1.82039808435308,0.264705882352941));
#3775=CARTESIAN_POINT('Ctrl Pts',(1.09304291991275,1.82249287108122,0.264705882352941));
#3776=CARTESIAN_POINT('Ctrl Pts',(1.08581059672279,1.82354026444529,0.264705882352941));
#3777=CARTESIAN_POINT('Ctrl Pts',(1.07903029373221,1.82354026444529,0.264705882352941));
#3778=CARTESIAN_POINT('Ctrl Pts',(1.07541413213723,1.82354026444529,0.264705882352941));
#3779=CARTESIAN_POINT('Ctrl Pts',(1.07179797054226,1.82354026444529,0.264705882352941));
#3780=CARTESIAN_POINT('Ctrl Pts',(1.06818180894728,1.82354026444529,0.264705882352941));
#3781=CARTESIAN_POINT('',(1.06818180894728,1.82354026444529,0.5));
#3782=CARTESIAN_POINT('Ctrl Pts',(1.06818180894728,1.82354026444529,0.5));
#3783=CARTESIAN_POINT('Ctrl Pts',(1.07179797054226,1.82354026444529,0.5));
#3784=CARTESIAN_POINT('Ctrl Pts',(1.07541413213723,1.82354026444529,0.5));
#3785=CARTESIAN_POINT('Ctrl Pts',(1.07903029373221,1.82354026444529,0.5));
#3786=CARTESIAN_POINT('Ctrl Pts',(1.08581059672279,1.82354026444529,0.5));
#3787=CARTESIAN_POINT('Ctrl Pts',(1.09304291991275,1.82249287108122,0.5));
#3788=CARTESIAN_POINT('Ctrl Pts',(1.10072726330208,1.82039808435308,0.5));
#3789=CARTESIAN_POINT('Ctrl Pts',(1.10841160669141,1.81830329762493,0.5));
#3790=CARTESIAN_POINT('Ctrl Pts',(1.11564392988136,1.81411372416865,0.5));
#3791=CARTESIAN_POINT('Ctrl Pts',(1.12242423287194,1.80782936398421,0.5));
#3792=CARTESIAN_POINT('Ctrl Pts',(1.12920453586253,1.80154500379978,0.5));
#3793=CARTESIAN_POINT('Ctrl Pts',(1.13464992690465,1.79227567089105,0.5));
#3794=CARTESIAN_POINT('Ctrl Pts',(1.1393749903484,1.78059713651834,0.5));
#3795=CARTESIAN_POINT('Ctrl Pts',(1.14389519234212,1.7694249406349,0.5));
#3796=CARTESIAN_POINT('Ctrl Pts',(1.14615529333899,1.75406317129518,0.5));
#3797=CARTESIAN_POINT('Ctrl Pts',(1.14615529333899,1.73451182849917,0.5));
#3798=CARTESIAN_POINT('',(1.06818180894728,1.82354026444529,0.264705882352941));
#3799=CARTESIAN_POINT('Origin',(1.06818180894728,1.89999998002256,0.264705882352941));
#3800=CARTESIAN_POINT('',(1.06818180894728,1.89999998002256,0.264705882352941));
#3801=CARTESIAN_POINT('',(1.06818180894728,1.82354026444529,0.264705882352941));
#3802=CARTESIAN_POINT('',(1.06818180894728,1.89999998002256,0.5));
#3803=CARTESIAN_POINT('',(1.06818180894728,1.82354026444529,0.5));
#3804=CARTESIAN_POINT('',(1.06818180894728,1.89999998002256,0.264705882352941));
#3805=CARTESIAN_POINT('Origin',(1.28718559554312,1.89999998002256,0.264705882352941));
#3806=CARTESIAN_POINT('',(1.28718559554312,1.89999998002256,0.264705882352941));
#3807=CARTESIAN_POINT('',(1.06818180894728,1.89999998002256,0.264705882352941));
#3808=CARTESIAN_POINT('',(1.28718559554312,1.89999998002256,0.5));
#3809=CARTESIAN_POINT('',(1.06818180894728,1.89999998002256,0.5));
#3810=CARTESIAN_POINT('',(1.28718559554312,1.89999998002256,0.264705882352941));
#3811=CARTESIAN_POINT('Origin',(1.28718559554312,1.66014689965005,0.264705882352941));
#3812=CARTESIAN_POINT('',(1.28718559554312,1.66014689965005,0.264705882352941));
#3813=CARTESIAN_POINT('',(1.28718559554312,1.89999998002256,0.264705882352941));
#3814=CARTESIAN_POINT('',(1.28718559554312,1.66014689965005,0.5));
#3815=CARTESIAN_POINT('',(1.28718559554312,1.89999998002256,0.5));
#3816=CARTESIAN_POINT('',(1.28718559554312,1.66014689965005,0.264705882352941));
#3817=CARTESIAN_POINT('Ctrl Pts',(1.28176135315065,1.47475827420929,0.264705882352941));
#3818=CARTESIAN_POINT('Ctrl Pts',(1.28176135315065,1.47475827420929,0.343137254901961));
#3819=CARTESIAN_POINT('Ctrl Pts',(1.28176135315065,1.47475827420929,0.42156862745098));
#3820=CARTESIAN_POINT('Ctrl Pts',(1.28176135315065,1.47475827420929,0.5));
#3821=CARTESIAN_POINT('Ctrl Pts',(1.28311741374877,1.49570614149073,0.264705882352941));
#3822=CARTESIAN_POINT('Ctrl Pts',(1.28311741374877,1.49570614149073,0.343137254901961));
#3823=CARTESIAN_POINT('Ctrl Pts',(1.28311741374877,1.49570614149073,0.42156862745098));
#3824=CARTESIAN_POINT('Ctrl Pts',(1.28311741374877,1.49570614149073,0.5));
#3825=CARTESIAN_POINT('Ctrl Pts',(1.28478956277405,1.51696143429512,0.264705882352941));
#3826=CARTESIAN_POINT('Ctrl Pts',(1.28478956277405,1.51696143429512,0.343137254901961));
#3827=CARTESIAN_POINT('Ctrl Pts',(1.28478956277405,1.51696143429512,0.42156862745098));
#3828=CARTESIAN_POINT('Ctrl Pts',(1.28478956277405,1.51696143429512,0.5));
#3829=CARTESIAN_POINT('Ctrl Pts',(1.28673357534375,1.55750234997099,0.264705882352941));
#3830=CARTESIAN_POINT('Ctrl Pts',(1.28673357534375,1.55750234997099,0.343137254901961));
#3831=CARTESIAN_POINT('Ctrl Pts',(1.28673357534375,1.55750234997099,0.42156862745098));
#3832=CARTESIAN_POINT('Ctrl Pts',(1.28673357534375,1.55750234997099,0.5));
#3833=CARTESIAN_POINT('Ctrl Pts',(1.28718559554312,1.57775195500971,0.264705882352941));
#3834=CARTESIAN_POINT('Ctrl Pts',(1.28718559554312,1.57775195500971,0.343137254901961));
#3835=CARTESIAN_POINT('Ctrl Pts',(1.28718559554312,1.57775195500971,0.42156862745098));
#3836=CARTESIAN_POINT('Ctrl Pts',(1.28718559554312,1.57775195500971,0.5));
#3837=CARTESIAN_POINT('Ctrl Pts',(1.28718559554312,1.62104421405803,0.264705882352941));
#3838=CARTESIAN_POINT('Ctrl Pts',(1.28718559554312,1.62104421405803,0.343137254901961));
#3839=CARTESIAN_POINT('Ctrl Pts',(1.28718559554312,1.62104421405802,0.42156862745098));
#3840=CARTESIAN_POINT('Ctrl Pts',(1.28718559554312,1.62104421405802,0.5));
#3841=CARTESIAN_POINT('Ctrl Pts',(1.28718559554312,1.64129381909675,0.264705882352941));
#3842=CARTESIAN_POINT('Ctrl Pts',(1.28718559554312,1.64129381909675,0.343137254901961));
#3843=CARTESIAN_POINT('Ctrl Pts',(1.28718559554312,1.64129381909675,0.42156862745098));
#3844=CARTESIAN_POINT('Ctrl Pts',(1.28718559554312,1.64129381909675,0.5));
#3845=CARTESIAN_POINT('Ctrl Pts',(1.28718559554312,1.66014689965005,0.264705882352941));
#3846=CARTESIAN_POINT('Ctrl Pts',(1.28718559554312,1.66014689965005,0.343137254901961));
#3847=CARTESIAN_POINT('Ctrl Pts',(1.28718559554312,1.66014689965005,0.42156862745098));
#3848=CARTESIAN_POINT('Ctrl Pts',(1.28718559554312,1.66014689965005,0.5));
#3849=CARTESIAN_POINT('',(1.28176135315065,1.47475827420929,0.264705882352941));
#3850=CARTESIAN_POINT('Ctrl Pts',(1.28718559554312,1.66014689965005,0.264705882352941));
#3851=CARTESIAN_POINT('Ctrl Pts',(1.28718559554312,1.64129381909675,0.264705882352941));
#3852=CARTESIAN_POINT('Ctrl Pts',(1.28718559554312,1.62104421405803,0.264705882352941));
#3853=CARTESIAN_POINT('Ctrl Pts',(1.28718559554312,1.59939808453387,0.264705882352941));
#3854=CARTESIAN_POINT('Ctrl Pts',(1.28718559554312,1.57775195500971,0.264705882352941));
#3855=CARTESIAN_POINT('Ctrl Pts',(1.28673357534375,1.55750234997099,0.264705882352941));
#3856=CARTESIAN_POINT('Ctrl Pts',(1.285829534945,1.53864926941769,0.264705882352941));
#3857=CARTESIAN_POINT('Ctrl Pts',(1.28478956277405,1.51696143429512,0.264705882352941));
#3858=CARTESIAN_POINT('Ctrl Pts',(1.28311741374877,1.49570614149073,0.264705882352941));
#3859=CARTESIAN_POINT('Ctrl Pts',(1.28176135315065,1.47475827420929,0.264705882352941));
#3860=CARTESIAN_POINT('',(1.28176135315065,1.47475827420929,0.5));
#3861=CARTESIAN_POINT('Ctrl Pts',(1.28176135315065,1.47475827420929,0.5));
#3862=CARTESIAN_POINT('Ctrl Pts',(1.28311741374877,1.49570614149073,0.5));
#3863=CARTESIAN_POINT('Ctrl Pts',(1.28478956277405,1.51696143429512,0.5));
#3864=CARTESIAN_POINT('Ctrl Pts',(1.285829534945,1.53864926941769,0.5));
#3865=CARTESIAN_POINT('Ctrl Pts',(1.28673357534375,1.55750234997099,0.5));
#3866=CARTESIAN_POINT('Ctrl Pts',(1.28718559554312,1.57775195500971,0.5));
#3867=CARTESIAN_POINT('Ctrl Pts',(1.28718559554312,1.59939808453387,0.5));
#3868=CARTESIAN_POINT('Ctrl Pts',(1.28718559554312,1.62104421405803,0.5));
#3869=CARTESIAN_POINT('Ctrl Pts',(1.28718559554312,1.64129381909675,0.5));
#3870=CARTESIAN_POINT('Ctrl Pts',(1.28718559554312,1.66014689965005,0.5));
#3871=CARTESIAN_POINT('',(1.28176135315065,1.47475827420929,0.264705882352941));
#3872=CARTESIAN_POINT('Origin',(1.28989771673935,1.47475827420929,0.264705882352941));
#3873=CARTESIAN_POINT('',(1.28989771673935,1.47475827420929,0.264705882352941));
#3874=CARTESIAN_POINT('',(1.28176135315065,1.47475827420929,0.264705882352941));
#3875=CARTESIAN_POINT('',(1.28989771673935,1.47475827420929,0.5));
#3876=CARTESIAN_POINT('',(1.28176135315065,1.47475827420929,0.5));
#3877=CARTESIAN_POINT('',(1.28989771673935,1.47475827420929,0.264705882352941));
#3878=CARTESIAN_POINT('Ctrl Pts',(1.65399998733368,0.872507089867846,0.264705882352941));
#3879=CARTESIAN_POINT('Ctrl Pts',(1.65399998733368,0.872507089867846,0.343137254901961));
#3880=CARTESIAN_POINT('Ctrl Pts',(1.65399998733368,0.872507089867846,0.42156862745098));
#3881=CARTESIAN_POINT('Ctrl Pts',(1.65399998733368,0.872507089867846,0.5));
#3882=CARTESIAN_POINT('Ctrl Pts',(1.64315150254874,0.872507089867846,0.264705882352941));
#3883=CARTESIAN_POINT('Ctrl Pts',(1.64315150254874,0.872507089867846,0.343137254901961));
#3884=CARTESIAN_POINT('Ctrl Pts',(1.64315150254874,0.872507089867846,0.42156862745098));
#3885=CARTESIAN_POINT('Ctrl Pts',(1.64315150254874,0.872507089867846,0.5));
#3886=CARTESIAN_POINT('Ctrl Pts',(1.63365907836193,0.873554483231918,0.264705882352941));
#3887=CARTESIAN_POINT('Ctrl Pts',(1.63365907836193,0.873554483231918,0.343137254901961));
#3888=CARTESIAN_POINT('Ctrl Pts',(1.63365907836193,0.873554483231918,0.42156862745098));
#3889=CARTESIAN_POINT('Ctrl Pts',(1.63365907836193,0.873554483231918,0.5));
#3890=CARTESIAN_POINT('Ctrl Pts',(1.61738635118453,0.877744056688207,0.264705882352941));
#3891=CARTESIAN_POINT('Ctrl Pts',(1.61738635118453,0.877744056688207,0.343137254901961));
#3892=CARTESIAN_POINT('Ctrl Pts',(1.61738635118453,0.877744056688207,0.421568627450981));
#3893=CARTESIAN_POINT('Ctrl Pts',(1.61738635118453,0.877744056688207,0.5));
#3894=CARTESIAN_POINT('Ctrl Pts',(1.61060604819394,0.882282761265852,0.264705882352941));
#3895=CARTESIAN_POINT('Ctrl Pts',(1.61060604819394,0.882282761265852,0.343137254901961));
#3896=CARTESIAN_POINT('Ctrl Pts',(1.61060604819394,0.882282761265852,0.421568627450981));
#3897=CARTESIAN_POINT('Ctrl Pts',(1.61060604819394,0.882282761265852,0.5));
#3898=CARTESIAN_POINT('Ctrl Pts',(1.59952896034577,0.89654228664096,0.264705882352941));
#3899=CARTESIAN_POINT('Ctrl Pts',(1.59952896034577,0.89654228664096,0.343137254901961));
#3900=CARTESIAN_POINT('Ctrl Pts',(1.59952896034577,0.89654228664096,0.42156862745098));
#3901=CARTESIAN_POINT('Ctrl Pts',(1.59952896034577,0.89654228664096,0.5));
#3902=CARTESIAN_POINT('Ctrl Pts',(1.59526933870972,0.907232492600432,0.264705882352941));
#3903=CARTESIAN_POINT('Ctrl Pts',(1.59526933870972,0.907232492600432,0.343137254901961));
#3904=CARTESIAN_POINT('Ctrl Pts',(1.59526933870972,0.907232492600432,0.421568627450981));
#3905=CARTESIAN_POINT('Ctrl Pts',(1.59526933870972,0.907232492600432,0.5));
#3906=CARTESIAN_POINT('Ctrl Pts',(1.59071715942157,0.933954167226741,0.264705882352941));
#3907=CARTESIAN_POINT('Ctrl Pts',(1.59071715942157,0.933954167226741,0.343137254901961));
#3908=CARTESIAN_POINT('Ctrl Pts',(1.59071715942157,0.933954167226741,0.42156862745098));
#3909=CARTESIAN_POINT('Ctrl Pts',(1.59071715942157,0.933954167226741,0.5));
#3910=CARTESIAN_POINT('Ctrl Pts',(1.58958710892314,0.952108985537324,0.264705882352941));
#3911=CARTESIAN_POINT('Ctrl Pts',(1.58958710892314,0.952108985537324,0.343137254901961));
#3912=CARTESIAN_POINT('Ctrl Pts',(1.58958710892314,0.952108985537324,0.42156862745098));
#3913=CARTESIAN_POINT('Ctrl Pts',(1.58958710892314,0.952108985537324,0.5));
#3914=CARTESIAN_POINT('Ctrl Pts',(1.58958710892314,1.08757186062398,0.264705882352941));
#3915=CARTESIAN_POINT('Ctrl Pts',(1.58958710892314,1.08757186062398,0.343137254901961));
#3916=CARTESIAN_POINT('Ctrl Pts',(1.58958710892314,1.08757186062398,0.421568627450981));
#3917=CARTESIAN_POINT('Ctrl Pts',(1.58958710892314,1.08757186062398,0.5));
#3918=CARTESIAN_POINT('Ctrl Pts',(1.58958710892313,1.19999208170105,0.264705882352941));
#3919=CARTESIAN_POINT('Ctrl Pts',(1.58958710892313,1.19999208170105,0.34313725490196));
#3920=CARTESIAN_POINT('Ctrl Pts',(1.58958710892313,1.19999208170105,0.421568627450979));
#3921=CARTESIAN_POINT('Ctrl Pts',(1.58958710892313,1.19999208170105,0.499999999999999));
#3922=CARTESIAN_POINT('Ctrl Pts',(1.58958710892314,1.36129065976815,0.264705882352941));
#3923=CARTESIAN_POINT('Ctrl Pts',(1.58958710892314,1.36129065976815,0.343137254901961));
#3924=CARTESIAN_POINT('Ctrl Pts',(1.58958710892314,1.36129065976815,0.421568627450981));
#3925=CARTESIAN_POINT('Ctrl Pts',(1.58958710892314,1.36129065976815,0.5));
#3926=CARTESIAN_POINT('Ctrl Pts',(1.58597094732816,1.40353552545239,0.264705882352941));
#3927=CARTESIAN_POINT('Ctrl Pts',(1.58597094732816,1.40353552545239,0.34313725490196));
#3928=CARTESIAN_POINT('Ctrl Pts',(1.58597094732816,1.40353552545239,0.42156862745098));
#3929=CARTESIAN_POINT('Ctrl Pts',(1.58597094732816,1.40353552545239,0.5));
#3930=CARTESIAN_POINT('Ctrl Pts',(1.57150630094825,1.47475827420929,0.264705882352941));
#3931=CARTESIAN_POINT('Ctrl Pts',(1.57150630094825,1.47475827420929,0.343137254901961));
#3932=CARTESIAN_POINT('Ctrl Pts',(1.57150630094825,1.47475827420929,0.421568627450981));
#3933=CARTESIAN_POINT('Ctrl Pts',(1.57150630094825,1.47475827420929,0.5));
#3934=CARTESIAN_POINT('Ctrl Pts',(1.56135836113476,1.5037677257907,0.264705882352941));
#3935=CARTESIAN_POINT('Ctrl Pts',(1.56135836113476,1.5037677257907,0.34313725490196));
#3936=CARTESIAN_POINT('Ctrl Pts',(1.56135836113476,1.5037677257907,0.42156862745098));
#3937=CARTESIAN_POINT('Ctrl Pts',(1.56135836113476,1.5037677257907,0.5));
#3938=CARTESIAN_POINT('Ctrl Pts',(1.53466665469941,1.54912320305841,0.264705882352941));
#3939=CARTESIAN_POINT('Ctrl Pts',(1.53466665469941,1.54912320305841,0.343137254901961));
#3940=CARTESIAN_POINT('Ctrl Pts',(1.53466665469941,1.54912320305841,0.42156862745098));
#3941=CARTESIAN_POINT('Ctrl Pts',(1.53466665469941,1.54912320305841,0.5));
#3942=CARTESIAN_POINT('Ctrl Pts',(1.51830280631047,1.56549542907753,0.264705882352941));
#3943=CARTESIAN_POINT('Ctrl Pts',(1.51830280631047,1.56549542907753,0.34313725490196));
#3944=CARTESIAN_POINT('Ctrl Pts',(1.51830280631047,1.56549542907753,0.42156862745098));
#3945=CARTESIAN_POINT('Ctrl Pts',(1.51830280631047,1.56549542907753,0.5));
#3946=CARTESIAN_POINT('Ctrl Pts',(1.47997221057537,1.58752762640772,0.264705882352941));
#3947=CARTESIAN_POINT('Ctrl Pts',(1.47997221057537,1.58752762640772,0.343137254901961));
#3948=CARTESIAN_POINT('Ctrl Pts',(1.47997221057537,1.58752762640772,0.42156862745098));
#3949=CARTESIAN_POINT('Ctrl Pts',(1.47997221057537,1.58752762640772,0.5));
#3950=CARTESIAN_POINT('Ctrl Pts',(1.45804923090582,1.59311372434944,0.264705882352941));
#3951=CARTESIAN_POINT('Ctrl Pts',(1.45804923090582,1.59311372434944,0.343137254901961));
#3952=CARTESIAN_POINT('Ctrl Pts',(1.45804923090582,1.59311372434944,0.42156862745098));
#3953=CARTESIAN_POINT('Ctrl Pts',(1.45804923090582,1.59311372434944,0.5));
#3954=CARTESIAN_POINT('Ctrl Pts',(1.41917549375981,1.59311372434944,0.264705882352941));
#3955=CARTESIAN_POINT('Ctrl Pts',(1.41917549375981,1.59311372434944,0.34313725490196));
#3956=CARTESIAN_POINT('Ctrl Pts',(1.41917549375981,1.59311372434944,0.421568627450981));
#3957=CARTESIAN_POINT('Ctrl Pts',(1.41917549375981,1.59311372434944,0.5));
#3958=CARTESIAN_POINT('Ctrl Pts',(1.40515816043434,1.59213781279625,0.264705882352941));
#3959=CARTESIAN_POINT('Ctrl Pts',(1.40515816043434,1.59213781279625,0.343137254901961));
#3960=CARTESIAN_POINT('Ctrl Pts',(1.40515816043434,1.59213781279625,0.42156862745098));
#3961=CARTESIAN_POINT('Ctrl Pts',(1.40515816043434,1.59213781279625,0.5));
#3962=CARTESIAN_POINT('Ctrl Pts',(1.37849367581631,1.58787675752908,0.264705882352941));
#3963=CARTESIAN_POINT('Ctrl Pts',(1.37849367581631,1.58787675752908,0.343137254901961));
#3964=CARTESIAN_POINT('Ctrl Pts',(1.37849367581631,1.58787675752908,0.42156862745098));
#3965=CARTESIAN_POINT('Ctrl Pts',(1.37849367581631,1.58787675752908,0.5));
#3966=CARTESIAN_POINT('Ctrl Pts',(1.36593267927699,1.58229940643284,0.264705882352941));
#3967=CARTESIAN_POINT('Ctrl Pts',(1.36593267927699,1.58229940643284,0.343137254901961));
#3968=CARTESIAN_POINT('Ctrl Pts',(1.36593267927699,1.58229940643284,0.42156862745098));
#3969=CARTESIAN_POINT('Ctrl Pts',(1.36593267927699,1.58229940643284,0.5));
#3970=CARTESIAN_POINT('Ctrl Pts',(1.34188003966716,1.56657975912628,0.264705882352941));
#3971=CARTESIAN_POINT('Ctrl Pts',(1.34188003966716,1.56657975912628,0.343137254901961));
#3972=CARTESIAN_POINT('Ctrl Pts',(1.34188003966716,1.56657975912628,0.42156862745098));
#3973=CARTESIAN_POINT('Ctrl Pts',(1.34188003966716,1.56657975912628,0.5));
#3974=CARTESIAN_POINT('Ctrl Pts',(1.33036596160049,1.55541076050977,0.264705882352941));
#3975=CARTESIAN_POINT('Ctrl Pts',(1.33036596160049,1.55541076050977,0.343137254901961));
#3976=CARTESIAN_POINT('Ctrl Pts',(1.33036596160049,1.55541076050977,0.42156862745098));
#3977=CARTESIAN_POINT('Ctrl Pts',(1.33036596160049,1.55541076050977,0.5));
#3978=CARTESIAN_POINT('Ctrl Pts',(1.30933458531236,1.52433489344204,0.264705882352941));
#3979=CARTESIAN_POINT('Ctrl Pts',(1.30933458531236,1.52433489344204,0.343137254901961));
#3980=CARTESIAN_POINT('Ctrl Pts',(1.30933458531236,1.52433489344204,0.42156862745098));
#3981=CARTESIAN_POINT('Ctrl Pts',(1.30933458531236,1.52433489344204,0.5));
#3982=CARTESIAN_POINT('Ctrl Pts',(1.29939014092617,1.50268876391788,0.264705882352941));
#3983=CARTESIAN_POINT('Ctrl Pts',(1.29939014092617,1.50268876391788,0.343137254901961));
#3984=CARTESIAN_POINT('Ctrl Pts',(1.29939014092617,1.50268876391788,0.42156862745098));
#3985=CARTESIAN_POINT('Ctrl Pts',(1.29939014092617,1.50268876391788,0.5));
#3986=CARTESIAN_POINT('Ctrl Pts',(1.28989771673935,1.47475827420929,0.264705882352941));
#3987=CARTESIAN_POINT('Ctrl Pts',(1.28989771673935,1.47475827420929,0.343137254901961));
#3988=CARTESIAN_POINT('Ctrl Pts',(1.28989771673935,1.47475827420929,0.42156862745098));
#3989=CARTESIAN_POINT('Ctrl Pts',(1.28989771673935,1.47475827420929,0.5));
#3990=CARTESIAN_POINT('',(1.65399998733368,0.872507089867846,0.264705882352941));
#3991=CARTESIAN_POINT('Ctrl Pts',(1.28989771673935,1.47475827420929,0.264705882352941));
#3992=CARTESIAN_POINT('Ctrl Pts',(1.29939014092617,1.50268876391788,0.264705882352941));
#3993=CARTESIAN_POINT('Ctrl Pts',(1.30933458531236,1.52433489344204,0.264705882352941));
#3994=CARTESIAN_POINT('Ctrl Pts',(1.31973104989792,1.53969666278176,0.264705882352941));
#3995=CARTESIAN_POINT('Ctrl Pts',(1.33036596160049,1.55541076050977,0.264705882352941));
#3996=CARTESIAN_POINT('Ctrl Pts',(1.34188003966716,1.56657975912628,0.264705882352941));
#3997=CARTESIAN_POINT('Ctrl Pts',(1.35363256485084,1.57426064379614,0.264705882352941));
#3998=CARTESIAN_POINT('Ctrl Pts',(1.36593267927699,1.58229940643284,0.264705882352941));
#3999=CARTESIAN_POINT('Ctrl Pts',(1.37849367581631,1.58787675752908,0.264705882352941));
#4000=CARTESIAN_POINT('Ctrl Pts',(1.3916022615981,1.58997154425722,0.264705882352941));
#4001=CARTESIAN_POINT('Ctrl Pts',(1.40515816043434,1.59213781279625,0.264705882352941));
#4002=CARTESIAN_POINT('Ctrl Pts',(1.41917549375981,1.59311372434944,0.264705882352941));
#4003=CARTESIAN_POINT('Ctrl Pts',(1.43364014013972,1.59311372434944,0.264705882352941));
#4004=CARTESIAN_POINT('Ctrl Pts',(1.45804923090582,1.59311372434944,0.264705882352941));
#4005=CARTESIAN_POINT('Ctrl Pts',(1.47997221057537,1.58752762640772,0.264705882352941));
#4006=CARTESIAN_POINT('Ctrl Pts',(1.49940907914838,1.57635543052428,0.264705882352941));
#4007=CARTESIAN_POINT('Ctrl Pts',(1.51830280631047,1.56549542907753,0.264705882352941));
#4008=CARTESIAN_POINT('Ctrl Pts',(1.53466665469941,1.54912320305841,0.264705882352941));
#4009=CARTESIAN_POINT('Ctrl Pts',(1.54822726068058,1.52608054904882,0.264705882352941));
#4010=CARTESIAN_POINT('Ctrl Pts',(1.56135836113476,1.5037677257907,0.264705882352941));
#4011=CARTESIAN_POINT('Ctrl Pts',(1.57150630094825,1.47475827420929,0.264705882352941));
#4012=CARTESIAN_POINT('Ctrl Pts',(1.5787386241382,1.43914689983084,0.264705882352941));
#4013=CARTESIAN_POINT('Ctrl Pts',(1.58597094732816,1.40353552545239,0.264705882352941));
#4014=CARTESIAN_POINT('Ctrl Pts',(1.58958710892314,1.36129065976815,0.264705882352941));
#4015=CARTESIAN_POINT('Ctrl Pts',(1.58958710892314,1.31241230277812,0.264705882352941));
#4016=CARTESIAN_POINT('Ctrl Pts',(1.58958710892314,1.19999208170105,0.264705882352941));
#4017=CARTESIAN_POINT('Ctrl Pts',(1.58958710892314,1.08757186062398,0.264705882352941));
#4018=CARTESIAN_POINT('Ctrl Pts',(1.58958710892314,0.97515163954691,0.264705882352941));
#4019=CARTESIAN_POINT('Ctrl Pts',(1.58958710892314,0.952108985537324,0.264705882352941));
#4020=CARTESIAN_POINT('Ctrl Pts',(1.59071715942157,0.933954167226741,0.264705882352941));
#4021=CARTESIAN_POINT('Ctrl Pts',(1.59297726041843,0.920687184615162,0.264705882352941));
#4022=CARTESIAN_POINT('Ctrl Pts',(1.59526933870972,0.907232492600432,0.264705882352941));
#4023=CARTESIAN_POINT('Ctrl Pts',(1.59952896034577,0.89654228664096,0.264705882352941));
#4024=CARTESIAN_POINT('Ctrl Pts',(1.60518180580148,0.889265383692999,0.264705882352941));
#4025=CARTESIAN_POINT('Ctrl Pts',(1.61060604819394,0.882282761265852,0.264705882352941));
#4026=CARTESIAN_POINT('Ctrl Pts',(1.61738635118453,0.877744056688207,0.264705882352941));
#4027=CARTESIAN_POINT('Ctrl Pts',(1.62552271477323,0.875649269960062,0.264705882352941));
#4028=CARTESIAN_POINT('Ctrl Pts',(1.63365907836193,0.873554483231918,0.264705882352941));
#4029=CARTESIAN_POINT('Ctrl Pts',(1.64315150254874,0.872507089867846,0.264705882352941));
#4030=CARTESIAN_POINT('Ctrl Pts',(1.65399998733368,0.872507089867846,0.264705882352941));
#4031=CARTESIAN_POINT('',(1.65399998733368,0.872507089867846,0.5));
#4032=CARTESIAN_POINT('Ctrl Pts',(1.65399998733368,0.872507089867846,0.5));
#4033=CARTESIAN_POINT('Ctrl Pts',(1.64315150254874,0.872507089867846,0.5));
#4034=CARTESIAN_POINT('Ctrl Pts',(1.63365907836193,0.873554483231918,0.5));
#4035=CARTESIAN_POINT('Ctrl Pts',(1.62552271477323,0.875649269960062,0.5));
#4036=CARTESIAN_POINT('Ctrl Pts',(1.61738635118453,0.877744056688207,0.5));
#4037=CARTESIAN_POINT('Ctrl Pts',(1.61060604819394,0.882282761265852,0.5));
#4038=CARTESIAN_POINT('Ctrl Pts',(1.60518180580148,0.889265383692999,0.5));
#4039=CARTESIAN_POINT('Ctrl Pts',(1.59952896034577,0.896542286640961,0.5));
#4040=CARTESIAN_POINT('Ctrl Pts',(1.59526933870972,0.907232492600432,0.5));
#4041=CARTESIAN_POINT('Ctrl Pts',(1.59297726041843,0.920687184615162,0.5));
#4042=CARTESIAN_POINT('Ctrl Pts',(1.59071715942157,0.933954167226741,0.5));
#4043=CARTESIAN_POINT('Ctrl Pts',(1.58958710892314,0.952108985537324,0.5));
#4044=CARTESIAN_POINT('Ctrl Pts',(1.58958710892314,0.97515163954691,0.5));
#4045=CARTESIAN_POINT('Ctrl Pts',(1.58958710892314,1.08757186062398,0.5));
#4046=CARTESIAN_POINT('Ctrl Pts',(1.58958710892314,1.19999208170105,0.5));
#4047=CARTESIAN_POINT('Ctrl Pts',(1.58958710892314,1.31241230277812,0.5));
#4048=CARTESIAN_POINT('Ctrl Pts',(1.58958710892314,1.36129065976815,0.5));
#4049=CARTESIAN_POINT('Ctrl Pts',(1.58597094732816,1.40353552545239,0.5));
#4050=CARTESIAN_POINT('Ctrl Pts',(1.5787386241382,1.43914689983084,0.5));
#4051=CARTESIAN_POINT('Ctrl Pts',(1.57150630094825,1.47475827420929,0.5));
#4052=CARTESIAN_POINT('Ctrl Pts',(1.56135836113476,1.5037677257907,0.5));
#4053=CARTESIAN_POINT('Ctrl Pts',(1.54822726068058,1.52608054904882,0.5));
#4054=CARTESIAN_POINT('Ctrl Pts',(1.53466665469941,1.54912320305841,0.5));
#4055=CARTESIAN_POINT('Ctrl Pts',(1.51830280631047,1.56549542907753,0.5));
#4056=CARTESIAN_POINT('Ctrl Pts',(1.49940907914838,1.57635543052428,0.5));
#4057=CARTESIAN_POINT('Ctrl Pts',(1.47997221057537,1.58752762640772,0.5));
#4058=CARTESIAN_POINT('Ctrl Pts',(1.45804923090582,1.59311372434944,0.5));
#4059=CARTESIAN_POINT('Ctrl Pts',(1.43364014013972,1.59311372434944,0.5));
#4060=CARTESIAN_POINT('Ctrl Pts',(1.41917549375981,1.59311372434944,0.5));
#4061=CARTESIAN_POINT('Ctrl Pts',(1.40515816043434,1.59213781279625,0.5));
#4062=CARTESIAN_POINT('Ctrl Pts',(1.3916022615981,1.58997154425722,0.5));
#4063=CARTESIAN_POINT('Ctrl Pts',(1.37849367581631,1.58787675752908,0.5));
#4064=CARTESIAN_POINT('Ctrl Pts',(1.36593267927699,1.58229940643284,0.5));
#4065=CARTESIAN_POINT('Ctrl Pts',(1.35363256485084,1.57426064379614,0.5));
#4066=CARTESIAN_POINT('Ctrl Pts',(1.34188003966716,1.56657975912628,0.5));
#4067=CARTESIAN_POINT('Ctrl Pts',(1.33036596160049,1.55541076050977,0.5));
#4068=CARTESIAN_POINT('Ctrl Pts',(1.31973104989792,1.53969666278176,0.5));
#4069=CARTESIAN_POINT('Ctrl Pts',(1.30933458531236,1.52433489344204,0.5));
#4070=CARTESIAN_POINT('Ctrl Pts',(1.29939014092617,1.50268876391788,0.5));
#4071=CARTESIAN_POINT('Ctrl Pts',(1.28989771673935,1.47475827420929,0.5));
#4072=CARTESIAN_POINT('',(1.65399998733368,0.872507089867846,0.264705882352941));
#4073=CARTESIAN_POINT('Origin',(1.65399998733368,0.794999980926512,0.264705882352941));
#4074=CARTESIAN_POINT('',(1.65399998733368,0.794999980926512,0.264705882352941));
#4075=CARTESIAN_POINT('',(1.65399998733368,0.872507089867846,0.264705882352941));
#4076=CARTESIAN_POINT('',(1.65399998733368,0.794999980926512,0.5));
#4077=CARTESIAN_POINT('',(1.65399998733368,0.872507089867846,0.5));
#4078=CARTESIAN_POINT('',(1.65399998733368,0.794999980926512,0.264705882352941));
#4079=CARTESIAN_POINT('Origin',(1.44652271582183,0.794999980926512,0.264705882352941));
#4080=CARTESIAN_POINT('',(1.65399998733368,0.794999980926512,0.264705882352941));
#4081=CARTESIAN_POINT('',(1.65399998733368,0.794999980926512,0.5));
#4082=CARTESIAN_POINT('Origin',(1.44652271582183,0.794999980926512,0.5));
#4083=CARTESIAN_POINT('Origin',(1.44652271582183,0.794999980926512,0.264705882352941));
#4084=CARTESIAN_POINT('',(0.,0.,0.));
#4085=CARTESIAN_POINT('',(0.,0.,0.));
#4086=CARTESIAN_POINT('',(0.,0.,0.));
#4087=CARTESIAN_POINT('',(0.,0.,0.));
#4088=CARTESIAN_POINT('',(0.,0.,0.));
#4089=UNCERTAINTY_MEASURE_WITH_UNIT(LENGTH_MEASURE(0.001),#4103,
'DISTANCE_ACCURACY_VALUE',
'Maximum model space distance between geometric entities at asserted c
onnectivities');
#4090=UNCERTAINTY_MEASURE_WITH_UNIT(LENGTH_MEASURE(0.001),#4103,
'DISTANCE_ACCURACY_VALUE',
'Maximum model space distance between geometric entities at asserted c
onnectivities');
#4091=UNCERTAINTY_MEASURE_WITH_UNIT(LENGTH_MEASURE(0.001),#4103,
'DISTANCE_ACCURACY_VALUE',
'Maximum model space distance between geometric entities at asserted c
onnectivities');
#4092=UNCERTAINTY_MEASURE_WITH_UNIT(LENGTH_MEASURE(0.001),#4103,
'DISTANCE_ACCURACY_VALUE',
'Maximum model space distance between geometric entities at asserted c
onnectivities');
#4093=UNCERTAINTY_MEASURE_WITH_UNIT(LENGTH_MEASURE(0.001),#4103,
'DISTANCE_ACCURACY_VALUE',
'Maximum model space distance between geometric entities at asserted c
onnectivities');
#4094=UNCERTAINTY_MEASURE_WITH_UNIT(LENGTH_MEASURE(0.001),#4103,
'DISTANCE_ACCURACY_VALUE',
'Maximum model space distance between geometric entities at asserted c
onnectivities');
#4095=UNCERTAINTY_MEASURE_WITH_UNIT(LENGTH_MEASURE(0.001),#4103,
'DISTANCE_ACCURACY_VALUE',
'Maximum model space distance between geometric entities at asserted c
onnectivities');
#4096=(
GEOMETRIC_REPRESENTATION_CONTEXT(3)
GLOBAL_UNCERTAINTY_ASSIGNED_CONTEXT((#4089))
GLOBAL_UNIT_ASSIGNED_CONTEXT((#4103,#4105,#4106))
REPRESENTATION_CONTEXT('','3D')
);
#4097=(
GEOMETRIC_REPRESENTATION_CONTEXT(3)
GLOBAL_UNCERTAINTY_ASSIGNED_CONTEXT((#4090))
GLOBAL_UNIT_ASSIGNED_CONTEXT((#4103,#4105,#4106))
REPRESENTATION_CONTEXT('','3D')
);
#4098=(
GEOMETRIC_REPRESENTATION_CONTEXT(3)
GLOBAL_UNCERTAINTY_ASSIGNED_CONTEXT((#4091))
GLOBAL_UNIT_ASSIGNED_CONTEXT((#4103,#4105,#4106))
REPRESENTATION_CONTEXT('','3D')
);
#4099=(
GEOMETRIC_REPRESENTATION_CONTEXT(3)
GLOBAL_UNCERTAINTY_ASSIGNED_CONTEXT((#4092))
GLOBAL_UNIT_ASSIGNED_CONTEXT((#4103,#4105,#4106))
REPRESENTATION_CONTEXT('','3D')
);
#4100=(
GEOMETRIC_REPRESENTATION_CONTEXT(3)
GLOBAL_UNCERTAINTY_ASSIGNED_CONTEXT((#4093))
GLOBAL_UNIT_ASSIGNED_CONTEXT((#4103,#4105,#4106))
REPRESENTATION_CONTEXT('','3D')
);
#4101=(
GEOMETRIC_REPRESENTATION_CONTEXT(3)
GLOBAL_UNCERTAINTY_ASSIGNED_CONTEXT((#4094))
GLOBAL_UNIT_ASSIGNED_CONTEXT((#4103,#4105,#4106))
REPRESENTATION_CONTEXT('','3D')
);
#4102=(
GEOMETRIC_REPRESENTATION_CONTEXT(3)
GLOBAL_UNCERTAINTY_ASSIGNED_CONTEXT((#4095))
GLOBAL_UNIT_ASSIGNED_CONTEXT((#4103,#4105,#4106))
REPRESENTATION_CONTEXT('','3D')
);
#4103=(
LENGTH_UNIT()
NAMED_UNIT(*)
SI_UNIT(.CENTI.,.METRE.)
);
#4104=(
LENGTH_UNIT()
NAMED_UNIT(*)
SI_UNIT($,.METRE.)
);
#4105=(
NAMED_UNIT(*)
PLANE_ANGLE_UNIT()
SI_UNIT($,.RADIAN.)
);
#4106=(
NAMED_UNIT(*)
SI_UNIT($,.STERADIAN.)
SOLID_ANGLE_UNIT()
);
#4107=SHAPE_DEFINITION_REPRESENTATION(#4113,#4124);
#4108=SHAPE_DEFINITION_REPRESENTATION(#4114,#4125);
#4109=SHAPE_DEFINITION_REPRESENTATION(#4115,#4126);
#4110=SHAPE_DEFINITION_REPRESENTATION(#4116,#4127);
#4111=SHAPE_DEFINITION_REPRESENTATION(#4117,#4128);
#4112=SHAPE_DEFINITION_REPRESENTATION(#4118,#4129);
#4113=PRODUCT_DEFINITION_SHAPE('',$,#4131);
#4114=PRODUCT_DEFINITION_SHAPE('',$,#4132);
#4115=PRODUCT_DEFINITION_SHAPE('',$,#4133);
#4116=PRODUCT_DEFINITION_SHAPE('',$,#4134);
#4117=PRODUCT_DEFINITION_SHAPE('',$,#4135);
#4118=PRODUCT_DEFINITION_SHAPE('',$,#4136);
#4119=PRODUCT_DEFINITION_SHAPE($,$,#26);
#4120=PRODUCT_DEFINITION_SHAPE($,$,#27);
#4121=PRODUCT_DEFINITION_SHAPE($,$,#28);
#4122=PRODUCT_DEFINITION_SHAPE($,$,#29);
#4123=PRODUCT_DEFINITION_SHAPE($,$,#30);
#4124=SHAPE_REPRESENTATION('',(#2239,#2363,#2364,#2365,#2366,#2367),#4096);
#4125=SHAPE_REPRESENTATION('',(#2240),#4097);
#4126=SHAPE_REPRESENTATION('',(#2247),#4098);
#4127=SHAPE_REPRESENTATION('',(#2254),#4099);
#4128=SHAPE_REPRESENTATION('',(#2273),#4100);
#4129=SHAPE_REPRESENTATION('',(#2350),#4101);
#4130=PRODUCT_DEFINITION_CONTEXT('part definition',#4150,'design');
#4131=PRODUCT_DEFINITION('2026-06-07-13-29-07-698','(Unsaved)',#4137,#4130);
#4132=PRODUCT_DEFINITION('2026-06-07-13-29-12-025','Component1',#4138,#4130);
#4133=PRODUCT_DEFINITION('2026-06-07-13-29-12-202','Component2',#4139,#4130);
#4134=PRODUCT_DEFINITION('2026-06-07-13-29-12-316','Component3',#4140,#4130);
#4135=PRODUCT_DEFINITION('2026-06-07-13-29-12-863','Component4',#4141,#4130);
#4136=PRODUCT_DEFINITION('2026-06-07-13-29-16-009','Component5',#4142,#4130);
#4137=PRODUCT_DEFINITION_FORMATION('',$,#4152);
#4138=PRODUCT_DEFINITION_FORMATION('',$,#4153);
#4139=PRODUCT_DEFINITION_FORMATION('',$,#4154);
#4140=PRODUCT_DEFINITION_FORMATION('',$,#4155);
#4141=PRODUCT_DEFINITION_FORMATION('',$,#4156);
#4142=PRODUCT_DEFINITION_FORMATION('',$,#4157);
#4143=PRODUCT_RELATED_PRODUCT_CATEGORY('(Unsaved)','(Unsaved)',(#4152));
#4144=PRODUCT_RELATED_PRODUCT_CATEGORY('Component1','Component1',(#4153));
#4145=PRODUCT_RELATED_PRODUCT_CATEGORY('Component2','Component2',(#4154));
#4146=PRODUCT_RELATED_PRODUCT_CATEGORY('Component3','Component3',(#4155));
#4147=PRODUCT_RELATED_PRODUCT_CATEGORY('Component4','Component4',(#4156));
#4148=PRODUCT_RELATED_PRODUCT_CATEGORY('Component5','Component5',(#4157));
#4149=APPLICATION_PROTOCOL_DEFINITION('international standard',
'automotive_design',2009,#4150);
#4150=APPLICATION_CONTEXT(
'Core Data for Automotive Mechanical Design Process');
#4151=PRODUCT_CONTEXT('part definition',#4150,'mechanical');
#4152=PRODUCT('2026-06-07-13-29-07-698','(Unsaved)',$,(#4151));
#4153=PRODUCT('2026-06-07-13-29-12-025','Component1',$,(#4151));
#4154=PRODUCT('2026-06-07-13-29-12-202','Component2',$,(#4151));
#4155=PRODUCT('2026-06-07-13-29-12-316','Component3',$,(#4151));
#4156=PRODUCT('2026-06-07-13-29-12-863','Component4',$,(#4151));
#4157=PRODUCT('2026-06-07-13-29-16-009','Component5',$,(#4151));
#4158=PRESENTATION_STYLE_ASSIGNMENT((#4162));
#4159=PRESENTATION_STYLE_ASSIGNMENT((#4163));
#4160=PRESENTATION_STYLE_ASSIGNMENT((#4164));
#4161=PRESENTATION_STYLE_ASSIGNMENT((#4165));
#4162=SURFACE_STYLE_USAGE(.BOTH.,#4166);
#4163=SURFACE_STYLE_USAGE(.BOTH.,#4167);
#4164=SURFACE_STYLE_USAGE(.BOTH.,#4168);
#4165=SURFACE_STYLE_USAGE(.BOTH.,#4169);
#4166=SURFACE_SIDE_STYLE('',(#4170));
#4167=SURFACE_SIDE_STYLE('',(#4171));
#4168=SURFACE_SIDE_STYLE('',(#4172));
#4169=SURFACE_SIDE_STYLE('',(#4173));
#4170=SURFACE_STYLE_FILL_AREA(#4174);
#4171=SURFACE_STYLE_FILL_AREA(#4175);
#4172=SURFACE_STYLE_FILL_AREA(#4176);
#4173=SURFACE_STYLE_FILL_AREA(#4177);
#4174=FILL_AREA_STYLE('Steel - Satin',(#4178));
#4175=FILL_AREA_STYLE('Base Material - Opaque',(#4179));
#4176=FILL_AREA_STYLE('Base Material - Opaque',(#4180));
#4177=FILL_AREA_STYLE('Base Material - Opaque',(#4181));
#4178=FILL_AREA_STYLE_COLOUR('Steel - Satin',#4182);
#4179=FILL_AREA_STYLE_COLOUR('Base Material - Opaque',#4183);
#4180=FILL_AREA_STYLE_COLOUR('Base Material - Opaque',#4184);
#4181=FILL_AREA_STYLE_COLOUR('Base Material - Opaque',#4185);
#4182=COLOUR_RGB('Steel - Satin',0.627450980392157,0.627450980392157,0.627450980392157);
#4183=COLOUR_RGB('Base Material - Opaque',0.168627450980392,0.180392156862745,
0.192156862745098);
#4184=COLOUR_RGB('Base Material - Opaque',0.980392156862745,0.980392156862745,
0.980392156862745);
#4185=COLOUR_RGB('Base Material - Opaque',0.913725490196078,0.113725490196078,
0.176470588235294);
ENDSEC;
END-ISO-10303-21;
