ISO-10303-21;
HEADER;
/* Generated by software containing ST-Developer
 * from STEP Tools, Inc. (www.steptools.com) 
 */

FILE_DESCRIPTION(
/* description */ (''),
/* implementation_level */ '2;1');

FILE_NAME(
/* name */ 'ShootexGun2 Base with electronics.step',
/* time_stamp */ '2026-06-07T13:38:35+05:30',
/* author */ (''),
/* organization */ (''),
/* preprocessor_version */ 'ST-DEVELOPER v20.1',
/* originating_system */ 'Autodesk Translation Framework v15.8.0.0',
/* authorisation */ '');

FILE_SCHEMA (('AUTOMOTIVE_DESIGN { 1 0 10303 214 3 1 1 }'));
ENDSEC;

DATA;
#10=MECHANICAL_DESIGN_GEOMETRIC_PRESENTATION_REPRESENTATION('',(#93,#94,
#95,#96,#97,#98,#99,#100,#101,#102,#103,#104),#5097);
#11=ITEM_DEFINED_TRANSFORMATION($,$,#2768,#3047);
#12=ITEM_DEFINED_TRANSFORMATION($,$,#2785,#3048);
#13=ITEM_DEFINED_TRANSFORMATION($,$,#2808,#3049);
#14=ITEM_DEFINED_TRANSFORMATION($,$,#2831,#3050);
#15=ITEM_DEFINED_TRANSFORMATION($,$,#2887,#3051);
#16=(
REPRESENTATION_RELATIONSHIP($,$,#5120,#5119)
REPRESENTATION_RELATIONSHIP_WITH_TRANSFORMATION(#11)
SHAPE_REPRESENTATION_RELATIONSHIP()
);
#17=(
REPRESENTATION_RELATIONSHIP($,$,#5121,#5119)
REPRESENTATION_RELATIONSHIP_WITH_TRANSFORMATION(#12)
SHAPE_REPRESENTATION_RELATIONSHIP()
);
#18=(
REPRESENTATION_RELATIONSHIP($,$,#5122,#5119)
REPRESENTATION_RELATIONSHIP_WITH_TRANSFORMATION(#13)
SHAPE_REPRESENTATION_RELATIONSHIP()
);
#19=(
REPRESENTATION_RELATIONSHIP($,$,#5123,#5119)
REPRESENTATION_RELATIONSHIP_WITH_TRANSFORMATION(#14)
SHAPE_REPRESENTATION_RELATIONSHIP()
);
#20=(
REPRESENTATION_RELATIONSHIP($,$,#5124,#5119)
REPRESENTATION_RELATIONSHIP_WITH_TRANSFORMATION(#15)
SHAPE_REPRESENTATION_RELATIONSHIP()
);
#21=CONTEXT_DEPENDENT_SHAPE_REPRESENTATION(#16,#5114);
#22=CONTEXT_DEPENDENT_SHAPE_REPRESENTATION(#17,#5115);
#23=CONTEXT_DEPENDENT_SHAPE_REPRESENTATION(#18,#5116);
#24=CONTEXT_DEPENDENT_SHAPE_REPRESENTATION(#19,#5117);
#25=CONTEXT_DEPENDENT_SHAPE_REPRESENTATION(#20,#5118);
#26=NEXT_ASSEMBLY_USAGE_OCCURRENCE('Component1:1','Component1:1',
'Component1:1',#5126,#5127,'Component1:1');
#27=NEXT_ASSEMBLY_USAGE_OCCURRENCE('Component2:1','Component2:1',
'Component2:1',#5126,#5128,'Component2:1');
#28=NEXT_ASSEMBLY_USAGE_OCCURRENCE('Component3:1','Component3:1',
'Component3:1',#5126,#5129,'Component3:1');
#29=NEXT_ASSEMBLY_USAGE_OCCURRENCE('Component4:1','Component4:1',
'Component4:1',#5126,#5130,'Component4:1');
#30=NEXT_ASSEMBLY_USAGE_OCCURRENCE('Component5:1','Component5:1',
'Component5:1',#5126,#5131,'Component5:1');
#31=CIRCLE('',#2787,0.035850000000032);
#32=CIRCLE('',#2788,0.035850000000032);
#33=CIRCLE('',#2810,0.035850000000032);
#34=CIRCLE('',#2811,0.035850000000032);
#35=CIRCLE('',#2889,0.05085);
#36=CIRCLE('',#2890,0.05085);
#37=CIRCLE('',#2893,0.05085);
#38=CIRCLE('',#2894,0.05085);
#39=CIRCLE('',#2897,0.05085);
#40=CIRCLE('',#2898,0.05085);
#41=CIRCLE('',#2901,0.05085);
#42=CIRCLE('',#2902,0.05085);
#43=CIRCLE('',#2907,0.25085);
#44=CIRCLE('',#2908,0.25085);
#45=CIRCLE('',#2911,0.25085);
#46=CIRCLE('',#2946,0.25085);
#47=CIRCLE('',#2951,0.25085);
#48=CIRCLE('',#2953,0.25085);
#49=CIRCLE('',#2955,0.25085);
#50=CIRCLE('',#2957,0.25085);
#51=CIRCLE('',#2959,0.25085);
#52=CIRCLE('',#2963,0.25085);
#53=CIRCLE('',#2965,0.035850000000032);
#54=CIRCLE('',#2966,0.035850000000032);
#55=CIRCLE('',#2968,0.035850000000032);
#56=CIRCLE('',#2969,0.035850000000032);
#57=CIRCLE('',#2971,0.10085);
#58=CIRCLE('',#2972,0.10085);
#59=CIRCLE('',#2975,0.10085);
#60=CIRCLE('',#2976,0.10085);
#61=CIRCLE('',#2979,0.10085);
#62=CIRCLE('',#2980,0.10085);
#63=CIRCLE('',#2983,0.10085);
#64=CIRCLE('',#2984,0.10085);
#65=CIRCLE('',#3003,0.35085);
#66=CIRCLE('',#3006,0.35085);
#67=CYLINDRICAL_SURFACE('',#2786,0.035850000000032);
#68=CYLINDRICAL_SURFACE('',#2809,0.035850000000032);
#69=CYLINDRICAL_SURFACE('',#2888,0.05085);
#70=CYLINDRICAL_SURFACE('',#2892,0.05085);
#71=CYLINDRICAL_SURFACE('',#2896,0.05085);
#72=CYLINDRICAL_SURFACE('',#2900,0.05085);
#73=CYLINDRICAL_SURFACE('',#2954,0.25085);
#74=CYLINDRICAL_SURFACE('',#2956,0.25085);
#75=CYLINDRICAL_SURFACE('',#2964,0.035850000000032);
#76=CYLINDRICAL_SURFACE('',#2967,0.035850000000032);
#77=CYLINDRICAL_SURFACE('',#2970,0.10085);
#78=CYLINDRICAL_SURFACE('',#2974,0.10085);
#79=CYLINDRICAL_SURFACE('',#2978,0.10085);
#80=CYLINDRICAL_SURFACE('',#2982,0.10085);
#81=CYLINDRICAL_SURFACE('',#3005,0.35085);
#82=CYLINDRICAL_SURFACE('',#3007,0.25085);
#83=SHAPE_REPRESENTATION_RELATIONSHIP('SRR','None',#5120,#88);
#84=SHAPE_REPRESENTATION_RELATIONSHIP('SRR','None',#5121,#89);
#85=SHAPE_REPRESENTATION_RELATIONSHIP('SRR','None',#5122,#90);
#86=SHAPE_REPRESENTATION_RELATIONSHIP('SRR','None',#5123,#91);
#87=SHAPE_REPRESENTATION_RELATIONSHIP('SRR','None',#5124,#92);
#88=ADVANCED_BREP_SHAPE_REPRESENTATION('',(#105,#106),#5092);
#89=ADVANCED_BREP_SHAPE_REPRESENTATION('',(#107),#5093);
#90=ADVANCED_BREP_SHAPE_REPRESENTATION('',(#108),#5094);
#91=ADVANCED_BREP_SHAPE_REPRESENTATION('',(#109),#5095);
#92=ADVANCED_BREP_SHAPE_REPRESENTATION('',(#110,#111,#112,#113,#114,#115,
#116),#5096);
#93=STYLED_ITEM('',(#5154),#105);
#94=STYLED_ITEM('',(#5154),#106);
#95=STYLED_ITEM('',(#5154),#107);
#96=STYLED_ITEM('',(#5154),#108);
#97=STYLED_ITEM('',(#5155),#109);
#98=STYLED_ITEM('',(#5155),#110);
#99=STYLED_ITEM('',(#5155),#111);
#100=STYLED_ITEM('',(#5155),#112);
#101=STYLED_ITEM('',(#5155),#113);
#102=STYLED_ITEM('',(#5155),#114);
#103=STYLED_ITEM('',(#5155),#115);
#104=STYLED_ITEM('',(#5155),#116);
#105=MANIFOLD_SOLID_BREP('Body1',#2699);
#106=MANIFOLD_SOLID_BREP('Body2',#2700);
#107=MANIFOLD_SOLID_BREP('Body1',#2701);
#108=MANIFOLD_SOLID_BREP('Body1',#2702);
#109=MANIFOLD_SOLID_BREP('Body1',#2703);
#110=MANIFOLD_SOLID_BREP('Body1',#2704);
#111=MANIFOLD_SOLID_BREP('Body20',#2705);
#112=MANIFOLD_SOLID_BREP('Body21',#2706);
#113=MANIFOLD_SOLID_BREP('Body25',#2707);
#114=MANIFOLD_SOLID_BREP('Body27',#2708);
#115=MANIFOLD_SOLID_BREP('Body28',#2709);
#116=MANIFOLD_SOLID_BREP('Body29',#2710);
#117=FACE_BOUND('',#460,.T.);
#118=FACE_BOUND('',#463,.T.);
#119=FACE_BOUND('',#465,.T.);
#120=FACE_BOUND('',#470,.T.);
#121=FACE_BOUND('',#477,.T.);
#122=FACE_BOUND('',#479,.T.);
#123=FACE_BOUND('',#483,.T.);
#124=FACE_BOUND('',#491,.T.);
#125=FACE_BOUND('',#493,.T.);
#126=FACE_BOUND('',#499,.T.);
#127=FACE_BOUND('',#501,.T.);
#128=FACE_BOUND('',#505,.T.);
#129=FACE_BOUND('',#513,.T.);
#130=FACE_BOUND('',#515,.T.);
#131=FACE_BOUND('',#528,.T.);
#132=FACE_BOUND('',#530,.T.);
#133=FACE_BOUND('',#532,.T.);
#134=FACE_BOUND('',#534,.T.);
#135=FACE_BOUND('',#536,.T.);
#136=FACE_BOUND('',#540,.T.);
#137=FACE_BOUND('',#542,.T.);
#138=FACE_BOUND('',#545,.T.);
#139=FACE_BOUND('',#550,.T.);
#140=FACE_BOUND('',#564,.T.);
#141=FACE_BOUND('',#576,.T.);
#142=FACE_BOUND('',#578,.T.);
#143=FACE_BOUND('',#580,.T.);
#144=FACE_BOUND('',#583,.T.);
#145=FACE_BOUND('',#601,.T.);
#146=FACE_BOUND('',#602,.T.);
#147=FACE_BOUND('',#603,.T.);
#148=FACE_BOUND('',#604,.T.);
#149=FACE_BOUND('',#606,.T.);
#150=FACE_BOUND('',#607,.T.);
#151=FACE_BOUND('',#608,.T.);
#152=FACE_BOUND('',#613,.T.);
#153=FACE_BOUND('',#614,.T.);
#154=FACE_BOUND('',#619,.T.);
#155=FACE_BOUND('',#621,.T.);
#156=FACE_BOUND('',#622,.T.);
#157=FACE_BOUND('',#623,.T.);
#158=FACE_BOUND('',#624,.T.);
#159=FACE_BOUND('',#625,.T.);
#160=FACE_BOUND('',#632,.T.);
#161=FACE_BOUND('',#636,.T.);
#162=FACE_BOUND('',#640,.T.);
#163=FACE_BOUND('',#643,.T.);
#164=PLANE('',#2773);
#165=PLANE('',#2776);
#166=PLANE('',#2777);
#167=PLANE('',#2780);
#168=PLANE('',#2783);
#169=PLANE('',#2784);
#170=PLANE('',#2789);
#171=PLANE('',#2790);
#172=PLANE('',#2791);
#173=PLANE('',#2792);
#174=PLANE('',#2793);
#175=PLANE('',#2797);
#176=PLANE('',#2798);
#177=PLANE('',#2799);
#178=PLANE('',#2800);
#179=PLANE('',#2802);
#180=PLANE('',#2803);
#181=PLANE('',#2806);
#182=PLANE('',#2807);
#183=PLANE('',#2812);
#184=PLANE('',#2813);
#185=PLANE('',#2814);
#186=PLANE('',#2815);
#187=PLANE('',#2816);
#188=PLANE('',#2820);
#189=PLANE('',#2821);
#190=PLANE('',#2822);
#191=PLANE('',#2823);
#192=PLANE('',#2825);
#193=PLANE('',#2826);
#194=PLANE('',#2829);
#195=PLANE('',#2830);
#196=PLANE('',#2832);
#197=PLANE('',#2835);
#198=PLANE('',#2838);
#199=PLANE('',#2841);
#200=PLANE('',#2844);
#201=PLANE('',#2847);
#202=PLANE('',#2850);
#203=PLANE('',#2853);
#204=PLANE('',#2856);
#205=PLANE('',#2859);
#206=PLANE('',#2866);
#207=PLANE('',#2869);
#208=PLANE('',#2870);
#209=PLANE('',#2876);
#210=PLANE('',#2877);
#211=PLANE('',#2879);
#212=PLANE('',#2880);
#213=PLANE('',#2883);
#214=PLANE('',#2885);
#215=PLANE('',#2891);
#216=PLANE('',#2895);
#217=PLANE('',#2899);
#218=PLANE('',#2903);
#219=PLANE('',#2906);
#220=PLANE('',#2910);
#221=PLANE('',#2923);
#222=PLANE('',#2925);
#223=PLANE('',#2927);
#224=PLANE('',#2929);
#225=PLANE('',#2931);
#226=PLANE('',#2933);
#227=PLANE('',#2935);
#228=PLANE('',#2937);
#229=PLANE('',#2939);
#230=PLANE('',#2941);
#231=PLANE('',#2945);
#232=PLANE('',#2947);
#233=PLANE('',#2950);
#234=PLANE('',#2952);
#235=PLANE('',#2958);
#236=PLANE('',#2962);
#237=PLANE('',#2973);
#238=PLANE('',#2977);
#239=PLANE('',#2981);
#240=PLANE('',#2985);
#241=PLANE('',#2986);
#242=PLANE('',#2987);
#243=PLANE('',#2988);
#244=PLANE('',#2989);
#245=PLANE('',#2990);
#246=PLANE('',#2991);
#247=PLANE('',#2992);
#248=PLANE('',#2993);
#249=PLANE('',#2994);
#250=PLANE('',#2995);
#251=PLANE('',#2996);
#252=PLANE('',#2997);
#253=PLANE('',#2998);
#254=PLANE('',#2999);
#255=PLANE('',#3000);
#256=PLANE('',#3001);
#257=PLANE('',#3002);
#258=PLANE('',#3004);
#259=PLANE('',#3008);
#260=PLANE('',#3009);
#261=PLANE('',#3010);
#262=PLANE('',#3011);
#263=PLANE('',#3012);
#264=PLANE('',#3013);
#265=PLANE('',#3014);
#266=PLANE('',#3015);
#267=PLANE('',#3018);
#268=PLANE('',#3019);
#269=PLANE('',#3022);
#270=PLANE('',#3023);
#271=PLANE('',#3026);
#272=PLANE('',#3027);
#273=PLANE('',#3030);
#274=PLANE('',#3031);
#275=PLANE('',#3034);
#276=PLANE('',#3035);
#277=PLANE('',#3036);
#278=PLANE('',#3037);
#279=PLANE('',#3038);
#280=PLANE('',#3039);
#281=PLANE('',#3040);
#282=PLANE('',#3041);
#283=PLANE('',#3042);
#284=PLANE('',#3043);
#285=PLANE('',#3044);
#286=PLANE('',#3045);
#287=PLANE('',#3046);
#288=FACE_OUTER_BOUND('',#457,.T.);
#289=FACE_OUTER_BOUND('',#458,.T.);
#290=FACE_OUTER_BOUND('',#459,.T.);
#291=FACE_OUTER_BOUND('',#461,.T.);
#292=FACE_OUTER_BOUND('',#462,.T.);
#293=FACE_OUTER_BOUND('',#464,.T.);
#294=FACE_OUTER_BOUND('',#466,.T.);
#295=FACE_OUTER_BOUND('',#467,.T.);
#296=FACE_OUTER_BOUND('',#468,.T.);
#297=FACE_OUTER_BOUND('',#469,.T.);
#298=FACE_OUTER_BOUND('',#471,.T.);
#299=FACE_OUTER_BOUND('',#472,.T.);
#300=FACE_OUTER_BOUND('',#473,.T.);
#301=FACE_OUTER_BOUND('',#474,.T.);
#302=FACE_OUTER_BOUND('',#475,.T.);
#303=FACE_OUTER_BOUND('',#476,.T.);
#304=FACE_OUTER_BOUND('',#478,.T.);
#305=FACE_OUTER_BOUND('',#480,.T.);
#306=FACE_OUTER_BOUND('',#481,.T.);
#307=FACE_OUTER_BOUND('',#482,.T.);
#308=FACE_OUTER_BOUND('',#484,.T.);
#309=FACE_OUTER_BOUND('',#485,.T.);
#310=FACE_OUTER_BOUND('',#486,.T.);
#311=FACE_OUTER_BOUND('',#487,.T.);
#312=FACE_OUTER_BOUND('',#488,.T.);
#313=FACE_OUTER_BOUND('',#489,.T.);
#314=FACE_OUTER_BOUND('',#490,.T.);
#315=FACE_OUTER_BOUND('',#492,.T.);
#316=FACE_OUTER_BOUND('',#494,.T.);
#317=FACE_OUTER_BOUND('',#495,.T.);
#318=FACE_OUTER_BOUND('',#496,.T.);
#319=FACE_OUTER_BOUND('',#497,.T.);
#320=FACE_OUTER_BOUND('',#498,.T.);
#321=FACE_OUTER_BOUND('',#500,.T.);
#322=FACE_OUTER_BOUND('',#502,.T.);
#323=FACE_OUTER_BOUND('',#503,.T.);
#324=FACE_OUTER_BOUND('',#504,.T.);
#325=FACE_OUTER_BOUND('',#506,.T.);
#326=FACE_OUTER_BOUND('',#507,.T.);
#327=FACE_OUTER_BOUND('',#508,.T.);
#328=FACE_OUTER_BOUND('',#509,.T.);
#329=FACE_OUTER_BOUND('',#510,.T.);
#330=FACE_OUTER_BOUND('',#511,.T.);
#331=FACE_OUTER_BOUND('',#512,.T.);
#332=FACE_OUTER_BOUND('',#514,.T.);
#333=FACE_OUTER_BOUND('',#516,.T.);
#334=FACE_OUTER_BOUND('',#517,.T.);
#335=FACE_OUTER_BOUND('',#518,.T.);
#336=FACE_OUTER_BOUND('',#519,.T.);
#337=FACE_OUTER_BOUND('',#520,.T.);
#338=FACE_OUTER_BOUND('',#521,.T.);
#339=FACE_OUTER_BOUND('',#522,.T.);
#340=FACE_OUTER_BOUND('',#523,.T.);
#341=FACE_OUTER_BOUND('',#524,.T.);
#342=FACE_OUTER_BOUND('',#525,.T.);
#343=FACE_OUTER_BOUND('',#526,.T.);
#344=FACE_OUTER_BOUND('',#527,.T.);
#345=FACE_OUTER_BOUND('',#529,.T.);
#346=FACE_OUTER_BOUND('',#531,.T.);
#347=FACE_OUTER_BOUND('',#533,.T.);
#348=FACE_OUTER_BOUND('',#535,.T.);
#349=FACE_OUTER_BOUND('',#537,.T.);
#350=FACE_OUTER_BOUND('',#538,.T.);
#351=FACE_OUTER_BOUND('',#539,.T.);
#352=FACE_OUTER_BOUND('',#541,.T.);
#353=FACE_OUTER_BOUND('',#543,.T.);
#354=FACE_OUTER_BOUND('',#544,.T.);
#355=FACE_OUTER_BOUND('',#546,.T.);
#356=FACE_OUTER_BOUND('',#547,.T.);
#357=FACE_OUTER_BOUND('',#548,.T.);
#358=FACE_OUTER_BOUND('',#549,.T.);
#359=FACE_OUTER_BOUND('',#551,.T.);
#360=FACE_OUTER_BOUND('',#552,.T.);
#361=FACE_OUTER_BOUND('',#553,.T.);
#362=FACE_OUTER_BOUND('',#554,.T.);
#363=FACE_OUTER_BOUND('',#555,.T.);
#364=FACE_OUTER_BOUND('',#556,.T.);
#365=FACE_OUTER_BOUND('',#557,.T.);
#366=FACE_OUTER_BOUND('',#558,.T.);
#367=FACE_OUTER_BOUND('',#559,.T.);
#368=FACE_OUTER_BOUND('',#560,.T.);
#369=FACE_OUTER_BOUND('',#561,.T.);
#370=FACE_OUTER_BOUND('',#562,.T.);
#371=FACE_OUTER_BOUND('',#563,.T.);
#372=FACE_OUTER_BOUND('',#565,.T.);
#373=FACE_OUTER_BOUND('',#566,.T.);
#374=FACE_OUTER_BOUND('',#567,.T.);
#375=FACE_OUTER_BOUND('',#568,.T.);
#376=FACE_OUTER_BOUND('',#569,.T.);
#377=FACE_OUTER_BOUND('',#570,.T.);
#378=FACE_OUTER_BOUND('',#571,.T.);
#379=FACE_OUTER_BOUND('',#572,.T.);
#380=FACE_OUTER_BOUND('',#573,.T.);
#381=FACE_OUTER_BOUND('',#574,.T.);
#382=FACE_OUTER_BOUND('',#575,.T.);
#383=FACE_OUTER_BOUND('',#577,.T.);
#384=FACE_OUTER_BOUND('',#579,.T.);
#385=FACE_OUTER_BOUND('',#581,.T.);
#386=FACE_OUTER_BOUND('',#582,.T.);
#387=FACE_OUTER_BOUND('',#584,.T.);
#388=FACE_OUTER_BOUND('',#585,.T.);
#389=FACE_OUTER_BOUND('',#586,.T.);
#390=FACE_OUTER_BOUND('',#587,.T.);
#391=FACE_OUTER_BOUND('',#588,.T.);
#392=FACE_OUTER_BOUND('',#589,.T.);
#393=FACE_OUTER_BOUND('',#590,.T.);
#394=FACE_OUTER_BOUND('',#591,.T.);
#395=FACE_OUTER_BOUND('',#592,.T.);
#396=FACE_OUTER_BOUND('',#593,.T.);
#397=FACE_OUTER_BOUND('',#594,.T.);
#398=FACE_OUTER_BOUND('',#595,.T.);
#399=FACE_OUTER_BOUND('',#596,.T.);
#400=FACE_OUTER_BOUND('',#597,.T.);
#401=FACE_OUTER_BOUND('',#598,.T.);
#402=FACE_OUTER_BOUND('',#599,.T.);
#403=FACE_OUTER_BOUND('',#600,.T.);
#404=FACE_OUTER_BOUND('',#605,.T.);
#405=FACE_OUTER_BOUND('',#609,.T.);
#406=FACE_OUTER_BOUND('',#610,.T.);
#407=FACE_OUTER_BOUND('',#611,.T.);
#408=FACE_OUTER_BOUND('',#612,.T.);
#409=FACE_OUTER_BOUND('',#615,.T.);
#410=FACE_OUTER_BOUND('',#616,.T.);
#411=FACE_OUTER_BOUND('',#617,.T.);
#412=FACE_OUTER_BOUND('',#618,.T.);
#413=FACE_OUTER_BOUND('',#620,.T.);
#414=FACE_OUTER_BOUND('',#626,.T.);
#415=FACE_OUTER_BOUND('',#627,.T.);
#416=FACE_OUTER_BOUND('',#628,.T.);
#417=FACE_OUTER_BOUND('',#629,.T.);
#418=FACE_OUTER_BOUND('',#630,.T.);
#419=FACE_OUTER_BOUND('',#631,.T.);
#420=FACE_OUTER_BOUND('',#633,.T.);
#421=FACE_OUTER_BOUND('',#634,.T.);
#422=FACE_OUTER_BOUND('',#635,.T.);
#423=FACE_OUTER_BOUND('',#637,.T.);
#424=FACE_OUTER_BOUND('',#638,.T.);
#425=FACE_OUTER_BOUND('',#639,.T.);
#426=FACE_OUTER_BOUND('',#641,.T.);
#427=FACE_OUTER_BOUND('',#642,.T.);
#428=FACE_OUTER_BOUND('',#644,.T.);
#429=FACE_OUTER_BOUND('',#645,.T.);
#430=FACE_OUTER_BOUND('',#646,.T.);
#431=FACE_OUTER_BOUND('',#647,.T.);
#432=FACE_OUTER_BOUND('',#648,.T.);
#433=FACE_OUTER_BOUND('',#649,.T.);
#434=FACE_OUTER_BOUND('',#650,.T.);
#435=FACE_OUTER_BOUND('',#651,.T.);
#436=FACE_OUTER_BOUND('',#652,.T.);
#437=FACE_OUTER_BOUND('',#653,.T.);
#438=FACE_OUTER_BOUND('',#654,.T.);
#439=FACE_OUTER_BOUND('',#655,.T.);
#440=FACE_OUTER_BOUND('',#656,.T.);
#441=FACE_OUTER_BOUND('',#657,.T.);
#442=FACE_OUTER_BOUND('',#658,.T.);
#443=FACE_OUTER_BOUND('',#659,.T.);
#444=FACE_OUTER_BOUND('',#660,.T.);
#445=FACE_OUTER_BOUND('',#661,.T.);
#446=FACE_OUTER_BOUND('',#662,.T.);
#447=FACE_OUTER_BOUND('',#663,.T.);
#448=FACE_OUTER_BOUND('',#664,.T.);
#449=FACE_OUTER_BOUND('',#665,.T.);
#450=FACE_OUTER_BOUND('',#666,.T.);
#451=FACE_OUTER_BOUND('',#667,.T.);
#452=FACE_OUTER_BOUND('',#668,.T.);
#453=FACE_OUTER_BOUND('',#669,.T.);
#454=FACE_OUTER_BOUND('',#670,.T.);
#455=FACE_OUTER_BOUND('',#671,.T.);
#456=FACE_OUTER_BOUND('',#672,.T.);
#457=EDGE_LOOP('',(#1795,#1796,#1797,#1798));
#458=EDGE_LOOP('',(#1799,#1800,#1801,#1802));
#459=EDGE_LOOP('',(#1803));
#460=EDGE_LOOP('',(#1804));
#461=EDGE_LOOP('',(#1805,#1806,#1807,#1808));
#462=EDGE_LOOP('',(#1809));
#463=EDGE_LOOP('',(#1810));
#464=EDGE_LOOP('',(#1811));
#465=EDGE_LOOP('',(#1812));
#466=EDGE_LOOP('',(#1813,#1814,#1815,#1816));
#467=EDGE_LOOP('',(#1817));
#468=EDGE_LOOP('',(#1818,#1819,#1820,#1821));
#469=EDGE_LOOP('',(#1822));
#470=EDGE_LOOP('',(#1823));
#471=EDGE_LOOP('',(#1824));
#472=EDGE_LOOP('',(#1825,#1826,#1827,#1828));
#473=EDGE_LOOP('',(#1829,#1830,#1831,#1832));
#474=EDGE_LOOP('',(#1833,#1834,#1835,#1836));
#475=EDGE_LOOP('',(#1837,#1838,#1839,#1840));
#476=EDGE_LOOP('',(#1841,#1842,#1843,#1844));
#477=EDGE_LOOP('',(#1845));
#478=EDGE_LOOP('',(#1846,#1847,#1848,#1849));
#479=EDGE_LOOP('',(#1850,#1851,#1852,#1853,#1854,#1855,#1856,#1857));
#480=EDGE_LOOP('',(#1858,#1859,#1860,#1861));
#481=EDGE_LOOP('',(#1862,#1863,#1864,#1865));
#482=EDGE_LOOP('',(#1866,#1867,#1868,#1869));
#483=EDGE_LOOP('',(#1870));
#484=EDGE_LOOP('',(#1871,#1872,#1873,#1874));
#485=EDGE_LOOP('',(#1875,#1876,#1877,#1878));
#486=EDGE_LOOP('',(#1879,#1880,#1881,#1882));
#487=EDGE_LOOP('',(#1883,#1884,#1885,#1886));
#488=EDGE_LOOP('',(#1887,#1888,#1889,#1890));
#489=EDGE_LOOP('',(#1891,#1892,#1893,#1894));
#490=EDGE_LOOP('',(#1895));
#491=EDGE_LOOP('',(#1896,#1897,#1898,#1899));
#492=EDGE_LOOP('',(#1900));
#493=EDGE_LOOP('',(#1901,#1902,#1903,#1904,#1905,#1906,#1907,#1908));
#494=EDGE_LOOP('',(#1909,#1910,#1911,#1912));
#495=EDGE_LOOP('',(#1913,#1914,#1915,#1916));
#496=EDGE_LOOP('',(#1917,#1918,#1919,#1920));
#497=EDGE_LOOP('',(#1921,#1922,#1923,#1924));
#498=EDGE_LOOP('',(#1925,#1926,#1927,#1928));
#499=EDGE_LOOP('',(#1929));
#500=EDGE_LOOP('',(#1930,#1931,#1932,#1933));
#501=EDGE_LOOP('',(#1934,#1935,#1936,#1937,#1938,#1939,#1940,#1941));
#502=EDGE_LOOP('',(#1942,#1943,#1944,#1945));
#503=EDGE_LOOP('',(#1946,#1947,#1948,#1949));
#504=EDGE_LOOP('',(#1950,#1951,#1952,#1953));
#505=EDGE_LOOP('',(#1954));
#506=EDGE_LOOP('',(#1955,#1956,#1957,#1958));
#507=EDGE_LOOP('',(#1959,#1960,#1961,#1962));
#508=EDGE_LOOP('',(#1963,#1964,#1965,#1966));
#509=EDGE_LOOP('',(#1967,#1968,#1969,#1970));
#510=EDGE_LOOP('',(#1971,#1972,#1973,#1974));
#511=EDGE_LOOP('',(#1975,#1976,#1977,#1978));
#512=EDGE_LOOP('',(#1979));
#513=EDGE_LOOP('',(#1980,#1981,#1982,#1983));
#514=EDGE_LOOP('',(#1984));
#515=EDGE_LOOP('',(#1985,#1986,#1987,#1988,#1989,#1990,#1991,#1992));
#516=EDGE_LOOP('',(#1993,#1994,#1995,#1996));
#517=EDGE_LOOP('',(#1997,#1998,#1999,#2000));
#518=EDGE_LOOP('',(#2001,#2002,#2003,#2004));
#519=EDGE_LOOP('',(#2005,#2006,#2007,#2008));
#520=EDGE_LOOP('',(#2009,#2010,#2011,#2012));
#521=EDGE_LOOP('',(#2013,#2014,#2015,#2016));
#522=EDGE_LOOP('',(#2017,#2018,#2019,#2020));
#523=EDGE_LOOP('',(#2021,#2022,#2023,#2024));
#524=EDGE_LOOP('',(#2025,#2026,#2027,#2028));
#525=EDGE_LOOP('',(#2029,#2030,#2031,#2032));
#526=EDGE_LOOP('',(#2033,#2034,#2035,#2036));
#527=EDGE_LOOP('',(#2037,#2038,#2039,#2040));
#528=EDGE_LOOP('',(#2041,#2042,#2043,#2044,#2045,#2046,#2047,#2048,#2049,
#2050));
#529=EDGE_LOOP('',(#2051));
#530=EDGE_LOOP('',(#2052));
#531=EDGE_LOOP('',(#2053,#2054,#2055,#2056));
#532=EDGE_LOOP('',(#2057,#2058,#2059,#2060,#2061,#2062,#2063,#2064,#2065,
#2066));
#533=EDGE_LOOP('',(#2067));
#534=EDGE_LOOP('',(#2068));
#535=EDGE_LOOP('',(#2069));
#536=EDGE_LOOP('',(#2070));
#537=EDGE_LOOP('',(#2071,#2072,#2073,#2074));
#538=EDGE_LOOP('',(#2075,#2076,#2077,#2078));
#539=EDGE_LOOP('',(#2079));
#540=EDGE_LOOP('',(#2080));
#541=EDGE_LOOP('',(#2081));
#542=EDGE_LOOP('',(#2082));
#543=EDGE_LOOP('',(#2083));
#544=EDGE_LOOP('',(#2084));
#545=EDGE_LOOP('',(#2085));
#546=EDGE_LOOP('',(#2086,#2087,#2088,#2089));
#547=EDGE_LOOP('',(#2090));
#548=EDGE_LOOP('',(#2091,#2092,#2093,#2094));
#549=EDGE_LOOP('',(#2095));
#550=EDGE_LOOP('',(#2096));
#551=EDGE_LOOP('',(#2097,#2098,#2099,#2100));
#552=EDGE_LOOP('',(#2101,#2102,#2103,#2104));
#553=EDGE_LOOP('',(#2105));
#554=EDGE_LOOP('',(#2106,#2107,#2108,#2109));
#555=EDGE_LOOP('',(#2110));
#556=EDGE_LOOP('',(#2111,#2112,#2113,#2114));
#557=EDGE_LOOP('',(#2115));
#558=EDGE_LOOP('',(#2116,#2117,#2118,#2119));
#559=EDGE_LOOP('',(#2120));
#560=EDGE_LOOP('',(#2121,#2122,#2123,#2124));
#561=EDGE_LOOP('',(#2125,#2126,#2127,#2128));
#562=EDGE_LOOP('',(#2129,#2130));
#563=EDGE_LOOP('',(#2131,#2132,#2133,#2134));
#564=EDGE_LOOP('',(#2135,#2136,#2137,#2138,#2139,#2140,#2141,#2142,#2143,
#2144));
#565=EDGE_LOOP('',(#2145,#2146,#2147,#2148));
#566=EDGE_LOOP('',(#2149,#2150,#2151,#2152));
#567=EDGE_LOOP('',(#2153,#2154,#2155,#2156));
#568=EDGE_LOOP('',(#2157,#2158,#2159,#2160));
#569=EDGE_LOOP('',(#2161,#2162,#2163,#2164));
#570=EDGE_LOOP('',(#2165,#2166,#2167,#2168));
#571=EDGE_LOOP('',(#2169,#2170,#2171,#2172));
#572=EDGE_LOOP('',(#2173,#2174,#2175,#2176));
#573=EDGE_LOOP('',(#2177,#2178,#2179,#2180));
#574=EDGE_LOOP('',(#2181,#2182,#2183,#2184));
#575=EDGE_LOOP('',(#2185,#2186,#2187,#2188));
#576=EDGE_LOOP('',(#2189,#2190,#2191,#2192,#2193,#2194,#2195,#2196,#2197,
#2198));
#577=EDGE_LOOP('',(#2199));
#578=EDGE_LOOP('',(#2200));
#579=EDGE_LOOP('',(#2201));
#580=EDGE_LOOP('',(#2202));
#581=EDGE_LOOP('',(#2203,#2204,#2205,#2206));
#582=EDGE_LOOP('',(#2207));
#583=EDGE_LOOP('',(#2208));
#584=EDGE_LOOP('',(#2209,#2210));
#585=EDGE_LOOP('',(#2211,#2212,#2213,#2214));
#586=EDGE_LOOP('',(#2215,#2216,#2217,#2218));
#587=EDGE_LOOP('',(#2219,#2220));
#588=EDGE_LOOP('',(#2221,#2222,#2223,#2224));
#589=EDGE_LOOP('',(#2225,#2226));
#590=EDGE_LOOP('',(#2227,#2228,#2229,#2230));
#591=EDGE_LOOP('',(#2231,#2232,#2233,#2234));
#592=EDGE_LOOP('',(#2235,#2236,#2237,#2238));
#593=EDGE_LOOP('',(#2239));
#594=EDGE_LOOP('',(#2240,#2241,#2242,#2243));
#595=EDGE_LOOP('',(#2244));
#596=EDGE_LOOP('',(#2245,#2246,#2247,#2248));
#597=EDGE_LOOP('',(#2249));
#598=EDGE_LOOP('',(#2250,#2251,#2252,#2253));
#599=EDGE_LOOP('',(#2254));
#600=EDGE_LOOP('',(#2255,#2256,#2257,#2258,#2259,#2260,#2261,#2262));
#601=EDGE_LOOP('',(#2263));
#602=EDGE_LOOP('',(#2264));
#603=EDGE_LOOP('',(#2265));
#604=EDGE_LOOP('',(#2266));
#605=EDGE_LOOP('',(#2267,#2268,#2269,#2270,#2271,#2272,#2273,#2274));
#606=EDGE_LOOP('',(#2275));
#607=EDGE_LOOP('',(#2276));
#608=EDGE_LOOP('',(#2277,#2278,#2279,#2280));
#609=EDGE_LOOP('',(#2281,#2282,#2283,#2284));
#610=EDGE_LOOP('',(#2285,#2286,#2287,#2288));
#611=EDGE_LOOP('',(#2289,#2290,#2291,#2292,#2293,#2294,#2295,#2296));
#612=EDGE_LOOP('',(#2297,#2298,#2299,#2300));
#613=EDGE_LOOP('',(#2301));
#614=EDGE_LOOP('',(#2302));
#615=EDGE_LOOP('',(#2303,#2304,#2305,#2306));
#616=EDGE_LOOP('',(#2307,#2308,#2309,#2310));
#617=EDGE_LOOP('',(#2311,#2312,#2313,#2314,#2315,#2316,#2317,#2318));
#618=EDGE_LOOP('',(#2319,#2320,#2321,#2322));
#619=EDGE_LOOP('',(#2323));
#620=EDGE_LOOP('',(#2324,#2325,#2326,#2327,#2328,#2329,#2330,#2331,#2332,
#2333,#2334,#2335,#2336,#2337,#2338,#2339,#2340,#2341,#2342,#2343));
#621=EDGE_LOOP('',(#2344));
#622=EDGE_LOOP('',(#2345));
#623=EDGE_LOOP('',(#2346));
#624=EDGE_LOOP('',(#2347));
#625=EDGE_LOOP('',(#2348,#2349,#2350,#2351));
#626=EDGE_LOOP('',(#2352,#2353,#2354,#2355));
#627=EDGE_LOOP('',(#2356,#2357,#2358,#2359));
#628=EDGE_LOOP('',(#2360,#2361,#2362,#2363));
#629=EDGE_LOOP('',(#2364,#2365,#2366,#2367));
#630=EDGE_LOOP('',(#2368,#2369,#2370,#2371));
#631=EDGE_LOOP('',(#2372,#2373,#2374,#2375));
#632=EDGE_LOOP('',(#2376));
#633=EDGE_LOOP('',(#2377,#2378,#2379,#2380));
#634=EDGE_LOOP('',(#2381,#2382,#2383,#2384));
#635=EDGE_LOOP('',(#2385,#2386,#2387,#2388,#2389,#2390,#2391,#2392));
#636=EDGE_LOOP('',(#2393,#2394,#2395,#2396));
#637=EDGE_LOOP('',(#2397,#2398,#2399,#2400));
#638=EDGE_LOOP('',(#2401,#2402,#2403,#2404));
#639=EDGE_LOOP('',(#2405,#2406,#2407,#2408));
#640=EDGE_LOOP('',(#2409));
#641=EDGE_LOOP('',(#2410,#2411,#2412,#2413));
#642=EDGE_LOOP('',(#2414,#2415,#2416,#2417));
#643=EDGE_LOOP('',(#2418));
#644=EDGE_LOOP('',(#2419,#2420,#2421,#2422));
#645=EDGE_LOOP('',(#2423,#2424,#2425,#2426));
#646=EDGE_LOOP('',(#2427,#2428,#2429,#2430));
#647=EDGE_LOOP('',(#2431,#2432,#2433,#2434));
#648=EDGE_LOOP('',(#2435));
#649=EDGE_LOOP('',(#2436));
#650=EDGE_LOOP('',(#2437,#2438,#2439,#2440));
#651=EDGE_LOOP('',(#2441));
#652=EDGE_LOOP('',(#2442));
#653=EDGE_LOOP('',(#2443,#2444,#2445,#2446));
#654=EDGE_LOOP('',(#2447));
#655=EDGE_LOOP('',(#2448));
#656=EDGE_LOOP('',(#2449,#2450,#2451,#2452));
#657=EDGE_LOOP('',(#2453));
#658=EDGE_LOOP('',(#2454));
#659=EDGE_LOOP('',(#2455,#2456,#2457,#2458));
#660=EDGE_LOOP('',(#2459));
#661=EDGE_LOOP('',(#2460));
#662=EDGE_LOOP('',(#2461,#2462,#2463));
#663=EDGE_LOOP('',(#2464,#2465,#2466));
#664=EDGE_LOOP('',(#2467,#2468,#2469));
#665=EDGE_LOOP('',(#2470,#2471,#2472));
#666=EDGE_LOOP('',(#2473,#2474,#2475));
#667=EDGE_LOOP('',(#2476,#2477,#2478));
#668=EDGE_LOOP('',(#2479,#2480,#2481));
#669=EDGE_LOOP('',(#2482,#2483,#2484));
#670=EDGE_LOOP('',(#2485,#2486,#2487));
#671=EDGE_LOOP('',(#2488,#2489,#2490,#2491,#2492,#2493,#2494,#2495,#2496,
#2497));
#672=EDGE_LOOP('',(#2498,#2499,#2500));
#673=LINE('',#3864,#892);
#674=LINE('',#3887,#893);
#675=LINE('',#3911,#894);
#676=LINE('',#3936,#895);
#677=LINE('',#3960,#896);
#678=LINE('',#3969,#897);
#679=LINE('',#3974,#898);
#680=LINE('',#3976,#899);
#681=LINE('',#3978,#900);
#682=LINE('',#3979,#901);
#683=LINE('',#3982,#902);
#684=LINE('',#3984,#903);
#685=LINE('',#3985,#904);
#686=LINE('',#3988,#905);
#687=LINE('',#3990,#906);
#688=LINE('',#3991,#907);
#689=LINE('',#3993,#908);
#690=LINE('',#3994,#909);
#691=LINE('',#4000,#910);
#692=LINE('',#4002,#911);
#693=LINE('',#4004,#912);
#694=LINE('',#4008,#913);
#695=LINE('',#4010,#914);
#696=LINE('',#4011,#915);
#697=LINE('',#4027,#916);
#698=LINE('',#4030,#917);
#699=LINE('',#4033,#918);
#700=LINE('',#4034,#919);
#701=LINE('',#4037,#920);
#702=LINE('',#4038,#921);
#703=LINE('',#4041,#922);
#704=LINE('',#4042,#923);
#705=LINE('',#4045,#924);
#706=LINE('',#4046,#925);
#707=LINE('',#4063,#926);
#708=LINE('',#4066,#927);
#709=LINE('',#4067,#928);
#710=LINE('',#4069,#929);
#711=LINE('',#4091,#930);
#712=LINE('',#4100,#931);
#713=LINE('',#4105,#932);
#714=LINE('',#4107,#933);
#715=LINE('',#4109,#934);
#716=LINE('',#4110,#935);
#717=LINE('',#4113,#936);
#718=LINE('',#4115,#937);
#719=LINE('',#4116,#938);
#720=LINE('',#4119,#939);
#721=LINE('',#4121,#940);
#722=LINE('',#4122,#941);
#723=LINE('',#4124,#942);
#724=LINE('',#4125,#943);
#725=LINE('',#4131,#944);
#726=LINE('',#4133,#945);
#727=LINE('',#4135,#946);
#728=LINE('',#4139,#947);
#729=LINE('',#4141,#948);
#730=LINE('',#4142,#949);
#731=LINE('',#4158,#950);
#732=LINE('',#4161,#951);
#733=LINE('',#4164,#952);
#734=LINE('',#4165,#953);
#735=LINE('',#4168,#954);
#736=LINE('',#4169,#955);
#737=LINE('',#4172,#956);
#738=LINE('',#4173,#957);
#739=LINE('',#4176,#958);
#740=LINE('',#4177,#959);
#741=LINE('',#4194,#960);
#742=LINE('',#4197,#961);
#743=LINE('',#4198,#962);
#744=LINE('',#4200,#963);
#745=LINE('',#4222,#964);
#746=LINE('',#4232,#965);
#747=LINE('',#4235,#966);
#748=LINE('',#4241,#967);
#749=LINE('',#4247,#968);
#750=LINE('',#4253,#969);
#751=LINE('',#4259,#970);
#752=LINE('',#4265,#971);
#753=LINE('',#4270,#972);
#754=LINE('',#4276,#973);
#755=LINE('',#4282,#974);
#756=LINE('',#4308,#975);
#757=LINE('',#4331,#976);
#758=LINE('',#4355,#977);
#759=LINE('',#4382,#978);
#760=LINE('',#4405,#979);
#761=LINE('',#4434,#980);
#762=LINE('',#4457,#981);
#763=LINE('',#4479,#982);
#764=LINE('',#4485,#983);
#765=LINE('',#4492,#984);
#766=LINE('',#4499,#985);
#767=LINE('',#4506,#986);
#768=LINE('',#4529,#987);
#769=LINE('',#4533,#988);
#770=LINE('',#4564,#989);
#771=LINE('',#4565,#990);
#772=LINE('',#4588,#991);
#773=LINE('',#4591,#992);
#774=LINE('',#4594,#993);
#775=LINE('',#4598,#994);
#776=LINE('',#4602,#995);
#777=LINE('',#4606,#996);
#778=LINE('',#4610,#997);
#779=LINE('',#4615,#998);
#780=LINE('',#4619,#999);
#781=LINE('',#4623,#1000);
#782=LINE('',#4647,#1001);
#783=LINE('',#4675,#1002);
#784=LINE('',#4684,#1003);
#785=LINE('',#4687,#1004);
#786=LINE('',#4713,#1005);
#787=LINE('',#4716,#1006);
#788=LINE('',#4723,#1007);
#789=LINE('',#4729,#1008);
#790=LINE('',#4735,#1009);
#791=LINE('',#4742,#1010);
#792=LINE('',#4749,#1011);
#793=LINE('',#4756,#1012);
#794=LINE('',#4762,#1013);
#795=LINE('',#4764,#1014);
#796=LINE('',#4766,#1015);
#797=LINE('',#4768,#1016);
#798=LINE('',#4770,#1017);
#799=LINE('',#4772,#1018);
#800=LINE('',#4774,#1019);
#801=LINE('',#4775,#1020);
#802=LINE('',#4778,#1021);
#803=LINE('',#4780,#1022);
#804=LINE('',#4782,#1023);
#805=LINE('',#4784,#1024);
#806=LINE('',#4786,#1025);
#807=LINE('',#4788,#1026);
#808=LINE('',#4789,#1027);
#809=LINE('',#4792,#1028);
#810=LINE('',#4794,#1029);
#811=LINE('',#4796,#1030);
#812=LINE('',#4797,#1031);
#813=LINE('',#4800,#1032);
#814=LINE('',#4801,#1033);
#815=LINE('',#4804,#1034);
#816=LINE('',#4806,#1035);
#817=LINE('',#4807,#1036);
#818=LINE('',#4810,#1037);
#819=LINE('',#4812,#1038);
#820=LINE('',#4814,#1039);
#821=LINE('',#4816,#1040);
#822=LINE('',#4818,#1041);
#823=LINE('',#4820,#1042);
#824=LINE('',#4821,#1043);
#825=LINE('',#4823,#1044);
#826=LINE('',#4825,#1045);
#827=LINE('',#4828,#1046);
#828=LINE('',#4830,#1047);
#829=LINE('',#4831,#1048);
#830=LINE('',#4834,#1049);
#831=LINE('',#4836,#1050);
#832=LINE('',#4838,#1051);
#833=LINE('',#4840,#1052);
#834=LINE('',#4842,#1053);
#835=LINE('',#4843,#1054);
#836=LINE('',#4846,#1055);
#837=LINE('',#4847,#1056);
#838=LINE('',#4850,#1057);
#839=LINE('',#4852,#1058);
#840=LINE('',#4854,#1059);
#841=LINE('',#4856,#1060);
#842=LINE('',#4858,#1061);
#843=LINE('',#4859,#1062);
#844=LINE('',#4861,#1063);
#845=LINE('',#4863,#1064);
#846=LINE('',#4865,#1065);
#847=LINE('',#4867,#1066);
#848=LINE('',#4868,#1067);
#849=LINE('',#4871,#1068);
#850=LINE('',#4873,#1069);
#851=LINE('',#4875,#1070);
#852=LINE('',#4876,#1071);
#853=LINE('',#4878,#1072);
#854=LINE('',#4879,#1073);
#855=LINE('',#4881,#1074);
#856=LINE('',#4883,#1075);
#857=LINE('',#4885,#1076);
#858=LINE('',#4887,#1077);
#859=LINE('',#4889,#1078);
#860=LINE('',#4893,#1079);
#861=LINE('',#4896,#1080);
#862=LINE('',#4900,#1081);
#863=LINE('',#4901,#1082);
#864=LINE('',#4904,#1083);
#865=LINE('',#4907,#1084);
#866=LINE('',#4910,#1085);
#867=LINE('',#4933,#1086);
#868=LINE('',#4958,#1087);
#869=LINE('',#4983,#1088);
#870=LINE('',#5008,#1089);
#871=LINE('',#5033,#1090);
#872=LINE('',#5040,#1091);
#873=LINE('',#5042,#1092);
#874=LINE('',#5043,#1093);
#875=LINE('',#5046,#1094);
#876=LINE('',#5047,#1095);
#877=LINE('',#5050,#1096);
#878=LINE('',#5051,#1097);
#879=LINE('',#5054,#1098);
#880=LINE('',#5055,#1099);
#881=LINE('',#5058,#1100);
#882=LINE('',#5059,#1101);
#883=LINE('',#5062,#1102);
#884=LINE('',#5063,#1103);
#885=LINE('',#5066,#1104);
#886=LINE('',#5067,#1105);
#887=LINE('',#5070,#1106);
#888=LINE('',#5071,#1107);
#889=LINE('',#5074,#1108);
#890=LINE('',#5075,#1109);
#891=LINE('',#5077,#1110);
#892=VECTOR('',#3058,0.17420874695884);
#893=VECTOR('',#3063,0.230184623692719);
#894=VECTOR('',#3070,0.274282866594056);
#895=VECTOR('',#3079,0.17420874695884);
#896=VECTOR('',#3086,0.218306772460227);
#897=VECTOR('',#3099,0.035850000000032);
#898=VECTOR('',#3104,1.);
#899=VECTOR('',#3105,0.0250012675921122);
#900=VECTOR('',#3106,0.0150007494858333);
#901=VECTOR('',#3107,0.0250012675921122);
#902=VECTOR('',#3110,1.);
#903=VECTOR('',#3111,0.0250012675921122);
#904=VECTOR('',#3112,0.0603478374152348);
#905=VECTOR('',#3115,1.);
#906=VECTOR('',#3116,0.0603478374152348);
#907=VECTOR('',#3117,0.0250012675921122);
#908=VECTOR('',#3120,1.);
#909=VECTOR('',#3121,0.0150007494858333);
#910=VECTOR('',#3126,1.);
#911=VECTOR('',#3127,1.);
#912=VECTOR('',#3128,1.);
#913=VECTOR('',#3131,1.);
#914=VECTOR('',#3132,1.);
#915=VECTOR('',#3133,1.);
#916=VECTOR('',#3134,1.);
#917=VECTOR('',#3137,1.);
#918=VECTOR('',#3140,1.);
#919=VECTOR('',#3141,0.0334183332910837);
#920=VECTOR('',#3144,1.);
#921=VECTOR('',#3145,0.0334183332910837);
#922=VECTOR('',#3148,1.);
#923=VECTOR('',#3149,1.);
#924=VECTOR('',#3152,0.0334183332910837);
#925=VECTOR('',#3153,1.);
#926=VECTOR('',#3156,1.);
#927=VECTOR('',#3159,1.);
#928=VECTOR('',#3160,0.0334183332910837);
#929=VECTOR('',#3163,1.);
#930=VECTOR('',#3166,0.7);
#931=VECTOR('',#3179,0.035850000000032);
#932=VECTOR('',#3184,1.);
#933=VECTOR('',#3185,0.0250012675921122);
#934=VECTOR('',#3186,0.0150007494858333);
#935=VECTOR('',#3187,0.0250012675921122);
#936=VECTOR('',#3190,1.);
#937=VECTOR('',#3191,0.0250012675921122);
#938=VECTOR('',#3192,0.0603478374152348);
#939=VECTOR('',#3195,1.);
#940=VECTOR('',#3196,0.0603478374152348);
#941=VECTOR('',#3197,0.0250012675921122);
#942=VECTOR('',#3200,1.);
#943=VECTOR('',#3201,0.0150007494858333);
#944=VECTOR('',#3206,1.);
#945=VECTOR('',#3207,1.);
#946=VECTOR('',#3208,1.);
#947=VECTOR('',#3211,1.);
#948=VECTOR('',#3212,1.);
#949=VECTOR('',#3213,1.);
#950=VECTOR('',#3214,1.);
#951=VECTOR('',#3217,1.);
#952=VECTOR('',#3220,1.);
#953=VECTOR('',#3221,0.0334183332910837);
#954=VECTOR('',#3224,1.);
#955=VECTOR('',#3225,0.0334183332910837);
#956=VECTOR('',#3228,1.);
#957=VECTOR('',#3229,1.);
#958=VECTOR('',#3232,0.0334183332910837);
#959=VECTOR('',#3233,1.);
#960=VECTOR('',#3236,1.);
#961=VECTOR('',#3239,1.);
#962=VECTOR('',#3240,0.0334183332910837);
#963=VECTOR('',#3243,1.);
#964=VECTOR('',#3246,0.7);
#965=VECTOR('',#3259,0.00949173972514873);
#966=VECTOR('',#3262,0.0118539344130467);
#967=VECTOR('',#3269,0.00949173972514873);
#968=VECTOR('',#3276,0.0127848731201817);
#969=VECTOR('',#3283,0.0106994061997759);
#970=VECTOR('',#3290,0.0127175469445792);
#971=VECTOR('',#3297,0.00954725866146999);
#972=VECTOR('',#3302,0.0127848731201817);
#973=VECTOR('',#3309,0.0106994061997759);
#974=VECTOR('',#3316,0.0127175469445792);
#975=VECTOR('',#3327,0.224587015913944);
#976=VECTOR('',#3332,0.280563106585301);
#977=VECTOR('',#3339,0.335856558797388);
#978=VECTOR('',#3350,0.0566587730954449);
#979=VECTOR('',#3355,0.100756964970068);
#980=VECTOR('',#3370,0.36944220933883);
#981=VECTOR('',#3377,0.277081650331252);
#982=VECTOR('',#3382,0.221936032222235);
#983=VECTOR('',#3389,0.05085);
#984=VECTOR('',#3398,0.05085);
#985=VECTOR('',#3407,0.05085);
#986=VECTOR('',#3416,0.05085);
#987=VECTOR('',#3421,1.);
#988=VECTOR('',#3424,1.);
#989=VECTOR('',#3441,1.);
#990=VECTOR('',#3442,1.);
#991=VECTOR('',#3465,0.0118764421189242);
#992=VECTOR('',#3468,0.00951166938150473);
#993=VECTOR('',#3471,0.00951166938150473);
#994=VECTOR('',#3476,0.0128114033118964);
#995=VECTOR('',#3481,0.0107240014212872);
#996=VECTOR('',#3486,0.0127420917511165);
#997=VECTOR('',#3491,0.00956468201602565);
#998=VECTOR('',#3498,0.0128114033118964);
#999=VECTOR('',#3503,0.0107240014212872);
#1000=VECTOR('',#3508,0.0127420917511165);
#1001=VECTOR('',#3515,0.336477139289181);
#1002=VECTOR('',#3528,0.370124847869939);
#1003=VECTOR('',#3541,0.25085);
#1004=VECTOR('',#3544,0.25085);
#1005=VECTOR('',#3553,1.);
#1006=VECTOR('',#3556,1.);
#1007=VECTOR('',#3565,0.035850000000032);
#1008=VECTOR('',#3572,0.035850000000032);
#1009=VECTOR('',#3579,0.10085);
#1010=VECTOR('',#3588,0.10085);
#1011=VECTOR('',#3597,0.10085);
#1012=VECTOR('',#3606,0.10085);
#1013=VECTOR('',#3613,1.);
#1014=VECTOR('',#3614,1.);
#1015=VECTOR('',#3615,1.);
#1016=VECTOR('',#3616,1.);
#1017=VECTOR('',#3617,1.);
#1018=VECTOR('',#3618,1.);
#1019=VECTOR('',#3619,1.);
#1020=VECTOR('',#3620,1.);
#1021=VECTOR('',#3623,0.37);
#1022=VECTOR('',#3624,0.1);
#1023=VECTOR('',#3625,0.1);
#1024=VECTOR('',#3626,0.555000000000001);
#1025=VECTOR('',#3627,0.115);
#1026=VECTOR('',#3628,0.115);
#1027=VECTOR('',#3629,0.37);
#1028=VECTOR('',#3630,1.);
#1029=VECTOR('',#3631,1.);
#1030=VECTOR('',#3632,1.);
#1031=VECTOR('',#3633,1.);
#1032=VECTOR('',#3636,1.);
#1033=VECTOR('',#3637,0.1);
#1034=VECTOR('',#3640,0.160085);
#1035=VECTOR('',#3641,0.100085);
#1036=VECTOR('',#3642,1.);
#1037=VECTOR('',#3645,1.);
#1038=VECTOR('',#3646,0.065085);
#1039=VECTOR('',#3647,0.100085);
#1040=VECTOR('',#3648,1.);
#1041=VECTOR('',#3649,1.);
#1042=VECTOR('',#3650,1.);
#1043=VECTOR('',#3651,1.);
#1044=VECTOR('',#3654,0.160085);
#1045=VECTOR('',#3657,1.);
#1046=VECTOR('',#3660,0.115085);
#1047=VECTOR('',#3661,0.080085);
#1048=VECTOR('',#3662,1.);
#1049=VECTOR('',#3665,0.115085);
#1050=VECTOR('',#3666,0.450085);
#1051=VECTOR('',#3667,0.080085);
#1052=VECTOR('',#3668,0.450085);
#1053=VECTOR('',#3669,0.080085);
#1054=VECTOR('',#3670,0.055085);
#1055=VECTOR('',#3673,1.);
#1056=VECTOR('',#3674,1.);
#1057=VECTOR('',#3677,1.);
#1058=VECTOR('',#3678,1.);
#1059=VECTOR('',#3679,1.);
#1060=VECTOR('',#3680,1.);
#1061=VECTOR('',#3681,1.);
#1062=VECTOR('',#3682,1.);
#1063=VECTOR('',#3683,1.);
#1064=VECTOR('',#3684,1.);
#1065=VECTOR('',#3685,1.);
#1066=VECTOR('',#3686,1.);
#1067=VECTOR('',#3687,1.);
#1068=VECTOR('',#3688,1.);
#1069=VECTOR('',#3689,1.);
#1070=VECTOR('',#3690,1.);
#1071=VECTOR('',#3691,1.);
#1072=VECTOR('',#3694,0.310085);
#1073=VECTOR('',#3695,0.310085);
#1074=VECTOR('',#3698,0.310085);
#1075=VECTOR('',#3701,0.1);
#1076=VECTOR('',#3704,0.1);
#1077=VECTOR('',#3707,0.080085);
#1078=VECTOR('',#3710,0.080085);
#1079=VECTOR('',#3715,0.080085);
#1080=VECTOR('',#3718,0.35085);
#1081=VECTOR('',#3725,0.1);
#1082=VECTOR('',#3726,0.1);
#1083=VECTOR('',#3731,0.310085);
#1084=VECTOR('',#3736,0.1);
#1085=VECTOR('',#3741,1.);
#1086=VECTOR('',#3746,0.230609964206173);
#1087=VECTOR('',#3755,0.174530657791037);
#1088=VECTOR('',#3764,0.0567634804332623);
#1089=VECTOR('',#3773,0.281081534170332);
#1090=VECTOR('',#3782,0.225002013422104);
#1091=VECTOR('',#3791,0.0127420917511165);
#1092=VECTOR('',#3792,0.00956468201602565);
#1093=VECTOR('',#3793,0.00705989648840669);
#1094=VECTOR('',#3796,0.0107240014212872);
#1095=VECTOR('',#3797,0.00895257187309371);
#1096=VECTOR('',#3800,0.0128114033118964);
#1097=VECTOR('',#3801,0.00788044010983986);
#1098=VECTOR('',#3804,0.00951166938150473);
#1099=VECTOR('',#3805,0.00658566237256628);
#1100=VECTOR('',#3808,0.0118764421189242);
#1101=VECTOR('',#3809,0.00851891671918117);
#1102=VECTOR('',#3812,0.00951166938150473);
#1103=VECTOR('',#3813,0.00851891671918117);
#1104=VECTOR('',#3816,0.0128114033118964);
#1105=VECTOR('',#3817,0.00658566237256628);
#1106=VECTOR('',#3820,0.0107240014212872);
#1107=VECTOR('',#3821,0.00788044010983986);
#1108=VECTOR('',#3824,0.0127420917511165);
#1109=VECTOR('',#3825,0.00895257187309371);
#1110=VECTOR('',#3828,0.00705989648840669);
#1111=ELLIPSE('',#2769,0.17420874695884,0.156973526032193);
#1112=ELLIPSE('',#2770,0.17420874695884,0.156973526032193);
#1113=ELLIPSE('',#2771,0.230184623692719,0.207410662388217);
#1114=ELLIPSE('',#2772,0.230184623692719,0.207410662388217);
#1115=ELLIPSE('',#2774,0.274282866594056,0.24714289678158);
#1116=ELLIPSE('',#2775,0.274282866594056,0.24714289678158);
#1117=ELLIPSE('',#2778,0.17420874695884,0.156973526032193);
#1118=ELLIPSE('',#2779,0.17420874695884,0.156973526032193);
#1119=ELLIPSE('',#2781,0.218306772460227,0.196705571889436);
#1120=ELLIPSE('',#2782,0.218306772460227,0.196705571889436);
#1121=ELLIPSE('',#2794,0.0290157268490204,0.0129678802338059);
#1122=ELLIPSE('',#2795,0.0290157268490204,0.0129678802338059);
#1123=ELLIPSE('',#2796,0.0290157268490204,0.0129678802338059);
#1124=ELLIPSE('',#2801,0.0290157268490204,0.0129678802338059);
#1125=ELLIPSE('',#2804,0.7,0.3);
#1126=ELLIPSE('',#2805,0.7,0.3);
#1127=ELLIPSE('',#2817,0.0290157268490204,0.0129678802338059);
#1128=ELLIPSE('',#2818,0.0290157268490204,0.0129678802338059);
#1129=ELLIPSE('',#2819,0.0290157268490204,0.0129678802338059);
#1130=ELLIPSE('',#2824,0.0290157268490204,0.0129678802338059);
#1131=ELLIPSE('',#2827,0.7,0.3);
#1132=ELLIPSE('',#2828,0.7,0.3);
#1133=ELLIPSE('',#2833,0.787030362569492,0.265328434343511);
#1134=ELLIPSE('',#2834,0.94219268151952,0.317597979460381);
#1135=ELLIPSE('',#2836,0.787030362569492,0.265328434343511);
#1136=ELLIPSE('',#2837,0.942192681519521,0.317597979460381);
#1137=ELLIPSE('',#2839,0.309585539093909,0.264360844087737);
#1138=ELLIPSE('',#2840,0.370577291180131,0.316476283341531);
#1139=ELLIPSE('',#2842,0.496158371437527,0.262692134213977);
#1140=ELLIPSE('',#2843,0.593974186815659,0.314443047355568);
#1141=ELLIPSE('',#2845,2.64361905566718,0.280469787180377);
#1142=ELLIPSE('',#2846,3.16461609573674,0.335742331380724);
#1143=ELLIPSE('',#2848,0.346093903696001,0.277776079159525);
#1144=ELLIPSE('',#2849,0.414280777787064,0.332534099084735);
#1145=ELLIPSE('',#2851,0.309585539093909,0.264360844087737);
#1146=ELLIPSE('',#2852,0.370577291180131,0.316476283341531);
#1147=ELLIPSE('',#2854,0.496158371437527,0.262692134213977);
#1148=ELLIPSE('',#2855,0.59397418681566,0.314443047355568);
#1149=ELLIPSE('',#2857,2.6436190556672,0.280469787180377);
#1150=ELLIPSE('',#2858,3.16461609573675,0.335742331380724);
#1151=ELLIPSE('',#2860,0.346093903696001,0.277776079159525);
#1152=ELLIPSE('',#2861,0.414280777787064,0.332534099084735);
#1153=ELLIPSE('',#2862,0.224587015913944,0.202366930801573);
#1154=ELLIPSE('',#2863,0.224587015913944,0.202366930801573);
#1155=ELLIPSE('',#2864,0.280563106585301,0.252804257252673);
#1156=ELLIPSE('',#2865,0.280563106585301,0.252804257252673);
#1157=ELLIPSE('',#2867,0.335856558797388,0.302623943941521);
#1158=ELLIPSE('',#2868,0.335856558797388,0.302623943941521);
#1159=ELLIPSE('',#2871,0.36944220933883,0.332886333525595);
#1160=ELLIPSE('',#2872,0.0566587730954449,0.0510549222609265);
#1161=ELLIPSE('',#2873,0.0566587730954449,0.0510549222609265);
#1162=ELLIPSE('',#2874,0.100756964970068,0.0907871807774174);
#1163=ELLIPSE('',#2875,0.100756964970068,0.0907871807774174);
#1164=ELLIPSE('',#2878,0.221936032222235,0.199975720630017);
#1165=ELLIPSE('',#2881,0.277081650331253,0.249664744131599);
#1166=ELLIPSE('',#2882,0.36944220933883,0.332886333525595);
#1167=ELLIPSE('',#2884,0.277081650331253,0.249664744131599);
#1168=ELLIPSE('',#2886,0.221936032222235,0.199975720630017);
#1169=ELLIPSE('',#2904,0.277593629217254,0.250127973888269);
#1170=ELLIPSE('',#2905,0.277593629217254,0.250127973888269);
#1171=ELLIPSE('',#2909,0.281081534170332,0.25327329782753);
#1172=ELLIPSE('',#2912,0.281081534170332,0.25327329782753);
#1173=ELLIPSE('',#2913,0.346876973666746,0.278282811724652);
#1174=ELLIPSE('',#2914,2.65078863777774,0.280989460472514);
#1175=ELLIPSE('',#2915,0.497372061287137,0.263191634395258);
#1176=ELLIPSE('',#2916,0.310226952937252,0.264846182542242);
#1177=ELLIPSE('',#2917,0.789087023466454,0.265832552055488);
#1178=ELLIPSE('',#2918,0.789087023466453,0.265832552055488);
#1179=ELLIPSE('',#2919,0.310226952937252,0.264846182542242);
#1180=ELLIPSE('',#2920,0.497372061287137,0.263191634395258);
#1181=ELLIPSE('',#2921,2.65078863777775,0.280989460472514);
#1182=ELLIPSE('',#2922,0.346876973666746,0.278282811724652);
#1183=ELLIPSE('',#2924,0.944654811390602,0.318201408013161);
#1184=ELLIPSE('',#2926,0.944654811390603,0.318201408013161);
#1185=ELLIPSE('',#2928,0.371345056257711,0.317057312454527);
#1186=ELLIPSE('',#2930,0.595427152369337,0.315040949522519);
#1187=ELLIPSE('',#2932,3.17319863853934,0.336364417411611);
#1188=ELLIPSE('',#2934,0.415218130523699,0.333140721025281);
#1189=ELLIPSE('',#2936,0.371345056257711,0.317057312454527);
#1190=ELLIPSE('',#2938,0.595427152369337,0.315040949522519);
#1191=ELLIPSE('',#2940,3.17319863853935,0.336364417411611);
#1192=ELLIPSE('',#2942,0.415218130523699,0.333140721025281);
#1193=ELLIPSE('',#2943,0.336477139289181,0.303185434577303);
#1194=ELLIPSE('',#2944,0.336477139289181,0.303185434577303);
#1195=ELLIPSE('',#2948,0.370124847869939,0.33350397321603);
#1196=ELLIPSE('',#2949,0.370124847869939,0.33350397321603);
#1197=ELLIPSE('',#2960,0.274789674014613,0.247601447484592);
#1198=ELLIPSE('',#2961,0.274789674014613,0.247601447484592);
#1199=ELLIPSE('',#3016,0.230609964206173,0.20779547936117);
#1200=ELLIPSE('',#3017,0.230609964206173,0.20779547936117);
#1201=ELLIPSE('',#3020,0.174530657791037,0.157264761579828);
#1202=ELLIPSE('',#3021,0.174530657791037,0.157264761579828);
#1203=ELLIPSE('',#3024,0.0567634804332623,0.0511496356646341);
#1204=ELLIPSE('',#3025,0.0567634804332623,0.0511496356646341);
#1205=ELLIPSE('',#3028,0.281081534170332,0.25327329782753);
#1206=ELLIPSE('',#3029,0.281081534170332,0.25327329782753);
#1207=ELLIPSE('',#3032,0.225002013422104,0.202742389598707);
#1208=ELLIPSE('',#3033,0.225002013422104,0.202742389598707);
#1209=VERTEX_POINT('',#3861);
#1210=VERTEX_POINT('',#3863);
#1211=VERTEX_POINT('',#3884);
#1212=VERTEX_POINT('',#3886);
#1213=VERTEX_POINT('',#3908);
#1214=VERTEX_POINT('',#3910);
#1215=VERTEX_POINT('',#3933);
#1216=VERTEX_POINT('',#3935);
#1217=VERTEX_POINT('',#3957);
#1218=VERTEX_POINT('',#3959);
#1219=VERTEX_POINT('',#3966);
#1220=VERTEX_POINT('',#3968);
#1221=VERTEX_POINT('',#3972);
#1222=VERTEX_POINT('',#3973);
#1223=VERTEX_POINT('',#3975);
#1224=VERTEX_POINT('',#3977);
#1225=VERTEX_POINT('',#3981);
#1226=VERTEX_POINT('',#3983);
#1227=VERTEX_POINT('',#3987);
#1228=VERTEX_POINT('',#3989);
#1229=VERTEX_POINT('',#3996);
#1230=VERTEX_POINT('',#3997);
#1231=VERTEX_POINT('',#3999);
#1232=VERTEX_POINT('',#4001);
#1233=VERTEX_POINT('',#4003);
#1234=VERTEX_POINT('',#4005);
#1235=VERTEX_POINT('',#4007);
#1236=VERTEX_POINT('',#4009);
#1237=VERTEX_POINT('',#4026);
#1238=VERTEX_POINT('',#4028);
#1239=VERTEX_POINT('',#4032);
#1240=VERTEX_POINT('',#4036);
#1241=VERTEX_POINT('',#4040);
#1242=VERTEX_POINT('',#4044);
#1243=VERTEX_POINT('',#4061);
#1244=VERTEX_POINT('',#4065);
#1245=VERTEX_POINT('',#4088);
#1246=VERTEX_POINT('',#4090);
#1247=VERTEX_POINT('',#4097);
#1248=VERTEX_POINT('',#4099);
#1249=VERTEX_POINT('',#4103);
#1250=VERTEX_POINT('',#4104);
#1251=VERTEX_POINT('',#4106);
#1252=VERTEX_POINT('',#4108);
#1253=VERTEX_POINT('',#4112);
#1254=VERTEX_POINT('',#4114);
#1255=VERTEX_POINT('',#4118);
#1256=VERTEX_POINT('',#4120);
#1257=VERTEX_POINT('',#4127);
#1258=VERTEX_POINT('',#4128);
#1259=VERTEX_POINT('',#4130);
#1260=VERTEX_POINT('',#4132);
#1261=VERTEX_POINT('',#4134);
#1262=VERTEX_POINT('',#4136);
#1263=VERTEX_POINT('',#4138);
#1264=VERTEX_POINT('',#4140);
#1265=VERTEX_POINT('',#4157);
#1266=VERTEX_POINT('',#4159);
#1267=VERTEX_POINT('',#4163);
#1268=VERTEX_POINT('',#4167);
#1269=VERTEX_POINT('',#4171);
#1270=VERTEX_POINT('',#4175);
#1271=VERTEX_POINT('',#4192);
#1272=VERTEX_POINT('',#4196);
#1273=VERTEX_POINT('',#4219);
#1274=VERTEX_POINT('',#4221);
#1275=VERTEX_POINT('',#4228);
#1276=VERTEX_POINT('',#4229);
#1277=VERTEX_POINT('',#4231);
#1278=VERTEX_POINT('',#4233);
#1279=VERTEX_POINT('',#4237);
#1280=VERTEX_POINT('',#4239);
#1281=VERTEX_POINT('',#4243);
#1282=VERTEX_POINT('',#4245);
#1283=VERTEX_POINT('',#4249);
#1284=VERTEX_POINT('',#4251);
#1285=VERTEX_POINT('',#4255);
#1286=VERTEX_POINT('',#4257);
#1287=VERTEX_POINT('',#4261);
#1288=VERTEX_POINT('',#4263);
#1289=VERTEX_POINT('',#4267);
#1290=VERTEX_POINT('',#4269);
#1291=VERTEX_POINT('',#4273);
#1292=VERTEX_POINT('',#4275);
#1293=VERTEX_POINT('',#4279);
#1294=VERTEX_POINT('',#4281);
#1295=VERTEX_POINT('',#4305);
#1296=VERTEX_POINT('',#4307);
#1297=VERTEX_POINT('',#4328);
#1298=VERTEX_POINT('',#4330);
#1299=VERTEX_POINT('',#4352);
#1300=VERTEX_POINT('',#4354);
#1301=VERTEX_POINT('',#4359);
#1302=VERTEX_POINT('',#4379);
#1303=VERTEX_POINT('',#4381);
#1304=VERTEX_POINT('',#4402);
#1305=VERTEX_POINT('',#4404);
#1306=VERTEX_POINT('',#4409);
#1307=VERTEX_POINT('',#4413);
#1308=VERTEX_POINT('',#4433);
#1309=VERTEX_POINT('',#4455);
#1310=VERTEX_POINT('',#4459);
#1311=VERTEX_POINT('',#4482);
#1312=VERTEX_POINT('',#4484);
#1313=VERTEX_POINT('',#4489);
#1314=VERTEX_POINT('',#4491);
#1315=VERTEX_POINT('',#4496);
#1316=VERTEX_POINT('',#4498);
#1317=VERTEX_POINT('',#4503);
#1318=VERTEX_POINT('',#4505);
#1319=VERTEX_POINT('',#4527);
#1320=VERTEX_POINT('',#4528);
#1321=VERTEX_POINT('',#4530);
#1322=VERTEX_POINT('',#4532);
#1323=VERTEX_POINT('',#4536);
#1324=VERTEX_POINT('',#4538);
#1325=VERTEX_POINT('',#4542);
#1326=VERTEX_POINT('',#4543);
#1327=VERTEX_POINT('',#4566);
#1328=VERTEX_POINT('',#4567);
#1329=VERTEX_POINT('',#4569);
#1330=VERTEX_POINT('',#4571);
#1331=VERTEX_POINT('',#4573);
#1332=VERTEX_POINT('',#4575);
#1333=VERTEX_POINT('',#4577);
#1334=VERTEX_POINT('',#4579);
#1335=VERTEX_POINT('',#4581);
#1336=VERTEX_POINT('',#4583);
#1337=VERTEX_POINT('',#4587);
#1338=VERTEX_POINT('',#4589);
#1339=VERTEX_POINT('',#4593);
#1340=VERTEX_POINT('',#4597);
#1341=VERTEX_POINT('',#4601);
#1342=VERTEX_POINT('',#4605);
#1343=VERTEX_POINT('',#4609);
#1344=VERTEX_POINT('',#4613);
#1345=VERTEX_POINT('',#4617);
#1346=VERTEX_POINT('',#4621);
#1347=VERTEX_POINT('',#4644);
#1348=VERTEX_POINT('',#4646);
#1349=VERTEX_POINT('',#4650);
#1350=VERTEX_POINT('',#4653);
#1351=VERTEX_POINT('',#4673);
#1352=VERTEX_POINT('',#4677);
#1353=VERTEX_POINT('',#4682);
#1354=VERTEX_POINT('',#4686);
#1355=VERTEX_POINT('',#4690);
#1356=VERTEX_POINT('',#4691);
#1357=VERTEX_POINT('',#4712);
#1358=VERTEX_POINT('',#4714);
#1359=VERTEX_POINT('',#4720);
#1360=VERTEX_POINT('',#4722);
#1361=VERTEX_POINT('',#4726);
#1362=VERTEX_POINT('',#4728);
#1363=VERTEX_POINT('',#4732);
#1364=VERTEX_POINT('',#4734);
#1365=VERTEX_POINT('',#4739);
#1366=VERTEX_POINT('',#4741);
#1367=VERTEX_POINT('',#4746);
#1368=VERTEX_POINT('',#4748);
#1369=VERTEX_POINT('',#4753);
#1370=VERTEX_POINT('',#4755);
#1371=VERTEX_POINT('',#4760);
#1372=VERTEX_POINT('',#4761);
#1373=VERTEX_POINT('',#4763);
#1374=VERTEX_POINT('',#4765);
#1375=VERTEX_POINT('',#4767);
#1376=VERTEX_POINT('',#4769);
#1377=VERTEX_POINT('',#4771);
#1378=VERTEX_POINT('',#4773);
#1379=VERTEX_POINT('',#4777);
#1380=VERTEX_POINT('',#4779);
#1381=VERTEX_POINT('',#4781);
#1382=VERTEX_POINT('',#4783);
#1383=VERTEX_POINT('',#4785);
#1384=VERTEX_POINT('',#4787);
#1385=VERTEX_POINT('',#4790);
#1386=VERTEX_POINT('',#4791);
#1387=VERTEX_POINT('',#4793);
#1388=VERTEX_POINT('',#4795);
#1389=VERTEX_POINT('',#4799);
#1390=VERTEX_POINT('',#4803);
#1391=VERTEX_POINT('',#4805);
#1392=VERTEX_POINT('',#4809);
#1393=VERTEX_POINT('',#4811);
#1394=VERTEX_POINT('',#4813);
#1395=VERTEX_POINT('',#4815);
#1396=VERTEX_POINT('',#4817);
#1397=VERTEX_POINT('',#4819);
#1398=VERTEX_POINT('',#4827);
#1399=VERTEX_POINT('',#4829);
#1400=VERTEX_POINT('',#4833);
#1401=VERTEX_POINT('',#4835);
#1402=VERTEX_POINT('',#4837);
#1403=VERTEX_POINT('',#4839);
#1404=VERTEX_POINT('',#4841);
#1405=VERTEX_POINT('',#4845);
#1406=VERTEX_POINT('',#4849);
#1407=VERTEX_POINT('',#4851);
#1408=VERTEX_POINT('',#4853);
#1409=VERTEX_POINT('',#4855);
#1410=VERTEX_POINT('',#4857);
#1411=VERTEX_POINT('',#4860);
#1412=VERTEX_POINT('',#4862);
#1413=VERTEX_POINT('',#4864);
#1414=VERTEX_POINT('',#4866);
#1415=VERTEX_POINT('',#4869);
#1416=VERTEX_POINT('',#4870);
#1417=VERTEX_POINT('',#4872);
#1418=VERTEX_POINT('',#4874);
#1419=VERTEX_POINT('',#4890);
#1420=VERTEX_POINT('',#4895);
#1421=VERTEX_POINT('',#4930);
#1422=VERTEX_POINT('',#4932);
#1423=VERTEX_POINT('',#4955);
#1424=VERTEX_POINT('',#4957);
#1425=VERTEX_POINT('',#4980);
#1426=VERTEX_POINT('',#4982);
#1427=VERTEX_POINT('',#5005);
#1428=VERTEX_POINT('',#5007);
#1429=VERTEX_POINT('',#5030);
#1430=VERTEX_POINT('',#5032);
#1431=VERTEX_POINT('',#5038);
#1432=VERTEX_POINT('',#5039);
#1433=VERTEX_POINT('',#5041);
#1434=VERTEX_POINT('',#5045);
#1435=VERTEX_POINT('',#5049);
#1436=VERTEX_POINT('',#5053);
#1437=VERTEX_POINT('',#5057);
#1438=VERTEX_POINT('',#5061);
#1439=VERTEX_POINT('',#5065);
#1440=VERTEX_POINT('',#5069);
#1441=VERTEX_POINT('',#5073);
#1442=EDGE_CURVE('',#1209,#1209,#1111,.T.);
#1443=EDGE_CURVE('',#1209,#1210,#673,.T.);
#1444=EDGE_CURVE('',#1210,#1210,#1112,.T.);
#1445=EDGE_CURVE('',#1211,#1211,#1113,.T.);
#1446=EDGE_CURVE('',#1211,#1212,#674,.T.);
#1447=EDGE_CURVE('',#1212,#1212,#1114,.T.);
#1448=EDGE_CURVE('',#1213,#1213,#1115,.T.);
#1449=EDGE_CURVE('',#1213,#1214,#675,.T.);
#1450=EDGE_CURVE('',#1214,#1214,#1116,.T.);
#1451=EDGE_CURVE('',#1215,#1215,#1117,.T.);
#1452=EDGE_CURVE('',#1215,#1216,#676,.T.);
#1453=EDGE_CURVE('',#1216,#1216,#1118,.T.);
#1454=EDGE_CURVE('',#1217,#1217,#1119,.T.);
#1455=EDGE_CURVE('',#1217,#1218,#677,.T.);
#1456=EDGE_CURVE('',#1218,#1218,#1120,.T.);
#1457=EDGE_CURVE('',#1219,#1219,#31,.T.);
#1458=EDGE_CURVE('',#1219,#1220,#678,.T.);
#1459=EDGE_CURVE('',#1220,#1220,#32,.T.);
#1460=EDGE_CURVE('',#1221,#1222,#679,.T.);
#1461=EDGE_CURVE('',#1223,#1221,#680,.T.);
#1462=EDGE_CURVE('',#1224,#1223,#681,.T.);
#1463=EDGE_CURVE('',#1222,#1224,#682,.T.);
#1464=EDGE_CURVE('',#1225,#1221,#683,.T.);
#1465=EDGE_CURVE('',#1225,#1226,#684,.T.);
#1466=EDGE_CURVE('',#1226,#1223,#685,.T.);
#1467=EDGE_CURVE('',#1222,#1227,#686,.T.);
#1468=EDGE_CURVE('',#1224,#1228,#687,.T.);
#1469=EDGE_CURVE('',#1228,#1227,#688,.T.);
#1470=EDGE_CURVE('',#1227,#1225,#689,.T.);
#1471=EDGE_CURVE('',#1228,#1226,#690,.T.);
#1472=EDGE_CURVE('',#1229,#1230,#1121,.T.);
#1473=EDGE_CURVE('',#1230,#1231,#691,.T.);
#1474=EDGE_CURVE('',#1231,#1232,#692,.T.);
#1475=EDGE_CURVE('',#1232,#1233,#693,.T.);
#1476=EDGE_CURVE('',#1233,#1234,#1122,.T.);
#1477=EDGE_CURVE('',#1234,#1235,#694,.T.);
#1478=EDGE_CURVE('',#1235,#1236,#695,.T.);
#1479=EDGE_CURVE('',#1236,#1229,#696,.T.);
#1480=EDGE_CURVE('',#1233,#1237,#697,.T.);
#1481=EDGE_CURVE('',#1238,#1237,#1123,.T.);
#1482=EDGE_CURVE('',#1238,#1234,#698,.T.);
#1483=EDGE_CURVE('',#1239,#1238,#699,.T.);
#1484=EDGE_CURVE('',#1235,#1239,#700,.T.);
#1485=EDGE_CURVE('',#1240,#1239,#701,.T.);
#1486=EDGE_CURVE('',#1240,#1236,#702,.T.);
#1487=EDGE_CURVE('',#1241,#1240,#703,.T.);
#1488=EDGE_CURVE('',#1229,#1241,#704,.T.);
#1489=EDGE_CURVE('',#1242,#1232,#705,.T.);
#1490=EDGE_CURVE('',#1237,#1242,#706,.T.);
#1491=EDGE_CURVE('',#1243,#1241,#1124,.T.);
#1492=EDGE_CURVE('',#1243,#1230,#707,.T.);
#1493=EDGE_CURVE('',#1244,#1243,#708,.T.);
#1494=EDGE_CURVE('',#1231,#1244,#709,.T.);
#1495=EDGE_CURVE('',#1242,#1244,#710,.T.);
#1496=EDGE_CURVE('',#1245,#1245,#1125,.T.);
#1497=EDGE_CURVE('',#1245,#1246,#711,.T.);
#1498=EDGE_CURVE('',#1246,#1246,#1126,.T.);
#1499=EDGE_CURVE('',#1247,#1247,#33,.T.);
#1500=EDGE_CURVE('',#1247,#1248,#712,.T.);
#1501=EDGE_CURVE('',#1248,#1248,#34,.T.);
#1502=EDGE_CURVE('',#1249,#1250,#713,.T.);
#1503=EDGE_CURVE('',#1251,#1249,#714,.T.);
#1504=EDGE_CURVE('',#1252,#1251,#715,.T.);
#1505=EDGE_CURVE('',#1250,#1252,#716,.T.);
#1506=EDGE_CURVE('',#1253,#1249,#717,.T.);
#1507=EDGE_CURVE('',#1253,#1254,#718,.T.);
#1508=EDGE_CURVE('',#1254,#1251,#719,.T.);
#1509=EDGE_CURVE('',#1250,#1255,#720,.T.);
#1510=EDGE_CURVE('',#1252,#1256,#721,.T.);
#1511=EDGE_CURVE('',#1256,#1255,#722,.T.);
#1512=EDGE_CURVE('',#1255,#1253,#723,.T.);
#1513=EDGE_CURVE('',#1256,#1254,#724,.T.);
#1514=EDGE_CURVE('',#1257,#1258,#1127,.T.);
#1515=EDGE_CURVE('',#1258,#1259,#725,.T.);
#1516=EDGE_CURVE('',#1259,#1260,#726,.T.);
#1517=EDGE_CURVE('',#1260,#1261,#727,.T.);
#1518=EDGE_CURVE('',#1261,#1262,#1128,.T.);
#1519=EDGE_CURVE('',#1262,#1263,#728,.T.);
#1520=EDGE_CURVE('',#1263,#1264,#729,.T.);
#1521=EDGE_CURVE('',#1264,#1257,#730,.T.);
#1522=EDGE_CURVE('',#1261,#1265,#731,.T.);
#1523=EDGE_CURVE('',#1266,#1265,#1129,.T.);
#1524=EDGE_CURVE('',#1266,#1262,#732,.T.);
#1525=EDGE_CURVE('',#1267,#1266,#733,.T.);
#1526=EDGE_CURVE('',#1263,#1267,#734,.T.);
#1527=EDGE_CURVE('',#1268,#1267,#735,.T.);
#1528=EDGE_CURVE('',#1268,#1264,#736,.T.);
#1529=EDGE_CURVE('',#1269,#1268,#737,.T.);
#1530=EDGE_CURVE('',#1257,#1269,#738,.T.);
#1531=EDGE_CURVE('',#1270,#1260,#739,.T.);
#1532=EDGE_CURVE('',#1265,#1270,#740,.T.);
#1533=EDGE_CURVE('',#1271,#1269,#1130,.T.);
#1534=EDGE_CURVE('',#1271,#1258,#741,.T.);
#1535=EDGE_CURVE('',#1272,#1271,#742,.T.);
#1536=EDGE_CURVE('',#1259,#1272,#743,.T.);
#1537=EDGE_CURVE('',#1270,#1272,#744,.T.);
#1538=EDGE_CURVE('',#1273,#1273,#1131,.T.);
#1539=EDGE_CURVE('',#1273,#1274,#745,.T.);
#1540=EDGE_CURVE('',#1274,#1274,#1132,.T.);
#1541=EDGE_CURVE('',#1275,#1276,#1133,.T.);
#1542=EDGE_CURVE('',#1277,#1275,#746,.T.);
#1543=EDGE_CURVE('',#1278,#1277,#1134,.T.);
#1544=EDGE_CURVE('',#1278,#1276,#747,.T.);
#1545=EDGE_CURVE('',#1276,#1279,#1135,.T.);
#1546=EDGE_CURVE('',#1280,#1278,#1136,.T.);
#1547=EDGE_CURVE('',#1280,#1279,#748,.T.);
#1548=EDGE_CURVE('',#1279,#1281,#1137,.T.);
#1549=EDGE_CURVE('',#1282,#1280,#1138,.T.);
#1550=EDGE_CURVE('',#1282,#1281,#749,.T.);
#1551=EDGE_CURVE('',#1281,#1283,#1139,.T.);
#1552=EDGE_CURVE('',#1284,#1282,#1140,.T.);
#1553=EDGE_CURVE('',#1284,#1283,#750,.T.);
#1554=EDGE_CURVE('',#1283,#1285,#1141,.T.);
#1555=EDGE_CURVE('',#1286,#1284,#1142,.T.);
#1556=EDGE_CURVE('',#1286,#1285,#751,.T.);
#1557=EDGE_CURVE('',#1285,#1287,#1143,.T.);
#1558=EDGE_CURVE('',#1288,#1286,#1144,.T.);
#1559=EDGE_CURVE('',#1288,#1287,#752,.T.);
#1560=EDGE_CURVE('',#1289,#1275,#1145,.T.);
#1561=EDGE_CURVE('',#1290,#1289,#753,.T.);
#1562=EDGE_CURVE('',#1277,#1290,#1146,.T.);
#1563=EDGE_CURVE('',#1291,#1289,#1147,.T.);
#1564=EDGE_CURVE('',#1292,#1291,#754,.T.);
#1565=EDGE_CURVE('',#1290,#1292,#1148,.T.);
#1566=EDGE_CURVE('',#1293,#1291,#1149,.T.);
#1567=EDGE_CURVE('',#1294,#1293,#755,.T.);
#1568=EDGE_CURVE('',#1292,#1294,#1150,.T.);
#1569=EDGE_CURVE('',#1287,#1293,#1151,.T.);
#1570=EDGE_CURVE('',#1294,#1288,#1152,.T.);
#1571=EDGE_CURVE('',#1295,#1295,#1153,.T.);
#1572=EDGE_CURVE('',#1295,#1296,#756,.T.);
#1573=EDGE_CURVE('',#1296,#1296,#1154,.T.);
#1574=EDGE_CURVE('',#1297,#1297,#1155,.T.);
#1575=EDGE_CURVE('',#1297,#1298,#757,.T.);
#1576=EDGE_CURVE('',#1298,#1298,#1156,.T.);
#1577=EDGE_CURVE('',#1299,#1299,#1157,.T.);
#1578=EDGE_CURVE('',#1299,#1300,#758,.T.);
#1579=EDGE_CURVE('',#1300,#1300,#1158,.T.);
#1580=EDGE_CURVE('',#1301,#1301,#1159,.T.);
#1581=EDGE_CURVE('',#1302,#1302,#1160,.T.);
#1582=EDGE_CURVE('',#1302,#1303,#759,.T.);
#1583=EDGE_CURVE('',#1303,#1303,#1161,.T.);
#1584=EDGE_CURVE('',#1304,#1304,#1162,.T.);
#1585=EDGE_CURVE('',#1304,#1305,#760,.T.);
#1586=EDGE_CURVE('',#1305,#1305,#1163,.T.);
#1587=EDGE_CURVE('',#1306,#1306,#1164,.T.);
#1588=EDGE_CURVE('',#1307,#1307,#1165,.T.);
#1589=EDGE_CURVE('',#1301,#1308,#761,.T.);
#1590=EDGE_CURVE('',#1308,#1308,#1166,.T.);
#1591=EDGE_CURVE('',#1309,#1309,#1167,.T.);
#1592=EDGE_CURVE('',#1309,#1307,#762,.T.);
#1593=EDGE_CURVE('',#1310,#1310,#1168,.T.);
#1594=EDGE_CURVE('',#1310,#1306,#763,.T.);
#1595=EDGE_CURVE('',#1311,#1311,#35,.T.);
#1596=EDGE_CURVE('',#1311,#1312,#764,.T.);
#1597=EDGE_CURVE('',#1312,#1312,#36,.T.);
#1598=EDGE_CURVE('',#1313,#1313,#37,.T.);
#1599=EDGE_CURVE('',#1313,#1314,#765,.T.);
#1600=EDGE_CURVE('',#1314,#1314,#38,.T.);
#1601=EDGE_CURVE('',#1315,#1315,#39,.T.);
#1602=EDGE_CURVE('',#1315,#1316,#766,.T.);
#1603=EDGE_CURVE('',#1316,#1316,#40,.T.);
#1604=EDGE_CURVE('',#1317,#1317,#41,.T.);
#1605=EDGE_CURVE('',#1317,#1318,#767,.T.);
#1606=EDGE_CURVE('',#1318,#1318,#42,.T.);
#1607=EDGE_CURVE('',#1319,#1320,#768,.T.);
#1608=EDGE_CURVE('',#1319,#1321,#1169,.T.);
#1609=EDGE_CURVE('',#1322,#1321,#769,.T.);
#1610=EDGE_CURVE('',#1320,#1322,#1170,.T.);
#1611=EDGE_CURVE('',#1320,#1323,#43,.T.);
#1612=EDGE_CURVE('',#1324,#1322,#44,.T.);
#1613=EDGE_CURVE('',#1323,#1324,#1171,.T.);
#1614=EDGE_CURVE('',#1325,#1326,#45,.T.);
#1615=EDGE_CURVE('',#1326,#1325,#1172,.T.);
#1616=EDGE_CURVE('',#1323,#1325,#770,.T.);
#1617=EDGE_CURVE('',#1326,#1324,#771,.T.);
#1618=EDGE_CURVE('',#1327,#1328,#1173,.T.);
#1619=EDGE_CURVE('',#1329,#1327,#1174,.T.);
#1620=EDGE_CURVE('',#1330,#1329,#1175,.T.);
#1621=EDGE_CURVE('',#1331,#1330,#1176,.T.);
#1622=EDGE_CURVE('',#1332,#1331,#1177,.T.);
#1623=EDGE_CURVE('',#1333,#1332,#1178,.T.);
#1624=EDGE_CURVE('',#1334,#1333,#1179,.T.);
#1625=EDGE_CURVE('',#1335,#1334,#1180,.T.);
#1626=EDGE_CURVE('',#1336,#1335,#1181,.T.);
#1627=EDGE_CURVE('',#1328,#1336,#1182,.T.);
#1628=EDGE_CURVE('',#1337,#1332,#772,.T.);
#1629=EDGE_CURVE('',#1337,#1338,#1183,.T.);
#1630=EDGE_CURVE('',#1338,#1333,#773,.T.);
#1631=EDGE_CURVE('',#1339,#1331,#774,.T.);
#1632=EDGE_CURVE('',#1339,#1337,#1184,.T.);
#1633=EDGE_CURVE('',#1340,#1330,#775,.T.);
#1634=EDGE_CURVE('',#1340,#1339,#1185,.T.);
#1635=EDGE_CURVE('',#1341,#1329,#776,.T.);
#1636=EDGE_CURVE('',#1341,#1340,#1186,.T.);
#1637=EDGE_CURVE('',#1342,#1327,#777,.T.);
#1638=EDGE_CURVE('',#1342,#1341,#1187,.T.);
#1639=EDGE_CURVE('',#1343,#1328,#778,.T.);
#1640=EDGE_CURVE('',#1343,#1342,#1188,.T.);
#1641=EDGE_CURVE('',#1338,#1344,#1189,.T.);
#1642=EDGE_CURVE('',#1344,#1334,#779,.T.);
#1643=EDGE_CURVE('',#1344,#1345,#1190,.T.);
#1644=EDGE_CURVE('',#1345,#1335,#780,.T.);
#1645=EDGE_CURVE('',#1345,#1346,#1191,.T.);
#1646=EDGE_CURVE('',#1346,#1336,#781,.T.);
#1647=EDGE_CURVE('',#1346,#1343,#1192,.T.);
#1648=EDGE_CURVE('',#1347,#1347,#1193,.T.);
#1649=EDGE_CURVE('',#1347,#1348,#782,.T.);
#1650=EDGE_CURVE('',#1348,#1348,#1194,.T.);
#1651=EDGE_CURVE('',#1349,#1349,#46,.T.);
#1652=EDGE_CURVE('',#1350,#1350,#1195,.T.);
#1653=EDGE_CURVE('',#1351,#1351,#1196,.T.);
#1654=EDGE_CURVE('',#1351,#1350,#783,.T.);
#1655=EDGE_CURVE('',#1352,#1352,#47,.T.);
#1656=EDGE_CURVE('',#1321,#1319,#48,.T.);
#1657=EDGE_CURVE('',#1353,#1353,#49,.T.);
#1658=EDGE_CURVE('',#1353,#1352,#784,.T.);
#1659=EDGE_CURVE('',#1349,#1354,#785,.T.);
#1660=EDGE_CURVE('',#1354,#1354,#50,.T.);
#1661=EDGE_CURVE('',#1355,#1356,#51,.T.);
#1662=EDGE_CURVE('',#1356,#1355,#1197,.T.);
#1663=EDGE_CURVE('',#1357,#1355,#786,.T.);
#1664=EDGE_CURVE('',#1358,#1357,#1198,.T.);
#1665=EDGE_CURVE('',#1356,#1358,#787,.T.);
#1666=EDGE_CURVE('',#1358,#1357,#52,.T.);
#1667=EDGE_CURVE('',#1359,#1359,#53,.T.);
#1668=EDGE_CURVE('',#1359,#1360,#788,.T.);
#1669=EDGE_CURVE('',#1360,#1360,#54,.T.);
#1670=EDGE_CURVE('',#1361,#1361,#55,.T.);
#1671=EDGE_CURVE('',#1361,#1362,#789,.T.);
#1672=EDGE_CURVE('',#1362,#1362,#56,.T.);
#1673=EDGE_CURVE('',#1363,#1363,#57,.T.);
#1674=EDGE_CURVE('',#1363,#1364,#790,.T.);
#1675=EDGE_CURVE('',#1364,#1364,#58,.T.);
#1676=EDGE_CURVE('',#1365,#1365,#59,.T.);
#1677=EDGE_CURVE('',#1365,#1366,#791,.T.);
#1678=EDGE_CURVE('',#1366,#1366,#60,.T.);
#1679=EDGE_CURVE('',#1367,#1367,#61,.T.);
#1680=EDGE_CURVE('',#1367,#1368,#792,.T.);
#1681=EDGE_CURVE('',#1368,#1368,#62,.T.);
#1682=EDGE_CURVE('',#1369,#1369,#63,.T.);
#1683=EDGE_CURVE('',#1369,#1370,#793,.T.);
#1684=EDGE_CURVE('',#1370,#1370,#64,.T.);
#1685=EDGE_CURVE('',#1371,#1372,#794,.T.);
#1686=EDGE_CURVE('',#1373,#1371,#795,.T.);
#1687=EDGE_CURVE('',#1374,#1373,#796,.T.);
#1688=EDGE_CURVE('',#1375,#1374,#797,.T.);
#1689=EDGE_CURVE('',#1376,#1375,#798,.T.);
#1690=EDGE_CURVE('',#1377,#1376,#799,.T.);
#1691=EDGE_CURVE('',#1378,#1377,#800,.T.);
#1692=EDGE_CURVE('',#1372,#1378,#801,.T.);
#1693=EDGE_CURVE('',#1375,#1379,#802,.T.);
#1694=EDGE_CURVE('',#1380,#1379,#803,.T.);
#1695=EDGE_CURVE('',#1381,#1380,#804,.T.);
#1696=EDGE_CURVE('',#1382,#1381,#805,.T.);
#1697=EDGE_CURVE('',#1383,#1382,#806,.T.);
#1698=EDGE_CURVE('',#1384,#1383,#807,.T.);
#1699=EDGE_CURVE('',#1376,#1384,#808,.T.);
#1700=EDGE_CURVE('',#1385,#1386,#809,.T.);
#1701=EDGE_CURVE('',#1386,#1387,#810,.T.);
#1702=EDGE_CURVE('',#1387,#1388,#811,.T.);
#1703=EDGE_CURVE('',#1388,#1385,#812,.T.);
#1704=EDGE_CURVE('',#1374,#1389,#813,.T.);
#1705=EDGE_CURVE('',#1379,#1389,#814,.T.);
#1706=EDGE_CURVE('',#1371,#1390,#815,.T.);
#1707=EDGE_CURVE('',#1390,#1391,#816,.T.);
#1708=EDGE_CURVE('',#1373,#1391,#817,.T.);
#1709=EDGE_CURVE('',#1391,#1392,#818,.T.);
#1710=EDGE_CURVE('',#1393,#1390,#819,.T.);
#1711=EDGE_CURVE('',#1394,#1393,#820,.T.);
#1712=EDGE_CURVE('',#1395,#1394,#821,.T.);
#1713=EDGE_CURVE('',#1396,#1395,#822,.T.);
#1714=EDGE_CURVE('',#1397,#1396,#823,.T.);
#1715=EDGE_CURVE('',#1392,#1397,#824,.T.);
#1716=EDGE_CURVE('',#1372,#1393,#825,.T.);
#1717=EDGE_CURVE('',#1394,#1378,#826,.T.);
#1718=EDGE_CURVE('',#1397,#1398,#827,.T.);
#1719=EDGE_CURVE('',#1398,#1399,#828,.T.);
#1720=EDGE_CURVE('',#1399,#1392,#829,.T.);
#1721=EDGE_CURVE('',#1396,#1400,#830,.T.);
#1722=EDGE_CURVE('',#1400,#1401,#831,.T.);
#1723=EDGE_CURVE('',#1401,#1402,#832,.T.);
#1724=EDGE_CURVE('',#1403,#1402,#833,.T.);
#1725=EDGE_CURVE('',#1403,#1404,#834,.T.);
#1726=EDGE_CURVE('',#1404,#1398,#835,.T.);
#1727=EDGE_CURVE('',#1395,#1405,#836,.T.);
#1728=EDGE_CURVE('',#1405,#1400,#837,.T.);
#1729=EDGE_CURVE('',#1406,#1377,#838,.T.);
#1730=EDGE_CURVE('',#1407,#1406,#839,.T.);
#1731=EDGE_CURVE('',#1408,#1407,#840,.T.);
#1732=EDGE_CURVE('',#1409,#1408,#841,.T.);
#1733=EDGE_CURVE('',#1410,#1409,#842,.T.);
#1734=EDGE_CURVE('',#1389,#1410,#843,.T.);
#1735=EDGE_CURVE('',#1411,#1399,#844,.T.);
#1736=EDGE_CURVE('',#1412,#1411,#845,.T.);
#1737=EDGE_CURVE('',#1413,#1412,#846,.T.);
#1738=EDGE_CURVE('',#1414,#1413,#847,.T.);
#1739=EDGE_CURVE('',#1405,#1414,#848,.T.);
#1740=EDGE_CURVE('',#1415,#1416,#849,.T.);
#1741=EDGE_CURVE('',#1417,#1415,#850,.T.);
#1742=EDGE_CURVE('',#1418,#1417,#851,.T.);
#1743=EDGE_CURVE('',#1416,#1418,#852,.T.);
#1744=EDGE_CURVE('',#1417,#1385,#853,.T.);
#1745=EDGE_CURVE('',#1388,#1418,#854,.T.);
#1746=EDGE_CURVE('',#1386,#1415,#855,.T.);
#1747=EDGE_CURVE('',#1406,#1384,#856,.T.);
#1748=EDGE_CURVE('',#1380,#1410,#857,.T.);
#1749=EDGE_CURVE('',#1414,#1401,#858,.T.);
#1750=EDGE_CURVE('',#1402,#1413,#859,.T.);
#1751=EDGE_CURVE('',#1419,#1419,#65,.T.);
#1752=EDGE_CURVE('',#1412,#1403,#860,.T.);
#1753=EDGE_CURVE('',#1419,#1420,#861,.T.);
#1754=EDGE_CURVE('',#1420,#1420,#66,.T.);
#1755=EDGE_CURVE('',#1383,#1407,#862,.T.);
#1756=EDGE_CURVE('',#1408,#1382,#863,.T.);
#1757=EDGE_CURVE('',#1416,#1387,#864,.T.);
#1758=EDGE_CURVE('',#1409,#1381,#865,.T.);
#1759=EDGE_CURVE('',#1404,#1411,#866,.T.);
#1760=EDGE_CURVE('',#1421,#1421,#1199,.T.);
#1761=EDGE_CURVE('',#1421,#1422,#867,.T.);
#1762=EDGE_CURVE('',#1422,#1422,#1200,.T.);
#1763=EDGE_CURVE('',#1423,#1423,#1201,.T.);
#1764=EDGE_CURVE('',#1423,#1424,#868,.T.);
#1765=EDGE_CURVE('',#1424,#1424,#1202,.T.);
#1766=EDGE_CURVE('',#1425,#1425,#1203,.T.);
#1767=EDGE_CURVE('',#1425,#1426,#869,.T.);
#1768=EDGE_CURVE('',#1426,#1426,#1204,.T.);
#1769=EDGE_CURVE('',#1427,#1427,#1205,.T.);
#1770=EDGE_CURVE('',#1427,#1428,#870,.T.);
#1771=EDGE_CURVE('',#1428,#1428,#1206,.T.);
#1772=EDGE_CURVE('',#1429,#1429,#1207,.T.);
#1773=EDGE_CURVE('',#1429,#1430,#871,.T.);
#1774=EDGE_CURVE('',#1430,#1430,#1208,.T.);
#1775=EDGE_CURVE('',#1431,#1432,#872,.T.);
#1776=EDGE_CURVE('',#1433,#1432,#873,.T.);
#1777=EDGE_CURVE('',#1433,#1431,#874,.T.);
#1778=EDGE_CURVE('',#1434,#1432,#875,.T.);
#1779=EDGE_CURVE('',#1434,#1431,#876,.T.);
#1780=EDGE_CURVE('',#1435,#1432,#877,.T.);
#1781=EDGE_CURVE('',#1435,#1434,#878,.T.);
#1782=EDGE_CURVE('',#1436,#1432,#879,.T.);
#1783=EDGE_CURVE('',#1436,#1435,#880,.T.);
#1784=EDGE_CURVE('',#1437,#1432,#881,.T.);
#1785=EDGE_CURVE('',#1437,#1436,#882,.T.);
#1786=EDGE_CURVE('',#1438,#1432,#883,.T.);
#1787=EDGE_CURVE('',#1438,#1437,#884,.T.);
#1788=EDGE_CURVE('',#1439,#1432,#885,.T.);
#1789=EDGE_CURVE('',#1439,#1438,#886,.T.);
#1790=EDGE_CURVE('',#1440,#1432,#887,.T.);
#1791=EDGE_CURVE('',#1440,#1439,#888,.T.);
#1792=EDGE_CURVE('',#1441,#1432,#889,.T.);
#1793=EDGE_CURVE('',#1441,#1440,#890,.T.);
#1794=EDGE_CURVE('',#1433,#1441,#891,.T.);
#1795=ORIENTED_EDGE('',*,*,#1442,.F.);
#1796=ORIENTED_EDGE('',*,*,#1443,.T.);
#1797=ORIENTED_EDGE('',*,*,#1444,.F.);
#1798=ORIENTED_EDGE('',*,*,#1443,.F.);
#1799=ORIENTED_EDGE('',*,*,#1445,.F.);
#1800=ORIENTED_EDGE('',*,*,#1446,.T.);
#1801=ORIENTED_EDGE('',*,*,#1447,.F.);
#1802=ORIENTED_EDGE('',*,*,#1446,.F.);
#1803=ORIENTED_EDGE('',*,*,#1447,.T.);
#1804=ORIENTED_EDGE('',*,*,#1442,.T.);
#1805=ORIENTED_EDGE('',*,*,#1448,.T.);
#1806=ORIENTED_EDGE('',*,*,#1449,.T.);
#1807=ORIENTED_EDGE('',*,*,#1450,.F.);
#1808=ORIENTED_EDGE('',*,*,#1449,.F.);
#1809=ORIENTED_EDGE('',*,*,#1450,.T.);
#1810=ORIENTED_EDGE('',*,*,#1445,.T.);
#1811=ORIENTED_EDGE('',*,*,#1448,.F.);
#1812=ORIENTED_EDGE('',*,*,#1444,.T.);
#1813=ORIENTED_EDGE('',*,*,#1451,.F.);
#1814=ORIENTED_EDGE('',*,*,#1452,.T.);
#1815=ORIENTED_EDGE('',*,*,#1453,.F.);
#1816=ORIENTED_EDGE('',*,*,#1452,.F.);
#1817=ORIENTED_EDGE('',*,*,#1453,.T.);
#1818=ORIENTED_EDGE('',*,*,#1454,.T.);
#1819=ORIENTED_EDGE('',*,*,#1455,.T.);
#1820=ORIENTED_EDGE('',*,*,#1456,.F.);
#1821=ORIENTED_EDGE('',*,*,#1455,.F.);
#1822=ORIENTED_EDGE('',*,*,#1456,.T.);
#1823=ORIENTED_EDGE('',*,*,#1451,.T.);
#1824=ORIENTED_EDGE('',*,*,#1454,.F.);
#1825=ORIENTED_EDGE('',*,*,#1457,.F.);
#1826=ORIENTED_EDGE('',*,*,#1458,.T.);
#1827=ORIENTED_EDGE('',*,*,#1459,.F.);
#1828=ORIENTED_EDGE('',*,*,#1458,.F.);
#1829=ORIENTED_EDGE('',*,*,#1460,.F.);
#1830=ORIENTED_EDGE('',*,*,#1461,.F.);
#1831=ORIENTED_EDGE('',*,*,#1462,.F.);
#1832=ORIENTED_EDGE('',*,*,#1463,.F.);
#1833=ORIENTED_EDGE('',*,*,#1464,.F.);
#1834=ORIENTED_EDGE('',*,*,#1465,.T.);
#1835=ORIENTED_EDGE('',*,*,#1466,.T.);
#1836=ORIENTED_EDGE('',*,*,#1461,.T.);
#1837=ORIENTED_EDGE('',*,*,#1467,.F.);
#1838=ORIENTED_EDGE('',*,*,#1463,.T.);
#1839=ORIENTED_EDGE('',*,*,#1468,.T.);
#1840=ORIENTED_EDGE('',*,*,#1469,.T.);
#1841=ORIENTED_EDGE('',*,*,#1470,.F.);
#1842=ORIENTED_EDGE('',*,*,#1469,.F.);
#1843=ORIENTED_EDGE('',*,*,#1471,.T.);
#1844=ORIENTED_EDGE('',*,*,#1465,.F.);
#1845=ORIENTED_EDGE('',*,*,#1459,.T.);
#1846=ORIENTED_EDGE('',*,*,#1462,.T.);
#1847=ORIENTED_EDGE('',*,*,#1466,.F.);
#1848=ORIENTED_EDGE('',*,*,#1471,.F.);
#1849=ORIENTED_EDGE('',*,*,#1468,.F.);
#1850=ORIENTED_EDGE('',*,*,#1472,.T.);
#1851=ORIENTED_EDGE('',*,*,#1473,.T.);
#1852=ORIENTED_EDGE('',*,*,#1474,.T.);
#1853=ORIENTED_EDGE('',*,*,#1475,.T.);
#1854=ORIENTED_EDGE('',*,*,#1476,.T.);
#1855=ORIENTED_EDGE('',*,*,#1477,.T.);
#1856=ORIENTED_EDGE('',*,*,#1478,.T.);
#1857=ORIENTED_EDGE('',*,*,#1479,.T.);
#1858=ORIENTED_EDGE('',*,*,#1480,.T.);
#1859=ORIENTED_EDGE('',*,*,#1481,.F.);
#1860=ORIENTED_EDGE('',*,*,#1482,.T.);
#1861=ORIENTED_EDGE('',*,*,#1476,.F.);
#1862=ORIENTED_EDGE('',*,*,#1482,.F.);
#1863=ORIENTED_EDGE('',*,*,#1483,.F.);
#1864=ORIENTED_EDGE('',*,*,#1484,.F.);
#1865=ORIENTED_EDGE('',*,*,#1477,.F.);
#1866=ORIENTED_EDGE('',*,*,#1484,.T.);
#1867=ORIENTED_EDGE('',*,*,#1485,.F.);
#1868=ORIENTED_EDGE('',*,*,#1486,.T.);
#1869=ORIENTED_EDGE('',*,*,#1478,.F.);
#1870=ORIENTED_EDGE('',*,*,#1457,.T.);
#1871=ORIENTED_EDGE('',*,*,#1486,.F.);
#1872=ORIENTED_EDGE('',*,*,#1487,.F.);
#1873=ORIENTED_EDGE('',*,*,#1488,.F.);
#1874=ORIENTED_EDGE('',*,*,#1479,.F.);
#1875=ORIENTED_EDGE('',*,*,#1489,.F.);
#1876=ORIENTED_EDGE('',*,*,#1490,.F.);
#1877=ORIENTED_EDGE('',*,*,#1480,.F.);
#1878=ORIENTED_EDGE('',*,*,#1475,.F.);
#1879=ORIENTED_EDGE('',*,*,#1488,.T.);
#1880=ORIENTED_EDGE('',*,*,#1491,.F.);
#1881=ORIENTED_EDGE('',*,*,#1492,.T.);
#1882=ORIENTED_EDGE('',*,*,#1472,.F.);
#1883=ORIENTED_EDGE('',*,*,#1492,.F.);
#1884=ORIENTED_EDGE('',*,*,#1493,.F.);
#1885=ORIENTED_EDGE('',*,*,#1494,.F.);
#1886=ORIENTED_EDGE('',*,*,#1473,.F.);
#1887=ORIENTED_EDGE('',*,*,#1494,.T.);
#1888=ORIENTED_EDGE('',*,*,#1495,.F.);
#1889=ORIENTED_EDGE('',*,*,#1489,.T.);
#1890=ORIENTED_EDGE('',*,*,#1474,.F.);
#1891=ORIENTED_EDGE('',*,*,#1496,.T.);
#1892=ORIENTED_EDGE('',*,*,#1497,.T.);
#1893=ORIENTED_EDGE('',*,*,#1498,.F.);
#1894=ORIENTED_EDGE('',*,*,#1497,.F.);
#1895=ORIENTED_EDGE('',*,*,#1498,.T.);
#1896=ORIENTED_EDGE('',*,*,#1464,.T.);
#1897=ORIENTED_EDGE('',*,*,#1460,.T.);
#1898=ORIENTED_EDGE('',*,*,#1467,.T.);
#1899=ORIENTED_EDGE('',*,*,#1470,.T.);
#1900=ORIENTED_EDGE('',*,*,#1496,.F.);
#1901=ORIENTED_EDGE('',*,*,#1491,.T.);
#1902=ORIENTED_EDGE('',*,*,#1487,.T.);
#1903=ORIENTED_EDGE('',*,*,#1485,.T.);
#1904=ORIENTED_EDGE('',*,*,#1483,.T.);
#1905=ORIENTED_EDGE('',*,*,#1481,.T.);
#1906=ORIENTED_EDGE('',*,*,#1490,.T.);
#1907=ORIENTED_EDGE('',*,*,#1495,.T.);
#1908=ORIENTED_EDGE('',*,*,#1493,.T.);
#1909=ORIENTED_EDGE('',*,*,#1499,.F.);
#1910=ORIENTED_EDGE('',*,*,#1500,.T.);
#1911=ORIENTED_EDGE('',*,*,#1501,.F.);
#1912=ORIENTED_EDGE('',*,*,#1500,.F.);
#1913=ORIENTED_EDGE('',*,*,#1502,.F.);
#1914=ORIENTED_EDGE('',*,*,#1503,.F.);
#1915=ORIENTED_EDGE('',*,*,#1504,.F.);
#1916=ORIENTED_EDGE('',*,*,#1505,.F.);
#1917=ORIENTED_EDGE('',*,*,#1506,.F.);
#1918=ORIENTED_EDGE('',*,*,#1507,.T.);
#1919=ORIENTED_EDGE('',*,*,#1508,.T.);
#1920=ORIENTED_EDGE('',*,*,#1503,.T.);
#1921=ORIENTED_EDGE('',*,*,#1509,.F.);
#1922=ORIENTED_EDGE('',*,*,#1505,.T.);
#1923=ORIENTED_EDGE('',*,*,#1510,.T.);
#1924=ORIENTED_EDGE('',*,*,#1511,.T.);
#1925=ORIENTED_EDGE('',*,*,#1512,.F.);
#1926=ORIENTED_EDGE('',*,*,#1511,.F.);
#1927=ORIENTED_EDGE('',*,*,#1513,.T.);
#1928=ORIENTED_EDGE('',*,*,#1507,.F.);
#1929=ORIENTED_EDGE('',*,*,#1501,.T.);
#1930=ORIENTED_EDGE('',*,*,#1504,.T.);
#1931=ORIENTED_EDGE('',*,*,#1508,.F.);
#1932=ORIENTED_EDGE('',*,*,#1513,.F.);
#1933=ORIENTED_EDGE('',*,*,#1510,.F.);
#1934=ORIENTED_EDGE('',*,*,#1514,.T.);
#1935=ORIENTED_EDGE('',*,*,#1515,.T.);
#1936=ORIENTED_EDGE('',*,*,#1516,.T.);
#1937=ORIENTED_EDGE('',*,*,#1517,.T.);
#1938=ORIENTED_EDGE('',*,*,#1518,.T.);
#1939=ORIENTED_EDGE('',*,*,#1519,.T.);
#1940=ORIENTED_EDGE('',*,*,#1520,.T.);
#1941=ORIENTED_EDGE('',*,*,#1521,.T.);
#1942=ORIENTED_EDGE('',*,*,#1522,.T.);
#1943=ORIENTED_EDGE('',*,*,#1523,.F.);
#1944=ORIENTED_EDGE('',*,*,#1524,.T.);
#1945=ORIENTED_EDGE('',*,*,#1518,.F.);
#1946=ORIENTED_EDGE('',*,*,#1524,.F.);
#1947=ORIENTED_EDGE('',*,*,#1525,.F.);
#1948=ORIENTED_EDGE('',*,*,#1526,.F.);
#1949=ORIENTED_EDGE('',*,*,#1519,.F.);
#1950=ORIENTED_EDGE('',*,*,#1526,.T.);
#1951=ORIENTED_EDGE('',*,*,#1527,.F.);
#1952=ORIENTED_EDGE('',*,*,#1528,.T.);
#1953=ORIENTED_EDGE('',*,*,#1520,.F.);
#1954=ORIENTED_EDGE('',*,*,#1499,.T.);
#1955=ORIENTED_EDGE('',*,*,#1528,.F.);
#1956=ORIENTED_EDGE('',*,*,#1529,.F.);
#1957=ORIENTED_EDGE('',*,*,#1530,.F.);
#1958=ORIENTED_EDGE('',*,*,#1521,.F.);
#1959=ORIENTED_EDGE('',*,*,#1531,.F.);
#1960=ORIENTED_EDGE('',*,*,#1532,.F.);
#1961=ORIENTED_EDGE('',*,*,#1522,.F.);
#1962=ORIENTED_EDGE('',*,*,#1517,.F.);
#1963=ORIENTED_EDGE('',*,*,#1530,.T.);
#1964=ORIENTED_EDGE('',*,*,#1533,.F.);
#1965=ORIENTED_EDGE('',*,*,#1534,.T.);
#1966=ORIENTED_EDGE('',*,*,#1514,.F.);
#1967=ORIENTED_EDGE('',*,*,#1534,.F.);
#1968=ORIENTED_EDGE('',*,*,#1535,.F.);
#1969=ORIENTED_EDGE('',*,*,#1536,.F.);
#1970=ORIENTED_EDGE('',*,*,#1515,.F.);
#1971=ORIENTED_EDGE('',*,*,#1536,.T.);
#1972=ORIENTED_EDGE('',*,*,#1537,.F.);
#1973=ORIENTED_EDGE('',*,*,#1531,.T.);
#1974=ORIENTED_EDGE('',*,*,#1516,.F.);
#1975=ORIENTED_EDGE('',*,*,#1538,.T.);
#1976=ORIENTED_EDGE('',*,*,#1539,.T.);
#1977=ORIENTED_EDGE('',*,*,#1540,.F.);
#1978=ORIENTED_EDGE('',*,*,#1539,.F.);
#1979=ORIENTED_EDGE('',*,*,#1540,.T.);
#1980=ORIENTED_EDGE('',*,*,#1506,.T.);
#1981=ORIENTED_EDGE('',*,*,#1502,.T.);
#1982=ORIENTED_EDGE('',*,*,#1509,.T.);
#1983=ORIENTED_EDGE('',*,*,#1512,.T.);
#1984=ORIENTED_EDGE('',*,*,#1538,.F.);
#1985=ORIENTED_EDGE('',*,*,#1533,.T.);
#1986=ORIENTED_EDGE('',*,*,#1529,.T.);
#1987=ORIENTED_EDGE('',*,*,#1527,.T.);
#1988=ORIENTED_EDGE('',*,*,#1525,.T.);
#1989=ORIENTED_EDGE('',*,*,#1523,.T.);
#1990=ORIENTED_EDGE('',*,*,#1532,.T.);
#1991=ORIENTED_EDGE('',*,*,#1537,.T.);
#1992=ORIENTED_EDGE('',*,*,#1535,.T.);
#1993=ORIENTED_EDGE('',*,*,#1541,.F.);
#1994=ORIENTED_EDGE('',*,*,#1542,.F.);
#1995=ORIENTED_EDGE('',*,*,#1543,.F.);
#1996=ORIENTED_EDGE('',*,*,#1544,.T.);
#1997=ORIENTED_EDGE('',*,*,#1545,.F.);
#1998=ORIENTED_EDGE('',*,*,#1544,.F.);
#1999=ORIENTED_EDGE('',*,*,#1546,.F.);
#2000=ORIENTED_EDGE('',*,*,#1547,.T.);
#2001=ORIENTED_EDGE('',*,*,#1548,.F.);
#2002=ORIENTED_EDGE('',*,*,#1547,.F.);
#2003=ORIENTED_EDGE('',*,*,#1549,.F.);
#2004=ORIENTED_EDGE('',*,*,#1550,.T.);
#2005=ORIENTED_EDGE('',*,*,#1551,.F.);
#2006=ORIENTED_EDGE('',*,*,#1550,.F.);
#2007=ORIENTED_EDGE('',*,*,#1552,.F.);
#2008=ORIENTED_EDGE('',*,*,#1553,.T.);
#2009=ORIENTED_EDGE('',*,*,#1554,.F.);
#2010=ORIENTED_EDGE('',*,*,#1553,.F.);
#2011=ORIENTED_EDGE('',*,*,#1555,.F.);
#2012=ORIENTED_EDGE('',*,*,#1556,.T.);
#2013=ORIENTED_EDGE('',*,*,#1557,.F.);
#2014=ORIENTED_EDGE('',*,*,#1556,.F.);
#2015=ORIENTED_EDGE('',*,*,#1558,.F.);
#2016=ORIENTED_EDGE('',*,*,#1559,.T.);
#2017=ORIENTED_EDGE('',*,*,#1560,.F.);
#2018=ORIENTED_EDGE('',*,*,#1561,.F.);
#2019=ORIENTED_EDGE('',*,*,#1562,.F.);
#2020=ORIENTED_EDGE('',*,*,#1542,.T.);
#2021=ORIENTED_EDGE('',*,*,#1563,.F.);
#2022=ORIENTED_EDGE('',*,*,#1564,.F.);
#2023=ORIENTED_EDGE('',*,*,#1565,.F.);
#2024=ORIENTED_EDGE('',*,*,#1561,.T.);
#2025=ORIENTED_EDGE('',*,*,#1566,.F.);
#2026=ORIENTED_EDGE('',*,*,#1567,.F.);
#2027=ORIENTED_EDGE('',*,*,#1568,.F.);
#2028=ORIENTED_EDGE('',*,*,#1564,.T.);
#2029=ORIENTED_EDGE('',*,*,#1569,.F.);
#2030=ORIENTED_EDGE('',*,*,#1559,.F.);
#2031=ORIENTED_EDGE('',*,*,#1570,.F.);
#2032=ORIENTED_EDGE('',*,*,#1567,.T.);
#2033=ORIENTED_EDGE('',*,*,#1571,.F.);
#2034=ORIENTED_EDGE('',*,*,#1572,.T.);
#2035=ORIENTED_EDGE('',*,*,#1573,.F.);
#2036=ORIENTED_EDGE('',*,*,#1572,.F.);
#2037=ORIENTED_EDGE('',*,*,#1574,.F.);
#2038=ORIENTED_EDGE('',*,*,#1575,.T.);
#2039=ORIENTED_EDGE('',*,*,#1576,.F.);
#2040=ORIENTED_EDGE('',*,*,#1575,.F.);
#2041=ORIENTED_EDGE('',*,*,#1557,.T.);
#2042=ORIENTED_EDGE('',*,*,#1569,.T.);
#2043=ORIENTED_EDGE('',*,*,#1566,.T.);
#2044=ORIENTED_EDGE('',*,*,#1563,.T.);
#2045=ORIENTED_EDGE('',*,*,#1560,.T.);
#2046=ORIENTED_EDGE('',*,*,#1541,.T.);
#2047=ORIENTED_EDGE('',*,*,#1545,.T.);
#2048=ORIENTED_EDGE('',*,*,#1548,.T.);
#2049=ORIENTED_EDGE('',*,*,#1551,.T.);
#2050=ORIENTED_EDGE('',*,*,#1554,.T.);
#2051=ORIENTED_EDGE('',*,*,#1576,.T.);
#2052=ORIENTED_EDGE('',*,*,#1571,.T.);
#2053=ORIENTED_EDGE('',*,*,#1577,.T.);
#2054=ORIENTED_EDGE('',*,*,#1578,.T.);
#2055=ORIENTED_EDGE('',*,*,#1579,.F.);
#2056=ORIENTED_EDGE('',*,*,#1578,.F.);
#2057=ORIENTED_EDGE('',*,*,#1558,.T.);
#2058=ORIENTED_EDGE('',*,*,#1555,.T.);
#2059=ORIENTED_EDGE('',*,*,#1552,.T.);
#2060=ORIENTED_EDGE('',*,*,#1549,.T.);
#2061=ORIENTED_EDGE('',*,*,#1546,.T.);
#2062=ORIENTED_EDGE('',*,*,#1543,.T.);
#2063=ORIENTED_EDGE('',*,*,#1562,.T.);
#2064=ORIENTED_EDGE('',*,*,#1565,.T.);
#2065=ORIENTED_EDGE('',*,*,#1568,.T.);
#2066=ORIENTED_EDGE('',*,*,#1570,.T.);
#2067=ORIENTED_EDGE('',*,*,#1577,.F.);
#2068=ORIENTED_EDGE('',*,*,#1573,.T.);
#2069=ORIENTED_EDGE('',*,*,#1580,.T.);
#2070=ORIENTED_EDGE('',*,*,#1579,.T.);
#2071=ORIENTED_EDGE('',*,*,#1581,.F.);
#2072=ORIENTED_EDGE('',*,*,#1582,.T.);
#2073=ORIENTED_EDGE('',*,*,#1583,.F.);
#2074=ORIENTED_EDGE('',*,*,#1582,.F.);
#2075=ORIENTED_EDGE('',*,*,#1584,.F.);
#2076=ORIENTED_EDGE('',*,*,#1585,.T.);
#2077=ORIENTED_EDGE('',*,*,#1586,.F.);
#2078=ORIENTED_EDGE('',*,*,#1585,.F.);
#2079=ORIENTED_EDGE('',*,*,#1584,.T.);
#2080=ORIENTED_EDGE('',*,*,#1583,.T.);
#2081=ORIENTED_EDGE('',*,*,#1587,.T.);
#2082=ORIENTED_EDGE('',*,*,#1586,.T.);
#2083=ORIENTED_EDGE('',*,*,#1581,.T.);
#2084=ORIENTED_EDGE('',*,*,#1574,.T.);
#2085=ORIENTED_EDGE('',*,*,#1588,.F.);
#2086=ORIENTED_EDGE('',*,*,#1580,.F.);
#2087=ORIENTED_EDGE('',*,*,#1589,.T.);
#2088=ORIENTED_EDGE('',*,*,#1590,.T.);
#2089=ORIENTED_EDGE('',*,*,#1589,.F.);
#2090=ORIENTED_EDGE('',*,*,#1590,.F.);
#2091=ORIENTED_EDGE('',*,*,#1591,.F.);
#2092=ORIENTED_EDGE('',*,*,#1592,.T.);
#2093=ORIENTED_EDGE('',*,*,#1588,.T.);
#2094=ORIENTED_EDGE('',*,*,#1592,.F.);
#2095=ORIENTED_EDGE('',*,*,#1591,.T.);
#2096=ORIENTED_EDGE('',*,*,#1593,.F.);
#2097=ORIENTED_EDGE('',*,*,#1593,.T.);
#2098=ORIENTED_EDGE('',*,*,#1594,.T.);
#2099=ORIENTED_EDGE('',*,*,#1587,.F.);
#2100=ORIENTED_EDGE('',*,*,#1594,.F.);
#2101=ORIENTED_EDGE('',*,*,#1595,.F.);
#2102=ORIENTED_EDGE('',*,*,#1596,.T.);
#2103=ORIENTED_EDGE('',*,*,#1597,.T.);
#2104=ORIENTED_EDGE('',*,*,#1596,.F.);
#2105=ORIENTED_EDGE('',*,*,#1597,.F.);
#2106=ORIENTED_EDGE('',*,*,#1598,.F.);
#2107=ORIENTED_EDGE('',*,*,#1599,.T.);
#2108=ORIENTED_EDGE('',*,*,#1600,.T.);
#2109=ORIENTED_EDGE('',*,*,#1599,.F.);
#2110=ORIENTED_EDGE('',*,*,#1600,.F.);
#2111=ORIENTED_EDGE('',*,*,#1601,.F.);
#2112=ORIENTED_EDGE('',*,*,#1602,.T.);
#2113=ORIENTED_EDGE('',*,*,#1603,.T.);
#2114=ORIENTED_EDGE('',*,*,#1602,.F.);
#2115=ORIENTED_EDGE('',*,*,#1603,.F.);
#2116=ORIENTED_EDGE('',*,*,#1604,.F.);
#2117=ORIENTED_EDGE('',*,*,#1605,.T.);
#2118=ORIENTED_EDGE('',*,*,#1606,.T.);
#2119=ORIENTED_EDGE('',*,*,#1605,.F.);
#2120=ORIENTED_EDGE('',*,*,#1606,.F.);
#2121=ORIENTED_EDGE('',*,*,#1607,.F.);
#2122=ORIENTED_EDGE('',*,*,#1608,.T.);
#2123=ORIENTED_EDGE('',*,*,#1609,.F.);
#2124=ORIENTED_EDGE('',*,*,#1610,.F.);
#2125=ORIENTED_EDGE('',*,*,#1611,.F.);
#2126=ORIENTED_EDGE('',*,*,#1610,.T.);
#2127=ORIENTED_EDGE('',*,*,#1612,.F.);
#2128=ORIENTED_EDGE('',*,*,#1613,.F.);
#2129=ORIENTED_EDGE('',*,*,#1614,.F.);
#2130=ORIENTED_EDGE('',*,*,#1615,.F.);
#2131=ORIENTED_EDGE('',*,*,#1616,.F.);
#2132=ORIENTED_EDGE('',*,*,#1613,.T.);
#2133=ORIENTED_EDGE('',*,*,#1617,.F.);
#2134=ORIENTED_EDGE('',*,*,#1615,.T.);
#2135=ORIENTED_EDGE('',*,*,#1618,.F.);
#2136=ORIENTED_EDGE('',*,*,#1619,.F.);
#2137=ORIENTED_EDGE('',*,*,#1620,.F.);
#2138=ORIENTED_EDGE('',*,*,#1621,.F.);
#2139=ORIENTED_EDGE('',*,*,#1622,.F.);
#2140=ORIENTED_EDGE('',*,*,#1623,.F.);
#2141=ORIENTED_EDGE('',*,*,#1624,.F.);
#2142=ORIENTED_EDGE('',*,*,#1625,.F.);
#2143=ORIENTED_EDGE('',*,*,#1626,.F.);
#2144=ORIENTED_EDGE('',*,*,#1627,.F.);
#2145=ORIENTED_EDGE('',*,*,#1623,.T.);
#2146=ORIENTED_EDGE('',*,*,#1628,.F.);
#2147=ORIENTED_EDGE('',*,*,#1629,.T.);
#2148=ORIENTED_EDGE('',*,*,#1630,.T.);
#2149=ORIENTED_EDGE('',*,*,#1622,.T.);
#2150=ORIENTED_EDGE('',*,*,#1631,.F.);
#2151=ORIENTED_EDGE('',*,*,#1632,.T.);
#2152=ORIENTED_EDGE('',*,*,#1628,.T.);
#2153=ORIENTED_EDGE('',*,*,#1621,.T.);
#2154=ORIENTED_EDGE('',*,*,#1633,.F.);
#2155=ORIENTED_EDGE('',*,*,#1634,.T.);
#2156=ORIENTED_EDGE('',*,*,#1631,.T.);
#2157=ORIENTED_EDGE('',*,*,#1620,.T.);
#2158=ORIENTED_EDGE('',*,*,#1635,.F.);
#2159=ORIENTED_EDGE('',*,*,#1636,.T.);
#2160=ORIENTED_EDGE('',*,*,#1633,.T.);
#2161=ORIENTED_EDGE('',*,*,#1619,.T.);
#2162=ORIENTED_EDGE('',*,*,#1637,.F.);
#2163=ORIENTED_EDGE('',*,*,#1638,.T.);
#2164=ORIENTED_EDGE('',*,*,#1635,.T.);
#2165=ORIENTED_EDGE('',*,*,#1618,.T.);
#2166=ORIENTED_EDGE('',*,*,#1639,.F.);
#2167=ORIENTED_EDGE('',*,*,#1640,.T.);
#2168=ORIENTED_EDGE('',*,*,#1637,.T.);
#2169=ORIENTED_EDGE('',*,*,#1624,.T.);
#2170=ORIENTED_EDGE('',*,*,#1630,.F.);
#2171=ORIENTED_EDGE('',*,*,#1641,.T.);
#2172=ORIENTED_EDGE('',*,*,#1642,.T.);
#2173=ORIENTED_EDGE('',*,*,#1625,.T.);
#2174=ORIENTED_EDGE('',*,*,#1642,.F.);
#2175=ORIENTED_EDGE('',*,*,#1643,.T.);
#2176=ORIENTED_EDGE('',*,*,#1644,.T.);
#2177=ORIENTED_EDGE('',*,*,#1626,.T.);
#2178=ORIENTED_EDGE('',*,*,#1644,.F.);
#2179=ORIENTED_EDGE('',*,*,#1645,.T.);
#2180=ORIENTED_EDGE('',*,*,#1646,.T.);
#2181=ORIENTED_EDGE('',*,*,#1627,.T.);
#2182=ORIENTED_EDGE('',*,*,#1646,.F.);
#2183=ORIENTED_EDGE('',*,*,#1647,.T.);
#2184=ORIENTED_EDGE('',*,*,#1639,.T.);
#2185=ORIENTED_EDGE('',*,*,#1648,.T.);
#2186=ORIENTED_EDGE('',*,*,#1649,.T.);
#2187=ORIENTED_EDGE('',*,*,#1650,.F.);
#2188=ORIENTED_EDGE('',*,*,#1649,.F.);
#2189=ORIENTED_EDGE('',*,*,#1640,.F.);
#2190=ORIENTED_EDGE('',*,*,#1647,.F.);
#2191=ORIENTED_EDGE('',*,*,#1645,.F.);
#2192=ORIENTED_EDGE('',*,*,#1643,.F.);
#2193=ORIENTED_EDGE('',*,*,#1641,.F.);
#2194=ORIENTED_EDGE('',*,*,#1629,.F.);
#2195=ORIENTED_EDGE('',*,*,#1632,.F.);
#2196=ORIENTED_EDGE('',*,*,#1634,.F.);
#2197=ORIENTED_EDGE('',*,*,#1636,.F.);
#2198=ORIENTED_EDGE('',*,*,#1638,.F.);
#2199=ORIENTED_EDGE('',*,*,#1650,.T.);
#2200=ORIENTED_EDGE('',*,*,#1651,.F.);
#2201=ORIENTED_EDGE('',*,*,#1652,.F.);
#2202=ORIENTED_EDGE('',*,*,#1648,.F.);
#2203=ORIENTED_EDGE('',*,*,#1653,.F.);
#2204=ORIENTED_EDGE('',*,*,#1654,.T.);
#2205=ORIENTED_EDGE('',*,*,#1652,.T.);
#2206=ORIENTED_EDGE('',*,*,#1654,.F.);
#2207=ORIENTED_EDGE('',*,*,#1653,.T.);
#2208=ORIENTED_EDGE('',*,*,#1655,.F.);
#2209=ORIENTED_EDGE('',*,*,#1656,.F.);
#2210=ORIENTED_EDGE('',*,*,#1608,.F.);
#2211=ORIENTED_EDGE('',*,*,#1657,.F.);
#2212=ORIENTED_EDGE('',*,*,#1658,.T.);
#2213=ORIENTED_EDGE('',*,*,#1655,.T.);
#2214=ORIENTED_EDGE('',*,*,#1658,.F.);
#2215=ORIENTED_EDGE('',*,*,#1651,.T.);
#2216=ORIENTED_EDGE('',*,*,#1659,.T.);
#2217=ORIENTED_EDGE('',*,*,#1660,.F.);
#2218=ORIENTED_EDGE('',*,*,#1659,.F.);
#2219=ORIENTED_EDGE('',*,*,#1661,.F.);
#2220=ORIENTED_EDGE('',*,*,#1662,.F.);
#2221=ORIENTED_EDGE('',*,*,#1663,.F.);
#2222=ORIENTED_EDGE('',*,*,#1664,.F.);
#2223=ORIENTED_EDGE('',*,*,#1665,.F.);
#2224=ORIENTED_EDGE('',*,*,#1662,.T.);
#2225=ORIENTED_EDGE('',*,*,#1666,.F.);
#2226=ORIENTED_EDGE('',*,*,#1664,.T.);
#2227=ORIENTED_EDGE('',*,*,#1667,.F.);
#2228=ORIENTED_EDGE('',*,*,#1668,.T.);
#2229=ORIENTED_EDGE('',*,*,#1669,.F.);
#2230=ORIENTED_EDGE('',*,*,#1668,.F.);
#2231=ORIENTED_EDGE('',*,*,#1670,.F.);
#2232=ORIENTED_EDGE('',*,*,#1671,.T.);
#2233=ORIENTED_EDGE('',*,*,#1672,.F.);
#2234=ORIENTED_EDGE('',*,*,#1671,.F.);
#2235=ORIENTED_EDGE('',*,*,#1673,.F.);
#2236=ORIENTED_EDGE('',*,*,#1674,.T.);
#2237=ORIENTED_EDGE('',*,*,#1675,.F.);
#2238=ORIENTED_EDGE('',*,*,#1674,.F.);
#2239=ORIENTED_EDGE('',*,*,#1673,.T.);
#2240=ORIENTED_EDGE('',*,*,#1676,.F.);
#2241=ORIENTED_EDGE('',*,*,#1677,.T.);
#2242=ORIENTED_EDGE('',*,*,#1678,.F.);
#2243=ORIENTED_EDGE('',*,*,#1677,.F.);
#2244=ORIENTED_EDGE('',*,*,#1676,.T.);
#2245=ORIENTED_EDGE('',*,*,#1679,.F.);
#2246=ORIENTED_EDGE('',*,*,#1680,.T.);
#2247=ORIENTED_EDGE('',*,*,#1681,.F.);
#2248=ORIENTED_EDGE('',*,*,#1680,.F.);
#2249=ORIENTED_EDGE('',*,*,#1679,.T.);
#2250=ORIENTED_EDGE('',*,*,#1682,.F.);
#2251=ORIENTED_EDGE('',*,*,#1683,.T.);
#2252=ORIENTED_EDGE('',*,*,#1684,.F.);
#2253=ORIENTED_EDGE('',*,*,#1683,.F.);
#2254=ORIENTED_EDGE('',*,*,#1682,.T.);
#2255=ORIENTED_EDGE('',*,*,#1685,.F.);
#2256=ORIENTED_EDGE('',*,*,#1686,.F.);
#2257=ORIENTED_EDGE('',*,*,#1687,.F.);
#2258=ORIENTED_EDGE('',*,*,#1688,.F.);
#2259=ORIENTED_EDGE('',*,*,#1689,.F.);
#2260=ORIENTED_EDGE('',*,*,#1690,.F.);
#2261=ORIENTED_EDGE('',*,*,#1691,.F.);
#2262=ORIENTED_EDGE('',*,*,#1692,.F.);
#2263=ORIENTED_EDGE('',*,*,#1595,.T.);
#2264=ORIENTED_EDGE('',*,*,#1598,.T.);
#2265=ORIENTED_EDGE('',*,*,#1601,.T.);
#2266=ORIENTED_EDGE('',*,*,#1604,.T.);
#2267=ORIENTED_EDGE('',*,*,#1689,.T.);
#2268=ORIENTED_EDGE('',*,*,#1693,.T.);
#2269=ORIENTED_EDGE('',*,*,#1694,.F.);
#2270=ORIENTED_EDGE('',*,*,#1695,.F.);
#2271=ORIENTED_EDGE('',*,*,#1696,.F.);
#2272=ORIENTED_EDGE('',*,*,#1697,.F.);
#2273=ORIENTED_EDGE('',*,*,#1698,.F.);
#2274=ORIENTED_EDGE('',*,*,#1699,.F.);
#2275=ORIENTED_EDGE('',*,*,#1669,.T.);
#2276=ORIENTED_EDGE('',*,*,#1672,.T.);
#2277=ORIENTED_EDGE('',*,*,#1700,.T.);
#2278=ORIENTED_EDGE('',*,*,#1701,.T.);
#2279=ORIENTED_EDGE('',*,*,#1702,.T.);
#2280=ORIENTED_EDGE('',*,*,#1703,.T.);
#2281=ORIENTED_EDGE('',*,*,#1688,.T.);
#2282=ORIENTED_EDGE('',*,*,#1704,.T.);
#2283=ORIENTED_EDGE('',*,*,#1705,.F.);
#2284=ORIENTED_EDGE('',*,*,#1693,.F.);
#2285=ORIENTED_EDGE('',*,*,#1686,.T.);
#2286=ORIENTED_EDGE('',*,*,#1706,.T.);
#2287=ORIENTED_EDGE('',*,*,#1707,.T.);
#2288=ORIENTED_EDGE('',*,*,#1708,.F.);
#2289=ORIENTED_EDGE('',*,*,#1709,.F.);
#2290=ORIENTED_EDGE('',*,*,#1707,.F.);
#2291=ORIENTED_EDGE('',*,*,#1710,.F.);
#2292=ORIENTED_EDGE('',*,*,#1711,.F.);
#2293=ORIENTED_EDGE('',*,*,#1712,.F.);
#2294=ORIENTED_EDGE('',*,*,#1713,.F.);
#2295=ORIENTED_EDGE('',*,*,#1714,.F.);
#2296=ORIENTED_EDGE('',*,*,#1715,.F.);
#2297=ORIENTED_EDGE('',*,*,#1685,.T.);
#2298=ORIENTED_EDGE('',*,*,#1716,.T.);
#2299=ORIENTED_EDGE('',*,*,#1710,.T.);
#2300=ORIENTED_EDGE('',*,*,#1706,.F.);
#2301=ORIENTED_EDGE('',*,*,#1667,.T.);
#2302=ORIENTED_EDGE('',*,*,#1670,.T.);
#2303=ORIENTED_EDGE('',*,*,#1692,.T.);
#2304=ORIENTED_EDGE('',*,*,#1717,.F.);
#2305=ORIENTED_EDGE('',*,*,#1711,.T.);
#2306=ORIENTED_EDGE('',*,*,#1716,.F.);
#2307=ORIENTED_EDGE('',*,*,#1715,.T.);
#2308=ORIENTED_EDGE('',*,*,#1718,.T.);
#2309=ORIENTED_EDGE('',*,*,#1719,.T.);
#2310=ORIENTED_EDGE('',*,*,#1720,.T.);
#2311=ORIENTED_EDGE('',*,*,#1714,.T.);
#2312=ORIENTED_EDGE('',*,*,#1721,.T.);
#2313=ORIENTED_EDGE('',*,*,#1722,.T.);
#2314=ORIENTED_EDGE('',*,*,#1723,.T.);
#2315=ORIENTED_EDGE('',*,*,#1724,.F.);
#2316=ORIENTED_EDGE('',*,*,#1725,.T.);
#2317=ORIENTED_EDGE('',*,*,#1726,.T.);
#2318=ORIENTED_EDGE('',*,*,#1718,.F.);
#2319=ORIENTED_EDGE('',*,*,#1713,.T.);
#2320=ORIENTED_EDGE('',*,*,#1727,.T.);
#2321=ORIENTED_EDGE('',*,*,#1728,.T.);
#2322=ORIENTED_EDGE('',*,*,#1721,.F.);
#2323=ORIENTED_EDGE('',*,*,#1657,.T.);
#2324=ORIENTED_EDGE('',*,*,#1691,.T.);
#2325=ORIENTED_EDGE('',*,*,#1729,.F.);
#2326=ORIENTED_EDGE('',*,*,#1730,.F.);
#2327=ORIENTED_EDGE('',*,*,#1731,.F.);
#2328=ORIENTED_EDGE('',*,*,#1732,.F.);
#2329=ORIENTED_EDGE('',*,*,#1733,.F.);
#2330=ORIENTED_EDGE('',*,*,#1734,.F.);
#2331=ORIENTED_EDGE('',*,*,#1704,.F.);
#2332=ORIENTED_EDGE('',*,*,#1687,.T.);
#2333=ORIENTED_EDGE('',*,*,#1708,.T.);
#2334=ORIENTED_EDGE('',*,*,#1709,.T.);
#2335=ORIENTED_EDGE('',*,*,#1720,.F.);
#2336=ORIENTED_EDGE('',*,*,#1735,.F.);
#2337=ORIENTED_EDGE('',*,*,#1736,.F.);
#2338=ORIENTED_EDGE('',*,*,#1737,.F.);
#2339=ORIENTED_EDGE('',*,*,#1738,.F.);
#2340=ORIENTED_EDGE('',*,*,#1739,.F.);
#2341=ORIENTED_EDGE('',*,*,#1727,.F.);
#2342=ORIENTED_EDGE('',*,*,#1712,.T.);
#2343=ORIENTED_EDGE('',*,*,#1717,.T.);
#2344=ORIENTED_EDGE('',*,*,#1675,.T.);
#2345=ORIENTED_EDGE('',*,*,#1678,.T.);
#2346=ORIENTED_EDGE('',*,*,#1681,.T.);
#2347=ORIENTED_EDGE('',*,*,#1684,.T.);
#2348=ORIENTED_EDGE('',*,*,#1740,.F.);
#2349=ORIENTED_EDGE('',*,*,#1741,.F.);
#2350=ORIENTED_EDGE('',*,*,#1742,.F.);
#2351=ORIENTED_EDGE('',*,*,#1743,.F.);
#2352=ORIENTED_EDGE('',*,*,#1742,.T.);
#2353=ORIENTED_EDGE('',*,*,#1744,.T.);
#2354=ORIENTED_EDGE('',*,*,#1703,.F.);
#2355=ORIENTED_EDGE('',*,*,#1745,.T.);
#2356=ORIENTED_EDGE('',*,*,#1741,.T.);
#2357=ORIENTED_EDGE('',*,*,#1746,.F.);
#2358=ORIENTED_EDGE('',*,*,#1700,.F.);
#2359=ORIENTED_EDGE('',*,*,#1744,.F.);
#2360=ORIENTED_EDGE('',*,*,#1690,.T.);
#2361=ORIENTED_EDGE('',*,*,#1699,.T.);
#2362=ORIENTED_EDGE('',*,*,#1747,.F.);
#2363=ORIENTED_EDGE('',*,*,#1729,.T.);
#2364=ORIENTED_EDGE('',*,*,#1734,.T.);
#2365=ORIENTED_EDGE('',*,*,#1748,.F.);
#2366=ORIENTED_EDGE('',*,*,#1694,.T.);
#2367=ORIENTED_EDGE('',*,*,#1705,.T.);
#2368=ORIENTED_EDGE('',*,*,#1739,.T.);
#2369=ORIENTED_EDGE('',*,*,#1749,.T.);
#2370=ORIENTED_EDGE('',*,*,#1722,.F.);
#2371=ORIENTED_EDGE('',*,*,#1728,.F.);
#2372=ORIENTED_EDGE('',*,*,#1738,.T.);
#2373=ORIENTED_EDGE('',*,*,#1750,.F.);
#2374=ORIENTED_EDGE('',*,*,#1723,.F.);
#2375=ORIENTED_EDGE('',*,*,#1749,.F.);
#2376=ORIENTED_EDGE('',*,*,#1751,.T.);
#2377=ORIENTED_EDGE('',*,*,#1737,.T.);
#2378=ORIENTED_EDGE('',*,*,#1752,.T.);
#2379=ORIENTED_EDGE('',*,*,#1724,.T.);
#2380=ORIENTED_EDGE('',*,*,#1750,.T.);
#2381=ORIENTED_EDGE('',*,*,#1751,.F.);
#2382=ORIENTED_EDGE('',*,*,#1753,.T.);
#2383=ORIENTED_EDGE('',*,*,#1754,.F.);
#2384=ORIENTED_EDGE('',*,*,#1753,.F.);
#2385=ORIENTED_EDGE('',*,*,#1617,.T.);
#2386=ORIENTED_EDGE('',*,*,#1612,.T.);
#2387=ORIENTED_EDGE('',*,*,#1609,.T.);
#2388=ORIENTED_EDGE('',*,*,#1656,.T.);
#2389=ORIENTED_EDGE('',*,*,#1607,.T.);
#2390=ORIENTED_EDGE('',*,*,#1611,.T.);
#2391=ORIENTED_EDGE('',*,*,#1616,.T.);
#2392=ORIENTED_EDGE('',*,*,#1614,.T.);
#2393=ORIENTED_EDGE('',*,*,#1665,.T.);
#2394=ORIENTED_EDGE('',*,*,#1666,.T.);
#2395=ORIENTED_EDGE('',*,*,#1663,.T.);
#2396=ORIENTED_EDGE('',*,*,#1661,.T.);
#2397=ORIENTED_EDGE('',*,*,#1731,.T.);
#2398=ORIENTED_EDGE('',*,*,#1755,.F.);
#2399=ORIENTED_EDGE('',*,*,#1697,.T.);
#2400=ORIENTED_EDGE('',*,*,#1756,.F.);
#2401=ORIENTED_EDGE('',*,*,#1730,.T.);
#2402=ORIENTED_EDGE('',*,*,#1747,.T.);
#2403=ORIENTED_EDGE('',*,*,#1698,.T.);
#2404=ORIENTED_EDGE('',*,*,#1755,.T.);
#2405=ORIENTED_EDGE('',*,*,#1740,.T.);
#2406=ORIENTED_EDGE('',*,*,#1757,.T.);
#2407=ORIENTED_EDGE('',*,*,#1701,.F.);
#2408=ORIENTED_EDGE('',*,*,#1746,.T.);
#2409=ORIENTED_EDGE('',*,*,#1660,.T.);
#2410=ORIENTED_EDGE('',*,*,#1743,.T.);
#2411=ORIENTED_EDGE('',*,*,#1745,.F.);
#2412=ORIENTED_EDGE('',*,*,#1702,.F.);
#2413=ORIENTED_EDGE('',*,*,#1757,.F.);
#2414=ORIENTED_EDGE('',*,*,#1733,.T.);
#2415=ORIENTED_EDGE('',*,*,#1758,.T.);
#2416=ORIENTED_EDGE('',*,*,#1695,.T.);
#2417=ORIENTED_EDGE('',*,*,#1748,.T.);
#2418=ORIENTED_EDGE('',*,*,#1754,.T.);
#2419=ORIENTED_EDGE('',*,*,#1732,.T.);
#2420=ORIENTED_EDGE('',*,*,#1756,.T.);
#2421=ORIENTED_EDGE('',*,*,#1696,.T.);
#2422=ORIENTED_EDGE('',*,*,#1758,.F.);
#2423=ORIENTED_EDGE('',*,*,#1736,.T.);
#2424=ORIENTED_EDGE('',*,*,#1759,.F.);
#2425=ORIENTED_EDGE('',*,*,#1725,.F.);
#2426=ORIENTED_EDGE('',*,*,#1752,.F.);
#2427=ORIENTED_EDGE('',*,*,#1735,.T.);
#2428=ORIENTED_EDGE('',*,*,#1719,.F.);
#2429=ORIENTED_EDGE('',*,*,#1726,.F.);
#2430=ORIENTED_EDGE('',*,*,#1759,.T.);
#2431=ORIENTED_EDGE('',*,*,#1760,.T.);
#2432=ORIENTED_EDGE('',*,*,#1761,.T.);
#2433=ORIENTED_EDGE('',*,*,#1762,.F.);
#2434=ORIENTED_EDGE('',*,*,#1761,.F.);
#2435=ORIENTED_EDGE('',*,*,#1762,.T.);
#2436=ORIENTED_EDGE('',*,*,#1760,.F.);
#2437=ORIENTED_EDGE('',*,*,#1763,.T.);
#2438=ORIENTED_EDGE('',*,*,#1764,.T.);
#2439=ORIENTED_EDGE('',*,*,#1765,.F.);
#2440=ORIENTED_EDGE('',*,*,#1764,.F.);
#2441=ORIENTED_EDGE('',*,*,#1765,.T.);
#2442=ORIENTED_EDGE('',*,*,#1763,.F.);
#2443=ORIENTED_EDGE('',*,*,#1766,.F.);
#2444=ORIENTED_EDGE('',*,*,#1767,.T.);
#2445=ORIENTED_EDGE('',*,*,#1768,.T.);
#2446=ORIENTED_EDGE('',*,*,#1767,.F.);
#2447=ORIENTED_EDGE('',*,*,#1766,.T.);
#2448=ORIENTED_EDGE('',*,*,#1768,.F.);
#2449=ORIENTED_EDGE('',*,*,#1769,.T.);
#2450=ORIENTED_EDGE('',*,*,#1770,.T.);
#2451=ORIENTED_EDGE('',*,*,#1771,.F.);
#2452=ORIENTED_EDGE('',*,*,#1770,.F.);
#2453=ORIENTED_EDGE('',*,*,#1771,.T.);
#2454=ORIENTED_EDGE('',*,*,#1769,.F.);
#2455=ORIENTED_EDGE('',*,*,#1772,.T.);
#2456=ORIENTED_EDGE('',*,*,#1773,.T.);
#2457=ORIENTED_EDGE('',*,*,#1774,.F.);
#2458=ORIENTED_EDGE('',*,*,#1773,.F.);
#2459=ORIENTED_EDGE('',*,*,#1774,.T.);
#2460=ORIENTED_EDGE('',*,*,#1772,.F.);
#2461=ORIENTED_EDGE('',*,*,#1775,.T.);
#2462=ORIENTED_EDGE('',*,*,#1776,.F.);
#2463=ORIENTED_EDGE('',*,*,#1777,.T.);
#2464=ORIENTED_EDGE('',*,*,#1778,.T.);
#2465=ORIENTED_EDGE('',*,*,#1775,.F.);
#2466=ORIENTED_EDGE('',*,*,#1779,.F.);
#2467=ORIENTED_EDGE('',*,*,#1780,.T.);
#2468=ORIENTED_EDGE('',*,*,#1778,.F.);
#2469=ORIENTED_EDGE('',*,*,#1781,.F.);
#2470=ORIENTED_EDGE('',*,*,#1782,.T.);
#2471=ORIENTED_EDGE('',*,*,#1780,.F.);
#2472=ORIENTED_EDGE('',*,*,#1783,.F.);
#2473=ORIENTED_EDGE('',*,*,#1784,.T.);
#2474=ORIENTED_EDGE('',*,*,#1782,.F.);
#2475=ORIENTED_EDGE('',*,*,#1785,.F.);
#2476=ORIENTED_EDGE('',*,*,#1786,.T.);
#2477=ORIENTED_EDGE('',*,*,#1784,.F.);
#2478=ORIENTED_EDGE('',*,*,#1787,.F.);
#2479=ORIENTED_EDGE('',*,*,#1788,.T.);
#2480=ORIENTED_EDGE('',*,*,#1786,.F.);
#2481=ORIENTED_EDGE('',*,*,#1789,.F.);
#2482=ORIENTED_EDGE('',*,*,#1790,.T.);
#2483=ORIENTED_EDGE('',*,*,#1788,.F.);
#2484=ORIENTED_EDGE('',*,*,#1791,.F.);
#2485=ORIENTED_EDGE('',*,*,#1792,.T.);
#2486=ORIENTED_EDGE('',*,*,#1790,.F.);
#2487=ORIENTED_EDGE('',*,*,#1793,.F.);
#2488=ORIENTED_EDGE('',*,*,#1793,.T.);
#2489=ORIENTED_EDGE('',*,*,#1791,.T.);
#2490=ORIENTED_EDGE('',*,*,#1789,.T.);
#2491=ORIENTED_EDGE('',*,*,#1787,.T.);
#2492=ORIENTED_EDGE('',*,*,#1785,.T.);
#2493=ORIENTED_EDGE('',*,*,#1783,.T.);
#2494=ORIENTED_EDGE('',*,*,#1781,.T.);
#2495=ORIENTED_EDGE('',*,*,#1779,.T.);
#2496=ORIENTED_EDGE('',*,*,#1777,.F.);
#2497=ORIENTED_EDGE('',*,*,#1794,.T.);
#2498=ORIENTED_EDGE('',*,*,#1776,.T.);
#2499=ORIENTED_EDGE('',*,*,#1792,.F.);
#2500=ORIENTED_EDGE('',*,*,#1794,.F.);
#2501=(
BOUNDED_SURFACE()
B_SPLINE_SURFACE(1,2,((#3843,#3844,#3845,#3846,#3847,#3848,#3849,#3850,
#3851),(#3852,#3853,#3854,#3855,#3856,#3857,#3858,#3859,#3860)),
 .UNSPECIFIED.,.F.,.T.,.F.)
B_SPLINE_SURFACE_WITH_KNOTS((2,2),(3,2,2,2,3),(-1.29155406519323,-1.00942125461976),
(-3.14159265358979,-1.5707963267949,0.,1.5707963267949,3.14159265358979),
 .UNSPECIFIED.)
GEOMETRIC_REPRESENTATION_ITEM()
RATIONAL_B_SPLINE_SURFACE(((1.,0.707106781186548,1.,0.707106781186548,1.,
0.707106781186548,1.,0.707106781186548,1.),(1.,0.707106781186548,1.,0.707106781186548,
1.,0.707106781186548,1.,0.707106781186548,1.)))
REPRESENTATION_ITEM('')
SURFACE()
);
#2502=(
BOUNDED_SURFACE()
B_SPLINE_SURFACE(1,2,((#3866,#3867,#3868,#3869,#3870,#3871,#3872,#3873,
#3874),(#3875,#3876,#3877,#3878,#3879,#3880,#3881,#3882,#3883)),
 .UNSPECIFIED.,.F.,.T.,.F.)
B_SPLINE_SURFACE_WITH_KNOTS((2,2),(3,2,2,2,3),(-0.438126627028972,7.7715611723761E-16),
(-3.14159265358979,-1.5707963267949,0.,1.5707963267949,3.14159265358979),
 .UNSPECIFIED.)
GEOMETRIC_REPRESENTATION_ITEM()
RATIONAL_B_SPLINE_SURFACE(((1.,0.707106781186548,1.,0.707106781186548,1.,
0.707106781186548,1.,0.707106781186548,1.),(1.,0.707106781186548,1.,0.707106781186548,
1.,0.707106781186548,1.,0.707106781186548,1.)))
REPRESENTATION_ITEM('')
SURFACE()
);
#2503=(
BOUNDED_SURFACE()
B_SPLINE_SURFACE(1,2,((#3890,#3891,#3892,#3893,#3894,#3895,#3896,#3897,
#3898),(#3899,#3900,#3901,#3902,#3903,#3904,#3905,#3906,#3907)),
 .UNSPECIFIED.,.F.,.T.,.F.)
B_SPLINE_SURFACE_WITH_KNOTS((2,2),(3,2,2,2,3),(-0.546880736813965,1.33226762955019E-15),
(-3.14159265358979,-1.5707963267949,0.,1.5707963267949,3.14159265358979),
 .UNSPECIFIED.)
GEOMETRIC_REPRESENTATION_ITEM()
RATIONAL_B_SPLINE_SURFACE(((1.,0.707106781186548,1.,0.707106781186548,1.,
0.707106781186548,1.,0.707106781186548,1.),(1.,0.707106781186548,1.,0.707106781186548,
1.,0.707106781186548,1.,0.707106781186548,1.)))
REPRESENTATION_ITEM('')
SURFACE()
);
#2504=(
BOUNDED_SURFACE()
B_SPLINE_SURFACE(1,2,((#3915,#3916,#3917,#3918,#3919,#3920,#3921,#3922,
#3923),(#3924,#3925,#3926,#3927,#3928,#3929,#3930,#3931,#3932)),
 .UNSPECIFIED.,.F.,.T.,.F.)
B_SPLINE_SURFACE_WITH_KNOTS((2,2),(3,2,2,2,3),(-1.00942122040526,4.44089209850063E-16),
(-3.14159265358979,-1.5707963267949,0.,1.5707963267949,3.14159265358979),
 .UNSPECIFIED.)
GEOMETRIC_REPRESENTATION_ITEM()
RATIONAL_B_SPLINE_SURFACE(((1.,0.707106781186548,1.,0.707106781186548,1.,
0.707106781186548,1.,0.707106781186548,1.),(1.,0.707106781186548,1.,0.707106781186548,
1.,0.707106781186548,1.,0.707106781186548,1.)))
REPRESENTATION_ITEM('')
SURFACE()
);
#2505=(
BOUNDED_SURFACE()
B_SPLINE_SURFACE(1,2,((#3939,#3940,#3941,#3942,#3943,#3944,#3945,#3946,
#3947),(#3948,#3949,#3950,#3951,#3952,#3953,#3954,#3955,#3956)),
 .UNSPECIFIED.,.F.,.T.,.F.)
B_SPLINE_SURFACE_WITH_KNOTS((2,2),(3,2,2,2,3),(-1.03065977674804,6.66133814775094E-16),
(-3.14159265358979,-1.5707963267949,0.,1.5707963267949,3.14159265358979),
 .UNSPECIFIED.)
GEOMETRIC_REPRESENTATION_ITEM()
RATIONAL_B_SPLINE_SURFACE(((1.,0.707106781186548,1.,0.707106781186548,1.,
0.707106781186548,1.,0.707106781186548,1.),(1.,0.707106781186548,1.,0.707106781186548,
1.,0.707106781186548,1.,0.707106781186548,1.)))
REPRESENTATION_ITEM('')
SURFACE()
);
#2506=(
BOUNDED_SURFACE()
B_SPLINE_SURFACE(1,2,((#4012,#4013,#4014,#4015,#4016,#4017,#4018),(#4019,
#4020,#4021,#4022,#4023,#4024,#4025)),.UNSPECIFIED.,.F.,.F.,.F.)
B_SPLINE_SURFACE_WITH_KNOTS((2,2),(3,2,2,3),(-17.2622013799393,-0.0292944582923447),
(-0.523242701039349,0.872783317516814,2.26880933607298,3.66483535462914),
 .UNSPECIFIED.)
GEOMETRIC_REPRESENTATION_ITEM()
RATIONAL_B_SPLINE_SURFACE(((1.,0.766120731161112,1.,0.766120731161112,1.,
0.766120731161112,1.),(1.,0.766120731161112,1.,0.766120731161112,1.,0.766120731161112,
1.)))
REPRESENTATION_ITEM('')
SURFACE()
);
#2507=(
BOUNDED_SURFACE()
B_SPLINE_SURFACE(1,2,((#4047,#4048,#4049,#4050,#4051,#4052,#4053),(#4054,
#4055,#4056,#4057,#4058,#4059,#4060)),.UNSPECIFIED.,.F.,.F.,.F.)
B_SPLINE_SURFACE_WITH_KNOTS((2,2),(3,2,2,3),(-17.2622013799393,-0.0292944582923447),
(2.61834995255053,4.01437597110664,5.41040198966274,6.80642800821884),
 .UNSPECIFIED.)
GEOMETRIC_REPRESENTATION_ITEM()
RATIONAL_B_SPLINE_SURFACE(((1.,0.766120731161131,1.,0.766120731161131,1.,
0.766120731161131,1.),(1.,0.766120731161131,1.,0.766120731161131,1.,0.766120731161131,
1.)))
REPRESENTATION_ITEM('')
SURFACE()
);
#2508=(
BOUNDED_SURFACE()
B_SPLINE_SURFACE(1,2,((#4070,#4071,#4072,#4073,#4074,#4075,#4076,#4077,
#4078),(#4079,#4080,#4081,#4082,#4083,#4084,#4085,#4086,#4087)),
 .UNSPECIFIED.,.F.,.T.,.F.)
B_SPLINE_SURFACE_WITH_KNOTS((2,2),(3,2,2,2,3),(-0.0952380952380953,9.15933995315754E-16),
(-3.14159265358979,-1.5707963267949,0.,1.5707963267949,3.14159265358979),
 .UNSPECIFIED.)
GEOMETRIC_REPRESENTATION_ITEM()
RATIONAL_B_SPLINE_SURFACE(((1.,0.707106781186548,1.,0.707106781186548,1.,
0.707106781186548,1.,0.707106781186548,1.),(1.,0.707106781186548,1.,0.707106781186548,
1.,0.707106781186548,1.,0.707106781186548,1.)))
REPRESENTATION_ITEM('')
SURFACE()
);
#2509=(
BOUNDED_SURFACE()
B_SPLINE_SURFACE(1,2,((#4143,#4144,#4145,#4146,#4147,#4148,#4149),(#4150,
#4151,#4152,#4153,#4154,#4155,#4156)),.UNSPECIFIED.,.F.,.F.,.F.)
B_SPLINE_SURFACE_WITH_KNOTS((2,2),(3,2,2,3),(-17.2622013799393,-0.0292944582923269),
(-0.523242701039349,0.872783317516814,2.26880933607298,3.66483535462914),
 .UNSPECIFIED.)
GEOMETRIC_REPRESENTATION_ITEM()
RATIONAL_B_SPLINE_SURFACE(((1.,0.766120731161112,1.,0.766120731161112,1.,
0.766120731161112,1.),(1.,0.766120731161112,1.,0.766120731161112,1.,0.766120731161112,
1.)))
REPRESENTATION_ITEM('')
SURFACE()
);
#2510=(
BOUNDED_SURFACE()
B_SPLINE_SURFACE(1,2,((#4178,#4179,#4180,#4181,#4182,#4183,#4184),(#4185,
#4186,#4187,#4188,#4189,#4190,#4191)),.UNSPECIFIED.,.F.,.F.,.F.)
B_SPLINE_SURFACE_WITH_KNOTS((2,2),(3,2,2,3),(-17.2622013799393,-0.0292944582923269),
(2.61834995255053,4.01437597110664,5.41040198966274,6.80642800821884),
 .UNSPECIFIED.)
GEOMETRIC_REPRESENTATION_ITEM()
RATIONAL_B_SPLINE_SURFACE(((1.,0.766120731161131,1.,0.766120731161131,1.,
0.766120731161131,1.),(1.,0.766120731161131,1.,0.766120731161131,1.,0.766120731161131,
1.)))
REPRESENTATION_ITEM('')
SURFACE()
);
#2511=(
BOUNDED_SURFACE()
B_SPLINE_SURFACE(1,2,((#4201,#4202,#4203,#4204,#4205,#4206,#4207,#4208,
#4209),(#4210,#4211,#4212,#4213,#4214,#4215,#4216,#4217,#4218)),
 .UNSPECIFIED.,.F.,.T.,.F.)
B_SPLINE_SURFACE_WITH_KNOTS((2,2),(3,2,2,2,3),(-0.0952380952380953,9.15933995315754E-16),
(-3.14159265358979,-1.5707963267949,0.,1.5707963267949,3.14159265358979),
 .UNSPECIFIED.)
GEOMETRIC_REPRESENTATION_ITEM()
RATIONAL_B_SPLINE_SURFACE(((1.,0.707106781186548,1.,0.707106781186548,1.,
0.707106781186548,1.,0.707106781186548,1.),(1.,0.707106781186548,1.,0.707106781186548,
1.,0.707106781186548,1.,0.707106781186548,1.)))
REPRESENTATION_ITEM('')
SURFACE()
);
#2512=(
BOUNDED_SURFACE()
B_SPLINE_SURFACE(1,2,((#4287,#4288,#4289,#4290,#4291,#4292,#4293,#4294,
#4295),(#4296,#4297,#4298,#4299,#4300,#4301,#4302,#4303,#4304)),
 .UNSPECIFIED.,.F.,.T.,.F.)
B_SPLINE_SURFACE_WITH_KNOTS((2,2),(3,2,2,2,3),(-0.22263087724611,-0.00378472458232154),
(-3.14159265358979,-1.5707963267949,0.,1.5707963267949,3.14159265358979),
 .UNSPECIFIED.)
GEOMETRIC_REPRESENTATION_ITEM()
RATIONAL_B_SPLINE_SURFACE(((1.,0.707106781186548,1.,0.707106781186548,1.,
0.707106781186548,1.,0.707106781186548,1.),(1.,0.707106781186548,1.,0.707106781186548,
1.,0.707106781186548,1.,0.707106781186548,1.)))
REPRESENTATION_ITEM('')
SURFACE()
);
#2513=(
BOUNDED_SURFACE()
B_SPLINE_SURFACE(1,2,((#4310,#4311,#4312,#4313,#4314,#4315,#4316,#4317,
#4318),(#4319,#4320,#4321,#4322,#4323,#4324,#4325,#4326,#4327)),
 .UNSPECIFIED.,.F.,.T.,.F.)
B_SPLINE_SURFACE_WITH_KNOTS((2,2),(3,2,2,2,3),(-1.25052096363985,2.22044604925031E-16),
(-3.14159265358979,-1.5707963267949,0.,1.5707963267949,3.14159265358979),
 .UNSPECIFIED.)
GEOMETRIC_REPRESENTATION_ITEM()
RATIONAL_B_SPLINE_SURFACE(((1.,0.707106781186548,1.,0.707106781186548,1.,
0.707106781186548,1.,0.707106781186548,1.),(1.,0.707106781186548,1.,0.707106781186548,
1.,0.707106781186548,1.,0.707106781186548,1.)))
REPRESENTATION_ITEM('')
SURFACE()
);
#2514=(
BOUNDED_SURFACE()
B_SPLINE_SURFACE(1,2,((#4334,#4335,#4336,#4337,#4338,#4339,#4340,#4341,
#4342),(#4343,#4344,#4345,#4346,#4347,#4348,#4349,#4350,#4351)),
 .UNSPECIFIED.,.F.,.T.,.F.)
B_SPLINE_SURFACE_WITH_KNOTS((2,2),(3,2,2,2,3),(-1.19098478294466,4.44089209850063E-16),
(-3.14159265358979,-1.5707963267949,0.,1.5707963267949,3.14159265358979),
 .UNSPECIFIED.)
GEOMETRIC_REPRESENTATION_ITEM()
RATIONAL_B_SPLINE_SURFACE(((1.,0.707106781186548,1.,0.707106781186548,1.,
0.707106781186548,1.,0.707106781186548,1.),(1.,0.707106781186548,1.,0.707106781186548,
1.,0.707106781186548,1.,0.707106781186548,1.)))
REPRESENTATION_ITEM('')
SURFACE()
);
#2515=(
BOUNDED_SURFACE()
B_SPLINE_SURFACE(1,2,((#4361,#4362,#4363,#4364,#4365,#4366,#4367,#4368,
#4369),(#4370,#4371,#4372,#4373,#4374,#4375,#4376,#4377,#4378)),
 .UNSPECIFIED.,.F.,.T.,.F.)
B_SPLINE_SURFACE_WITH_KNOTS((2,2),(3,2,2,2,3),(0.0150021029157507,3.54490592526455),
(-3.14159265358979,-1.5707963267949,0.,1.5707963267949,3.14159265358979),
 .UNSPECIFIED.)
GEOMETRIC_REPRESENTATION_ITEM()
RATIONAL_B_SPLINE_SURFACE(((1.,0.707106781186548,1.,0.707106781186548,1.,
0.707106781186548,1.,0.707106781186548,1.),(1.,0.707106781186548,1.,0.707106781186548,
1.,0.707106781186548,1.,0.707106781186548,1.)))
REPRESENTATION_ITEM('')
SURFACE()
);
#2516=(
BOUNDED_SURFACE()
B_SPLINE_SURFACE(1,2,((#4384,#4385,#4386,#4387,#4388,#4389,#4390,#4391,
#4392),(#4393,#4394,#4395,#4396,#4397,#4398,#4399,#4400,#4401)),
 .UNSPECIFIED.,.F.,.T.,.F.)
B_SPLINE_SURFACE_WITH_KNOTS((2,2),(3,2,2,2,3),(7.39460787311779E-9,1.98497464193841),
(-3.14159265358979,-1.5707963267949,0.,1.5707963267949,3.14159265358979),
 .UNSPECIFIED.)
GEOMETRIC_REPRESENTATION_ITEM()
RATIONAL_B_SPLINE_SURFACE(((1.,0.707106781186548,1.,0.707106781186548,1.,
0.707106781186548,1.,0.707106781186548,1.),(1.,0.707106781186548,1.,0.707106781186548,
1.,0.707106781186548,1.,0.707106781186548,1.)))
REPRESENTATION_ITEM('')
SURFACE()
);
#2517=(
BOUNDED_SURFACE()
B_SPLINE_SURFACE(1,2,((#4415,#4416,#4417,#4418,#4419,#4420,#4421,#4422,
#4423),(#4424,#4425,#4426,#4427,#4428,#4429,#4430,#4431,#4432)),
 .UNSPECIFIED.,.F.,.T.,.F.)
B_SPLINE_SURFACE_WITH_KNOTS((2,2),(3,2,2,2,3),(-2.47532153173894E-15,0.135339178502503),
(-3.14159265358979,-1.5707963267949,0.,1.5707963267949,3.14159265358979),
 .UNSPECIFIED.)
GEOMETRIC_REPRESENTATION_ITEM()
RATIONAL_B_SPLINE_SURFACE(((1.,0.707106781186548,1.,0.707106781186548,1.,
0.707106781186548,1.,0.707106781186548,1.),(1.,0.707106781186548,1.,0.707106781186548,
1.,0.707106781186548,1.,0.707106781186548,1.)))
REPRESENTATION_ITEM('')
SURFACE()
);
#2518=(
BOUNDED_SURFACE()
B_SPLINE_SURFACE(1,2,((#4437,#4438,#4439,#4440,#4441,#4442,#4443,#4444,
#4445),(#4446,#4447,#4448,#4449,#4450,#4451,#4452,#4453,#4454)),
 .UNSPECIFIED.,.F.,.T.,.F.)
B_SPLINE_SURFACE_WITH_KNOTS((2,2),(3,2,2,2,3),(-0.090226121174555,0.0902261211745517),
(-3.14159265358979,-1.5707963267949,0.,1.5707963267949,3.14159265358979),
 .UNSPECIFIED.)
GEOMETRIC_REPRESENTATION_ITEM()
RATIONAL_B_SPLINE_SURFACE(((1.,0.707106781186548,1.,0.707106781186548,1.,
0.707106781186548,1.,0.707106781186548,1.),(1.,0.707106781186548,1.,0.707106781186548,
1.,0.707106781186548,1.,0.707106781186548,1.)))
REPRESENTATION_ITEM('')
SURFACE()
);
#2519=(
BOUNDED_SURFACE()
B_SPLINE_SURFACE(1,2,((#4461,#4462,#4463,#4464,#4465,#4466,#4467,#4468,
#4469),(#4470,#4471,#4472,#4473,#4474,#4475,#4476,#4477,#4478)),
 .UNSPECIFIED.,.F.,.T.,.F.)
B_SPLINE_SURFACE_WITH_KNOTS((2,2),(3,2,2,2,3),(-0.112645082043278,0.112645082043274),
(-3.14159265358979,-1.5707963267949,0.,1.5707963267949,3.14159265358979),
 .UNSPECIFIED.)
GEOMETRIC_REPRESENTATION_ITEM()
RATIONAL_B_SPLINE_SURFACE(((1.,0.707106781186548,1.,0.707106781186548,1.,
0.707106781186548,1.,0.707106781186548,1.),(1.,0.707106781186548,1.,0.707106781186548,
1.,0.707106781186548,1.,0.707106781186548,1.)))
REPRESENTATION_ITEM('')
SURFACE()
);
#2520=(
BOUNDED_SURFACE()
B_SPLINE_SURFACE(1,2,((#4509,#4510,#4511,#4512,#4513,#4514,#4515,#4516,
#4517),(#4518,#4519,#4520,#4521,#4522,#4523,#4524,#4525,#4526)),
 .UNSPECIFIED.,.F.,.F.,.F.)
B_SPLINE_SURFACE_WITH_KNOTS((2,2),(3,2,2,2,3),(-0.0903046753474763,0.0903046753474732),
(2.1685208136932,3.43330338169428,4.69808594969536,5.96286851769644,7.22765108569752),
 .UNSPECIFIED.)
GEOMETRIC_REPRESENTATION_ITEM()
RATIONAL_B_SPLINE_SURFACE(((1.,0.806616386974962,1.,0.806616386974962,1.,
0.806616386974962,1.,0.806616386974962,1.),(1.,0.806616386974962,1.,0.806616386974962,
1.,0.806616386974962,1.,0.806616386974962,1.)))
REPRESENTATION_ITEM('')
SURFACE()
);
#2521=(
BOUNDED_SURFACE()
B_SPLINE_SURFACE(1,2,((#4546,#4547,#4548,#4549,#4550,#4551,#4552,#4553,
#4554),(#4555,#4556,#4557,#4558,#4559,#4560,#4561,#4562,#4563)),
 .UNSPECIFIED.,.F.,.F.,.F.)
B_SPLINE_SURFACE_WITH_KNOTS((2,2),(3,2,2,2,3),(-1.25160964263801,3.10862446895044E-15),
(-1.07297982214816,0.242126584082754,1.55723299031367,2.87233939654459,
4.18744580277551),.UNSPECIFIED.)
GEOMETRIC_REPRESENTATION_ITEM()
RATIONAL_B_SPLINE_SURFACE(((1.,0.791490037636269,1.,0.791490037636269,1.,
0.791490037636269,1.,0.791490037636269,1.),(1.,0.791490037636269,1.,0.791490037636269,
1.,0.791490037636269,1.,0.791490037636269,1.)))
REPRESENTATION_ITEM('')
SURFACE()
);
#2522=(
BOUNDED_SURFACE()
B_SPLINE_SURFACE(1,2,((#4626,#4627,#4628,#4629,#4630,#4631,#4632,#4633,
#4634),(#4635,#4636,#4637,#4638,#4639,#4640,#4641,#4642,#4643)),
 .UNSPECIFIED.,.F.,.T.,.F.)
B_SPLINE_SURFACE_WITH_KNOTS((2,2),(3,2,2,2,3),(-1.19202169801277,4.44089209850063E-16),
(-3.14159265358979,-1.5707963267949,0.,1.5707963267949,3.14159265358979),
 .UNSPECIFIED.)
GEOMETRIC_REPRESENTATION_ITEM()
RATIONAL_B_SPLINE_SURFACE(((1.,0.707106781186548,1.,0.707106781186548,1.,
0.707106781186548,1.,0.707106781186548,1.),(1.,0.707106781186548,1.,0.707106781186548,
1.,0.707106781186548,1.,0.707106781186548,1.)))
REPRESENTATION_ITEM('')
SURFACE()
);
#2523=(
BOUNDED_SURFACE()
B_SPLINE_SURFACE(1,2,((#4655,#4656,#4657,#4658,#4659,#4660,#4661,#4662,
#4663),(#4664,#4665,#4666,#4667,#4668,#4669,#4670,#4671,#4672)),
 .UNSPECIFIED.,.F.,.T.,.F.)
B_SPLINE_SURFACE_WITH_KNOTS((2,2),(3,2,2,2,3),(-2.46733870418802E-15,0.135457009759042),
(-3.14159265358979,-1.5707963267949,0.,1.5707963267949,3.14159265358979),
 .UNSPECIFIED.)
GEOMETRIC_REPRESENTATION_ITEM()
RATIONAL_B_SPLINE_SURFACE(((1.,0.707106781186548,1.,0.707106781186548,1.,
0.707106781186548,1.,0.707106781186548,1.),(1.,0.707106781186548,1.,0.707106781186548,
1.,0.707106781186548,1.,0.707106781186548,1.)))
REPRESENTATION_ITEM('')
SURFACE()
);
#2524=(
BOUNDED_SURFACE()
B_SPLINE_SURFACE(1,2,((#4694,#4695,#4696,#4697,#4698,#4699,#4700,#4701,
#4702),(#4703,#4704,#4705,#4706,#4707,#4708,#4709,#4710,#4711)),
 .UNSPECIFIED.,.F.,.F.,.F.)
B_SPLINE_SURFACE_WITH_KNOTS((2,2),(3,2,2,2,3),(-0.547356871257143,7.7715611723761E-16),
(-0.896946841916605,0.329366792572739,1.55568042706208,2.78199406155143,
4.00830769604077),.UNSPECIFIED.)
GEOMETRIC_REPRESENTATION_ITEM()
RATIONAL_B_SPLINE_SURFACE(((1.,0.817835498876417,1.,0.817835498876417,1.,
0.817835498876417,1.,0.817835498876417,1.),(1.,0.817835498876417,1.,0.817835498876417,
1.,0.817835498876417,1.,0.817835498876417,1.)))
REPRESENTATION_ITEM('')
SURFACE()
);
#2525=(
BOUNDED_SURFACE()
B_SPLINE_SURFACE(1,2,((#4912,#4913,#4914,#4915,#4916,#4917,#4918,#4919,
#4920),(#4921,#4922,#4923,#4924,#4925,#4926,#4927,#4928,#4929)),
 .UNSPECIFIED.,.F.,.T.,.F.)
B_SPLINE_SURFACE_WITH_KNOTS((2,2),(3,2,2,2,3),(-0.98571910852206,8.88178419700125E-16),
(-3.14159265358979,-1.5707963267949,0.,1.5707963267949,3.14159265358979),
 .UNSPECIFIED.)
GEOMETRIC_REPRESENTATION_ITEM()
RATIONAL_B_SPLINE_SURFACE(((1.,0.707106781186548,1.,0.707106781186548,1.,
0.707106781186548,1.,0.707106781186548,1.),(1.,0.707106781186548,1.,0.707106781186548,
1.,0.707106781186548,1.,0.707106781186548,1.)))
REPRESENTATION_ITEM('')
SURFACE()
);
#2526=(
BOUNDED_SURFACE()
B_SPLINE_SURFACE(1,2,((#4937,#4938,#4939,#4940,#4941,#4942,#4943,#4944,
#4945),(#4946,#4947,#4948,#4949,#4950,#4951,#4952,#4953,#4954)),
 .UNSPECIFIED.,.F.,.T.,.F.)
B_SPLINE_SURFACE_WITH_KNOTS((2,2),(3,2,2,2,3),(-3.02601676063384,4.44089209850063E-16),
(-3.14159265358979,-1.5707963267949,0.,1.5707963267949,3.14159265358979),
 .UNSPECIFIED.)
GEOMETRIC_REPRESENTATION_ITEM()
RATIONAL_B_SPLINE_SURFACE(((1.,0.707106781186548,1.,0.707106781186548,1.,
0.707106781186548,1.,0.707106781186548,1.),(1.,0.707106781186548,1.,0.707106781186548,
1.,0.707106781186548,1.,0.707106781186548,1.)))
REPRESENTATION_ITEM('')
SURFACE()
);
#2527=(
BOUNDED_SURFACE()
B_SPLINE_SURFACE(1,2,((#4962,#4963,#4964,#4965,#4966,#4967,#4968,#4969,
#4970),(#4971,#4972,#4973,#4974,#4975,#4976,#4977,#4978,#4979)),
 .UNSPECIFIED.,.F.,.T.,.F.)
B_SPLINE_SURFACE_WITH_KNOTS((2,2),(3,2,2,2,3),(-3.39466915846455E-16,5.32949459655513),
(-3.14159265358979,-1.5707963267949,0.,1.5707963267949,3.14159265358979),
 .UNSPECIFIED.)
GEOMETRIC_REPRESENTATION_ITEM()
RATIONAL_B_SPLINE_SURFACE(((1.,0.707106781186548,1.,0.707106781186548,1.,
0.707106781186548,1.,0.707106781186548,1.),(1.,0.707106781186548,1.,0.707106781186548,
1.,0.707106781186548,1.,0.707106781186548,1.)))
REPRESENTATION_ITEM('')
SURFACE()
);
#2528=(
BOUNDED_SURFACE()
B_SPLINE_SURFACE(1,2,((#4987,#4988,#4989,#4990,#4991,#4992,#4993,#4994,
#4995),(#4996,#4997,#4998,#4999,#5000,#5001,#5002,#5003,#5004)),
 .UNSPECIFIED.,.F.,.T.,.F.)
B_SPLINE_SURFACE_WITH_KNOTS((2,2),(3,2,2,2,3),(-1.78974641402133,2.22044604925031E-16),
(-3.14159265358979,-1.5707963267949,0.,1.5707963267949,3.14159265358979),
 .UNSPECIFIED.)
GEOMETRIC_REPRESENTATION_ITEM()
RATIONAL_B_SPLINE_SURFACE(((1.,0.707106781186548,1.,0.707106781186548,1.,
0.707106781186548,1.,0.707106781186548,1.),(1.,0.707106781186548,1.,0.707106781186548,
1.,0.707106781186548,1.,0.707106781186548,1.)))
REPRESENTATION_ITEM('')
SURFACE()
);
#2529=(
BOUNDED_SURFACE()
B_SPLINE_SURFACE(1,2,((#5012,#5013,#5014,#5015,#5016,#5017,#5018,#5019,
#5020),(#5021,#5022,#5023,#5024,#5025,#5026,#5027,#5028,#5029)),
 .UNSPECIFIED.,.F.,.T.,.F.)
B_SPLINE_SURFACE_WITH_KNOTS((2,2),(3,2,2,2,3),(-2.23582296077154,4.44089209850063E-16),
(-3.14159265358979,-1.5707963267949,0.,1.5707963267949,3.14159265358979),
 .UNSPECIFIED.)
GEOMETRIC_REPRESENTATION_ITEM()
RATIONAL_B_SPLINE_SURFACE(((1.,0.707106781186548,1.,0.707106781186548,1.,
0.707106781186548,1.,0.707106781186548,1.),(1.,0.707106781186548,1.,0.707106781186548,
1.,0.707106781186548,1.,0.707106781186548,1.)))
REPRESENTATION_ITEM('')
SURFACE()
);
#2530=ADVANCED_FACE('',(#288),#2501,.T.);
#2531=ADVANCED_FACE('',(#289),#2502,.T.);
#2532=ADVANCED_FACE('',(#290,#117),#164,.T.);
#2533=ADVANCED_FACE('',(#291),#2503,.F.);
#2534=ADVANCED_FACE('',(#292,#118),#165,.T.);
#2535=ADVANCED_FACE('',(#293,#119),#166,.F.);
#2536=ADVANCED_FACE('',(#294),#2504,.T.);
#2537=ADVANCED_FACE('',(#295),#167,.T.);
#2538=ADVANCED_FACE('',(#296),#2505,.F.);
#2539=ADVANCED_FACE('',(#297,#120),#168,.T.);
#2540=ADVANCED_FACE('',(#298),#169,.F.);
#2541=ADVANCED_FACE('',(#299),#67,.F.);
#2542=ADVANCED_FACE('',(#300),#170,.F.);
#2543=ADVANCED_FACE('',(#301),#171,.F.);
#2544=ADVANCED_FACE('',(#302),#172,.T.);
#2545=ADVANCED_FACE('',(#303,#121),#173,.F.);
#2546=ADVANCED_FACE('',(#304,#122),#174,.F.);
#2547=ADVANCED_FACE('',(#305),#2506,.T.);
#2548=ADVANCED_FACE('',(#306),#175,.F.);
#2549=ADVANCED_FACE('',(#307,#123),#176,.T.);
#2550=ADVANCED_FACE('',(#308),#177,.T.);
#2551=ADVANCED_FACE('',(#309),#178,.F.);
#2552=ADVANCED_FACE('',(#310),#2507,.T.);
#2553=ADVANCED_FACE('',(#311),#179,.T.);
#2554=ADVANCED_FACE('',(#312),#180,.T.);
#2555=ADVANCED_FACE('',(#313),#2508,.F.);
#2556=ADVANCED_FACE('',(#314,#124),#181,.T.);
#2557=ADVANCED_FACE('',(#315,#125),#182,.F.);
#2558=ADVANCED_FACE('',(#316),#68,.F.);
#2559=ADVANCED_FACE('',(#317),#183,.F.);
#2560=ADVANCED_FACE('',(#318),#184,.F.);
#2561=ADVANCED_FACE('',(#319),#185,.T.);
#2562=ADVANCED_FACE('',(#320,#126),#186,.F.);
#2563=ADVANCED_FACE('',(#321,#127),#187,.F.);
#2564=ADVANCED_FACE('',(#322),#2509,.T.);
#2565=ADVANCED_FACE('',(#323),#188,.F.);
#2566=ADVANCED_FACE('',(#324,#128),#189,.T.);
#2567=ADVANCED_FACE('',(#325),#190,.T.);
#2568=ADVANCED_FACE('',(#326),#191,.F.);
#2569=ADVANCED_FACE('',(#327),#2510,.T.);
#2570=ADVANCED_FACE('',(#328),#192,.T.);
#2571=ADVANCED_FACE('',(#329),#193,.T.);
#2572=ADVANCED_FACE('',(#330),#2511,.F.);
#2573=ADVANCED_FACE('',(#331,#129),#194,.T.);
#2574=ADVANCED_FACE('',(#332,#130),#195,.F.);
#2575=ADVANCED_FACE('',(#333),#196,.F.);
#2576=ADVANCED_FACE('',(#334),#197,.F.);
#2577=ADVANCED_FACE('',(#335),#198,.F.);
#2578=ADVANCED_FACE('',(#336),#199,.F.);
#2579=ADVANCED_FACE('',(#337),#200,.F.);
#2580=ADVANCED_FACE('',(#338),#201,.F.);
#2581=ADVANCED_FACE('',(#339),#202,.F.);
#2582=ADVANCED_FACE('',(#340),#203,.F.);
#2583=ADVANCED_FACE('',(#341),#204,.F.);
#2584=ADVANCED_FACE('',(#342),#205,.F.);
#2585=ADVANCED_FACE('',(#343),#2512,.T.);
#2586=ADVANCED_FACE('',(#344,#131),#2513,.T.);
#2587=ADVANCED_FACE('',(#345,#132),#206,.T.);
#2588=ADVANCED_FACE('',(#346,#133),#2514,.F.);
#2589=ADVANCED_FACE('',(#347,#134),#207,.F.);
#2590=ADVANCED_FACE('',(#348,#135),#208,.T.);
#2591=ADVANCED_FACE('',(#349),#2515,.T.);
#2592=ADVANCED_FACE('',(#350),#2516,.F.);
#2593=ADVANCED_FACE('',(#351,#136),#209,.T.);
#2594=ADVANCED_FACE('',(#352,#137),#210,.T.);
#2595=ADVANCED_FACE('',(#353),#211,.T.);
#2596=ADVANCED_FACE('',(#354,#138),#212,.T.);
#2597=ADVANCED_FACE('',(#355),#2517,.F.);
#2598=ADVANCED_FACE('',(#356),#213,.F.);
#2599=ADVANCED_FACE('',(#357),#2518,.F.);
#2600=ADVANCED_FACE('',(#358,#139),#214,.T.);
#2601=ADVANCED_FACE('',(#359),#2519,.T.);
#2602=ADVANCED_FACE('',(#360),#69,.F.);
#2603=ADVANCED_FACE('',(#361),#215,.F.);
#2604=ADVANCED_FACE('',(#362),#70,.F.);
#2605=ADVANCED_FACE('',(#363),#216,.F.);
#2606=ADVANCED_FACE('',(#364),#71,.F.);
#2607=ADVANCED_FACE('',(#365),#217,.F.);
#2608=ADVANCED_FACE('',(#366),#72,.F.);
#2609=ADVANCED_FACE('',(#367),#218,.F.);
#2610=ADVANCED_FACE('',(#368),#2520,.T.);
#2611=ADVANCED_FACE('',(#369),#219,.F.);
#2612=ADVANCED_FACE('',(#370),#220,.F.);
#2613=ADVANCED_FACE('',(#371,#140),#2521,.F.);
#2614=ADVANCED_FACE('',(#372),#221,.T.);
#2615=ADVANCED_FACE('',(#373),#222,.T.);
#2616=ADVANCED_FACE('',(#374),#223,.T.);
#2617=ADVANCED_FACE('',(#375),#224,.T.);
#2618=ADVANCED_FACE('',(#376),#225,.T.);
#2619=ADVANCED_FACE('',(#377),#226,.T.);
#2620=ADVANCED_FACE('',(#378),#227,.T.);
#2621=ADVANCED_FACE('',(#379),#228,.T.);
#2622=ADVANCED_FACE('',(#380),#229,.T.);
#2623=ADVANCED_FACE('',(#381),#230,.T.);
#2624=ADVANCED_FACE('',(#382,#141),#2522,.T.);
#2625=ADVANCED_FACE('',(#383,#142),#231,.T.);
#2626=ADVANCED_FACE('',(#384,#143),#232,.F.);
#2627=ADVANCED_FACE('',(#385),#2523,.T.);
#2628=ADVANCED_FACE('',(#386,#144),#233,.T.);
#2629=ADVANCED_FACE('',(#387),#234,.F.);
#2630=ADVANCED_FACE('',(#388),#73,.F.);
#2631=ADVANCED_FACE('',(#389),#74,.F.);
#2632=ADVANCED_FACE('',(#390),#235,.F.);
#2633=ADVANCED_FACE('',(#391),#2524,.T.);
#2634=ADVANCED_FACE('',(#392),#236,.T.);
#2635=ADVANCED_FACE('',(#393),#75,.F.);
#2636=ADVANCED_FACE('',(#394),#76,.F.);
#2637=ADVANCED_FACE('',(#395),#77,.F.);
#2638=ADVANCED_FACE('',(#396),#237,.T.);
#2639=ADVANCED_FACE('',(#397),#78,.F.);
#2640=ADVANCED_FACE('',(#398),#238,.T.);
#2641=ADVANCED_FACE('',(#399),#79,.F.);
#2642=ADVANCED_FACE('',(#400),#239,.T.);
#2643=ADVANCED_FACE('',(#401),#80,.F.);
#2644=ADVANCED_FACE('',(#402),#240,.T.);
#2645=ADVANCED_FACE('',(#403,#145,#146,#147,#148),#241,.T.);
#2646=ADVANCED_FACE('',(#404,#149,#150,#151),#242,.F.);
#2647=ADVANCED_FACE('',(#405),#243,.F.);
#2648=ADVANCED_FACE('',(#406),#244,.T.);
#2649=ADVANCED_FACE('',(#407),#245,.T.);
#2650=ADVANCED_FACE('',(#408,#152,#153),#246,.T.);
#2651=ADVANCED_FACE('',(#409),#247,.T.);
#2652=ADVANCED_FACE('',(#410),#248,.T.);
#2653=ADVANCED_FACE('',(#411),#249,.T.);
#2654=ADVANCED_FACE('',(#412,#154),#250,.T.);
#2655=ADVANCED_FACE('',(#413,#155,#156,#157,#158,#159),#251,.T.);
#2656=ADVANCED_FACE('',(#414),#252,.T.);
#2657=ADVANCED_FACE('',(#415),#253,.T.);
#2658=ADVANCED_FACE('',(#416),#254,.F.);
#2659=ADVANCED_FACE('',(#417),#255,.F.);
#2660=ADVANCED_FACE('',(#418),#256,.T.);
#2661=ADVANCED_FACE('',(#419,#160),#257,.T.);
#2662=ADVANCED_FACE('',(#420),#258,.T.);
#2663=ADVANCED_FACE('',(#421),#81,.F.);
#2664=ADVANCED_FACE('',(#422,#161),#82,.F.);
#2665=ADVANCED_FACE('',(#423),#259,.F.);
#2666=ADVANCED_FACE('',(#424),#260,.T.);
#2667=ADVANCED_FACE('',(#425,#162),#261,.T.);
#2668=ADVANCED_FACE('',(#426),#262,.F.);
#2669=ADVANCED_FACE('',(#427,#163),#263,.F.);
#2670=ADVANCED_FACE('',(#428),#264,.F.);
#2671=ADVANCED_FACE('',(#429),#265,.F.);
#2672=ADVANCED_FACE('',(#430),#266,.T.);
#2673=ADVANCED_FACE('',(#431),#2525,.F.);
#2674=ADVANCED_FACE('',(#432),#267,.T.);
#2675=ADVANCED_FACE('',(#433),#268,.F.);
#2676=ADVANCED_FACE('',(#434),#2526,.F.);
#2677=ADVANCED_FACE('',(#435),#269,.T.);
#2678=ADVANCED_FACE('',(#436),#270,.F.);
#2679=ADVANCED_FACE('',(#437),#2527,.F.);
#2680=ADVANCED_FACE('',(#438),#271,.T.);
#2681=ADVANCED_FACE('',(#439),#272,.F.);
#2682=ADVANCED_FACE('',(#440),#2528,.F.);
#2683=ADVANCED_FACE('',(#441),#273,.T.);
#2684=ADVANCED_FACE('',(#442),#274,.F.);
#2685=ADVANCED_FACE('',(#443),#2529,.F.);
#2686=ADVANCED_FACE('',(#444),#275,.T.);
#2687=ADVANCED_FACE('',(#445),#276,.F.);
#2688=ADVANCED_FACE('',(#446),#277,.T.);
#2689=ADVANCED_FACE('',(#447),#278,.T.);
#2690=ADVANCED_FACE('',(#448),#279,.T.);
#2691=ADVANCED_FACE('',(#449),#280,.T.);
#2692=ADVANCED_FACE('',(#450),#281,.T.);
#2693=ADVANCED_FACE('',(#451),#282,.T.);
#2694=ADVANCED_FACE('',(#452),#283,.T.);
#2695=ADVANCED_FACE('',(#453),#284,.T.);
#2696=ADVANCED_FACE('',(#454),#285,.T.);
#2697=ADVANCED_FACE('',(#455),#286,.T.);
#2698=ADVANCED_FACE('',(#456),#287,.T.);
#2699=CLOSED_SHELL('',(#2530,#2531,#2532,#2533,#2534,#2535));
#2700=CLOSED_SHELL('',(#2536,#2537,#2538,#2539,#2540));
#2701=CLOSED_SHELL('',(#2541,#2542,#2543,#2544,#2545,#2546,#2547,#2548,
#2549,#2550,#2551,#2552,#2553,#2554,#2555,#2556,#2557));
#2702=CLOSED_SHELL('',(#2558,#2559,#2560,#2561,#2562,#2563,#2564,#2565,
#2566,#2567,#2568,#2569,#2570,#2571,#2572,#2573,#2574));
#2703=CLOSED_SHELL('',(#2575,#2576,#2577,#2578,#2579,#2580,#2581,#2582,
#2583,#2584,#2585,#2586,#2587,#2588,#2589,#2590,#2591,#2592,#2593,#2594,
#2595,#2596,#2597,#2598,#2599,#2600,#2601));
#2704=CLOSED_SHELL('',(#2602,#2603,#2604,#2605,#2606,#2607,#2608,#2609,
#2610,#2611,#2612,#2613,#2614,#2615,#2616,#2617,#2618,#2619,#2620,#2621,
#2622,#2623,#2624,#2625,#2626,#2627,#2628,#2629,#2630,#2631,#2632,#2633,
#2634,#2635,#2636,#2637,#2638,#2639,#2640,#2641,#2642,#2643,#2644,#2645,
#2646,#2647,#2648,#2649,#2650,#2651,#2652,#2653,#2654,#2655,#2656,#2657,
#2658,#2659,#2660,#2661,#2662,#2663,#2664,#2665,#2666,#2667,#2668,#2669,
#2670,#2671,#2672));
#2705=CLOSED_SHELL('',(#2673,#2674,#2675));
#2706=CLOSED_SHELL('',(#2676,#2677,#2678));
#2707=CLOSED_SHELL('',(#2679,#2680,#2681));
#2708=CLOSED_SHELL('',(#2682,#2683,#2684));
#2709=CLOSED_SHELL('',(#2685,#2686,#2687));
#2710=CLOSED_SHELL('',(#2688,#2689,#2690,#2691,#2692,#2693,#2694,#2695,
#2696,#2697,#2698));
#2711=DERIVED_UNIT_ELEMENT(#2721,1.);
#2712=DERIVED_UNIT_ELEMENT(#5099,-3.);
#2713=DERIVED_UNIT_ELEMENT(#2721,1.);
#2714=DERIVED_UNIT_ELEMENT(#5099,-3.);
#2715=DERIVED_UNIT_ELEMENT(#2721,1.);
#2716=DERIVED_UNIT_ELEMENT(#5099,-3.);
#2717=DERIVED_UNIT_ELEMENT(#2721,1.);
#2718=DERIVED_UNIT_ELEMENT(#5099,-3.);
#2719=DERIVED_UNIT_ELEMENT(#2721,1.);
#2720=DERIVED_UNIT_ELEMENT(#5099,-3.);
#2721=(
MASS_UNIT()
NAMED_UNIT(*)
SI_UNIT(.KILO.,.GRAM.)
);
#2722=DERIVED_UNIT((#2711,#2712));
#2723=DERIVED_UNIT((#2713,#2714));
#2724=DERIVED_UNIT((#2715,#2716));
#2725=DERIVED_UNIT((#2717,#2718));
#2726=DERIVED_UNIT((#2719,#2720));
#2727=MEASURE_REPRESENTATION_ITEM('density measure',
POSITIVE_RATIO_MEASURE(7850.),#2722);
#2728=MEASURE_REPRESENTATION_ITEM('density measure',
POSITIVE_RATIO_MEASURE(7850.),#2723);
#2729=MEASURE_REPRESENTATION_ITEM('density measure',
POSITIVE_RATIO_MEASURE(7850.),#2724);
#2730=MEASURE_REPRESENTATION_ITEM('density measure',
POSITIVE_RATIO_MEASURE(7850.),#2725);
#2731=MEASURE_REPRESENTATION_ITEM('density measure',
POSITIVE_RATIO_MEASURE(7850.),#2726);
#2732=PROPERTY_DEFINITION_REPRESENTATION(#2757,#2742);
#2733=PROPERTY_DEFINITION_REPRESENTATION(#2758,#2743);
#2734=PROPERTY_DEFINITION_REPRESENTATION(#2759,#2744);
#2735=PROPERTY_DEFINITION_REPRESENTATION(#2760,#2745);
#2736=PROPERTY_DEFINITION_REPRESENTATION(#2761,#2746);
#2737=PROPERTY_DEFINITION_REPRESENTATION(#2762,#2747);
#2738=PROPERTY_DEFINITION_REPRESENTATION(#2763,#2748);
#2739=PROPERTY_DEFINITION_REPRESENTATION(#2764,#2749);
#2740=PROPERTY_DEFINITION_REPRESENTATION(#2765,#2750);
#2741=PROPERTY_DEFINITION_REPRESENTATION(#2766,#2751);
#2742=REPRESENTATION('material name',(#2752),#5092);
#2743=REPRESENTATION('density',(#2727),#5092);
#2744=REPRESENTATION('material name',(#2753),#5093);
#2745=REPRESENTATION('density',(#2728),#5093);
#2746=REPRESENTATION('material name',(#2754),#5094);
#2747=REPRESENTATION('density',(#2729),#5094);
#2748=REPRESENTATION('material name',(#2755),#5095);
#2749=REPRESENTATION('density',(#2730),#5095);
#2750=REPRESENTATION('material name',(#2756),#5096);
#2751=REPRESENTATION('density',(#2731),#5096);
#2752=DESCRIPTIVE_REPRESENTATION_ITEM('Steel','Steel');
#2753=DESCRIPTIVE_REPRESENTATION_ITEM('Steel','Steel');
#2754=DESCRIPTIVE_REPRESENTATION_ITEM('Steel','Steel');
#2755=DESCRIPTIVE_REPRESENTATION_ITEM('Steel','Steel');
#2756=DESCRIPTIVE_REPRESENTATION_ITEM('Steel','Steel');
#2757=PROPERTY_DEFINITION('material property','material name',#5127);
#2758=PROPERTY_DEFINITION('material property','density of part',#5127);
#2759=PROPERTY_DEFINITION('material property','material name',#5128);
#2760=PROPERTY_DEFINITION('material property','density of part',#5128);
#2761=PROPERTY_DEFINITION('material property','material name',#5129);
#2762=PROPERTY_DEFINITION('material property','density of part',#5129);
#2763=PROPERTY_DEFINITION('material property','material name',#5130);
#2764=PROPERTY_DEFINITION('material property','density of part',#5130);
#2765=PROPERTY_DEFINITION('material property','material name',#5131);
#2766=PROPERTY_DEFINITION('material property','density of part',#5131);
#2767=AXIS2_PLACEMENT_3D('',#3841,#3052,#3053);
#2768=AXIS2_PLACEMENT_3D('',#3842,#3054,#3055);
#2769=AXIS2_PLACEMENT_3D('',#3862,#3056,#3057);
#2770=AXIS2_PLACEMENT_3D('',#3865,#3059,#3060);
#2771=AXIS2_PLACEMENT_3D('',#3885,#3061,#3062);
#2772=AXIS2_PLACEMENT_3D('',#3888,#3064,#3065);
#2773=AXIS2_PLACEMENT_3D('',#3889,#3066,#3067);
#2774=AXIS2_PLACEMENT_3D('',#3909,#3068,#3069);
#2775=AXIS2_PLACEMENT_3D('',#3912,#3071,#3072);
#2776=AXIS2_PLACEMENT_3D('',#3913,#3073,#3074);
#2777=AXIS2_PLACEMENT_3D('',#3914,#3075,#3076);
#2778=AXIS2_PLACEMENT_3D('',#3934,#3077,#3078);
#2779=AXIS2_PLACEMENT_3D('',#3937,#3080,#3081);
#2780=AXIS2_PLACEMENT_3D('',#3938,#3082,#3083);
#2781=AXIS2_PLACEMENT_3D('',#3958,#3084,#3085);
#2782=AXIS2_PLACEMENT_3D('',#3961,#3087,#3088);
#2783=AXIS2_PLACEMENT_3D('',#3962,#3089,#3090);
#2784=AXIS2_PLACEMENT_3D('',#3963,#3091,#3092);
#2785=AXIS2_PLACEMENT_3D('',#3964,#3093,#3094);
#2786=AXIS2_PLACEMENT_3D('',#3965,#3095,#3096);
#2787=AXIS2_PLACEMENT_3D('',#3967,#3097,#3098);
#2788=AXIS2_PLACEMENT_3D('',#3970,#3100,#3101);
#2789=AXIS2_PLACEMENT_3D('',#3971,#3102,#3103);
#2790=AXIS2_PLACEMENT_3D('',#3980,#3108,#3109);
#2791=AXIS2_PLACEMENT_3D('',#3986,#3113,#3114);
#2792=AXIS2_PLACEMENT_3D('',#3992,#3118,#3119);
#2793=AXIS2_PLACEMENT_3D('',#3995,#3122,#3123);
#2794=AXIS2_PLACEMENT_3D('',#3998,#3124,#3125);
#2795=AXIS2_PLACEMENT_3D('',#4006,#3129,#3130);
#2796=AXIS2_PLACEMENT_3D('',#4029,#3135,#3136);
#2797=AXIS2_PLACEMENT_3D('',#4031,#3138,#3139);
#2798=AXIS2_PLACEMENT_3D('',#4035,#3142,#3143);
#2799=AXIS2_PLACEMENT_3D('',#4039,#3146,#3147);
#2800=AXIS2_PLACEMENT_3D('',#4043,#3150,#3151);
#2801=AXIS2_PLACEMENT_3D('',#4062,#3154,#3155);
#2802=AXIS2_PLACEMENT_3D('',#4064,#3157,#3158);
#2803=AXIS2_PLACEMENT_3D('',#4068,#3161,#3162);
#2804=AXIS2_PLACEMENT_3D('',#4089,#3164,#3165);
#2805=AXIS2_PLACEMENT_3D('',#4092,#3167,#3168);
#2806=AXIS2_PLACEMENT_3D('',#4093,#3169,#3170);
#2807=AXIS2_PLACEMENT_3D('',#4094,#3171,#3172);
#2808=AXIS2_PLACEMENT_3D('',#4095,#3173,#3174);
#2809=AXIS2_PLACEMENT_3D('',#4096,#3175,#3176);
#2810=AXIS2_PLACEMENT_3D('',#4098,#3177,#3178);
#2811=AXIS2_PLACEMENT_3D('',#4101,#3180,#3181);
#2812=AXIS2_PLACEMENT_3D('',#4102,#3182,#3183);
#2813=AXIS2_PLACEMENT_3D('',#4111,#3188,#3189);
#2814=AXIS2_PLACEMENT_3D('',#4117,#3193,#3194);
#2815=AXIS2_PLACEMENT_3D('',#4123,#3198,#3199);
#2816=AXIS2_PLACEMENT_3D('',#4126,#3202,#3203);
#2817=AXIS2_PLACEMENT_3D('',#4129,#3204,#3205);
#2818=AXIS2_PLACEMENT_3D('',#4137,#3209,#3210);
#2819=AXIS2_PLACEMENT_3D('',#4160,#3215,#3216);
#2820=AXIS2_PLACEMENT_3D('',#4162,#3218,#3219);
#2821=AXIS2_PLACEMENT_3D('',#4166,#3222,#3223);
#2822=AXIS2_PLACEMENT_3D('',#4170,#3226,#3227);
#2823=AXIS2_PLACEMENT_3D('',#4174,#3230,#3231);
#2824=AXIS2_PLACEMENT_3D('',#4193,#3234,#3235);
#2825=AXIS2_PLACEMENT_3D('',#4195,#3237,#3238);
#2826=AXIS2_PLACEMENT_3D('',#4199,#3241,#3242);
#2827=AXIS2_PLACEMENT_3D('',#4220,#3244,#3245);
#2828=AXIS2_PLACEMENT_3D('',#4223,#3247,#3248);
#2829=AXIS2_PLACEMENT_3D('',#4224,#3249,#3250);
#2830=AXIS2_PLACEMENT_3D('',#4225,#3251,#3252);
#2831=AXIS2_PLACEMENT_3D('',#4226,#3253,#3254);
#2832=AXIS2_PLACEMENT_3D('',#4227,#3255,#3256);
#2833=AXIS2_PLACEMENT_3D('',#4230,#3257,#3258);
#2834=AXIS2_PLACEMENT_3D('',#4234,#3260,#3261);
#2835=AXIS2_PLACEMENT_3D('',#4236,#3263,#3264);
#2836=AXIS2_PLACEMENT_3D('',#4238,#3265,#3266);
#2837=AXIS2_PLACEMENT_3D('',#4240,#3267,#3268);
#2838=AXIS2_PLACEMENT_3D('',#4242,#3270,#3271);
#2839=AXIS2_PLACEMENT_3D('',#4244,#3272,#3273);
#2840=AXIS2_PLACEMENT_3D('',#4246,#3274,#3275);
#2841=AXIS2_PLACEMENT_3D('',#4248,#3277,#3278);
#2842=AXIS2_PLACEMENT_3D('',#4250,#3279,#3280);
#2843=AXIS2_PLACEMENT_3D('',#4252,#3281,#3282);
#2844=AXIS2_PLACEMENT_3D('',#4254,#3284,#3285);
#2845=AXIS2_PLACEMENT_3D('',#4256,#3286,#3287);
#2846=AXIS2_PLACEMENT_3D('',#4258,#3288,#3289);
#2847=AXIS2_PLACEMENT_3D('',#4260,#3291,#3292);
#2848=AXIS2_PLACEMENT_3D('',#4262,#3293,#3294);
#2849=AXIS2_PLACEMENT_3D('',#4264,#3295,#3296);
#2850=AXIS2_PLACEMENT_3D('',#4266,#3298,#3299);
#2851=AXIS2_PLACEMENT_3D('',#4268,#3300,#3301);
#2852=AXIS2_PLACEMENT_3D('',#4271,#3303,#3304);
#2853=AXIS2_PLACEMENT_3D('',#4272,#3305,#3306);
#2854=AXIS2_PLACEMENT_3D('',#4274,#3307,#3308);
#2855=AXIS2_PLACEMENT_3D('',#4277,#3310,#3311);
#2856=AXIS2_PLACEMENT_3D('',#4278,#3312,#3313);
#2857=AXIS2_PLACEMENT_3D('',#4280,#3314,#3315);
#2858=AXIS2_PLACEMENT_3D('',#4283,#3317,#3318);
#2859=AXIS2_PLACEMENT_3D('',#4284,#3319,#3320);
#2860=AXIS2_PLACEMENT_3D('',#4285,#3321,#3322);
#2861=AXIS2_PLACEMENT_3D('',#4286,#3323,#3324);
#2862=AXIS2_PLACEMENT_3D('',#4306,#3325,#3326);
#2863=AXIS2_PLACEMENT_3D('',#4309,#3328,#3329);
#2864=AXIS2_PLACEMENT_3D('',#4329,#3330,#3331);
#2865=AXIS2_PLACEMENT_3D('',#4332,#3333,#3334);
#2866=AXIS2_PLACEMENT_3D('',#4333,#3335,#3336);
#2867=AXIS2_PLACEMENT_3D('',#4353,#3337,#3338);
#2868=AXIS2_PLACEMENT_3D('',#4356,#3340,#3341);
#2869=AXIS2_PLACEMENT_3D('',#4357,#3342,#3343);
#2870=AXIS2_PLACEMENT_3D('',#4358,#3344,#3345);
#2871=AXIS2_PLACEMENT_3D('',#4360,#3346,#3347);
#2872=AXIS2_PLACEMENT_3D('',#4380,#3348,#3349);
#2873=AXIS2_PLACEMENT_3D('',#4383,#3351,#3352);
#2874=AXIS2_PLACEMENT_3D('',#4403,#3353,#3354);
#2875=AXIS2_PLACEMENT_3D('',#4406,#3356,#3357);
#2876=AXIS2_PLACEMENT_3D('',#4407,#3358,#3359);
#2877=AXIS2_PLACEMENT_3D('',#4408,#3360,#3361);
#2878=AXIS2_PLACEMENT_3D('',#4410,#3362,#3363);
#2879=AXIS2_PLACEMENT_3D('',#4411,#3364,#3365);
#2880=AXIS2_PLACEMENT_3D('',#4412,#3366,#3367);
#2881=AXIS2_PLACEMENT_3D('',#4414,#3368,#3369);
#2882=AXIS2_PLACEMENT_3D('',#4435,#3371,#3372);
#2883=AXIS2_PLACEMENT_3D('',#4436,#3373,#3374);
#2884=AXIS2_PLACEMENT_3D('',#4456,#3375,#3376);
#2885=AXIS2_PLACEMENT_3D('',#4458,#3378,#3379);
#2886=AXIS2_PLACEMENT_3D('',#4460,#3380,#3381);
#2887=AXIS2_PLACEMENT_3D('',#4480,#3383,#3384);
#2888=AXIS2_PLACEMENT_3D('',#4481,#3385,#3386);
#2889=AXIS2_PLACEMENT_3D('',#4483,#3387,#3388);
#2890=AXIS2_PLACEMENT_3D('',#4486,#3390,#3391);
#2891=AXIS2_PLACEMENT_3D('',#4487,#3392,#3393);
#2892=AXIS2_PLACEMENT_3D('',#4488,#3394,#3395);
#2893=AXIS2_PLACEMENT_3D('',#4490,#3396,#3397);
#2894=AXIS2_PLACEMENT_3D('',#4493,#3399,#3400);
#2895=AXIS2_PLACEMENT_3D('',#4494,#3401,#3402);
#2896=AXIS2_PLACEMENT_3D('',#4495,#3403,#3404);
#2897=AXIS2_PLACEMENT_3D('',#4497,#3405,#3406);
#2898=AXIS2_PLACEMENT_3D('',#4500,#3408,#3409);
#2899=AXIS2_PLACEMENT_3D('',#4501,#3410,#3411);
#2900=AXIS2_PLACEMENT_3D('',#4502,#3412,#3413);
#2901=AXIS2_PLACEMENT_3D('',#4504,#3414,#3415);
#2902=AXIS2_PLACEMENT_3D('',#4507,#3417,#3418);
#2903=AXIS2_PLACEMENT_3D('',#4508,#3419,#3420);
#2904=AXIS2_PLACEMENT_3D('',#4531,#3422,#3423);
#2905=AXIS2_PLACEMENT_3D('',#4534,#3425,#3426);
#2906=AXIS2_PLACEMENT_3D('',#4535,#3427,#3428);
#2907=AXIS2_PLACEMENT_3D('',#4537,#3429,#3430);
#2908=AXIS2_PLACEMENT_3D('',#4539,#3431,#3432);
#2909=AXIS2_PLACEMENT_3D('',#4540,#3433,#3434);
#2910=AXIS2_PLACEMENT_3D('',#4541,#3435,#3436);
#2911=AXIS2_PLACEMENT_3D('',#4544,#3437,#3438);
#2912=AXIS2_PLACEMENT_3D('',#4545,#3439,#3440);
#2913=AXIS2_PLACEMENT_3D('',#4568,#3443,#3444);
#2914=AXIS2_PLACEMENT_3D('',#4570,#3445,#3446);
#2915=AXIS2_PLACEMENT_3D('',#4572,#3447,#3448);
#2916=AXIS2_PLACEMENT_3D('',#4574,#3449,#3450);
#2917=AXIS2_PLACEMENT_3D('',#4576,#3451,#3452);
#2918=AXIS2_PLACEMENT_3D('',#4578,#3453,#3454);
#2919=AXIS2_PLACEMENT_3D('',#4580,#3455,#3456);
#2920=AXIS2_PLACEMENT_3D('',#4582,#3457,#3458);
#2921=AXIS2_PLACEMENT_3D('',#4584,#3459,#3460);
#2922=AXIS2_PLACEMENT_3D('',#4585,#3461,#3462);
#2923=AXIS2_PLACEMENT_3D('',#4586,#3463,#3464);
#2924=AXIS2_PLACEMENT_3D('',#4590,#3466,#3467);
#2925=AXIS2_PLACEMENT_3D('',#4592,#3469,#3470);
#2926=AXIS2_PLACEMENT_3D('',#4595,#3472,#3473);
#2927=AXIS2_PLACEMENT_3D('',#4596,#3474,#3475);
#2928=AXIS2_PLACEMENT_3D('',#4599,#3477,#3478);
#2929=AXIS2_PLACEMENT_3D('',#4600,#3479,#3480);
#2930=AXIS2_PLACEMENT_3D('',#4603,#3482,#3483);
#2931=AXIS2_PLACEMENT_3D('',#4604,#3484,#3485);
#2932=AXIS2_PLACEMENT_3D('',#4607,#3487,#3488);
#2933=AXIS2_PLACEMENT_3D('',#4608,#3489,#3490);
#2934=AXIS2_PLACEMENT_3D('',#4611,#3492,#3493);
#2935=AXIS2_PLACEMENT_3D('',#4612,#3494,#3495);
#2936=AXIS2_PLACEMENT_3D('',#4614,#3496,#3497);
#2937=AXIS2_PLACEMENT_3D('',#4616,#3499,#3500);
#2938=AXIS2_PLACEMENT_3D('',#4618,#3501,#3502);
#2939=AXIS2_PLACEMENT_3D('',#4620,#3504,#3505);
#2940=AXIS2_PLACEMENT_3D('',#4622,#3506,#3507);
#2941=AXIS2_PLACEMENT_3D('',#4624,#3509,#3510);
#2942=AXIS2_PLACEMENT_3D('',#4625,#3511,#3512);
#2943=AXIS2_PLACEMENT_3D('',#4645,#3513,#3514);
#2944=AXIS2_PLACEMENT_3D('',#4648,#3516,#3517);
#2945=AXIS2_PLACEMENT_3D('',#4649,#3518,#3519);
#2946=AXIS2_PLACEMENT_3D('',#4651,#3520,#3521);
#2947=AXIS2_PLACEMENT_3D('',#4652,#3522,#3523);
#2948=AXIS2_PLACEMENT_3D('',#4654,#3524,#3525);
#2949=AXIS2_PLACEMENT_3D('',#4674,#3526,#3527);
#2950=AXIS2_PLACEMENT_3D('',#4676,#3529,#3530);
#2951=AXIS2_PLACEMENT_3D('',#4678,#3531,#3532);
#2952=AXIS2_PLACEMENT_3D('',#4679,#3533,#3534);
#2953=AXIS2_PLACEMENT_3D('',#4680,#3535,#3536);
#2954=AXIS2_PLACEMENT_3D('',#4681,#3537,#3538);
#2955=AXIS2_PLACEMENT_3D('',#4683,#3539,#3540);
#2956=AXIS2_PLACEMENT_3D('',#4685,#3542,#3543);
#2957=AXIS2_PLACEMENT_3D('',#4688,#3545,#3546);
#2958=AXIS2_PLACEMENT_3D('',#4689,#3547,#3548);
#2959=AXIS2_PLACEMENT_3D('',#4692,#3549,#3550);
#2960=AXIS2_PLACEMENT_3D('',#4693,#3551,#3552);
#2961=AXIS2_PLACEMENT_3D('',#4715,#3554,#3555);
#2962=AXIS2_PLACEMENT_3D('',#4717,#3557,#3558);
#2963=AXIS2_PLACEMENT_3D('',#4718,#3559,#3560);
#2964=AXIS2_PLACEMENT_3D('',#4719,#3561,#3562);
#2965=AXIS2_PLACEMENT_3D('',#4721,#3563,#3564);
#2966=AXIS2_PLACEMENT_3D('',#4724,#3566,#3567);
#2967=AXIS2_PLACEMENT_3D('',#4725,#3568,#3569);
#2968=AXIS2_PLACEMENT_3D('',#4727,#3570,#3571);
#2969=AXIS2_PLACEMENT_3D('',#4730,#3573,#3574);
#2970=AXIS2_PLACEMENT_3D('',#4731,#3575,#3576);
#2971=AXIS2_PLACEMENT_3D('',#4733,#3577,#3578);
#2972=AXIS2_PLACEMENT_3D('',#4736,#3580,#3581);
#2973=AXIS2_PLACEMENT_3D('',#4737,#3582,#3583);
#2974=AXIS2_PLACEMENT_3D('',#4738,#3584,#3585);
#2975=AXIS2_PLACEMENT_3D('',#4740,#3586,#3587);
#2976=AXIS2_PLACEMENT_3D('',#4743,#3589,#3590);
#2977=AXIS2_PLACEMENT_3D('',#4744,#3591,#3592);
#2978=AXIS2_PLACEMENT_3D('',#4745,#3593,#3594);
#2979=AXIS2_PLACEMENT_3D('',#4747,#3595,#3596);
#2980=AXIS2_PLACEMENT_3D('',#4750,#3598,#3599);
#2981=AXIS2_PLACEMENT_3D('',#4751,#3600,#3601);
#2982=AXIS2_PLACEMENT_3D('',#4752,#3602,#3603);
#2983=AXIS2_PLACEMENT_3D('',#4754,#3604,#3605);
#2984=AXIS2_PLACEMENT_3D('',#4757,#3607,#3608);
#2985=AXIS2_PLACEMENT_3D('',#4758,#3609,#3610);
#2986=AXIS2_PLACEMENT_3D('',#4759,#3611,#3612);
#2987=AXIS2_PLACEMENT_3D('',#4776,#3621,#3622);
#2988=AXIS2_PLACEMENT_3D('',#4798,#3634,#3635);
#2989=AXIS2_PLACEMENT_3D('',#4802,#3638,#3639);
#2990=AXIS2_PLACEMENT_3D('',#4808,#3643,#3644);
#2991=AXIS2_PLACEMENT_3D('',#4822,#3652,#3653);
#2992=AXIS2_PLACEMENT_3D('',#4824,#3655,#3656);
#2993=AXIS2_PLACEMENT_3D('',#4826,#3658,#3659);
#2994=AXIS2_PLACEMENT_3D('',#4832,#3663,#3664);
#2995=AXIS2_PLACEMENT_3D('',#4844,#3671,#3672);
#2996=AXIS2_PLACEMENT_3D('',#4848,#3675,#3676);
#2997=AXIS2_PLACEMENT_3D('',#4877,#3692,#3693);
#2998=AXIS2_PLACEMENT_3D('',#4880,#3696,#3697);
#2999=AXIS2_PLACEMENT_3D('',#4882,#3699,#3700);
#3000=AXIS2_PLACEMENT_3D('',#4884,#3702,#3703);
#3001=AXIS2_PLACEMENT_3D('',#4886,#3705,#3706);
#3002=AXIS2_PLACEMENT_3D('',#4888,#3708,#3709);
#3003=AXIS2_PLACEMENT_3D('',#4891,#3711,#3712);
#3004=AXIS2_PLACEMENT_3D('',#4892,#3713,#3714);
#3005=AXIS2_PLACEMENT_3D('',#4894,#3716,#3717);
#3006=AXIS2_PLACEMENT_3D('',#4897,#3719,#3720);
#3007=AXIS2_PLACEMENT_3D('',#4898,#3721,#3722);
#3008=AXIS2_PLACEMENT_3D('',#4899,#3723,#3724);
#3009=AXIS2_PLACEMENT_3D('',#4902,#3727,#3728);
#3010=AXIS2_PLACEMENT_3D('',#4903,#3729,#3730);
#3011=AXIS2_PLACEMENT_3D('',#4905,#3732,#3733);
#3012=AXIS2_PLACEMENT_3D('',#4906,#3734,#3735);
#3013=AXIS2_PLACEMENT_3D('',#4908,#3737,#3738);
#3014=AXIS2_PLACEMENT_3D('',#4909,#3739,#3740);
#3015=AXIS2_PLACEMENT_3D('',#4911,#3742,#3743);
#3016=AXIS2_PLACEMENT_3D('',#4931,#3744,#3745);
#3017=AXIS2_PLACEMENT_3D('',#4934,#3747,#3748);
#3018=AXIS2_PLACEMENT_3D('',#4935,#3749,#3750);
#3019=AXIS2_PLACEMENT_3D('',#4936,#3751,#3752);
#3020=AXIS2_PLACEMENT_3D('',#4956,#3753,#3754);
#3021=AXIS2_PLACEMENT_3D('',#4959,#3756,#3757);
#3022=AXIS2_PLACEMENT_3D('',#4960,#3758,#3759);
#3023=AXIS2_PLACEMENT_3D('',#4961,#3760,#3761);
#3024=AXIS2_PLACEMENT_3D('',#4981,#3762,#3763);
#3025=AXIS2_PLACEMENT_3D('',#4984,#3765,#3766);
#3026=AXIS2_PLACEMENT_3D('',#4985,#3767,#3768);
#3027=AXIS2_PLACEMENT_3D('',#4986,#3769,#3770);
#3028=AXIS2_PLACEMENT_3D('',#5006,#3771,#3772);
#3029=AXIS2_PLACEMENT_3D('',#5009,#3774,#3775);
#3030=AXIS2_PLACEMENT_3D('',#5010,#3776,#3777);
#3031=AXIS2_PLACEMENT_3D('',#5011,#3778,#3779);
#3032=AXIS2_PLACEMENT_3D('',#5031,#3780,#3781);
#3033=AXIS2_PLACEMENT_3D('',#5034,#3783,#3784);
#3034=AXIS2_PLACEMENT_3D('',#5035,#3785,#3786);
#3035=AXIS2_PLACEMENT_3D('',#5036,#3787,#3788);
#3036=AXIS2_PLACEMENT_3D('',#5037,#3789,#3790);
#3037=AXIS2_PLACEMENT_3D('',#5044,#3794,#3795);
#3038=AXIS2_PLACEMENT_3D('',#5048,#3798,#3799);
#3039=AXIS2_PLACEMENT_3D('',#5052,#3802,#3803);
#3040=AXIS2_PLACEMENT_3D('',#5056,#3806,#3807);
#3041=AXIS2_PLACEMENT_3D('',#5060,#3810,#3811);
#3042=AXIS2_PLACEMENT_3D('',#5064,#3814,#3815);
#3043=AXIS2_PLACEMENT_3D('',#5068,#3818,#3819);
#3044=AXIS2_PLACEMENT_3D('',#5072,#3822,#3823);
#3045=AXIS2_PLACEMENT_3D('',#5076,#3826,#3827);
#3046=AXIS2_PLACEMENT_3D('',#5078,#3829,#3830);
#3047=AXIS2_PLACEMENT_3D('',#5079,#3831,#3832);
#3048=AXIS2_PLACEMENT_3D('',#5080,#3833,#3834);
#3049=AXIS2_PLACEMENT_3D('',#5081,#3835,#3836);
#3050=AXIS2_PLACEMENT_3D('',#5082,#3837,#3838);
#3051=AXIS2_PLACEMENT_3D('',#5083,#3839,#3840);
#3052=DIRECTION('axis',(0.,0.,1.));
#3053=DIRECTION('refdir',(1.,0.,0.));
#3054=DIRECTION('axis',(0.,0.,1.));
#3055=DIRECTION('refdir',(1.,0.,0.));
#3056=DIRECTION('center_axis',(1.,-1.91018793763088E-16,-8.53556908174906E-17));
#3057=DIRECTION('ref_axis',(2.65595847606507E-16,0.734650992622848,0.678445221840543));
#3058=DIRECTION('',(1.,-1.89314332239569E-16,-1.69520795025655E-16));
#3059=DIRECTION('center_axis',(-1.,1.73085254842565E-16,3.89412509092038E-17));
#3060=DIRECTION('ref_axis',(2.65595847606507E-16,0.734650992622848,0.678445221840543));
#3061=DIRECTION('center_axis',(1.,-1.73085254842565E-16,-3.89412509092038E-17));
#3062=DIRECTION('ref_axis',(5.32835501905409E-16,0.734809894969973,0.678273114795373));
#3063=DIRECTION('',(1.,-3.14305809786218E-16,-4.4065496590863E-16));
#3064=DIRECTION('center_axis',(-1.,1.91018793763088E-16,8.53556908174906E-17));
#3065=DIRECTION('ref_axis',(-1.98256970058635E-16,-0.734809894969973,-0.678273114795373));
#3066=DIRECTION('center_axis',(-1.,1.91018793763088E-16,8.53556908174906E-17));
#3067=DIRECTION('ref_axis',(8.53556908174906E-17,0.,1.));
#3068=DIRECTION('center_axis',(-1.,1.73085254842565E-16,3.89412509092038E-17));
#3069=DIRECTION('ref_axis',(-1.53662237032051E-16,-0.735304102347712,-0.677737321586044));
#3070=DIRECTION('',(-1.,4.64181358604805E-16,7.63062285297965E-16));
#3071=DIRECTION('center_axis',(-1.,1.73085254842565E-16,3.89412509092038E-17));
#3072=DIRECTION('ref_axis',(-1.53662237032051E-16,-0.735304102347712,-0.677737321586044));
#3073=DIRECTION('center_axis',(-1.,1.73085254842565E-16,3.89412509092038E-17));
#3074=DIRECTION('ref_axis',(3.89412509092038E-17,0.,1.));
#3075=DIRECTION('center_axis',(-1.,1.73085254842565E-16,3.89412509092038E-17));
#3076=DIRECTION('ref_axis',(3.89412509092038E-17,0.,1.));
#3077=DIRECTION('center_axis',(1.,-1.92114603202137E-16,-9.03133336335061E-17));
#3078=DIRECTION('ref_axis',(2.65595847606507E-16,0.734650992622848,0.678445221840543));
#3079=DIRECTION('',(1.,-1.89314332239569E-16,-1.69520795025655E-16));
#3080=DIRECTION('center_axis',(-1.,2.70417908419066E-16,3.01899638228719E-16));
#3081=DIRECTION('ref_axis',(-4.03485151874724E-16,-0.734650992622848,-0.678445221840543));
#3082=DIRECTION('center_axis',(-1.,2.70417908419066E-16,3.01899638228719E-16));
#3083=DIRECTION('ref_axis',(3.01899638228719E-16,0.,1.));
#3084=DIRECTION('center_axis',(-1.,1.92114603202137E-16,9.03133336335061E-17));
#3085=DIRECTION('ref_axis',(-2.02471372695713E-16,-0.735304102347711,-0.677737321586045));
#3086=DIRECTION('',(-1.,3.06630055809322E-16,4.22912569260144E-16));
#3087=DIRECTION('center_axis',(-1.,1.92114603202137E-16,9.03133336335061E-17));
#3088=DIRECTION('ref_axis',(-2.02471372695713E-16,-0.735304102347711,-0.677737321586045));
#3089=DIRECTION('center_axis',(-1.,1.92114603202137E-16,9.03133336335061E-17));
#3090=DIRECTION('ref_axis',(9.03133336335061E-17,0.,1.));
#3091=DIRECTION('center_axis',(-1.,1.92114603202137E-16,9.03133336335061E-17));
#3092=DIRECTION('ref_axis',(9.03133336335061E-17,0.,1.));
#3093=DIRECTION('axis',(0.,0.,1.));
#3094=DIRECTION('refdir',(1.,0.,0.));
#3095=DIRECTION('center_axis',(0.,-2.45077763109552E-16,-1.));
#3096=DIRECTION('ref_axis',(1.,0.,0.));
#3097=DIRECTION('center_axis',(-6.08141467403631E-17,-2.83046575075623E-16,
-1.));
#3098=DIRECTION('ref_axis',(1.,0.,0.));
#3099=DIRECTION('',(0.,-2.45077763109552E-16,-1.));
#3100=DIRECTION('center_axis',(6.12323399573676E-17,2.83276944882399E-16,
1.));
#3101=DIRECTION('ref_axis',(1.,0.,0.));
#3102=DIRECTION('center_axis',(-6.12323399573676E-17,-2.83276944882399E-16,
-1.));
#3103=DIRECTION('ref_axis',(-1.,0.,6.12323399573676E-17));
#3104=DIRECTION('',(1.,1.78680294408515E-17,-6.12323399573676E-17));
#3105=DIRECTION('',(-1.52259255974218E-16,1.,-2.83276944882399E-16));
#3106=DIRECTION('',(-1.,1.97373255242839E-16,6.12323399573676E-17));
#3107=DIRECTION('',(1.52259255974218E-16,-1.,2.83276944882399E-16));
#3108=DIRECTION('center_axis',(1.,1.52259255974218E-16,-6.12323399573677E-17));
#3109=DIRECTION('ref_axis',(-6.12323399573677E-17,0.,-1.));
#3110=DIRECTION('',(6.12323399573676E-17,2.83276944882399E-16,1.));
#3111=DIRECTION('',(1.52259255974218E-16,-1.,2.83276944882399E-16));
#3112=DIRECTION('',(6.12323399573677E-17,2.83276944882399E-16,1.));
#3113=DIRECTION('center_axis',(1.,1.52259255974218E-16,-6.12323399573677E-17));
#3114=DIRECTION('ref_axis',(-6.12323399573677E-17,0.,-1.));
#3115=DIRECTION('',(-6.12323399573676E-17,-2.83276944882399E-16,-1.));
#3116=DIRECTION('',(-6.12323399573677E-17,-2.83276944882399E-16,-1.));
#3117=DIRECTION('',(-1.52259255974218E-16,1.,-2.83276944882399E-16));
#3118=DIRECTION('center_axis',(6.12323399573676E-17,2.83276944882399E-16,
1.));
#3119=DIRECTION('ref_axis',(1.,0.,-6.12323399573676E-17));
#3120=DIRECTION('',(-1.,-1.78680294408515E-17,6.12323399573676E-17));
#3121=DIRECTION('',(-1.,1.97373255242839E-16,6.12323399573676E-17));
#3122=DIRECTION('center_axis',(1.97373255242839E-16,1.,-2.83276944882399E-16));
#3123=DIRECTION('ref_axis',(0.,2.83276944882399E-16,1.));
#3124=DIRECTION('center_axis',(1.97373255242839E-16,1.,-2.83276944882399E-16));
#3125=DIRECTION('ref_axis',(6.16534089126029E-17,2.83507502185695E-16,1.));
#3126=DIRECTION('',(6.16534089126029E-17,2.83276944882399E-16,1.));
#3127=DIRECTION('',(1.,-1.97373255242839E-16,-6.0814146740363E-17));
#3128=DIRECTION('',(-6.16534089126029E-17,-2.83276944882399E-16,-1.));
#3129=DIRECTION('center_axis',(1.97373255242839E-16,1.,-2.83276944882399E-16));
#3130=DIRECTION('ref_axis',(6.16534089126029E-17,2.83507502185695E-16,1.));
#3131=DIRECTION('',(-6.16534089126029E-17,-2.83276944882399E-16,-1.));
#3132=DIRECTION('',(-1.,1.97373255242839E-16,6.0814146740363E-17));
#3133=DIRECTION('',(6.16534089126029E-17,2.83276944882399E-16,1.));
#3134=DIRECTION('',(-2.87215324063082E-16,1.,-2.83046575075623E-16));
#3135=DIRECTION('center_axis',(1.78680294408515E-17,-1.,2.83276944882399E-16));
#3136=DIRECTION('ref_axis',(6.16534089126029E-17,2.83507502185695E-16,1.));
#3137=DIRECTION('',(2.87215324063082E-16,-1.,2.83046575075623E-16));
#3138=DIRECTION('center_axis',(1.,2.34077787846435E-16,-6.1653408912603E-17));
#3139=DIRECTION('ref_axis',(-6.1653408912603E-17,0.,-1.));
#3140=DIRECTION('',(6.16534089126029E-17,2.83276944882399E-16,1.));
#3141=DIRECTION('',(-2.34077787846435E-16,1.,-2.83046575075623E-16));
#3142=DIRECTION('center_axis',(6.08141467403631E-17,2.83046575075623E-16,
1.));
#3143=DIRECTION('ref_axis',(1.,0.,-6.08141467403631E-17));
#3144=DIRECTION('',(1.,1.78680294408515E-17,-6.08141467403631E-17));
#3145=DIRECTION('',(2.34077787846435E-16,-1.,2.83046575075623E-16));
#3146=DIRECTION('center_axis',(1.,2.34077787846435E-16,-6.1653408912603E-17));
#3147=DIRECTION('ref_axis',(-6.1653408912603E-17,0.,-1.));
#3148=DIRECTION('',(-6.16534089126029E-17,-2.83276944882399E-16,-1.));
#3149=DIRECTION('',(-2.87215324063082E-16,1.,-2.83046575075623E-16));
#3150=DIRECTION('center_axis',(1.,2.34077787846435E-16,-6.1653408912603E-17));
#3151=DIRECTION('ref_axis',(-6.1653408912603E-17,0.,-1.));
#3152=DIRECTION('',(2.34077787846435E-16,-1.,2.83046575075623E-16));
#3153=DIRECTION('',(6.16534089126029E-17,2.83276944882399E-16,1.));
#3154=DIRECTION('center_axis',(1.78680294408515E-17,-1.,2.83276944882399E-16));
#3155=DIRECTION('ref_axis',(6.16534089126029E-17,2.83507502185695E-16,1.));
#3156=DIRECTION('',(2.87215324063082E-16,-1.,2.83046575075623E-16));
#3157=DIRECTION('center_axis',(1.,2.34077787846435E-16,-6.1653408912603E-17));
#3158=DIRECTION('ref_axis',(-6.1653408912603E-17,0.,-1.));
#3159=DIRECTION('',(-6.16534089126029E-17,-2.83276944882399E-16,-1.));
#3160=DIRECTION('',(-2.34077787846435E-16,1.,-2.83046575075623E-16));
#3161=DIRECTION('center_axis',(-6.08141467403631E-17,-2.83046575075623E-16,
-1.));
#3162=DIRECTION('ref_axis',(-1.,0.,6.08141467403631E-17));
#3163=DIRECTION('',(-1.,-1.78680294408515E-17,6.08141467403631E-17));
#3164=DIRECTION('center_axis',(1.78680294408515E-17,-1.,2.83276944882399E-16));
#3165=DIRECTION('ref_axis',(6.12323399573677E-17,2.83276944882399E-16,1.));
#3166=DIRECTION('',(1.44731038470897E-15,-1.,2.83276944882399E-16));
#3167=DIRECTION('center_axis',(1.78680294408515E-17,-1.,2.83276944882399E-16));
#3168=DIRECTION('ref_axis',(6.12323399573677E-17,2.83276944882399E-16,1.));
#3169=DIRECTION('center_axis',(1.78680294408515E-17,-1.,2.83276944882399E-16));
#3170=DIRECTION('ref_axis',(0.,-2.83276944882399E-16,-1.));
#3171=DIRECTION('center_axis',(1.78680294408515E-17,-1.,2.83276944882399E-16));
#3172=DIRECTION('ref_axis',(0.,-2.83276944882399E-16,-1.));
#3173=DIRECTION('axis',(0.,0.,1.));
#3174=DIRECTION('refdir',(1.,0.,0.));
#3175=DIRECTION('center_axis',(0.,-2.45077763109552E-16,-1.));
#3176=DIRECTION('ref_axis',(1.,0.,0.));
#3177=DIRECTION('center_axis',(-6.08141467403631E-17,-2.83046575075623E-16,
-1.));
#3178=DIRECTION('ref_axis',(1.,0.,0.));
#3179=DIRECTION('',(0.,-2.45077763109552E-16,-1.));
#3180=DIRECTION('center_axis',(6.12323399573676E-17,2.83276944882399E-16,
1.));
#3181=DIRECTION('ref_axis',(1.,0.,0.));
#3182=DIRECTION('center_axis',(-6.12323399573676E-17,-2.83276944882399E-16,
-1.));
#3183=DIRECTION('ref_axis',(-1.,0.,6.12323399573676E-17));
#3184=DIRECTION('',(1.,1.78680294408515E-17,-6.12323399573676E-17));
#3185=DIRECTION('',(-1.52259255974218E-16,1.,-2.83276944882399E-16));
#3186=DIRECTION('',(-1.,1.97373255242839E-16,6.12323399573676E-17));
#3187=DIRECTION('',(1.52259255974218E-16,-1.,2.83276944882399E-16));
#3188=DIRECTION('center_axis',(1.,1.52259255974218E-16,-6.12323399573677E-17));
#3189=DIRECTION('ref_axis',(-6.12323399573677E-17,0.,-1.));
#3190=DIRECTION('',(6.12323399573676E-17,2.83276944882399E-16,1.));
#3191=DIRECTION('',(1.52259255974218E-16,-1.,2.83276944882399E-16));
#3192=DIRECTION('',(6.12323399573677E-17,2.83276944882399E-16,1.));
#3193=DIRECTION('center_axis',(1.,1.52259255974218E-16,-6.12323399573677E-17));
#3194=DIRECTION('ref_axis',(-6.12323399573677E-17,0.,-1.));
#3195=DIRECTION('',(-6.12323399573676E-17,-2.83276944882399E-16,-1.));
#3196=DIRECTION('',(-6.12323399573677E-17,-2.83276944882399E-16,-1.));
#3197=DIRECTION('',(-1.52259255974218E-16,1.,-2.83276944882399E-16));
#3198=DIRECTION('center_axis',(6.12323399573676E-17,2.83276944882399E-16,
1.));
#3199=DIRECTION('ref_axis',(1.,0.,-6.12323399573676E-17));
#3200=DIRECTION('',(-1.,-1.78680294408515E-17,6.12323399573676E-17));
#3201=DIRECTION('',(-1.,1.97373255242839E-16,6.12323399573676E-17));
#3202=DIRECTION('center_axis',(1.97373255242839E-16,1.,-2.83276944882399E-16));
#3203=DIRECTION('ref_axis',(0.,2.83276944882399E-16,1.));
#3204=DIRECTION('center_axis',(1.97373255242839E-16,1.,-2.83276944882399E-16));
#3205=DIRECTION('ref_axis',(6.16534089126029E-17,2.83507502185695E-16,1.));
#3206=DIRECTION('',(6.16534089126029E-17,2.83276944882399E-16,1.));
#3207=DIRECTION('',(1.,-1.97373255242839E-16,-6.0814146740363E-17));
#3208=DIRECTION('',(-6.16534089126029E-17,-2.83276944882399E-16,-1.));
#3209=DIRECTION('center_axis',(1.97373255242839E-16,1.,-2.83276944882399E-16));
#3210=DIRECTION('ref_axis',(6.16534089126029E-17,2.83507502185695E-16,1.));
#3211=DIRECTION('',(-6.16534089126029E-17,-2.83276944882399E-16,-1.));
#3212=DIRECTION('',(-1.,1.97373255242839E-16,6.0814146740363E-17));
#3213=DIRECTION('',(6.16534089126029E-17,2.83276944882399E-16,1.));
#3214=DIRECTION('',(-2.87215324063082E-16,1.,-2.83046575075623E-16));
#3215=DIRECTION('center_axis',(1.78680294408515E-17,-1.,2.83276944882399E-16));
#3216=DIRECTION('ref_axis',(6.16534089126029E-17,2.83507502185695E-16,1.));
#3217=DIRECTION('',(2.87215324063082E-16,-1.,2.83046575075623E-16));
#3218=DIRECTION('center_axis',(1.,2.34077787846435E-16,-6.1653408912603E-17));
#3219=DIRECTION('ref_axis',(-6.1653408912603E-17,0.,-1.));
#3220=DIRECTION('',(6.16534089126029E-17,2.83276944882399E-16,1.));
#3221=DIRECTION('',(-2.34077787846435E-16,1.,-2.83046575075623E-16));
#3222=DIRECTION('center_axis',(6.08141467403631E-17,2.83046575075623E-16,
1.));
#3223=DIRECTION('ref_axis',(1.,0.,-6.08141467403631E-17));
#3224=DIRECTION('',(1.,1.78680294408515E-17,-6.08141467403631E-17));
#3225=DIRECTION('',(2.34077787846435E-16,-1.,2.83046575075623E-16));
#3226=DIRECTION('center_axis',(1.,2.34077787846435E-16,-6.1653408912603E-17));
#3227=DIRECTION('ref_axis',(-6.1653408912603E-17,0.,-1.));
#3228=DIRECTION('',(-6.16534089126029E-17,-2.83276944882399E-16,-1.));
#3229=DIRECTION('',(-2.87215324063082E-16,1.,-2.83046575075623E-16));
#3230=DIRECTION('center_axis',(1.,2.34077787846435E-16,-6.1653408912603E-17));
#3231=DIRECTION('ref_axis',(-6.1653408912603E-17,0.,-1.));
#3232=DIRECTION('',(2.34077787846435E-16,-1.,2.83046575075623E-16));
#3233=DIRECTION('',(6.16534089126029E-17,2.83276944882399E-16,1.));
#3234=DIRECTION('center_axis',(1.78680294408515E-17,-1.,2.83276944882399E-16));
#3235=DIRECTION('ref_axis',(6.16534089126029E-17,2.83507502185695E-16,1.));
#3236=DIRECTION('',(2.87215324063082E-16,-1.,2.83046575075623E-16));
#3237=DIRECTION('center_axis',(1.,2.34077787846435E-16,-6.1653408912603E-17));
#3238=DIRECTION('ref_axis',(-6.1653408912603E-17,0.,-1.));
#3239=DIRECTION('',(-6.16534089126029E-17,-2.83276944882399E-16,-1.));
#3240=DIRECTION('',(-2.34077787846435E-16,1.,-2.83046575075623E-16));
#3241=DIRECTION('center_axis',(-6.08141467403631E-17,-2.83046575075623E-16,
-1.));
#3242=DIRECTION('ref_axis',(-1.,0.,6.08141467403631E-17));
#3243=DIRECTION('',(-1.,-1.78680294408515E-17,6.08141467403631E-17));
#3244=DIRECTION('center_axis',(1.78680294408515E-17,-1.,2.83276944882399E-16));
#3245=DIRECTION('ref_axis',(6.12323399573677E-17,2.83276944882399E-16,1.));
#3246=DIRECTION('',(1.44731038470897E-15,-1.,2.83276944882399E-16));
#3247=DIRECTION('center_axis',(1.78680294408515E-17,-1.,2.83276944882399E-16));
#3248=DIRECTION('ref_axis',(6.12323399573677E-17,2.83276944882399E-16,1.));
#3249=DIRECTION('center_axis',(1.78680294408515E-17,-1.,2.83276944882399E-16));
#3250=DIRECTION('ref_axis',(0.,-2.83276944882399E-16,-1.));
#3251=DIRECTION('center_axis',(1.78680294408515E-17,-1.,2.83276944882399E-16));
#3252=DIRECTION('ref_axis',(0.,-2.83276944882399E-16,-1.));
#3253=DIRECTION('axis',(0.,0.,1.));
#3254=DIRECTION('refdir',(1.,0.,0.));
#3255=DIRECTION('center_axis',(0.33965629144882,-0.93990802438537,0.0347348438203688));
#3256=DIRECTION('ref_axis',(0.,-0.0369303679122305,-0.999317841292683));
#3257=DIRECTION('center_axis',(-0.33965629144882,0.93990802438537,-0.0347348438203688));
#3258=DIRECTION('ref_axis',(0.939807061634659,0.340623816878877,0.0271680377740817));
#3259=DIRECTION('',(0.496983971533296,0.147997291594404,-0.855046041871263));
#3260=DIRECTION('center_axis',(0.33965629144882,-0.93990802438537,0.0347348438203688));
#3261=DIRECTION('ref_axis',(0.939807163602087,0.340623752976862,0.0271653115233088));
#3262=DIRECTION('',(5.42728694005708E-17,-0.0369303679122305,-0.999317841292683));
#3263=DIRECTION('center_axis',(-0.33965629144882,-0.93990802438537,0.0347348438203687));
#3264=DIRECTION('ref_axis',(0.,-0.0369303679122304,-0.999317841292683));
#3265=DIRECTION('center_axis',(0.33965629144882,0.93990802438537,-0.0347348438203687));
#3266=DIRECTION('ref_axis',(-0.939807061634659,0.340623816878877,0.0271680377740824));
#3267=DIRECTION('center_axis',(-0.33965629144882,-0.93990802438537,0.0347348438203687));
#3268=DIRECTION('ref_axis',(-0.939807163602087,0.340623752976862,0.0271653115233096));
#3269=DIRECTION('',(-0.496983971533296,0.147997291594404,-0.855046041871263));
#3270=DIRECTION('center_axis',(0.866636844248517,0.0345407172082138,-0.497742422389044));
#3271=DIRECTION('ref_axis',(-0.498039606907224,0.,-0.867154282669294));
#3272=DIRECTION('center_axis',(-0.866636844248517,-0.0345407172082138,0.497742422389044));
#3273=DIRECTION('ref_axis',(0.468883309194474,0.284633409171452,0.83614129472373));
#3274=DIRECTION('center_axis',(0.866636844248517,0.0345407172082138,-0.497742422389044));
#3275=DIRECTION('ref_axis',(0.46884715643253,0.284836415043626,0.8360924354222));
#3276=DIRECTION('',(-0.471975466498812,-0.266759466418382,-0.840284800588115));
#3277=DIRECTION('center_axis',(0.544186235486238,-0.838028486466074,-0.039618139515858));
#3278=DIRECTION('ref_axis',(-0.0726103679992526,0.,-0.997360383441719));
#3279=DIRECTION('center_axis',(-0.544186235486238,0.838028486466074,0.039618139515858));
#3280=DIRECTION('ref_axis',(0.836548659382644,0.538432858132433,0.101372569112362));
#3281=DIRECTION('center_axis',(0.544186235486238,-0.838028486466074,-0.039618139515858));
#3282=DIRECTION('ref_axis',(0.836550261316673,0.538435081853744,0.101347535343282));
#3283=DIRECTION('',(-0.713372177056461,-0.43735265152936,-0.547560768501509));
#3284=DIRECTION('center_axis',(0.0956599140457325,0.713266591247681,-0.694334177939324));
#3285=DIRECTION('ref_axis',(-0.990642421613465,0.,-0.136482938493461));
#3286=DIRECTION('center_axis',(-0.0956599140457325,-0.713266591247681,0.694334177939324));
#3287=DIRECTION('ref_axis',(-0.995413361292186,0.0693806471493389,-0.0658677915382896));
#3288=DIRECTION('center_axis',(0.0956599140457325,0.713266591247681,-0.694334177939324));
#3289=DIRECTION('ref_axis',(-0.995413345195237,0.0693900126416749,-0.0658581684593186));
#3290=DIRECTION('',(-0.293241114462363,-0.64638573333378,-0.7044111956318));
#3291=DIRECTION('center_axis',(0.737778766601775,0.315592565427521,-0.596727596310443));
#3292=DIRECTION('ref_axis',(-0.628865917732039,0.,-0.777513766768821));
#3293=DIRECTION('center_axis',(-0.737778766601775,-0.315592565427521,0.596727596310443));
#3294=DIRECTION('ref_axis',(0.670382827676754,-0.238854481580167,0.70252074772578));
#3295=DIRECTION('center_axis',(0.737778766601775,0.315592565427521,-0.596727596310443));
#3296=DIRECTION('ref_axis',(0.670397745924283,-0.239027641110008,0.70244761302536));
#3297=DIRECTION('',(-8.85372857097166E-18,-0.883985113795817,-0.467515046375405));
#3298=DIRECTION('center_axis',(-0.866636844248517,0.0345407172082138,-0.497742422389044));
#3299=DIRECTION('ref_axis',(-0.498039606907224,0.,0.867154282669294));
#3300=DIRECTION('center_axis',(0.866636844248517,-0.0345407172082138,0.497742422389044));
#3301=DIRECTION('ref_axis',(-0.468883309194474,0.284633409171452,0.836141294723731));
#3302=DIRECTION('',(0.471975466498812,-0.266759466418382,-0.840284800588115));
#3303=DIRECTION('center_axis',(-0.866636844248517,0.0345407172082138,-0.497742422389044));
#3304=DIRECTION('ref_axis',(-0.46884715643253,0.284836415043625,0.836092435422201));
#3305=DIRECTION('center_axis',(-0.544186235486238,-0.838028486466074,-0.039618139515858));
#3306=DIRECTION('ref_axis',(-0.0726103679992526,0.,0.997360383441719));
#3307=DIRECTION('center_axis',(0.544186235486238,0.838028486466074,0.039618139515858));
#3308=DIRECTION('ref_axis',(-0.836548659382644,0.538432858132433,0.101372569112363));
#3309=DIRECTION('',(0.713372177056461,-0.43735265152936,-0.547560768501509));
#3310=DIRECTION('center_axis',(-0.544186235486238,-0.838028486466074,-0.039618139515858));
#3311=DIRECTION('ref_axis',(-0.836550261316673,0.538435081853744,0.101347535343283));
#3312=DIRECTION('center_axis',(-0.0956599140457324,0.713266591247681,-0.694334177939324));
#3313=DIRECTION('ref_axis',(-0.990642421613465,0.,0.136482938493461));
#3314=DIRECTION('center_axis',(0.0956599140457324,-0.713266591247681,0.694334177939324));
#3315=DIRECTION('ref_axis',(0.995413361292186,0.0693806471493385,-0.0658677915382899));
#3316=DIRECTION('',(0.293241114462363,-0.64638573333378,-0.7044111956318));
#3317=DIRECTION('center_axis',(-0.0956599140457324,0.713266591247681,-0.694334177939324));
#3318=DIRECTION('ref_axis',(0.995413345195237,0.0693900126416743,-0.0658581684593191));
#3319=DIRECTION('center_axis',(-0.737778766601775,0.315592565427521,-0.596727596310443));
#3320=DIRECTION('ref_axis',(-0.628865917732039,0.,0.777513766768821));
#3321=DIRECTION('center_axis',(0.737778766601775,-0.315592565427521,0.596727596310443));
#3322=DIRECTION('ref_axis',(-0.670382827676754,-0.238854481580167,0.70252074772578));
#3323=DIRECTION('center_axis',(-0.737778766601775,0.315592565427521,-0.596727596310443));
#3324=DIRECTION('ref_axis',(-0.670397745924283,-0.239027641110007,0.70244761302536));
#3325=DIRECTION('center_axis',(1.,4.90557760265599E-17,-2.96289925440662E-16));
#3326=DIRECTION('ref_axis',(1.83035198494632E-16,0.734797570955414,0.678286465822533));
#3327=DIRECTION('',(1.,-2.16674652821417E-17,-2.85818079527565E-16));
#3328=DIRECTION('center_axis',(-1.,-7.24295541986696E-17,2.32791280862464E-16));
#3329=DIRECTION('ref_axis',(1.83035198494632E-16,0.734797570955414,0.678286465822533));
#3330=DIRECTION('center_axis',(1.,-1.0825017005353E-17,-2.92234741086794E-17));
#3331=DIRECTION('ref_axis',(2.26486124262389E-16,0.734898672700753,0.678176924454578));
#3332=DIRECTION('',(1.,-4.21839173948292E-17,-3.2996738667394E-16));
#3333=DIRECTION('center_axis',(-1.,-4.90557760265599E-17,2.96289925440662E-16));
#3334=DIRECTION('ref_axis',(-1.64885965692E-16,-0.734898672700753,-0.678176924454578));
#3335=DIRECTION('center_axis',(-1.,-4.90557760265599E-17,2.96289925440662E-16));
#3336=DIRECTION('ref_axis',(2.96289925440662E-16,0.,1.));
#3337=DIRECTION('center_axis',(-1.,-7.24295541986696E-17,2.32791280862464E-16));
#3338=DIRECTION('ref_axis',(-1.04513590846813E-16,-0.735304102347711,-0.677737321586045));
#3339=DIRECTION('',(-1.,9.36021875869949E-17,4.41179829836759E-16));
#3340=DIRECTION('center_axis',(-1.,1.0825017005353E-17,2.92234741086794E-17));
#3341=DIRECTION('ref_axis',(3.35876357669262E-16,0.735304102347711,0.677737321586045));
#3342=DIRECTION('center_axis',(-1.,-7.24295541986696E-17,2.32791280862464E-16));
#3343=DIRECTION('ref_axis',(2.32791280862464E-16,0.,1.));
#3344=DIRECTION('center_axis',(1.,-1.0825017005353E-17,-2.92234741086794E-17));
#3345=DIRECTION('ref_axis',(-2.92234741086794E-17,0.,-1.));
#3346=DIRECTION('center_axis',(1.,-1.0825017005353E-17,-2.92234741086794E-17));
#3347=DIRECTION('ref_axis',(-2.77655184818753E-17,-0.735304102347711,-0.677737321586046));
#3348=DIRECTION('center_axis',(1.,-1.0825017005353E-17,-2.92234741086794E-17));
#3349=DIRECTION('ref_axis',(5.31871923684382E-19,-0.733293212671772,-0.679912541618047));
#3350=DIRECTION('',(1.,2.4959747500736E-19,5.39207830125363E-19));
#3351=DIRECTION('center_axis',(-1.,-6.19300109444631E-17,-1.67187734715871E-16));
#3352=DIRECTION('ref_axis',(5.31871923684382E-19,-0.733293212671772,-0.679912541618047));
#3353=DIRECTION('center_axis',(1.,6.19300109444631E-17,1.67187734715871E-16));
#3354=DIRECTION('ref_axis',(1.58846758634275E-16,-0.735304102347711,-0.677737321586046));
#3355=DIRECTION('',(-1.,-5.84735406279965E-17,-1.26243057895611E-16));
#3356=DIRECTION('center_axis',(-1.,1.0825017005353E-17,2.92234741086794E-17));
#3357=DIRECTION('ref_axis',(1.24343523042865E-16,-0.735304102347711,-0.677737321586046));
#3358=DIRECTION('center_axis',(1.,6.19300109444631E-17,1.67187734715871E-16));
#3359=DIRECTION('ref_axis',(1.67187734715871E-16,0.,-1.));
#3360=DIRECTION('center_axis',(1.,-1.0825017005353E-17,-2.92234741086794E-17));
#3361=DIRECTION('ref_axis',(-2.92234741086794E-17,0.,-1.));
#3362=DIRECTION('center_axis',(1.,-1.61485555670343E-17,-4.35950257881753E-17));
#3363=DIRECTION('ref_axis',(-4.14200751675828E-17,-0.735304102347711,-0.677737321586045));
#3364=DIRECTION('center_axis',(1.,-1.0825017005353E-17,-2.92234741086794E-17));
#3365=DIRECTION('ref_axis',(-2.92234741086794E-17,0.,-1.));
#3366=DIRECTION('center_axis',(1.,-1.0825017005353E-17,-2.92234741086794E-17));
#3367=DIRECTION('ref_axis',(-2.92234741086794E-17,0.,-1.));
#3368=DIRECTION('center_axis',(1.,-1.61485555670343E-17,-4.35950257881753E-17));
#3369=DIRECTION('ref_axis',(-4.14200751675828E-17,-0.735304102347711,-0.677737321586045));
#3370=DIRECTION('',(-1.,-1.32230902346213E-15,-2.85483541465064E-15));
#3371=DIRECTION('center_axis',(1.,-1.0825017005353E-17,-2.92234741086794E-17));
#3372=DIRECTION('ref_axis',(-2.77655184818753E-17,-0.735304102347711,-0.677737321586046));
#3373=DIRECTION('center_axis',(1.,-1.0825017005353E-17,-2.92234741086794E-17));
#3374=DIRECTION('ref_axis',(-2.92234741086794E-17,0.,-1.));
#3375=DIRECTION('center_axis',(1.,-1.61485555670343E-17,-4.35950257881753E-17));
#3376=DIRECTION('ref_axis',(-4.14200751675828E-17,-0.735304102347711,-0.677737321586045));
#3377=DIRECTION('',(-1.,3.40022261098945E-17,7.34100407341473E-17));
#3378=DIRECTION('center_axis',(1.,-1.61485555670343E-17,-4.35950257881753E-17));
#3379=DIRECTION('ref_axis',(-4.35950257881753E-17,0.,-1.));
#3380=DIRECTION('center_axis',(1.,-1.61485555670343E-17,-4.35950257881753E-17));
#3381=DIRECTION('ref_axis',(-4.14200751675828E-17,-0.735304102347711,-0.677737321586045));
#3382=DIRECTION('',(-1.,3.40022261098945E-17,7.34100407341473E-17));
#3383=DIRECTION('axis',(0.,0.,1.));
#3384=DIRECTION('refdir',(1.,0.,0.));
#3385=DIRECTION('center_axis',(0.,1.,-1.59389681020877E-16));
#3386=DIRECTION('ref_axis',(1.,0.,0.));
#3387=DIRECTION('center_axis',(0.,1.,-2.89377835129227E-16));
#3388=DIRECTION('ref_axis',(1.,0.,0.));
#3389=DIRECTION('',(0.,1.,-1.59389681020877E-16));
#3390=DIRECTION('center_axis',(0.,1.,6.16946292726718E-15));
#3391=DIRECTION('ref_axis',(1.,0.,0.));
#3392=DIRECTION('center_axis',(0.,1.,6.16946292726718E-15));
#3393=DIRECTION('ref_axis',(0.,-6.16946292726718E-15,1.));
#3394=DIRECTION('center_axis',(0.,1.,-1.59389681020877E-16));
#3395=DIRECTION('ref_axis',(1.,0.,0.));
#3396=DIRECTION('center_axis',(0.,1.,-2.89377835129227E-16));
#3397=DIRECTION('ref_axis',(1.,0.,0.));
#3398=DIRECTION('',(0.,1.,-1.59389681020877E-16));
#3399=DIRECTION('center_axis',(0.,1.,6.16946292726718E-15));
#3400=DIRECTION('ref_axis',(1.,0.,0.));
#3401=DIRECTION('center_axis',(0.,1.,6.16946292726718E-15));
#3402=DIRECTION('ref_axis',(0.,-6.16946292726718E-15,1.));
#3403=DIRECTION('center_axis',(0.,1.,-1.59389681020877E-16));
#3404=DIRECTION('ref_axis',(1.,0.,0.));
#3405=DIRECTION('center_axis',(0.,1.,-2.89377835129227E-16));
#3406=DIRECTION('ref_axis',(1.,0.,0.));
#3407=DIRECTION('',(0.,1.,-1.59389681020877E-16));
#3408=DIRECTION('center_axis',(0.,1.,6.16946292726718E-15));
#3409=DIRECTION('ref_axis',(1.,0.,0.));
#3410=DIRECTION('center_axis',(0.,1.,6.16946292726718E-15));
#3411=DIRECTION('ref_axis',(0.,-6.16946292726718E-15,1.));
#3412=DIRECTION('center_axis',(0.,1.,-1.59389681020877E-16));
#3413=DIRECTION('ref_axis',(1.,0.,0.));
#3414=DIRECTION('center_axis',(0.,1.,-2.89377835129227E-16));
#3415=DIRECTION('ref_axis',(1.,0.,0.));
#3416=DIRECTION('',(0.,1.,-1.59389681020877E-16));
#3417=DIRECTION('center_axis',(0.,1.,6.16946292726718E-15));
#3418=DIRECTION('ref_axis',(1.,0.,0.));
#3419=DIRECTION('center_axis',(0.,1.,6.16946292726718E-15));
#3420=DIRECTION('ref_axis',(0.,-6.16946292726718E-15,1.));
#3421=DIRECTION('',(-1.,3.39711740835859E-17,7.33499260180902E-17));
#3422=DIRECTION('center_axis',(1.,-1.61633164749464E-17,-4.36307545576373E-17));
#3423=DIRECTION('ref_axis',(-4.14647164367094E-17,-0.734996808291286,-0.678070565503048));
#3424=DIRECTION('',(1.,-3.39711740835859E-17,-7.33499260180902E-17));
#3425=DIRECTION('center_axis',(1.,-1.61633164749464E-17,-4.36307545576373E-17));
#3426=DIRECTION('ref_axis',(-4.14647164367094E-17,-0.734996808291286,-0.678070565503048));
#3427=DIRECTION('center_axis',(1.,-1.0834911827122E-17,-2.92474245193153E-17));
#3428=DIRECTION('ref_axis',(-2.92474245193153E-17,0.,-1.));
#3429=DIRECTION('center_axis',(-1.,1.0834911827122E-17,2.92474245193153E-17));
#3430=DIRECTION('ref_axis',(9.46997965719755E-16,1.,-1.22464679914735E-16));
#3431=DIRECTION('center_axis',(-1.,1.0834911827122E-17,2.92474245193153E-17));
#3432=DIRECTION('ref_axis',(9.46997965719755E-16,1.,-1.22464679914735E-16));
#3433=DIRECTION('center_axis',(1.,-1.0834911827122E-17,-2.92474245193153E-17));
#3434=DIRECTION('ref_axis',(2.26330437720074E-16,0.734591120455895,0.678510048376111));
#3435=DIRECTION('center_axis',(-1.,-4.91006164328413E-17,2.96532753016712E-16));
#3436=DIRECTION('ref_axis',(2.96532753016712E-16,0.,1.));
#3437=DIRECTION('center_axis',(1.,4.91006164328413E-17,-2.96532753016712E-16));
#3438=DIRECTION('ref_axis',(9.46997965719755E-16,1.,-1.22464679914735E-16));
#3439=DIRECTION('center_axis',(-1.,-4.91006164328413E-17,2.96532753016712E-16));
#3440=DIRECTION('ref_axis',(-1.65131575753995E-16,-0.734591120455895,-0.678510048376111));
#3441=DIRECTION('',(1.,-4.21453935608747E-17,-3.296971798254E-16));
#3442=DIRECTION('',(-1.,4.21453935608747E-17,3.296971798254E-16));
#3443=DIRECTION('center_axis',(-0.737496334775871,-0.315760115487235,0.596988028070617));
#3444=DIRECTION('ref_axis',(0.670695296177494,-0.238820891114731,0.702233865355801));
#3445=DIRECTION('center_axis',(-0.0955777031688066,-0.713305019550599,0.694306021679846));
#3446=DIRECTION('ref_axis',(-0.995421270453344,0.069317749288864,-0.0658144662105209));
#3447=DIRECTION('center_axis',(-0.543836376253952,0.838255239129713,0.0396251174705945));
#3448=DIRECTION('ref_axis',(0.836779105368316,0.538090771399223,0.101286971294386));
#3449=DIRECTION('center_axis',(-0.866459915280258,-0.0345652317020394,0.498048652211721));
#3450=DIRECTION('ref_axis',(0.469270295003959,0.284087175977359,0.836109960873632));
#3451=DIRECTION('center_axis',(0.339381885758511,0.940007127465102,-0.0347352261228361));
#3452=DIRECTION('ref_axis',(-0.939907462053594,0.34034882379016,0.0271411296859071));
#3453=DIRECTION('center_axis',(-0.339381885758511,0.940007127465102,-0.0347352261228361));
#3454=DIRECTION('ref_axis',(0.939907462053594,0.34034882379016,0.0271411296859064));
#3455=DIRECTION('center_axis',(0.866459915280258,-0.0345652317020394,0.498048652211721));
#3456=DIRECTION('ref_axis',(-0.469270295003959,0.284087175977359,0.836109960873632));
#3457=DIRECTION('center_axis',(0.543836376253952,0.838255239129713,0.0396251174705945));
#3458=DIRECTION('ref_axis',(-0.836779105368316,0.538090771399223,0.101286971294386));
#3459=DIRECTION('center_axis',(0.0955777031688066,-0.713305019550599,0.694306021679846));
#3460=DIRECTION('ref_axis',(0.995421270453344,0.0693177492888637,-0.0658144662105213));
#3461=DIRECTION('center_axis',(0.737496334775871,-0.315760115487235,0.596988028070617));
#3462=DIRECTION('ref_axis',(-0.670695296177494,-0.23882089111473,0.702233865355801));
#3463=DIRECTION('center_axis',(0.339381885758511,-0.940007127465102,0.0347352261228361));
#3464=DIRECTION('ref_axis',(0.,-0.0369268855964861,-0.999317969977596));
#3465=DIRECTION('',(5.43173563055177E-17,-0.0369268855964862,-0.999317969977596));
#3466=DIRECTION('center_axis',(0.339381885758511,-0.940007127465102,0.0347352261228361));
#3467=DIRECTION('ref_axis',(0.939907563763007,0.340348759939505,0.0271384079991977));
#3468=DIRECTION('',(0.497291612571911,0.147953664303302,-0.85487470736059));
#3469=DIRECTION('center_axis',(-0.339381885758511,-0.940007127465102,0.0347352261228361));
#3470=DIRECTION('ref_axis',(0.,-0.0369268855964861,-0.999317969977596));
#3471=DIRECTION('',(-0.497291612571911,0.147953664303302,-0.85487470736059));
#3472=DIRECTION('center_axis',(-0.339381885758511,-0.940007127465102,0.0347352261228361));
#3473=DIRECTION('ref_axis',(-0.939907563763007,0.340348759939504,0.0271384079991987));
#3474=DIRECTION('center_axis',(0.866459915280258,0.0345652317020394,-0.498048652211721));
#3475=DIRECTION('ref_axis',(-0.498346442197068,0.,-0.866977983313028));
#3476=DIRECTION('',(-0.472279202057836,-0.266687366186289,-0.840137015028045));
#3477=DIRECTION('center_axis',(0.866459915280258,0.0345652317020394,-0.498048652211721));
#3478=DIRECTION('ref_axis',(0.469234296867597,0.284289544074307,0.836061379190066));
#3479=DIRECTION('center_axis',(0.543836376253952,-0.838255239129713,-0.0396251174705945));
#3480=DIRECTION('ref_axis',(-0.0726695624737012,0.,-0.997356072167749));
#3481=DIRECTION('',(-0.713671998439037,-0.437136891708755,-0.547342321176829));
#3482=DIRECTION('center_axis',(0.543836376253952,-0.838255239129713,-0.0396251174705945));
#3483=DIRECTION('ref_axis',(0.836780704127406,0.538092990387391,0.101261971618166));
#3484=DIRECTION('center_axis',(0.0955777031688066,0.713305019550599,-0.694306021679846));
#3485=DIRECTION('ref_axis',(-0.990657526972849,0.,-0.136373253433506));
#3486=DIRECTION('',(-0.293472330059697,-0.646304629833958,-0.704389321997802));
#3487=DIRECTION('center_axis',(0.0955777031688066,0.713305019550599,-0.694306021679846));
#3488=DIRECTION('ref_axis',(-0.995421254506323,0.0693271061314971,-0.0658048511318835));
#3489=DIRECTION('center_axis',(0.737496334775871,0.315760115487235,-0.596988028070617));
#3490=DIRECTION('ref_axis',(-0.629177336094704,0.,-0.777261783278177));
#3491=DIRECTION('',(-8.8616385865789E-18,-0.883966868061311,-0.467549544080492));
#3492=DIRECTION('center_axis',(0.737496334775871,0.315760115487235,-0.596988028070617));
#3493=DIRECTION('ref_axis',(0.670710184915333,-0.238993731586226,0.702160839205186));
#3494=DIRECTION('center_axis',(-0.866459915280258,0.0345652317020394,-0.498048652211721));
#3495=DIRECTION('ref_axis',(-0.498346442197068,0.,0.866977983313028));
#3496=DIRECTION('center_axis',(-0.866459915280258,0.0345652317020394,-0.498048652211721));
#3497=DIRECTION('ref_axis',(-0.469234296867597,0.284289544074306,0.836061379190066));
#3498=DIRECTION('',(0.472279202057836,-0.266687366186289,-0.840137015028045));
#3499=DIRECTION('center_axis',(-0.543836376253952,-0.838255239129713,-0.0396251174705945));
#3500=DIRECTION('ref_axis',(-0.0726695624737011,0.,0.997356072167749));
#3501=DIRECTION('center_axis',(-0.543836376253952,-0.838255239129713,-0.0396251174705945));
#3502=DIRECTION('ref_axis',(-0.836780704127406,0.538092990387391,0.101261971618167));
#3503=DIRECTION('',(0.713671998439037,-0.437136891708755,-0.547342321176829));
#3504=DIRECTION('center_axis',(-0.0955777031688066,0.713305019550599,-0.694306021679846));
#3505=DIRECTION('ref_axis',(-0.990657526972849,0.,0.136373253433506));
#3506=DIRECTION('center_axis',(-0.0955777031688066,0.713305019550599,-0.694306021679846));
#3507=DIRECTION('ref_axis',(0.995421254506323,0.0693271061314965,-0.065804851131884));
#3508=DIRECTION('',(0.293472330059697,-0.646304629833958,-0.704389321997802));
#3509=DIRECTION('center_axis',(-0.737496334775871,0.315760115487235,-0.596988028070617));
#3510=DIRECTION('ref_axis',(-0.629177336094704,0.,0.777261783278177));
#3511=DIRECTION('center_axis',(-0.737496334775871,0.315760115487235,-0.596988028070617));
#3512=DIRECTION('ref_axis',(-0.670710184915334,-0.238993731586225,0.702160839205186));
#3513=DIRECTION('center_axis',(-1.,1.0834911827122E-17,2.92474245193153E-17));
#3514=DIRECTION('ref_axis',(3.35655633238263E-16,0.734996808291285,0.678070565503048));
#3515=DIRECTION('',(1.,-9.3516706784E-17,-4.40818552279418E-16));
#3516=DIRECTION('center_axis',(-1.,-7.24957598710718E-17,2.32982067445482E-16));
#3517=DIRECTION('ref_axis',(-1.04694130104938E-16,-0.734996808291285,-0.678070565503048));
#3518=DIRECTION('center_axis',(-1.,-7.24957598710718E-17,2.32982067445482E-16));
#3519=DIRECTION('ref_axis',(2.32982067445482E-16,0.,1.));
#3520=DIRECTION('center_axis',(-1.,-7.24957598710718E-17,2.32982067445482E-16));
#3521=DIRECTION('ref_axis',(9.46997965719755E-16,1.,-1.22464679914735E-16));
#3522=DIRECTION('center_axis',(1.,-1.0834911827122E-17,-2.92474245193153E-17));
#3523=DIRECTION('ref_axis',(-2.92474245193153E-17,0.,-1.));
#3524=DIRECTION('center_axis',(1.,-1.0834911827122E-17,-2.92474245193153E-17));
#3525=DIRECTION('ref_axis',(-2.7795443294372E-17,-0.734996808291286,-0.678070565503048));
#3526=DIRECTION('center_axis',(1.,-1.0834911827122E-17,-2.92474245193153E-17));
#3527=DIRECTION('ref_axis',(-2.7795443294372E-17,-0.734996808291286,-0.678070565503048));
#3528=DIRECTION('',(1.,1.32110144445092E-15,2.85249761973015E-15));
#3529=DIRECTION('center_axis',(1.,-1.0834911827122E-17,-2.92474245193153E-17));
#3530=DIRECTION('ref_axis',(-2.92474245193153E-17,0.,-1.));
#3531=DIRECTION('center_axis',(1.,-1.0834911827122E-17,-2.92474245193153E-17));
#3532=DIRECTION('ref_axis',(9.46997965719755E-16,1.,-1.22464679914735E-16));
#3533=DIRECTION('center_axis',(1.,-1.61633164749464E-17,-4.36307545576373E-17));
#3534=DIRECTION('ref_axis',(-4.36307545576373E-17,0.,-1.));
#3535=DIRECTION('center_axis',(-1.,1.61633164749464E-17,4.36307545576373E-17));
#3536=DIRECTION('ref_axis',(9.46997965719755E-16,1.,-1.22464679914735E-16));
#3537=DIRECTION('center_axis',(1.,-1.17040934264542E-16,5.73576536721646E-18));
#3538=DIRECTION('ref_axis',(9.46997965719755E-16,1.,-1.22464679914735E-16));
#3539=DIRECTION('center_axis',(1.,0.,0.));
#3540=DIRECTION('ref_axis',(9.46997965719755E-16,1.,-1.22464679914735E-16));
#3541=DIRECTION('',(1.,-1.17040934264542E-16,5.73576536721646E-18));
#3542=DIRECTION('center_axis',(1.,-1.17040934264542E-16,5.73576536721646E-18));
#3543=DIRECTION('ref_axis',(9.46997965719755E-16,1.,-1.22464679914735E-16));
#3544=DIRECTION('',(1.,-1.17040934264542E-16,5.73576536721646E-18));
#3545=DIRECTION('center_axis',(-1.,0.,0.));
#3546=DIRECTION('ref_axis',(9.46997965719755E-16,1.,-1.22464679914735E-16));
#3547=DIRECTION('center_axis',(-1.,1.73243466857074E-16,3.89731656277099E-17));
#3548=DIRECTION('ref_axis',(3.89731656277099E-17,0.,1.));
#3549=DIRECTION('center_axis',(1.,-1.73243466857074E-16,-3.89731656277099E-17));
#3550=DIRECTION('ref_axis',(9.46997965719755E-16,1.,-1.22464679914735E-16));
#3551=DIRECTION('center_axis',(-1.,1.73243466857074E-16,3.89731656277099E-17));
#3552=DIRECTION('ref_axis',(-1.53759951653892E-16,-0.734996808291286,-0.678070565503047));
#3553=DIRECTION('',(-1.,4.63757451896087E-16,7.62437421557859E-16));
#3554=DIRECTION('center_axis',(-1.,1.73243466857074E-16,3.89731656277099E-17));
#3555=DIRECTION('ref_axis',(-1.53759951653892E-16,-0.734996808291286,-0.678070565503047));
#3556=DIRECTION('',(1.,-4.63757451896087E-16,-7.62437421557859E-16));
#3557=DIRECTION('center_axis',(-1.,1.73243466857074E-16,3.89731656277099E-17));
#3558=DIRECTION('ref_axis',(3.89731656277099E-17,0.,1.));
#3559=DIRECTION('center_axis',(-1.,1.73243466857074E-16,3.89731656277099E-17));
#3560=DIRECTION('ref_axis',(9.46997965719755E-16,1.,-1.22464679914735E-16));
#3561=DIRECTION('center_axis',(0.,-2.45077763109552E-16,-1.));
#3562=DIRECTION('ref_axis',(1.,0.,0.));
#3563=DIRECTION('center_axis',(0.,-2.60397748689184E-16,-1.));
#3564=DIRECTION('ref_axis',(1.,0.,0.));
#3565=DIRECTION('',(0.,-2.45077763109552E-16,-1.));
#3566=DIRECTION('center_axis',(0.,2.75290117931438E-16,1.));
#3567=DIRECTION('ref_axis',(1.,0.,0.));
#3568=DIRECTION('center_axis',(0.,-2.45077763109552E-16,-1.));
#3569=DIRECTION('ref_axis',(1.,0.,0.));
#3570=DIRECTION('center_axis',(0.,-2.60397748689184E-16,-1.));
#3571=DIRECTION('ref_axis',(1.,0.,0.));
#3572=DIRECTION('',(0.,-2.45077763109552E-16,-1.));
#3573=DIRECTION('center_axis',(0.,2.75290117931438E-16,1.));
#3574=DIRECTION('ref_axis',(1.,0.,0.));
#3575=DIRECTION('center_axis',(0.,2.1573133978649E-16,1.));
#3576=DIRECTION('ref_axis',(1.,0.,0.));
#3577=DIRECTION('center_axis',(0.,-2.97022630612134E-15,1.));
#3578=DIRECTION('ref_axis',(1.,0.,0.));
#3579=DIRECTION('',(0.,2.1573133978649E-16,1.));
#3580=DIRECTION('center_axis',(0.,-4.23325751153998E-15,-1.));
#3581=DIRECTION('ref_axis',(1.,0.,0.));
#3582=DIRECTION('center_axis',(0.,-2.97022630612134E-15,1.));
#3583=DIRECTION('ref_axis',(1.,0.,0.));
#3584=DIRECTION('center_axis',(0.,2.1573133978649E-16,1.));
#3585=DIRECTION('ref_axis',(1.,0.,0.));
#3586=DIRECTION('center_axis',(0.,-2.97022630612134E-15,1.));
#3587=DIRECTION('ref_axis',(1.,0.,0.));
#3588=DIRECTION('',(0.,2.1573133978649E-16,1.));
#3589=DIRECTION('center_axis',(0.,-4.23325751153998E-15,-1.));
#3590=DIRECTION('ref_axis',(1.,0.,0.));
#3591=DIRECTION('center_axis',(0.,-2.97022630612134E-15,1.));
#3592=DIRECTION('ref_axis',(1.,0.,0.));
#3593=DIRECTION('center_axis',(0.,2.1573133978649E-16,1.));
#3594=DIRECTION('ref_axis',(1.,0.,0.));
#3595=DIRECTION('center_axis',(0.,-2.97022630612134E-15,1.));
#3596=DIRECTION('ref_axis',(1.,0.,0.));
#3597=DIRECTION('',(0.,2.1573133978649E-16,1.));
#3598=DIRECTION('center_axis',(0.,-4.23325751153998E-15,-1.));
#3599=DIRECTION('ref_axis',(1.,0.,0.));
#3600=DIRECTION('center_axis',(0.,-2.97022630612134E-15,1.));
#3601=DIRECTION('ref_axis',(1.,0.,0.));
#3602=DIRECTION('center_axis',(0.,2.1573133978649E-16,1.));
#3603=DIRECTION('ref_axis',(1.,0.,0.));
#3604=DIRECTION('center_axis',(0.,-2.97022630612134E-15,1.));
#3605=DIRECTION('ref_axis',(1.,0.,0.));
#3606=DIRECTION('',(0.,2.1573133978649E-16,1.));
#3607=DIRECTION('center_axis',(0.,-4.23325751153998E-15,-1.));
#3608=DIRECTION('ref_axis',(1.,0.,0.));
#3609=DIRECTION('center_axis',(0.,-2.97022630612134E-15,1.));
#3610=DIRECTION('ref_axis',(1.,0.,0.));
#3611=DIRECTION('center_axis',(0.,-1.,2.89377835129227E-16));
#3612=DIRECTION('ref_axis',(0.,-2.89377835129227E-16,-1.));
#3613=DIRECTION('',(1.,0.,0.));
#3614=DIRECTION('',(0.,-2.89377835129227E-16,-1.));
#3615=DIRECTION('',(1.,0.,0.));
#3616=DIRECTION('',(0.,2.89377835129227E-16,1.));
#3617=DIRECTION('',(-1.,0.,0.));
#3618=DIRECTION('',(0.,-2.89377835129227E-16,-1.));
#3619=DIRECTION('',(1.,0.,0.));
#3620=DIRECTION('',(0.,2.89377835129227E-16,1.));
#3621=DIRECTION('center_axis',(0.,2.75290117931438E-16,1.));
#3622=DIRECTION('ref_axis',(1.,0.,0.));
#3623=DIRECTION('',(0.,1.,-2.3859388599459E-16));
#3624=DIRECTION('',(-1.,0.,0.));
#3625=DIRECTION('',(-1.05625786426459E-16,1.,-2.22044604925031E-16));
#3626=DIRECTION('',(1.,3.54970086709377E-17,-1.10328540463725E-17));
#3627=DIRECTION('',(0.,1.,-2.75290117931438E-16));
#3628=DIRECTION('',(1.,0.,0.));
#3629=DIRECTION('',(0.,1.,-2.3859388599459E-16));
#3630=DIRECTION('',(-1.,0.,0.));
#3631=DIRECTION('',(0.,-1.,2.75290117931438E-16));
#3632=DIRECTION('',(1.,0.,0.));
#3633=DIRECTION('',(0.,1.,-2.75290117931438E-16));
#3634=DIRECTION('center_axis',(1.,0.,0.));
#3635=DIRECTION('ref_axis',(0.,0.,-1.));
#3636=DIRECTION('',(0.,1.,-4.23325751153998E-15));
#3637=DIRECTION('',(0.,4.48604262767292E-16,1.));
#3638=DIRECTION('center_axis',(1.,0.,0.));
#3639=DIRECTION('ref_axis',(0.,0.,-1.));
#3640=DIRECTION('',(0.,1.,-2.60397748689184E-16));
#3641=DIRECTION('',(0.,3.19914430276415E-16,1.));
#3642=DIRECTION('',(0.,1.,-4.23325751153998E-15));
#3643=DIRECTION('center_axis',(0.,-1.,3.19914430276415E-16));
#3644=DIRECTION('ref_axis',(0.,-3.19914430276415E-16,-1.));
#3645=DIRECTION('',(1.,0.,0.));
#3646=DIRECTION('',(-1.,0.,0.));
#3647=DIRECTION('',(0.,-3.19914430276415E-16,-1.));
#3648=DIRECTION('',(1.,0.,0.));
#3649=DIRECTION('',(0.,3.19914430276415E-16,1.));
#3650=DIRECTION('',(1.,0.,0.));
#3651=DIRECTION('',(0.,-3.19914430276415E-16,-1.));
#3652=DIRECTION('center_axis',(0.,2.60397748689184E-16,1.));
#3653=DIRECTION('ref_axis',(1.,0.,0.));
#3654=DIRECTION('',(0.,1.,-2.60397748689184E-16));
#3655=DIRECTION('center_axis',(-1.,0.,0.));
#3656=DIRECTION('ref_axis',(0.,0.,1.));
#3657=DIRECTION('',(0.,-1.,4.23325751153998E-15));
#3658=DIRECTION('center_axis',(1.,0.,0.));
#3659=DIRECTION('ref_axis',(0.,0.,-1.));
#3660=DIRECTION('',(0.,1.,-2.64726528974486E-16));
#3661=DIRECTION('',(0.,3.09965934095355E-16,1.));
#3662=DIRECTION('',(0.,-1.,4.23325751153998E-15));
#3663=DIRECTION('center_axis',(0.,2.64726528974485E-16,1.));
#3664=DIRECTION('ref_axis',(1.,0.,0.));
#3665=DIRECTION('',(0.,1.,-2.64726528974486E-16));
#3666=DIRECTION('',(1.,3.50543065504002E-17,-1.08952574413406E-17));
#3667=DIRECTION('',(-1.06959738349519E-16,1.,-2.22044604925031E-16));
#3668=DIRECTION('',(1.,3.50543065504002E-17,-1.08952574413406E-17));
#3669=DIRECTION('',(1.06959738349519E-16,-1.,2.22044604925031E-16));
#3670=DIRECTION('',(-1.,0.,0.));
#3671=DIRECTION('center_axis',(-1.,0.,0.));
#3672=DIRECTION('ref_axis',(0.,0.,1.));
#3673=DIRECTION('',(0.,1.,-4.23325751153998E-15));
#3674=DIRECTION('',(0.,-2.22044604925031E-16,-1.));
#3675=DIRECTION('center_axis',(0.,4.23325751153998E-15,1.));
#3676=DIRECTION('ref_axis',(1.,0.,0.));
#3677=DIRECTION('',(0.,-1.,4.23325751153998E-15));
#3678=DIRECTION('',(-1.,0.,0.));
#3679=DIRECTION('',(0.,-1.,4.23325751153998E-15));
#3680=DIRECTION('',(-1.,-3.54970086709377E-17,1.50267978593447E-31));
#3681=DIRECTION('',(1.05625786426461E-16,-1.,4.23325751153998E-15));
#3682=DIRECTION('',(1.,3.54970086709377E-17,-1.50267978593447E-31));
#3683=DIRECTION('',(-1.,0.,0.));
#3684=DIRECTION('',(1.06959738349521E-16,-1.,4.23325751153998E-15));
#3685=DIRECTION('',(-1.,-3.50543065504002E-17,1.48393906516307E-31));
#3686=DIRECTION('',(-1.06959738349521E-16,1.,-4.23325751153998E-15));
#3687=DIRECTION('',(1.,3.50543065504002E-17,-1.48393906516307E-31));
#3688=DIRECTION('',(0.,-1.,4.23325751153998E-15));
#3689=DIRECTION('',(-1.,0.,0.));
#3690=DIRECTION('',(0.,1.,-4.23325751153998E-15));
#3691=DIRECTION('',(1.,0.,0.));
#3692=DIRECTION('center_axis',(-1.,0.,0.));
#3693=DIRECTION('ref_axis',(0.,0.,1.));
#3694=DIRECTION('',(0.,-2.41936162745023E-16,-1.));
#3695=DIRECTION('',(0.,2.41936162745023E-16,1.));
#3696=DIRECTION('center_axis',(0.,-1.,2.41936162745023E-16));
#3697=DIRECTION('ref_axis',(0.,-2.41936162745023E-16,-1.));
#3698=DIRECTION('',(0.,2.41936162745023E-16,1.));
#3699=DIRECTION('center_axis',(-1.,0.,0.));
#3700=DIRECTION('ref_axis',(0.,0.,1.));
#3701=DIRECTION('',(0.,-2.92461795876004E-16,-1.));
#3702=DIRECTION('center_axis',(3.54970086709377E-17,-1.,2.22044604925031E-16));
#3703=DIRECTION('ref_axis',(0.,-2.22044604925031E-16,-1.));
#3704=DIRECTION('',(3.39839486763392E-16,2.22044604925031E-16,1.));
#3705=DIRECTION('center_axis',(-3.50543065504002E-17,1.,-2.22044604925031E-16));
#3706=DIRECTION('ref_axis',(0.,2.22044604925031E-16,1.));
#3707=DIRECTION('',(-3.44131332081062E-16,-2.22044604925031E-16,-1.));
#3708=DIRECTION('center_axis',(-1.,-1.06959738349519E-16,3.44131332081062E-16));
#3709=DIRECTION('ref_axis',(3.44131332081062E-16,0.,1.));
#3710=DIRECTION('',(3.44131332081062E-16,2.22044604925031E-16,1.));
#3711=DIRECTION('center_axis',(1.,1.06959738349519E-16,-3.44131332081062E-16));
#3712=DIRECTION('ref_axis',(1.52761904186501E-16,2.22044604925031E-16,1.));
#3713=DIRECTION('center_axis',(3.50543065504002E-17,-1.,2.22044604925031E-16));
#3714=DIRECTION('ref_axis',(0.,-2.22044604925031E-16,-1.));
#3715=DIRECTION('',(-3.44131332081062E-16,-2.22044604925031E-16,-1.));
#3716=DIRECTION('center_axis',(1.,2.25607226198711E-17,-2.45440738423707E-17));
#3717=DIRECTION('ref_axis',(1.52761904186501E-16,2.22044604925031E-16,1.));
#3718=DIRECTION('',(1.,2.25607226198711E-17,-2.45440738423707E-17));
#3719=DIRECTION('center_axis',(-1.,-1.05625786426459E-16,3.39839486763392E-16));
#3720=DIRECTION('ref_axis',(1.52761904186501E-16,2.22044604925031E-16,1.));
#3721=DIRECTION('center_axis',(1.,-1.17040934264542E-16,5.73576536721646E-18));
#3722=DIRECTION('ref_axis',(7.47339576642688E-16,-0.669481708096579,0.742828541807655));
#3723=DIRECTION('center_axis',(-1.,0.,0.));
#3724=DIRECTION('ref_axis',(0.,0.,1.));
#3725=DIRECTION('',(0.,2.92461795876004E-16,1.));
#3726=DIRECTION('',(0.,-2.92461795876004E-16,-1.));
#3727=DIRECTION('center_axis',(0.,-1.,2.92461795876004E-16));
#3728=DIRECTION('ref_axis',(0.,-2.92461795876004E-16,-1.));
#3729=DIRECTION('center_axis',(1.,0.,0.));
#3730=DIRECTION('ref_axis',(0.,0.,-1.));
#3731=DIRECTION('',(0.,-2.41936162745023E-16,-1.));
#3732=DIRECTION('center_axis',(0.,-1.,2.41936162745023E-16));
#3733=DIRECTION('ref_axis',(0.,-2.41936162745023E-16,-1.));
#3734=DIRECTION('center_axis',(-1.,-1.05625786426459E-16,3.39839486763392E-16));
#3735=DIRECTION('ref_axis',(3.39839486763392E-16,0.,1.));
#3736=DIRECTION('',(-3.39839486763392E-16,-2.22044604925031E-16,-1.));
#3737=DIRECTION('center_axis',(-3.54970086709377E-17,1.,-2.22044604925031E-16));
#3738=DIRECTION('ref_axis',(0.,2.22044604925031E-16,1.));
#3739=DIRECTION('center_axis',(-1.,-1.06959738349519E-16,3.44131332081062E-16));
#3740=DIRECTION('ref_axis',(3.44131332081062E-16,0.,1.));
#3741=DIRECTION('',(3.44131332081062E-16,3.09965934095355E-16,1.));
#3742=DIRECTION('center_axis',(0.,-1.,3.09965934095355E-16));
#3743=DIRECTION('ref_axis',(0.,-3.09965934095355E-16,-1.));
#3744=DIRECTION('center_axis',(-1.,1.91193398284991E-16,8.54256449864434E-17));
#3745=DIRECTION('ref_axis',(-1.98402361549498E-16,-0.734502286331955,-0.678606212300721));
#3746=DIRECTION('',(-1.,3.14018774689078E-16,4.40294118156881E-16));
#3747=DIRECTION('center_axis',(-1.,1.91193398284991E-16,8.54256449864434E-17));
#3748=DIRECTION('ref_axis',(-1.98402361549498E-16,-0.734502286331955,-0.678606212300721));
#3749=DIRECTION('center_axis',(-1.,1.91193398284991E-16,8.54256449864434E-17));
#3750=DIRECTION('ref_axis',(8.54256449864434E-17,0.,1.));
#3751=DIRECTION('center_axis',(-1.,1.91193398284991E-16,8.54256449864434E-17));
#3752=DIRECTION('ref_axis',(8.54256449864434E-17,0.,1.));
#3753=DIRECTION('center_axis',(-1.,2.70665089278516E-16,3.02147063304858E-16));
#3754=DIRECTION('ref_axis',(-4.03851951802967E-16,-0.734343283175449,-0.678778271937973));
#3755=DIRECTION('',(-1.,1.89141443746731E-16,1.69381976216174E-16));
#3756=DIRECTION('center_axis',(-1.,2.70665089278516E-16,3.02147063304858E-16));
#3757=DIRECTION('ref_axis',(-4.03851951802967E-16,-0.734343283175449,-0.678778271937973));
#3758=DIRECTION('center_axis',(-1.,2.70665089278516E-16,3.02147063304858E-16));
#3759=DIRECTION('ref_axis',(3.02147063304858E-16,0.,1.));
#3760=DIRECTION('center_axis',(-1.,2.70665089278516E-16,3.02147063304858E-16));
#3761=DIRECTION('ref_axis',(3.02147063304858E-16,0.,1.));
#3762=DIRECTION('center_axis',(1.,1.93639700819052E-16,5.22382671152413E-16));
#3763=DIRECTION('ref_axis',(4.97283222250492E-16,-0.73298464853952,-0.680245180067744));
#3764=DIRECTION('',(-1.,-2.493695338327E-19,-5.38766278461835E-19));
#3765=DIRECTION('center_axis',(1.,1.93639700819052E-16,5.22382671152413E-16));
#3766=DIRECTION('ref_axis',(4.97283222250492E-16,-0.73298464853952,-0.680245180067744));
#3767=DIRECTION('center_axis',(1.,1.93639700819052E-16,5.22382671152413E-16));
#3768=DIRECTION('ref_axis',(5.22382671152413E-16,0.,-1.));
#3769=DIRECTION('center_axis',(1.,1.93639700819052E-16,5.22382671152413E-16));
#3770=DIRECTION('ref_axis',(5.22382671152413E-16,0.,-1.));
#3771=DIRECTION('center_axis',(-1.,-4.91006164328413E-17,2.96532753016712E-16));
#3772=DIRECTION('ref_axis',(-1.65131575753995E-16,-0.734591120455895,-0.678510048376111));
#3773=DIRECTION('',(-1.,4.21453935608747E-17,3.296971798254E-16));
#3774=DIRECTION('center_axis',(-1.,-4.91006164328413E-17,2.96532753016712E-16));
#3775=DIRECTION('ref_axis',(-1.65131575753995E-16,-0.734591120455895,-0.678510048376111));
#3776=DIRECTION('center_axis',(-1.,-4.91006164328413E-17,2.96532753016712E-16));
#3777=DIRECTION('ref_axis',(2.96532753016712E-16,0.,1.));
#3778=DIRECTION('center_axis',(-1.,-4.91006164328413E-17,2.96532753016712E-16));
#3779=DIRECTION('ref_axis',(2.96532753016712E-16,0.,1.));
#3780=DIRECTION('center_axis',(-1.,-3.14803185326596E-17,3.43825130516223E-16));
#3781=DIRECTION('ref_axis',(-2.10204480943394E-16,-0.734489954493024,-0.678619559656835));
#3782=DIRECTION('',(-1.,2.16476777923519E-17,2.85584026085788E-16));
#3783=DIRECTION('center_axis',(-1.,-3.14803185326596E-17,3.43825130516223E-16));
#3784=DIRECTION('ref_axis',(-2.10204480943394E-16,-0.734489954493024,-0.678619559656835));
#3785=DIRECTION('center_axis',(-1.,-3.14803185326596E-17,3.43825130516223E-16));
#3786=DIRECTION('ref_axis',(3.43825130516223E-16,0.,1.));
#3787=DIRECTION('center_axis',(-1.,-3.14803185326596E-17,3.43825130516223E-16));
#3788=DIRECTION('ref_axis',(3.43825130516223E-16,0.,1.));
#3789=DIRECTION('center_axis',(0.737496334775871,0.315760115487235,-0.596988028070617));
#3790=DIRECTION('ref_axis',(-0.629177336094704,0.,-0.777261783278177));
#3791=DIRECTION('',(-0.293472330059697,-0.646304629833958,-0.704389321997802));
#3792=DIRECTION('',(-8.8616385865789E-18,-0.883966868061311,-0.467549544080492));
#3793=DIRECTION('',(0.564005875996003,-0.774194713134785,0.287262803015164));
#3794=DIRECTION('center_axis',(0.0955777031688066,0.713305019550599,-0.694306021679846));
#3795=DIRECTION('ref_axis',(-0.990657526972849,0.,-0.136373253433506));
#3796=DIRECTION('',(-0.713671998439037,-0.437136891708755,-0.547342321176829));
#3797=DIRECTION('',(-0.99453289744757,0.0979016260683809,-0.0363261270672735));
#3798=DIRECTION('center_axis',(0.543836376253952,-0.838255239129713,-0.0396251174705945));
#3799=DIRECTION('ref_axis',(-0.0726695624737012,0.,-0.997356072167749));
#3800=DIRECTION('',(-0.472279202057836,-0.266687366186289,-0.840137015028045));
#3801=DIRECTION('',(0.817559049657997,0.539878609345475,-0.200320461994048));
#3802=DIRECTION('center_axis',(0.866459915280258,0.0345652317020394,-0.498048652211721));
#3803=DIRECTION('ref_axis',(-0.498346442197068,0.,-0.866977983313028));
#3804=DIRECTION('',(-0.497291612571911,0.147953664303302,-0.85487470736059));
#3805=DIRECTION('',(-0.23094430816698,0.912197317111512,-0.338468286815522));
#3806=DIRECTION('center_axis',(-0.339381885758511,-0.940007127465102,0.0347352261228361));
#3807=DIRECTION('ref_axis',(0.,-0.0369268855964861,-0.999317969977596));
#3808=DIRECTION('',(5.43173563055177E-17,-0.0369268855964862,-0.999317969977596));
#3809=DIRECTION('',(0.934819129718624,-0.332943818931359,0.123537881427181));
#3810=DIRECTION('center_axis',(0.339381885758511,-0.940007127465102,0.0347352261228361));
#3811=DIRECTION('ref_axis',(0.,-0.0369268855964861,-0.999317969977596));
#3812=DIRECTION('',(0.497291612571911,0.147953664303302,-0.85487470736059));
#3813=DIRECTION('',(0.934819129718624,0.332943818931359,-0.123537881427181));
#3814=DIRECTION('center_axis',(-0.866459915280258,0.0345652317020394,-0.498048652211721));
#3815=DIRECTION('ref_axis',(-0.498346442197068,0.,0.866977983313028));
#3816=DIRECTION('',(0.472279202057836,-0.266687366186289,-0.840137015028045));
#3817=DIRECTION('',(-0.23094430816698,-0.912197317111512,0.338468286815522));
#3818=DIRECTION('center_axis',(-0.543836376253952,-0.838255239129713,-0.0396251174705945));
#3819=DIRECTION('ref_axis',(-0.0726695624737011,0.,0.997356072167749));
#3820=DIRECTION('',(0.713671998439037,-0.437136891708755,-0.547342321176829));
#3821=DIRECTION('',(0.817559049657997,-0.539878609345475,0.200320461994048));
#3822=DIRECTION('center_axis',(-0.0955777031688066,0.713305019550599,-0.694306021679846));
#3823=DIRECTION('ref_axis',(-0.990657526972849,0.,0.136373253433506));
#3824=DIRECTION('',(0.293472330059697,-0.646304629833958,-0.704389321997802));
#3825=DIRECTION('',(-0.99453289744757,-0.0979016260683809,0.0363261270672734));
#3826=DIRECTION('center_axis',(-2.77856103913909E-17,0.347872329613802,
0.937541914950508));
#3827=DIRECTION('ref_axis',(1.,0.,2.96366593837649E-17));
#3828=DIRECTION('',(-0.564005875996003,-0.774194713134785,0.287262803015164));
#3829=DIRECTION('center_axis',(-0.737496334775871,0.315760115487235,-0.596988028070617));
#3830=DIRECTION('ref_axis',(-0.629177336094704,0.,0.777261783278177));
#3831=DIRECTION('',(0.,0.,1.));
#3832=DIRECTION('',(1.,0.,0.));
#3833=DIRECTION('',(0.,0.,1.));
#3834=DIRECTION('',(1.,0.,0.));
#3835=DIRECTION('',(0.,0.,1.));
#3836=DIRECTION('',(1.,0.,0.));
#3837=DIRECTION('',(0.,0.,1.));
#3838=DIRECTION('',(1.,0.,0.));
#3839=DIRECTION('',(0.,0.,1.));
#3840=DIRECTION('',(1.,0.,0.));
#3841=CARTESIAN_POINT('',(0.,0.,0.));
#3842=CARTESIAN_POINT('',(0.,0.,0.));
#3843=CARTESIAN_POINT('Ctrl Pts',(-4.57157491581067,-1.31960949278078,0.831808873420747));
#3844=CARTESIAN_POINT('Ctrl Pts',(-4.57157491581067,-1.21311155408878,0.716488116705688));
#3845=CARTESIAN_POINT('Ctrl Pts',(-4.57157491581067,-1.08512892521188,0.834679208682741));
#3846=CARTESIAN_POINT('Ctrl Pts',(-4.57157491581067,-0.957146296334988,
0.952870300659794));
#3847=CARTESIAN_POINT('Ctrl Pts',(-4.57157491581067,-1.06364423502699,1.06819105737485));
#3848=CARTESIAN_POINT('Ctrl Pts',(-4.57157491581067,-1.170142173719,1.18351181408991));
#3849=CARTESIAN_POINT('Ctrl Pts',(-4.57157491581067,-1.29812480259589,1.06532072211286));
#3850=CARTESIAN_POINT('Ctrl Pts',(-4.57157491581067,-1.42610743147278,0.947129630135807));
#3851=CARTESIAN_POINT('Ctrl Pts',(-4.57157491581067,-1.31960949278078,0.831808873420747));
#3852=CARTESIAN_POINT('Ctrl Pts',(-4.52242491240469,-1.31960949278078,0.831808873420747));
#3853=CARTESIAN_POINT('Ctrl Pts',(-4.52242491240469,-1.21311155408878,0.716488116705688));
#3854=CARTESIAN_POINT('Ctrl Pts',(-4.52242491240469,-1.08512892521188,0.834679208682741));
#3855=CARTESIAN_POINT('Ctrl Pts',(-4.52242491240469,-0.957146296334988,
0.952870300659794));
#3856=CARTESIAN_POINT('Ctrl Pts',(-4.52242491240469,-1.06364423502699,1.06819105737485));
#3857=CARTESIAN_POINT('Ctrl Pts',(-4.52242491240469,-1.170142173719,1.18351181408991));
#3858=CARTESIAN_POINT('Ctrl Pts',(-4.52242491240469,-1.29812480259589,1.06532072211286));
#3859=CARTESIAN_POINT('Ctrl Pts',(-4.52242491240469,-1.42610743147278,0.947129630135807));
#3860=CARTESIAN_POINT('Ctrl Pts',(-4.52242491240469,-1.31960949278078,0.831808873420747));
#3861=CARTESIAN_POINT('',(-4.57157491581067,-1.31960949278078,0.831808873420747));
#3862=CARTESIAN_POINT('Origin',(-4.57157491581067,-1.19162686390389,0.9499999653978));
#3863=CARTESIAN_POINT('',(-4.52242491240469,-1.31960949278078,0.831808873420747));
#3864=CARTESIAN_POINT('',(-4.34657490048376,-1.31960949278078,0.831808873420747));
#3865=CARTESIAN_POINT('Origin',(-4.52242491240469,-1.19162686390389,0.9499999653978));
#3866=CARTESIAN_POINT('Ctrl Pts',(-4.67242492858309,-1.36076880306324,0.793871923707739));
#3867=CARTESIAN_POINT('Ctrl Pts',(-4.67242492858309,-1.22008772704341,0.641464516662601));
#3868=CARTESIAN_POINT('Ctrl Pts',(-4.67242492858309,-1.05094578788406,0.797592558352662));
#3869=CARTESIAN_POINT('Ctrl Pts',(-4.67242492858309,-0.881803848724709,
0.953720600042724));
#3870=CARTESIAN_POINT('Ctrl Pts',(-4.67242492858309,-1.02248492474454,1.10612800708786));
#3871=CARTESIAN_POINT('Ctrl Pts',(-4.67242492858309,-1.16316600076436,1.258535414133));
#3872=CARTESIAN_POINT('Ctrl Pts',(-4.67242492858309,-1.33230793992371,1.10240737244294));
#3873=CARTESIAN_POINT('Ctrl Pts',(-4.67242492858309,-1.50144987908306,0.946279330752877));
#3874=CARTESIAN_POINT('Ctrl Pts',(-4.67242492858309,-1.36076880306324,0.793871923707739));
#3875=CARTESIAN_POINT('Ctrl Pts',(-4.57157491581067,-1.36076880306324,0.793871923707739));
#3876=CARTESIAN_POINT('Ctrl Pts',(-4.57157491581067,-1.22008772704341,0.641464516662601));
#3877=CARTESIAN_POINT('Ctrl Pts',(-4.57157491581067,-1.05094578788406,0.797592558352662));
#3878=CARTESIAN_POINT('Ctrl Pts',(-4.57157491581067,-0.881803848724709,
0.953720600042724));
#3879=CARTESIAN_POINT('Ctrl Pts',(-4.57157491581067,-1.02248492474454,1.10612800708786));
#3880=CARTESIAN_POINT('Ctrl Pts',(-4.57157491581067,-1.16316600076436,1.258535414133));
#3881=CARTESIAN_POINT('Ctrl Pts',(-4.57157491581067,-1.33230793992371,1.10240737244294));
#3882=CARTESIAN_POINT('Ctrl Pts',(-4.57157491581067,-1.50144987908306,0.946279330752877));
#3883=CARTESIAN_POINT('Ctrl Pts',(-4.57157491581067,-1.36076880306324,0.793871923707739));
#3884=CARTESIAN_POINT('',(-4.67242492858309,-1.36076880306324,0.793871923707739));
#3885=CARTESIAN_POINT('Origin',(-4.67242492858309,-1.19162686390389,0.949999965397801));
#3886=CARTESIAN_POINT('',(-4.57157491581067,-1.36076880306324,0.793871923707739));
#3887=CARTESIAN_POINT('',(-4.57157491581067,-1.36076880306324,0.793871923707739));
#3888=CARTESIAN_POINT('Origin',(-4.57157491581067,-1.19162686390389,0.949999965397801));
#3889=CARTESIAN_POINT('Origin',(-4.57157491581067,-1.19162686390389,0.949999965397801));
#3890=CARTESIAN_POINT('Ctrl Pts',(-4.67242492858309,-1.39330818091419,0.764108230035403));
#3891=CARTESIAN_POINT('Ctrl Pts',(-4.67242492858309,-1.22581021600042,0.58238304416581));
#3892=CARTESIAN_POINT('Ctrl Pts',(-4.67242492858309,-1.02412889899012,0.768274779528208));
#3893=CARTESIAN_POINT('Ctrl Pts',(-4.67242492858309,-0.822447581979822,
0.954166514890606));
#3894=CARTESIAN_POINT('Ctrl Pts',(-4.67242492858309,-0.989945546893586,
1.1358917007602));
#3895=CARTESIAN_POINT('Ctrl Pts',(-4.67242492858309,-1.15744351180735,1.31761688662979));
#3896=CARTESIAN_POINT('Ctrl Pts',(-4.67242492858309,-1.35912482881765,1.13172515126739));
#3897=CARTESIAN_POINT('Ctrl Pts',(-4.67242492858309,-1.56080614582795,0.945833415904995));
#3898=CARTESIAN_POINT('Ctrl Pts',(-4.67242492858309,-1.39330818091419,0.764108230035403));
#3899=CARTESIAN_POINT('Ctrl Pts',(-4.52242491240469,-1.39330818091419,0.764108230035403));
#3900=CARTESIAN_POINT('Ctrl Pts',(-4.52242491240469,-1.22581021600042,0.58238304416581));
#3901=CARTESIAN_POINT('Ctrl Pts',(-4.52242491240469,-1.02412889899012,0.768274779528208));
#3902=CARTESIAN_POINT('Ctrl Pts',(-4.52242491240469,-0.822447581979822,
0.954166514890606));
#3903=CARTESIAN_POINT('Ctrl Pts',(-4.52242491240469,-0.989945546893586,
1.1358917007602));
#3904=CARTESIAN_POINT('Ctrl Pts',(-4.52242491240469,-1.15744351180735,1.31761688662979));
#3905=CARTESIAN_POINT('Ctrl Pts',(-4.52242491240469,-1.35912482881765,1.13172515126739));
#3906=CARTESIAN_POINT('Ctrl Pts',(-4.52242491240469,-1.56080614582795,0.945833415904995));
#3907=CARTESIAN_POINT('Ctrl Pts',(-4.52242491240469,-1.39330818091419,0.764108230035403));
#3908=CARTESIAN_POINT('',(-4.52242491240469,-1.39330818091419,0.764108230035403));
#3909=CARTESIAN_POINT('Origin',(-4.52242491240469,-1.19162686390389,0.949999965397801));
#3910=CARTESIAN_POINT('',(-4.67242492858309,-1.39330818091419,0.764108230035403));
#3911=CARTESIAN_POINT('',(-4.52242491240469,-1.39330818091419,0.764108230035403));
#3912=CARTESIAN_POINT('Origin',(-4.67242492858309,-1.19162686390389,0.949999965397801));
#3913=CARTESIAN_POINT('Origin',(-4.67242492858309,-1.19162686390389,0.949999965397801));
#3914=CARTESIAN_POINT('Origin',(-4.52242491240469,-1.19162686390389,0.949999965397801));
#3915=CARTESIAN_POINT('Ctrl Pts',(-4.52242490644422,-1.31960949278078,0.831808873420747));
#3916=CARTESIAN_POINT('Ctrl Pts',(-4.52242490644422,-1.21311155408878,0.716488116705688));
#3917=CARTESIAN_POINT('Ctrl Pts',(-4.52242490644422,-1.08512892521188,0.834679208682741));
#3918=CARTESIAN_POINT('Ctrl Pts',(-4.52242490644422,-0.957146296334988,
0.952870300659794));
#3919=CARTESIAN_POINT('Ctrl Pts',(-4.52242490644422,-1.06364423502699,1.06819105737485));
#3920=CARTESIAN_POINT('Ctrl Pts',(-4.52242490644422,-1.170142173719,1.18351181408991));
#3921=CARTESIAN_POINT('Ctrl Pts',(-4.52242490644422,-1.29812480259589,1.06532072211286));
#3922=CARTESIAN_POINT('Ctrl Pts',(-4.52242490644422,-1.42610743147278,0.947129630135807));
#3923=CARTESIAN_POINT('Ctrl Pts',(-4.52242490644422,-1.31960949278078,0.831808873420747));
#3924=CARTESIAN_POINT('Ctrl Pts',(-4.34657490048376,-1.31960949278078,0.831808873420747));
#3925=CARTESIAN_POINT('Ctrl Pts',(-4.34657490048376,-1.21311155408878,0.716488116705688));
#3926=CARTESIAN_POINT('Ctrl Pts',(-4.34657490048376,-1.08512892521188,0.834679208682741));
#3927=CARTESIAN_POINT('Ctrl Pts',(-4.34657490048376,-0.957146296334988,
0.952870300659794));
#3928=CARTESIAN_POINT('Ctrl Pts',(-4.34657490048376,-1.06364423502699,1.06819105737485));
#3929=CARTESIAN_POINT('Ctrl Pts',(-4.34657490048376,-1.170142173719,1.18351181408991));
#3930=CARTESIAN_POINT('Ctrl Pts',(-4.34657490048376,-1.29812480259589,1.06532072211286));
#3931=CARTESIAN_POINT('Ctrl Pts',(-4.34657490048376,-1.42610743147278,0.947129630135807));
#3932=CARTESIAN_POINT('Ctrl Pts',(-4.34657490048376,-1.31960949278078,0.831808873420747));
#3933=CARTESIAN_POINT('',(-4.52242490644422,-1.31960949278078,0.831808873420747));
#3934=CARTESIAN_POINT('Origin',(-4.52242490644422,-1.19162686390389,0.9499999653978));
#3935=CARTESIAN_POINT('',(-4.34657490048376,-1.31960949278078,0.831808873420747));
#3936=CARTESIAN_POINT('',(-4.34657490048376,-1.31960949278078,0.831808873420747));
#3937=CARTESIAN_POINT('Origin',(-4.34657490048376,-1.19162686390389,0.9499999653978));
#3938=CARTESIAN_POINT('Origin',(-4.34657490048376,-1.19162686390389,0.9499999653978));
#3939=CARTESIAN_POINT('Ctrl Pts',(-4.52242490644422,-1.35214872926418,0.802045318146512));
#3940=CARTESIAN_POINT('Ctrl Pts',(-4.52242490644422,-1.21883402183078,0.657406904181556));
#3941=CARTESIAN_POINT('Ctrl Pts',(-4.52242490644422,-1.05831215647049,0.805361551432845));
#3942=CARTESIAN_POINT('Ctrl Pts',(-4.52242490644422,-0.897790291110194,
0.953316198684134));
#3943=CARTESIAN_POINT('Ctrl Pts',(-4.52242490644422,-1.03110499854359,1.09795461264909));
#3944=CARTESIAN_POINT('Ctrl Pts',(-4.52242490644422,-1.16441970597699,1.24259302661404));
#3945=CARTESIAN_POINT('Ctrl Pts',(-4.52242490644422,-1.32494157133728,1.09463837936276));
#3946=CARTESIAN_POINT('Ctrl Pts',(-4.52242490644422,-1.48546343669758,0.946683732111467));
#3947=CARTESIAN_POINT('Ctrl Pts',(-4.52242490644422,-1.35214872926418,0.802045318146512));
#3948=CARTESIAN_POINT('Ctrl Pts',(-4.29742489707778,-1.35214872926418,0.802045318146511));
#3949=CARTESIAN_POINT('Ctrl Pts',(-4.29742489707778,-1.21883402183078,0.657406904181556));
#3950=CARTESIAN_POINT('Ctrl Pts',(-4.29742489707778,-1.05831215647049,0.805361551432845));
#3951=CARTESIAN_POINT('Ctrl Pts',(-4.29742489707778,-0.897790291110194,
0.953316198684134));
#3952=CARTESIAN_POINT('Ctrl Pts',(-4.29742489707778,-1.03110499854359,1.09795461264909));
#3953=CARTESIAN_POINT('Ctrl Pts',(-4.29742489707778,-1.16441970597699,1.24259302661404));
#3954=CARTESIAN_POINT('Ctrl Pts',(-4.29742489707778,-1.32494157133728,1.09463837936276));
#3955=CARTESIAN_POINT('Ctrl Pts',(-4.29742489707778,-1.48546343669758,0.946683732111467));
#3956=CARTESIAN_POINT('Ctrl Pts',(-4.29742489707778,-1.35214872926418,0.802045318146511));
#3957=CARTESIAN_POINT('',(-4.29742489707778,-1.35214872926418,0.802045318146511));
#3958=CARTESIAN_POINT('Origin',(-4.29742489707778,-1.19162686390389,0.9499999653978));
#3959=CARTESIAN_POINT('',(-4.52242490644422,-1.35214872926418,0.802045318146512));
#3960=CARTESIAN_POINT('',(-4.29742489707778,-1.35214872926418,0.802045318146511));
#3961=CARTESIAN_POINT('Origin',(-4.52242490644422,-1.19162686390389,0.949999965397801));
#3962=CARTESIAN_POINT('Origin',(-4.52242490644422,-1.19162686390389,0.949999965397801));
#3963=CARTESIAN_POINT('Origin',(-4.29742489707778,-1.19162686390389,0.9499999653978));
#3964=CARTESIAN_POINT('',(0.,0.,0.));
#3965=CARTESIAN_POINT('Origin',(-5.19899999999994,-4.06446717206802,-0.000849999999998358));
#3966=CARTESIAN_POINT('',(-5.23484999999997,-4.06446717206802,0.40912552006203));
#3967=CARTESIAN_POINT('Origin',(-5.19899999999994,-4.06446717206802,0.40912552006203));
#3968=CARTESIAN_POINT('',(-5.23484999999997,-4.06446717206802,0.296521870160822));
#3969=CARTESIAN_POINT('',(-5.23484999999997,-4.06446717206802,-0.000849999999998358));
#3970=CARTESIAN_POINT('Origin',(-5.19899999999994,-4.06446717206802,0.296521870160822));
#3971=CARTESIAN_POINT('Origin',(-5.20000006060947,-3.9994798162,1.50347861846552));
#3972=CARTESIAN_POINT('',(-5.3500075554678,-3.81613383873469,1.50347861846552));
#3973=CARTESIAN_POINT('',(-5.04999256575114,-3.81613383873469,1.50347861846552));
#3974=CARTESIAN_POINT('',(-5.20000006060947,-3.81613383873469,1.50347861846552));
#3975=CARTESIAN_POINT('',(-5.3500075554678,-4.24949249212112,1.50347861846552));
#3976=CARTESIAN_POINT('',(-5.3500075554678,-3.9994798162,1.50347861846552));
#3977=CARTESIAN_POINT('',(-5.04999256575114,-4.24949249212112,1.50347861846552));
#3978=CARTESIAN_POINT('',(-5.20000006060947,-4.24949249212112,1.50347861846552));
#3979=CARTESIAN_POINT('',(-5.04999256575114,-3.9994798162,1.50347861846552));
#3980=CARTESIAN_POINT('Origin',(-5.3500075554678,-3.9994798162,0.90000024431317));
#3981=CARTESIAN_POINT('',(-5.3500075554678,-3.81613383873469,0.296521870160822));
#3982=CARTESIAN_POINT('',(-5.3500075554678,-3.81613383873469,0.90000024431317));
#3983=CARTESIAN_POINT('',(-5.3500075554678,-4.24949249212113,0.296521870160822));
#3984=CARTESIAN_POINT('',(-5.3500075554678,-3.9994798162,0.296521870160822));
#3985=CARTESIAN_POINT('',(-5.3500075554678,-4.24949249212112,0.90000024431317));
#3986=CARTESIAN_POINT('Origin',(-5.04999256575114,-3.9994798162,0.90000024431317));
#3987=CARTESIAN_POINT('',(-5.04999256575114,-3.81613383873469,0.296521870160822));
#3988=CARTESIAN_POINT('',(-5.04999256575114,-3.81613383873469,0.90000024431317));
#3989=CARTESIAN_POINT('',(-5.04999256575114,-4.24949249212113,0.296521870160822));
#3990=CARTESIAN_POINT('',(-5.04999256575114,-4.24949249212113,0.90000024431317));
#3991=CARTESIAN_POINT('',(-5.04999256575114,-3.9994798162,0.296521870160822));
#3992=CARTESIAN_POINT('Origin',(-5.20000006060947,-3.9994798162,0.296521870160822));
#3993=CARTESIAN_POINT('',(-5.20000006060947,-3.81613383873469,0.296521870160822));
#3994=CARTESIAN_POINT('',(-5.20000006060947,-4.24949249212113,0.296521870160822));
#3995=CARTESIAN_POINT('Origin',(-5.20000006060947,-4.24949249212112,0.90000024431317));
#3996=CARTESIAN_POINT('',(-5.27997353693664,-4.24949249212112,0.874866723464686));
#3997=CARTESIAN_POINT('',(-5.27997353693664,-4.24949249212112,0.925133765161653));
#3998=CARTESIAN_POINT('Origin',(-5.28645347774237,-4.24949249212112,0.90000024431317));
#3999=CARTESIAN_POINT('',(-5.27997353693664,-4.24949249212112,1.39087496856431));
#4000=CARTESIAN_POINT('',(-5.27997353693664,-4.24949249212112,0.90000024431317));
#4001=CARTESIAN_POINT('',(-5.12002658428229,-4.24949249212112,1.39087496856431));
#4002=CARTESIAN_POINT('',(-5.20000006060947,-4.24949249212112,1.39087496856431));
#4003=CARTESIAN_POINT('',(-5.12002658428229,-4.24949249212112,0.925133765161652));
#4004=CARTESIAN_POINT('',(-5.12002658428229,-4.24949249212112,0.90000024431317));
#4005=CARTESIAN_POINT('',(-5.12002658428229,-4.24949249212112,0.874866723464688));
#4006=CARTESIAN_POINT('Origin',(-5.11354664347657,-4.24949249212112,0.90000024431317));
#4007=CARTESIAN_POINT('',(-5.12002658428229,-4.24949249212112,0.40912552006203));
#4008=CARTESIAN_POINT('',(-5.12002658428229,-4.24949249212112,0.90000024431317));
#4009=CARTESIAN_POINT('',(-5.27997353693664,-4.24949249212112,0.40912552006203));
#4010=CARTESIAN_POINT('',(-5.20000006060947,-4.24949249212112,0.40912552006203));
#4011=CARTESIAN_POINT('',(-5.27997353693664,-4.24949249212112,0.90000024431317));
#4012=CARTESIAN_POINT('Ctrl Pts',(-5.12002658428229,-4.24949249212112,0.925133765161652));
#4013=CARTESIAN_POINT('Ctrl Pts',(-5.11060339941162,-4.24949249212112,0.937296867066982));
#4014=CARTESIAN_POINT('Ctrl Pts',(-5.10361168159024,-4.24949249212112,0.918648555690076));
#4015=CARTESIAN_POINT('Ctrl Pts',(-5.09661996376885,-4.24949249212112,0.90000024431317));
#4016=CARTESIAN_POINT('Ctrl Pts',(-5.10361168159024,-4.24949249212112,0.881351932936264));
#4017=CARTESIAN_POINT('Ctrl Pts',(-5.11060339941162,-4.24949249212112,0.862703621559357));
#4018=CARTESIAN_POINT('Ctrl Pts',(-5.12002658428229,-4.24949249212112,0.874866723464688));
#4019=CARTESIAN_POINT('Ctrl Pts',(-5.12002658428229,-3.74946717206802,0.925133765161652));
#4020=CARTESIAN_POINT('Ctrl Pts',(-5.11060339941162,-3.74946717206802,0.937296867066982));
#4021=CARTESIAN_POINT('Ctrl Pts',(-5.10361168159024,-3.74946717206802,0.918648555690076));
#4022=CARTESIAN_POINT('Ctrl Pts',(-5.09661996376885,-3.74946717206802,0.90000024431317));
#4023=CARTESIAN_POINT('Ctrl Pts',(-5.10361168159024,-3.74946717206802,0.881351932936264));
#4024=CARTESIAN_POINT('Ctrl Pts',(-5.11060339941162,-3.74946717206802,0.862703621559357));
#4025=CARTESIAN_POINT('Ctrl Pts',(-5.12002658428229,-3.74946717206802,0.874866723464688));
#4026=CARTESIAN_POINT('',(-5.12002658428229,-3.74946717206802,0.925133765161652));
#4027=CARTESIAN_POINT('',(-5.12002658428229,-3.74861717206802,0.925133765161652));
#4028=CARTESIAN_POINT('',(-5.12002658428229,-3.74946717206802,0.874866723464687));
#4029=CARTESIAN_POINT('Origin',(-5.11354664347657,-3.74946717206802,0.90000024431317));
#4030=CARTESIAN_POINT('',(-5.12002658428229,-3.74861717206802,0.874866723464687));
#4031=CARTESIAN_POINT('Origin',(-5.12002658428229,-4.08283425552718,0.90000024431317));
#4032=CARTESIAN_POINT('',(-5.12002658428229,-3.74946717206802,0.409125520062029));
#4033=CARTESIAN_POINT('',(-5.12002658428229,-3.74946717206802,0.90000024431317));
#4034=CARTESIAN_POINT('',(-5.12002658428229,-4.08283425552718,0.40912552006203));
#4035=CARTESIAN_POINT('Origin',(-5.20000006060947,-4.08283425552718,0.40912552006203));
#4036=CARTESIAN_POINT('',(-5.27997353693664,-3.74946717206802,0.409125520062029));
#4037=CARTESIAN_POINT('',(-5.20000006060947,-3.74946717206802,0.409125520062029));
#4038=CARTESIAN_POINT('',(-5.27997353693664,-4.08283425552718,0.40912552006203));
#4039=CARTESIAN_POINT('Origin',(-5.27997353693664,-4.08283425552718,0.90000024431317));
#4040=CARTESIAN_POINT('',(-5.27997353693664,-3.74946717206802,0.874866723464686));
#4041=CARTESIAN_POINT('',(-5.27997353693664,-3.74946717206802,0.90000024431317));
#4042=CARTESIAN_POINT('',(-5.27997353693664,-3.74861717206802,0.874866723464686));
#4043=CARTESIAN_POINT('Origin',(-5.12002658428229,-4.08283425552718,0.90000024431317));
#4044=CARTESIAN_POINT('',(-5.12002658428229,-3.74946717206802,1.39087496856431));
#4045=CARTESIAN_POINT('',(-5.12002658428229,-4.08283425552718,1.39087496856431));
#4046=CARTESIAN_POINT('',(-5.12002658428229,-3.74946717206802,0.90000024431317));
#4047=CARTESIAN_POINT('Ctrl Pts',(-5.27997353693664,-4.24949249212112,0.874866723464686));
#4048=CARTESIAN_POINT('Ctrl Pts',(-5.28939672180732,-4.24949249212112,0.862703621559359));
#4049=CARTESIAN_POINT('Ctrl Pts',(-5.2963884396287,-4.24949249212112,0.881351932936264));
#4050=CARTESIAN_POINT('Ctrl Pts',(-5.30338015745008,-4.24949249212112,0.90000024431317));
#4051=CARTESIAN_POINT('Ctrl Pts',(-5.2963884396287,-4.24949249212112,0.918648555690075));
#4052=CARTESIAN_POINT('Ctrl Pts',(-5.28939672180732,-4.24949249212112,0.937296867066981));
#4053=CARTESIAN_POINT('Ctrl Pts',(-5.27997353693664,-4.24949249212112,0.925133765161653));
#4054=CARTESIAN_POINT('Ctrl Pts',(-5.27997353693664,-3.74946717206802,0.874866723464686));
#4055=CARTESIAN_POINT('Ctrl Pts',(-5.28939672180732,-3.74946717206802,0.862703621559359));
#4056=CARTESIAN_POINT('Ctrl Pts',(-5.2963884396287,-3.74946717206802,0.881351932936264));
#4057=CARTESIAN_POINT('Ctrl Pts',(-5.30338015745008,-3.74946717206802,0.90000024431317));
#4058=CARTESIAN_POINT('Ctrl Pts',(-5.2963884396287,-3.74946717206802,0.918648555690075));
#4059=CARTESIAN_POINT('Ctrl Pts',(-5.28939672180732,-3.74946717206802,0.937296867066981));
#4060=CARTESIAN_POINT('Ctrl Pts',(-5.27997353693664,-3.74946717206802,0.925133765161653));
#4061=CARTESIAN_POINT('',(-5.27997353693664,-3.74946717206802,0.925133765161653));
#4062=CARTESIAN_POINT('Origin',(-5.28645347774237,-3.74946717206802,0.90000024431317));
#4063=CARTESIAN_POINT('',(-5.27997353693664,-3.74861717206802,0.925133765161653));
#4064=CARTESIAN_POINT('Origin',(-5.27997353693664,-4.08283425552718,0.90000024431317));
#4065=CARTESIAN_POINT('',(-5.27997353693664,-3.74946717206802,1.39087496856431));
#4066=CARTESIAN_POINT('',(-5.27997353693664,-3.74946717206802,0.90000024431317));
#4067=CARTESIAN_POINT('',(-5.27997353693664,-4.08283425552718,1.39087496856431));
#4068=CARTESIAN_POINT('Origin',(-5.20000006060947,-4.08283425552718,1.39087496856431));
#4069=CARTESIAN_POINT('',(-5.20000006060947,-3.74946717206802,1.39087496856431));
#4070=CARTESIAN_POINT('Ctrl Pts',(-5.20000006060947,-3.81613383873469,0.20000024431317));
#4071=CARTESIAN_POINT('Ctrl Pts',(-5.50000006060947,-3.81613383873469,0.20000024431317));
#4072=CARTESIAN_POINT('Ctrl Pts',(-5.50000006060947,-3.81613383873469,0.90000024431317));
#4073=CARTESIAN_POINT('Ctrl Pts',(-5.50000006060947,-3.81613383873469,1.60000024431317));
#4074=CARTESIAN_POINT('Ctrl Pts',(-5.20000006060947,-3.81613383873469,1.60000024431317));
#4075=CARTESIAN_POINT('Ctrl Pts',(-4.90000006060947,-3.81613383873469,1.60000024431317));
#4076=CARTESIAN_POINT('Ctrl Pts',(-4.90000006060947,-3.81613383873469,0.90000024431317));
#4077=CARTESIAN_POINT('Ctrl Pts',(-4.90000006060947,-3.81613383873469,0.20000024431317));
#4078=CARTESIAN_POINT('Ctrl Pts',(-5.20000006060947,-3.81613383873469,0.20000024431317));
#4079=CARTESIAN_POINT('Ctrl Pts',(-5.20000006060947,-3.74946717206802,0.20000024431317));
#4080=CARTESIAN_POINT('Ctrl Pts',(-5.50000006060947,-3.74946717206802,0.20000024431317));
#4081=CARTESIAN_POINT('Ctrl Pts',(-5.50000006060947,-3.74946717206802,0.90000024431317));
#4082=CARTESIAN_POINT('Ctrl Pts',(-5.50000006060947,-3.74946717206802,1.60000024431317));
#4083=CARTESIAN_POINT('Ctrl Pts',(-5.20000006060947,-3.74946717206802,1.60000024431317));
#4084=CARTESIAN_POINT('Ctrl Pts',(-4.90000006060947,-3.74946717206802,1.60000024431317));
#4085=CARTESIAN_POINT('Ctrl Pts',(-4.90000006060947,-3.74946717206802,0.90000024431317));
#4086=CARTESIAN_POINT('Ctrl Pts',(-4.90000006060947,-3.74946717206802,0.20000024431317));
#4087=CARTESIAN_POINT('Ctrl Pts',(-5.20000006060947,-3.74946717206802,0.20000024431317));
#4088=CARTESIAN_POINT('',(-5.20000006060947,-3.74946717206802,0.20000024431317));
#4089=CARTESIAN_POINT('Origin',(-5.20000006060947,-3.74946717206802,0.90000024431317));
#4090=CARTESIAN_POINT('',(-5.20000006060947,-3.81613383873469,0.20000024431317));
#4091=CARTESIAN_POINT('',(-5.20000006060947,-3.74946717206802,0.20000024431317));
#4092=CARTESIAN_POINT('Origin',(-5.20000006060947,-3.81613383873469,0.90000024431317));
#4093=CARTESIAN_POINT('Origin',(-5.20000006060947,-3.81613383873469,0.90000024431317));
#4094=CARTESIAN_POINT('Origin',(-5.20000006060947,-3.74946717206802,0.90000024431317));
#4095=CARTESIAN_POINT('',(0.,0.,0.));
#4096=CARTESIAN_POINT('Origin',(-5.795,-4.06446717206802,-0.0236061987000101));
#4097=CARTESIAN_POINT('',(-5.83085000000003,-4.06446717206802,0.386369321362018));
#4098=CARTESIAN_POINT('Origin',(-5.795,-4.06446717206802,0.386369321362018));
#4099=CARTESIAN_POINT('',(-5.83085000000003,-4.06446717206802,0.27376567146081));
#4100=CARTESIAN_POINT('',(-5.83085000000003,-4.06446717206802,-0.0236061987000101));
#4101=CARTESIAN_POINT('Origin',(-5.795,-4.06446717206802,0.27376567146081));
#4102=CARTESIAN_POINT('Origin',(-5.80000006060947,-3.9994798162,1.48072241976551));
#4103=CARTESIAN_POINT('',(-5.9500075554678,-3.81613383873469,1.48072241976551));
#4104=CARTESIAN_POINT('',(-5.64999256575113,-3.81613383873469,1.48072241976551));
#4105=CARTESIAN_POINT('',(-5.80000006060947,-3.81613383873469,1.48072241976551));
#4106=CARTESIAN_POINT('',(-5.9500075554678,-4.24949249212113,1.48072241976551));
#4107=CARTESIAN_POINT('',(-5.9500075554678,-3.9994798162,1.48072241976551));
#4108=CARTESIAN_POINT('',(-5.64999256575113,-4.24949249212113,1.48072241976551));
#4109=CARTESIAN_POINT('',(-5.80000006060947,-4.24949249212113,1.48072241976551));
#4110=CARTESIAN_POINT('',(-5.64999256575113,-3.9994798162,1.48072241976551));
#4111=CARTESIAN_POINT('Origin',(-5.9500075554678,-3.9994798162,0.877244045613158));
#4112=CARTESIAN_POINT('',(-5.9500075554678,-3.81613383873469,0.27376567146081));
#4113=CARTESIAN_POINT('',(-5.9500075554678,-3.81613383873469,0.877244045613158));
#4114=CARTESIAN_POINT('',(-5.9500075554678,-4.24949249212113,0.27376567146081));
#4115=CARTESIAN_POINT('',(-5.9500075554678,-3.9994798162,0.27376567146081));
#4116=CARTESIAN_POINT('',(-5.9500075554678,-4.24949249212113,0.877244045613158));
#4117=CARTESIAN_POINT('Origin',(-5.64999256575113,-3.9994798162,0.877244045613158));
#4118=CARTESIAN_POINT('',(-5.64999256575113,-3.81613383873469,0.27376567146081));
#4119=CARTESIAN_POINT('',(-5.64999256575114,-3.81613383873469,0.877244045613158));
#4120=CARTESIAN_POINT('',(-5.64999256575113,-4.24949249212113,0.27376567146081));
#4121=CARTESIAN_POINT('',(-5.64999256575113,-4.24949249212113,0.877244045613158));
#4122=CARTESIAN_POINT('',(-5.64999256575113,-3.9994798162,0.27376567146081));
#4123=CARTESIAN_POINT('Origin',(-5.80000006060947,-3.9994798162,0.27376567146081));
#4124=CARTESIAN_POINT('',(-5.80000006060947,-3.81613383873469,0.27376567146081));
#4125=CARTESIAN_POINT('',(-5.80000006060947,-4.24949249212113,0.27376567146081));
#4126=CARTESIAN_POINT('Origin',(-5.80000006060947,-4.24949249212113,0.877244045613158));
#4127=CARTESIAN_POINT('',(-5.87997353693665,-4.24949249212113,0.852110524764675));
#4128=CARTESIAN_POINT('',(-5.87997353693665,-4.24949249212113,0.902377566461642));
#4129=CARTESIAN_POINT('Origin',(-5.88645347774237,-4.24949249212113,0.877244045613158));
#4130=CARTESIAN_POINT('',(-5.87997353693665,-4.24949249212113,1.3681187698643));
#4131=CARTESIAN_POINT('',(-5.87997353693664,-4.24949249212113,0.877244045613158));
#4132=CARTESIAN_POINT('',(-5.72002658428229,-4.24949249212113,1.3681187698643));
#4133=CARTESIAN_POINT('',(-5.80000006060947,-4.24949249212113,1.3681187698643));
#4134=CARTESIAN_POINT('',(-5.72002658428229,-4.24949249212113,0.90237756646164));
#4135=CARTESIAN_POINT('',(-5.72002658428229,-4.24949249212113,0.877244045613158));
#4136=CARTESIAN_POINT('',(-5.72002658428229,-4.24949249212113,0.852110524764676));
#4137=CARTESIAN_POINT('Origin',(-5.71354664347657,-4.24949249212113,0.877244045613158));
#4138=CARTESIAN_POINT('',(-5.72002658428229,-4.24949249212113,0.386369321362018));
#4139=CARTESIAN_POINT('',(-5.72002658428229,-4.24949249212113,0.877244045613158));
#4140=CARTESIAN_POINT('',(-5.87997353693665,-4.24949249212113,0.386369321362018));
#4141=CARTESIAN_POINT('',(-5.80000006060947,-4.24949249212113,0.386369321362018));
#4142=CARTESIAN_POINT('',(-5.87997353693664,-4.24949249212113,0.877244045613158));
#4143=CARTESIAN_POINT('Ctrl Pts',(-5.72002658428229,-4.24949249212113,0.90237756646164));
#4144=CARTESIAN_POINT('Ctrl Pts',(-5.71060339941162,-4.24949249212113,0.914540668366971));
#4145=CARTESIAN_POINT('Ctrl Pts',(-5.70361168159024,-4.24949249212113,0.895892356990064));
#4146=CARTESIAN_POINT('Ctrl Pts',(-5.69661996376885,-4.24949249212113,0.877244045613158));
#4147=CARTESIAN_POINT('Ctrl Pts',(-5.70361168159024,-4.24949249212113,0.858595734236252));
#4148=CARTESIAN_POINT('Ctrl Pts',(-5.71060339941162,-4.24949249212113,0.839947422859346));
#4149=CARTESIAN_POINT('Ctrl Pts',(-5.72002658428229,-4.24949249212113,0.852110524764676));
#4150=CARTESIAN_POINT('Ctrl Pts',(-5.72002658428229,-3.74946717206802,0.90237756646164));
#4151=CARTESIAN_POINT('Ctrl Pts',(-5.71060339941162,-3.74946717206802,0.91454066836697));
#4152=CARTESIAN_POINT('Ctrl Pts',(-5.70361168159024,-3.74946717206802,0.895892356990064));
#4153=CARTESIAN_POINT('Ctrl Pts',(-5.69661996376885,-3.74946717206802,0.877244045613158));
#4154=CARTESIAN_POINT('Ctrl Pts',(-5.70361168159024,-3.74946717206802,0.858595734236252));
#4155=CARTESIAN_POINT('Ctrl Pts',(-5.71060339941162,-3.74946717206802,0.839947422859346));
#4156=CARTESIAN_POINT('Ctrl Pts',(-5.72002658428229,-3.74946717206802,0.852110524764676));
#4157=CARTESIAN_POINT('',(-5.72002658428229,-3.74946717206802,0.90237756646164));
#4158=CARTESIAN_POINT('',(-5.72002658428229,-3.74861717206802,0.90237756646164));
#4159=CARTESIAN_POINT('',(-5.72002658428229,-3.74946717206802,0.852110524764676));
#4160=CARTESIAN_POINT('Origin',(-5.71354664347657,-3.74946717206802,0.877244045613158));
#4161=CARTESIAN_POINT('',(-5.72002658428229,-3.74861717206802,0.852110524764676));
#4162=CARTESIAN_POINT('Origin',(-5.72002658428229,-4.08283425552718,0.877244045613158));
#4163=CARTESIAN_POINT('',(-5.72002658428229,-3.74946717206802,0.386369321362018));
#4164=CARTESIAN_POINT('',(-5.72002658428229,-3.74946717206802,0.877244045613158));
#4165=CARTESIAN_POINT('',(-5.72002658428229,-4.08283425552718,0.386369321362018));
#4166=CARTESIAN_POINT('Origin',(-5.80000006060947,-4.08283425552718,0.386369321362018));
#4167=CARTESIAN_POINT('',(-5.87997353693665,-3.74946717206802,0.386369321362018));
#4168=CARTESIAN_POINT('',(-5.80000006060947,-3.74946717206802,0.386369321362018));
#4169=CARTESIAN_POINT('',(-5.87997353693665,-4.08283425552718,0.386369321362018));
#4170=CARTESIAN_POINT('Origin',(-5.87997353693665,-4.08283425552718,0.877244045613158));
#4171=CARTESIAN_POINT('',(-5.87997353693665,-3.74946717206802,0.852110524764675));
#4172=CARTESIAN_POINT('',(-5.87997353693665,-3.74946717206802,0.877244045613158));
#4173=CARTESIAN_POINT('',(-5.87997353693665,-3.74861717206802,0.852110524764675));
#4174=CARTESIAN_POINT('Origin',(-5.72002658428229,-4.08283425552718,0.877244045613158));
#4175=CARTESIAN_POINT('',(-5.72002658428229,-3.74946717206802,1.3681187698643));
#4176=CARTESIAN_POINT('',(-5.72002658428229,-4.08283425552718,1.3681187698643));
#4177=CARTESIAN_POINT('',(-5.72002658428229,-3.74946717206802,0.877244045613158));
#4178=CARTESIAN_POINT('Ctrl Pts',(-5.87997353693665,-4.24949249212113,0.852110524764675));
#4179=CARTESIAN_POINT('Ctrl Pts',(-5.88939672180732,-4.24949249212113,0.839947422859347));
#4180=CARTESIAN_POINT('Ctrl Pts',(-5.8963884396287,-4.24949249212113,0.858595734236253));
#4181=CARTESIAN_POINT('Ctrl Pts',(-5.90338015745008,-4.24949249212113,0.877244045613158));
#4182=CARTESIAN_POINT('Ctrl Pts',(-5.8963884396287,-4.24949249212113,0.895892356990064));
#4183=CARTESIAN_POINT('Ctrl Pts',(-5.88939672180732,-4.24949249212113,0.914540668366969));
#4184=CARTESIAN_POINT('Ctrl Pts',(-5.87997353693665,-4.24949249212113,0.902377566461642));
#4185=CARTESIAN_POINT('Ctrl Pts',(-5.87997353693665,-3.74946717206802,0.852110524764675));
#4186=CARTESIAN_POINT('Ctrl Pts',(-5.88939672180732,-3.74946717206802,0.839947422859347));
#4187=CARTESIAN_POINT('Ctrl Pts',(-5.8963884396287,-3.74946717206802,0.858595734236252));
#4188=CARTESIAN_POINT('Ctrl Pts',(-5.90338015745008,-3.74946717206802,0.877244045613158));
#4189=CARTESIAN_POINT('Ctrl Pts',(-5.8963884396287,-3.74946717206802,0.895892356990064));
#4190=CARTESIAN_POINT('Ctrl Pts',(-5.88939672180732,-3.74946717206802,0.914540668366969));
#4191=CARTESIAN_POINT('Ctrl Pts',(-5.87997353693665,-3.74946717206802,0.902377566461642));
#4192=CARTESIAN_POINT('',(-5.87997353693665,-3.74946717206802,0.902377566461642));
#4193=CARTESIAN_POINT('Origin',(-5.88645347774237,-3.74946717206802,0.877244045613158));
#4194=CARTESIAN_POINT('',(-5.87997353693665,-3.74861717206802,0.902377566461642));
#4195=CARTESIAN_POINT('Origin',(-5.87997353693665,-4.08283425552718,0.877244045613158));
#4196=CARTESIAN_POINT('',(-5.87997353693665,-3.74946717206802,1.3681187698643));
#4197=CARTESIAN_POINT('',(-5.87997353693665,-3.74946717206802,0.877244045613158));
#4198=CARTESIAN_POINT('',(-5.87997353693665,-4.08283425552718,1.3681187698643));
#4199=CARTESIAN_POINT('Origin',(-5.80000006060947,-4.08283425552718,1.3681187698643));
#4200=CARTESIAN_POINT('',(-5.80000006060947,-3.74946717206802,1.3681187698643));
#4201=CARTESIAN_POINT('Ctrl Pts',(-5.80000006060947,-3.81613383873469,0.177244045613158));
#4202=CARTESIAN_POINT('Ctrl Pts',(-6.10000006060947,-3.81613383873469,0.177244045613158));
#4203=CARTESIAN_POINT('Ctrl Pts',(-6.10000006060947,-3.81613383873469,0.877244045613158));
#4204=CARTESIAN_POINT('Ctrl Pts',(-6.10000006060947,-3.81613383873469,1.57724404561316));
#4205=CARTESIAN_POINT('Ctrl Pts',(-5.80000006060947,-3.81613383873469,1.57724404561316));
#4206=CARTESIAN_POINT('Ctrl Pts',(-5.50000006060947,-3.81613383873469,1.57724404561316));
#4207=CARTESIAN_POINT('Ctrl Pts',(-5.50000006060947,-3.81613383873469,0.877244045613158));
#4208=CARTESIAN_POINT('Ctrl Pts',(-5.50000006060947,-3.81613383873469,0.177244045613158));
#4209=CARTESIAN_POINT('Ctrl Pts',(-5.80000006060947,-3.81613383873469,0.177244045613158));
#4210=CARTESIAN_POINT('Ctrl Pts',(-5.80000006060947,-3.74946717206802,0.177244045613158));
#4211=CARTESIAN_POINT('Ctrl Pts',(-6.10000006060947,-3.74946717206802,0.177244045613158));
#4212=CARTESIAN_POINT('Ctrl Pts',(-6.10000006060947,-3.74946717206802,0.877244045613158));
#4213=CARTESIAN_POINT('Ctrl Pts',(-6.10000006060947,-3.74946717206802,1.57724404561316));
#4214=CARTESIAN_POINT('Ctrl Pts',(-5.80000006060947,-3.74946717206802,1.57724404561316));
#4215=CARTESIAN_POINT('Ctrl Pts',(-5.50000006060947,-3.74946717206802,1.57724404561316));
#4216=CARTESIAN_POINT('Ctrl Pts',(-5.50000006060947,-3.74946717206802,0.877244045613158));
#4217=CARTESIAN_POINT('Ctrl Pts',(-5.50000006060947,-3.74946717206802,0.177244045613158));
#4218=CARTESIAN_POINT('Ctrl Pts',(-5.80000006060947,-3.74946717206802,0.177244045613158));
#4219=CARTESIAN_POINT('',(-5.80000006060947,-3.74946717206802,0.177244045613158));
#4220=CARTESIAN_POINT('Origin',(-5.80000006060947,-3.74946717206802,0.877244045613158));
#4221=CARTESIAN_POINT('',(-5.80000006060947,-3.81613383873469,0.177244045613158));
#4222=CARTESIAN_POINT('',(-5.80000006060947,-3.74946717206802,0.177244045613158));
#4223=CARTESIAN_POINT('Origin',(-5.80000006060947,-3.81613383873469,0.877244045613158));
#4224=CARTESIAN_POINT('Origin',(-5.80000006060947,-3.81613383873469,0.877244045613158));
#4225=CARTESIAN_POINT('Origin',(-5.80000006060947,-3.74946717206802,0.877244045613158));
#4226=CARTESIAN_POINT('',(0.,0.,0.));
#4227=CARTESIAN_POINT('Origin',(-4.66331712002722,-1.10065564228815,1.33131086547583));
#4228=CARTESIAN_POINT('',(-4.69096535642778,-1.11508003975151,1.21135323724025));
#4229=CARTESIAN_POINT('',(-4.66331712002722,-1.10516646603237,1.20925016309563));
#4230=CARTESIAN_POINT('Origin',(-4.87606091132215,-1.19162682031538,0.950000009320039));
#4231=CARTESIAN_POINT('',(-4.72302630106561,-1.1246274964989,1.2665131324913));
#4232=CARTESIAN_POINT('',(-4.76879786844528,-1.13825785158524,1.3452617436336));
#4233=CARTESIAN_POINT('',(-4.66331712002722,-1.10316424925036,1.26342917796895));
#4234=CARTESIAN_POINT('Origin',(-4.87606091132215,-1.19162682031538,0.950000009320039));
#4235=CARTESIAN_POINT('',(-4.66331712002722,-1.10065564228815,1.33131086547583));
#4236=CARTESIAN_POINT('Origin',(-4.55783637160915,-1.13825785158524,1.3452617436336));
#4237=CARTESIAN_POINT('',(-4.63566888362665,-1.11508003975151,1.21135323724025));
#4238=CARTESIAN_POINT('Origin',(-4.45057332873228,-1.19162682031538,0.950000009320039));
#4239=CARTESIAN_POINT('',(-4.60360793898882,-1.1246274964989,1.2665131324913));
#4240=CARTESIAN_POINT('Origin',(-4.45057332873228,-1.19162682031538,0.950000009320039));
#4241=CARTESIAN_POINT('',(-4.55783637160915,-1.13825785158524,1.3452617436336));
#4242=CARTESIAN_POINT('Origin',(-4.57798140399204,-1.0586150935108,1.31571330925128));
#4243=CARTESIAN_POINT('',(-4.63949659778864,-1.09338334194441,1.20619430663033));
#4244=CARTESIAN_POINT('Origin',(-4.78272310698367,-1.19162682031538,0.950000009320039));
#4245=CARTESIAN_POINT('',(-4.61066510599372,-1.07708784797666,1.25752465333937));
#4246=CARTESIAN_POINT('Origin',(-4.78272310698367,-1.19162682031538,0.950000009320039));
#4247=CARTESIAN_POINT('',(-4.57798140399204,-1.0586150935108,1.31571330925128));
#4248=CARTESIAN_POINT('Origin',(-4.49264568795687,-1.00221177956515,1.29478699201462));
#4249=CARTESIAN_POINT('',(-4.61490688223558,-1.07716740471664,1.200943363611));
#4250=CARTESIAN_POINT('Origin',(-4.80943984307442,-1.19162682031538,0.950000009320039));
#4251=CARTESIAN_POINT('',(-4.55706005582519,-1.04170279910567,1.24534466456354));
#4252=CARTESIAN_POINT('Origin',(-4.80943984307442,-1.19162682031538,0.950000009320039));
#4253=CARTESIAN_POINT('',(-4.49264568795687,-1.00221177956515,1.29478699201462));
#4254=CARTESIAN_POINT('Origin',(-4.61057674581818,-0.990592057500751,1.29047593344179));
#4255=CARTESIAN_POINT('',(-4.64835773257357,-1.07387195798377,1.19972007166126));
#4256=CARTESIAN_POINT('Origin',(-5.58290347029825,-1.19162682031538,0.950000009320039));
#4257=CARTESIAN_POINT('',(-4.6306173723837,-1.03476722414737,1.24233520206411));
#4258=CARTESIAN_POINT('Origin',(-5.58290347029825,-1.19162682031538,0.950000009320039));
#4259=CARTESIAN_POINT('',(-4.61057674581818,-0.990592057500751,1.29047593344179));
#4260=CARTESIAN_POINT('Origin',(-4.66331712002722,-0.918130682010453,1.26359187956552));
#4261=CARTESIAN_POINT('',(-4.66331712002722,-1.05459340905825,1.19142055318388));
#4262=CARTESIAN_POINT('Origin',(-4.7999645536424,-1.19162682031538,0.950000009320039));
#4263=CARTESIAN_POINT('',(-4.66331712002722,-0.997105391167578,1.22182436081677));
#4264=CARTESIAN_POINT('Origin',(-4.7999645536424,-1.19162682031538,0.950000009320039));
#4265=CARTESIAN_POINT('',(-4.66331712002722,-0.918130682010453,1.26359187956552));
#4266=CARTESIAN_POINT('Origin',(-4.76879786844528,-1.13825785158524,1.3452617436336));
#4267=CARTESIAN_POINT('',(-4.6871376422658,-1.09338334194441,1.20619430663033));
#4268=CARTESIAN_POINT('Origin',(-4.54391113307076,-1.19162682031538,0.950000009320039));
#4269=CARTESIAN_POINT('',(-4.71596913406071,-1.07708784797666,1.25752465333937));
#4270=CARTESIAN_POINT('',(-4.74865283606239,-1.0586150935108,1.31571330925128));
#4271=CARTESIAN_POINT('Origin',(-4.54391113307076,-1.19162682031538,0.950000009320039));
#4272=CARTESIAN_POINT('Origin',(-4.74865283606239,-1.0586150935108,1.31571330925128));
#4273=CARTESIAN_POINT('',(-4.71172735781885,-1.07716740471664,1.200943363611));
#4274=CARTESIAN_POINT('Origin',(-4.51719439698002,-1.19162682031538,0.950000009320039));
#4275=CARTESIAN_POINT('',(-4.76957418422925,-1.04170279910567,1.24534466456354));
#4276=CARTESIAN_POINT('',(-4.83398855209757,-1.00221177956515,1.29478699201462));
#4277=CARTESIAN_POINT('Origin',(-4.51719439698002,-1.19162682031538,0.950000009320039));
#4278=CARTESIAN_POINT('Origin',(-4.83398855209757,-1.00221177956515,1.29478699201462));
#4279=CARTESIAN_POINT('',(-4.67827650748086,-1.07387195798377,1.19972007166126));
#4280=CARTESIAN_POINT('Origin',(-3.74373076975618,-1.19162682031538,0.950000009320039));
#4281=CARTESIAN_POINT('',(-4.69601686767074,-1.03476722414737,1.24233520206411));
#4282=CARTESIAN_POINT('',(-4.71605749423625,-0.990592057500751,1.29047593344179));
#4283=CARTESIAN_POINT('Origin',(-3.74373076975618,-1.19162682031538,0.950000009320038));
#4284=CARTESIAN_POINT('Origin',(-4.71605749423625,-0.990592057500751,1.29047593344179));
#4285=CARTESIAN_POINT('Origin',(-4.52666968641203,-1.19162682031538,0.950000009320039));
#4286=CARTESIAN_POINT('Origin',(-4.52666968641203,-1.19162682031538,0.950000009320039));
#4287=CARTESIAN_POINT('Ctrl Pts',(-4.52157484555288,-1.35665281407707,0.797665676026141));
#4288=CARTESIAN_POINT('Ctrl Pts',(-4.52157484555288,-1.21939006378431,0.648966946831442));
#4289=CARTESIAN_POINT('Ctrl Pts',(-4.52157484555288,-1.05436407002262,0.80130128012534));
#4290=CARTESIAN_POINT('Ctrl Pts',(-4.52157484555288,-0.889338076260932,
0.953635613419239));
#4291=CARTESIAN_POINT('Ctrl Pts',(-4.52157484555288,-1.02660082655368,1.10233434261394));
#4292=CARTESIAN_POINT('Ctrl Pts',(-4.52157484555288,-1.16386357684644,1.25103307180864));
#4293=CARTESIAN_POINT('Ctrl Pts',(-4.52157484555288,-1.32888957060813,1.09869873851474));
#4294=CARTESIAN_POINT('Ctrl Pts',(-4.52157484555288,-1.49391556436982,0.946364405220839));
#4295=CARTESIAN_POINT('Ctrl Pts',(-4.52157484555288,-1.35665281407707,0.797665676026141));
#4296=CARTESIAN_POINT('Ctrl Pts',(-4.47242484118187,-1.35665281407707,0.797665676026141));
#4297=CARTESIAN_POINT('Ctrl Pts',(-4.47242484118187,-1.21939006378431,0.648966946831442));
#4298=CARTESIAN_POINT('Ctrl Pts',(-4.47242484118187,-1.05436407002262,0.80130128012534));
#4299=CARTESIAN_POINT('Ctrl Pts',(-4.47242484118187,-0.889338076260932,
0.953635613419239));
#4300=CARTESIAN_POINT('Ctrl Pts',(-4.47242484118187,-1.02660082655368,1.10233434261394));
#4301=CARTESIAN_POINT('Ctrl Pts',(-4.47242484118187,-1.16386357684644,1.25103307180864));
#4302=CARTESIAN_POINT('Ctrl Pts',(-4.47242484118187,-1.32888957060813,1.09869873851474));
#4303=CARTESIAN_POINT('Ctrl Pts',(-4.47242484118187,-1.49391556436982,0.946364405220839));
#4304=CARTESIAN_POINT('Ctrl Pts',(-4.47242484118187,-1.35665281407707,0.797665676026141));
#4305=CARTESIAN_POINT('',(-4.52157484555288,-1.35665281407707,0.797665676026141));
#4306=CARTESIAN_POINT('Origin',(-4.52157484555288,-1.19162682031538,0.950000009320039));
#4307=CARTESIAN_POINT('',(-4.47242484118187,-1.35665281407707,0.797665676026141));
#4308=CARTESIAN_POINT('',(-4.47157484118187,-1.35665281407707,0.797665676026141));
#4309=CARTESIAN_POINT('Origin',(-4.47242484118187,-1.19162682031538,0.950000009320039));
#4310=CARTESIAN_POINT('Ctrl Pts',(-4.87242489196172,-1.39781227495371,0.759728584580597));
#4311=CARTESIAN_POINT('Ctrl Pts',(-4.87242489196172,-1.22636626128107,0.573943071472508));
#4312=CARTESIAN_POINT('Ctrl Pts',(-4.87242489196172,-1.02018080664273,0.764214496211949));
#4313=CARTESIAN_POINT('Ctrl Pts',(-4.87242489196172,-0.813995352004395,
0.954485920951391));
#4314=CARTESIAN_POINT('Ctrl Pts',(-4.87242489196172,-0.985441365677037,
1.14027143405948));
#4315=CARTESIAN_POINT('Ctrl Pts',(-4.87242489196172,-1.15688737934968,1.32605694716757));
#4316=CARTESIAN_POINT('Ctrl Pts',(-4.87242489196172,-1.36307283398802,1.13578552242813));
#4317=CARTESIAN_POINT('Ctrl Pts',(-4.87242489196172,-1.56925828862636,0.945514097688687));
#4318=CARTESIAN_POINT('Ctrl Pts',(-4.87242489196172,-1.39781227495371,0.759728584580597));
#4319=CARTESIAN_POINT('Ctrl Pts',(-4.52157484555288,-1.39781227495371,0.759728584580597));
#4320=CARTESIAN_POINT('Ctrl Pts',(-4.52157484555288,-1.22636626128107,0.573943071472508));
#4321=CARTESIAN_POINT('Ctrl Pts',(-4.52157484555288,-1.02018080664273,0.764214496211949));
#4322=CARTESIAN_POINT('Ctrl Pts',(-4.52157484555288,-0.813995352004395,
0.954485920951391));
#4323=CARTESIAN_POINT('Ctrl Pts',(-4.52157484555288,-0.985441365677037,
1.14027143405948));
#4324=CARTESIAN_POINT('Ctrl Pts',(-4.52157484555288,-1.15688737934968,1.32605694716757));
#4325=CARTESIAN_POINT('Ctrl Pts',(-4.52157484555288,-1.36307283398802,1.13578552242813));
#4326=CARTESIAN_POINT('Ctrl Pts',(-4.52157484555288,-1.56925828862636,0.945514097688687));
#4327=CARTESIAN_POINT('Ctrl Pts',(-4.52157484555288,-1.39781227495371,0.759728584580597));
#4328=CARTESIAN_POINT('',(-4.87242491191272,-1.39781227495371,0.759728584580597));
#4329=CARTESIAN_POINT('Origin',(-4.87242489196172,-1.19162682031538,0.950000009320039));
#4330=CARTESIAN_POINT('',(-4.52157484555288,-1.39781227495371,0.759728584580597));
#4331=CARTESIAN_POINT('',(-4.52157484555288,-1.39781227495371,0.759728584580597));
#4332=CARTESIAN_POINT('Origin',(-4.52157484555288,-1.19162682031538,0.950000009320039));
#4333=CARTESIAN_POINT('Origin',(-4.52157484555288,-1.19162682031538,0.950000009320039));
#4334=CARTESIAN_POINT('Ctrl Pts',(-4.87242489196172,-1.43858352579948,0.722377484723591));
#4335=CARTESIAN_POINT('Ctrl Pts',(-4.87242489196172,-1.23348398458475,0.499856857274747));
#4336=CARTESIAN_POINT('Ctrl Pts',(-4.87242489196172,-0.986527279100643,
0.727479381871194));
#4337=CARTESIAN_POINT('Ctrl Pts',(-4.87242489196172,-0.739570573616539,
0.955101906467642));
#4338=CARTESIAN_POINT('Ctrl Pts',(-4.87242489196172,-0.944670114831271,
1.17762253391649));
#4339=CARTESIAN_POINT('Ctrl Pts',(-4.87242489196172,-1.149769656046,1.40014316136533));
#4340=CARTESIAN_POINT('Ctrl Pts',(-4.87242489196172,-1.39672636153011,1.17252063676888));
#4341=CARTESIAN_POINT('Ctrl Pts',(-4.87242489196172,-1.64368306701421,0.944898112172436));
#4342=CARTESIAN_POINT('Ctrl Pts',(-4.87242489196172,-1.43858352579948,0.722377484723591));
#4343=CARTESIAN_POINT('Ctrl Pts',(-4.47242484118187,-1.43858352579948,0.722377484723591));
#4344=CARTESIAN_POINT('Ctrl Pts',(-4.47242484118187,-1.23348398458475,0.499856857274747));
#4345=CARTESIAN_POINT('Ctrl Pts',(-4.47242484118187,-0.986527279100643,
0.727479381871194));
#4346=CARTESIAN_POINT('Ctrl Pts',(-4.47242484118187,-0.739570573616539,
0.955101906467642));
#4347=CARTESIAN_POINT('Ctrl Pts',(-4.47242484118187,-0.944670114831271,
1.17762253391649));
#4348=CARTESIAN_POINT('Ctrl Pts',(-4.47242484118187,-1.149769656046,1.40014316136533));
#4349=CARTESIAN_POINT('Ctrl Pts',(-4.47242484118187,-1.39672636153011,1.17252063676888));
#4350=CARTESIAN_POINT('Ctrl Pts',(-4.47242484118187,-1.64368306701421,0.944898112172436));
#4351=CARTESIAN_POINT('Ctrl Pts',(-4.47242484118187,-1.43858352579948,0.722377484723591));
#4352=CARTESIAN_POINT('',(-4.47242484118187,-1.43858352579948,0.722377484723591));
#4353=CARTESIAN_POINT('Origin',(-4.47242484118187,-1.19162682031538,0.950000009320039));
#4354=CARTESIAN_POINT('',(-4.87242489196172,-1.43858352579948,0.722377484723591));
#4355=CARTESIAN_POINT('',(-4.47242484118187,-1.43858352579948,0.722377484723591));
#4356=CARTESIAN_POINT('Origin',(-4.87242489196172,-1.19162682031538,0.950000009320039));
#4357=CARTESIAN_POINT('Origin',(-4.47242484118187,-1.19162682031538,0.950000009320039));
#4358=CARTESIAN_POINT('Origin',(-4.87242489196172,-1.19162684433242,0.950000022925672));
#4359=CARTESIAN_POINT('',(-4.87242489196172,-0.919974472225172,1.2003847963638));
#4360=CARTESIAN_POINT('Origin',(-4.87242489196172,-1.19162684433242,0.950000022925672));
#4361=CARTESIAN_POINT('Ctrl Pts',(-4.87242489196172,-1.15007935058322,0.988523033345956));
#4362=CARTESIAN_POINT('Ctrl Pts',(-4.87242489196172,-1.18479223253975,1.02596126131338));
#4363=CARTESIAN_POINT('Ctrl Pts',(-4.87242489196172,-1.22633972628895,0.987438250893095));
#4364=CARTESIAN_POINT('Ctrl Pts',(-4.87242489196172,-1.26788722003815,0.94891524047281));
#4365=CARTESIAN_POINT('Ctrl Pts',(-4.87242489196172,-1.23317433808162,0.911477012505388));
#4366=CARTESIAN_POINT('Ctrl Pts',(-4.87242489196172,-1.19846145612508,0.874038784537966));
#4367=CARTESIAN_POINT('Ctrl Pts',(-4.87242489196172,-1.15691396237588,0.91256179495825));
#4368=CARTESIAN_POINT('Ctrl Pts',(-4.87242489196172,-1.11536646862668,0.951084805378534));
#4369=CARTESIAN_POINT('Ctrl Pts',(-4.87242489196172,-1.15007935058322,0.988523033345956));
#4370=CARTESIAN_POINT('Ctrl Pts',(-4.67242487224251,-1.15007935058322,0.988523033345956));
#4371=CARTESIAN_POINT('Ctrl Pts',(-4.67242487224251,-1.18479223253975,1.02596126131338));
#4372=CARTESIAN_POINT('Ctrl Pts',(-4.67242487224251,-1.22633972628895,0.987438250893095));
#4373=CARTESIAN_POINT('Ctrl Pts',(-4.67242487224251,-1.26788722003815,0.94891524047281));
#4374=CARTESIAN_POINT('Ctrl Pts',(-4.67242487224251,-1.23317433808162,0.911477012505388));
#4375=CARTESIAN_POINT('Ctrl Pts',(-4.67242487224251,-1.19846145612508,0.874038784537966));
#4376=CARTESIAN_POINT('Ctrl Pts',(-4.67242487224251,-1.15691396237588,0.91256179495825));
#4377=CARTESIAN_POINT('Ctrl Pts',(-4.67242487224251,-1.11536646862668,0.951084805378534));
#4378=CARTESIAN_POINT('Ctrl Pts',(-4.67242487224251,-1.15007935058322,0.988523033345956));
#4379=CARTESIAN_POINT('',(-4.87242489270677,-1.15007935058322,0.988523033345956));
#4380=CARTESIAN_POINT('Origin',(-4.87242489196172,-1.19162684433242,0.950000022925672));
#4381=CARTESIAN_POINT('',(-4.67242487224251,-1.15007935058322,0.988523033345956));
#4382=CARTESIAN_POINT('',(-4.87327489270677,-1.15007935058322,0.988523033345956));
#4383=CARTESIAN_POINT('Origin',(-4.67242487224251,-1.19162684433242,0.950000022925672));
#4384=CARTESIAN_POINT('Ctrl Pts',(-4.87242489196172,-1.11753983464982,1.01828677849563));
#4385=CARTESIAN_POINT('Ctrl Pts',(-4.87242489196172,-1.17906969538425,1.08504296496184));
#4386=CARTESIAN_POINT('Ctrl Pts',(-4.87242489196172,-1.25315670506685,1.01675620939189));
#4387=CARTESIAN_POINT('Ctrl Pts',(-4.87242489196172,-1.32724371474945,0.948469453821937));
#4388=CARTESIAN_POINT('Ctrl Pts',(-4.87242489196172,-1.26571385401501,0.881713267355719));
#4389=CARTESIAN_POINT('Ctrl Pts',(-4.87242489196172,-1.20418399328058,0.814957080889501));
#4390=CARTESIAN_POINT('Ctrl Pts',(-4.87242489196172,-1.13009698359798,0.883243836459454));
#4391=CARTESIAN_POINT('Ctrl Pts',(-4.87242489196172,-1.05600997391538,0.951530592029407));
#4392=CARTESIAN_POINT('Ctrl Pts',(-4.87242489196172,-1.11753983464982,1.01828677849563));
#4393=CARTESIAN_POINT('Ctrl Pts',(-4.67242487224251,-1.11753983464982,1.01828677849563));
#4394=CARTESIAN_POINT('Ctrl Pts',(-4.67242487224251,-1.17906969538425,1.08504296496184));
#4395=CARTESIAN_POINT('Ctrl Pts',(-4.67242487224251,-1.25315670506685,1.01675620939189));
#4396=CARTESIAN_POINT('Ctrl Pts',(-4.67242487224251,-1.32724371474945,0.948469453821937));
#4397=CARTESIAN_POINT('Ctrl Pts',(-4.67242487224251,-1.26571385401501,0.881713267355719));
#4398=CARTESIAN_POINT('Ctrl Pts',(-4.67242487224251,-1.20418399328058,0.814957080889501));
#4399=CARTESIAN_POINT('Ctrl Pts',(-4.67242487224251,-1.13009698359798,0.883243836459454));
#4400=CARTESIAN_POINT('Ctrl Pts',(-4.67242487224251,-1.05600997391538,0.951530592029407));
#4401=CARTESIAN_POINT('Ctrl Pts',(-4.67242487224251,-1.11753983464982,1.01828677849563));
#4402=CARTESIAN_POINT('',(-4.67242487224251,-1.11753983464982,1.01828677849563));
#4403=CARTESIAN_POINT('Origin',(-4.67242487224251,-1.19162684433242,0.950000022925672));
#4404=CARTESIAN_POINT('',(-4.87242489196172,-1.11753983464982,1.01828677849563));
#4405=CARTESIAN_POINT('',(-4.87242489270677,-1.11753983464982,1.01828677849563));
#4406=CARTESIAN_POINT('Origin',(-4.87242489196172,-1.19162684433242,0.950000022925672));
#4407=CARTESIAN_POINT('Origin',(-4.67242487224251,-1.19162684433242,0.950000022925672));
#4408=CARTESIAN_POINT('Origin',(-4.87242489196172,-1.19162684433242,0.950000022925672));
#4409=CARTESIAN_POINT('',(-4.87242489270677,-1.02843636938063,1.1004143549674));
#4410=CARTESIAN_POINT('Origin',(-4.87242489270677,-1.19162684433242,0.950000022925672));
#4411=CARTESIAN_POINT('Origin',(-4.87242489196172,-1.19162684433242,0.950000022925672));
#4412=CARTESIAN_POINT('Origin',(-4.87242489196172,-1.19162684433242,0.950000022925672));
#4413=CARTESIAN_POINT('',(-4.87242489270677,-0.987887570158572,1.13778859848182));
#4414=CARTESIAN_POINT('Origin',(-4.87242489270677,-1.19162684433242,0.950000022925672));
#4415=CARTESIAN_POINT('Ctrl Pts',(-4.92242489707778,-0.919974472225172,
1.2003847963638));
#4416=CARTESIAN_POINT('Ctrl Pts',(-4.92242489707778,-1.14558396430141,1.44515748302066));
#4417=CARTESIAN_POINT('Ctrl Pts',(-4.92242489707778,-1.41723633640865,1.19477270958253));
#4418=CARTESIAN_POINT('Ctrl Pts',(-4.92242489707778,-1.6888887085159,0.9443879361444));
#4419=CARTESIAN_POINT('Ctrl Pts',(-4.92242489707778,-1.46327921643966,0.699615249487542));
#4420=CARTESIAN_POINT('Ctrl Pts',(-4.92242489707778,-1.23766972436342,0.454842562830683));
#4421=CARTESIAN_POINT('Ctrl Pts',(-4.92242489707778,-0.96601735225618,0.705227336268814));
#4422=CARTESIAN_POINT('Ctrl Pts',(-4.92242489707778,-0.694364980148936,
0.955612109706944));
#4423=CARTESIAN_POINT('Ctrl Pts',(-4.92242489707778,-0.919974472225172,
1.2003847963638));
#4424=CARTESIAN_POINT('Ctrl Pts',(-4.87242489196172,-0.919974472225172,
1.2003847963638));
#4425=CARTESIAN_POINT('Ctrl Pts',(-4.87242489196172,-1.14558396430141,1.44515748302066));
#4426=CARTESIAN_POINT('Ctrl Pts',(-4.87242489196172,-1.41723633640865,1.19477270958253));
#4427=CARTESIAN_POINT('Ctrl Pts',(-4.87242489196171,-1.6888887085159,0.9443879361444));
#4428=CARTESIAN_POINT('Ctrl Pts',(-4.87242489196171,-1.46327921643966,0.699615249487542));
#4429=CARTESIAN_POINT('Ctrl Pts',(-4.87242489196171,-1.23766972436342,0.454842562830684));
#4430=CARTESIAN_POINT('Ctrl Pts',(-4.87242489196171,-0.96601735225618,0.705227336268814));
#4431=CARTESIAN_POINT('Ctrl Pts',(-4.87242489196171,-0.694364980148936,
0.955612109706944));
#4432=CARTESIAN_POINT('Ctrl Pts',(-4.87242489196172,-0.919974472225172,
1.2003847963638));
#4433=CARTESIAN_POINT('',(-4.92242489707778,-0.919974472225172,1.2003847963638));
#4434=CARTESIAN_POINT('',(-4.92242489707778,-0.919974472225172,1.2003847963638));
#4435=CARTESIAN_POINT('Origin',(-4.92242489707778,-1.19162684433242,0.950000022925672));
#4436=CARTESIAN_POINT('Origin',(-4.92242489707778,-1.19162684433242,0.950000022925672));
#4437=CARTESIAN_POINT('Ctrl Pts',(-4.87242489270677,-0.987887570158572,
1.13778859848182));
#4438=CARTESIAN_POINT('Ctrl Pts',(-4.87242489270677,-1.15709468514079,1.32136810905337));
#4439=CARTESIAN_POINT('Ctrl Pts',(-4.87242489270677,-1.36083395931463,1.13357953349723));
#4440=CARTESIAN_POINT('Ctrl Pts',(-4.87242489270677,-1.56457323348847,0.945790957941084));
#4441=CARTESIAN_POINT('Ctrl Pts',(-4.87242489270677,-1.39536611850626,0.762211447369528));
#4442=CARTESIAN_POINT('Ctrl Pts',(-4.87242489270677,-1.22615900352404,0.578631936797971));
#4443=CARTESIAN_POINT('Ctrl Pts',(-4.87242489270677,-1.0224197293502,0.766420512354116));
#4444=CARTESIAN_POINT('Ctrl Pts',(-4.87242489270677,-0.818680455176357,
0.95420908791026));
#4445=CARTESIAN_POINT('Ctrl Pts',(-4.87242489270677,-0.987887570158572,
1.13778859848182));
#4446=CARTESIAN_POINT('Ctrl Pts',(-4.82242488759071,-0.987887570158572,
1.13778859848182));
#4447=CARTESIAN_POINT('Ctrl Pts',(-4.82242488759071,-1.15709468514079,1.32136810905337));
#4448=CARTESIAN_POINT('Ctrl Pts',(-4.82242488759071,-1.36083395931463,1.13357953349723));
#4449=CARTESIAN_POINT('Ctrl Pts',(-4.82242488759071,-1.56457323348847,0.945790957941084));
#4450=CARTESIAN_POINT('Ctrl Pts',(-4.82242488759071,-1.39536611850626,0.762211447369528));
#4451=CARTESIAN_POINT('Ctrl Pts',(-4.82242488759071,-1.22615900352404,0.578631936797971));
#4452=CARTESIAN_POINT('Ctrl Pts',(-4.82242488759071,-1.0224197293502,0.766420512354116));
#4453=CARTESIAN_POINT('Ctrl Pts',(-4.82242488759071,-0.818680455176357,
0.95420908791026));
#4454=CARTESIAN_POINT('Ctrl Pts',(-4.82242488759071,-0.987887570158572,
1.13778859848182));
#4455=CARTESIAN_POINT('',(-4.82242488759071,-0.987887570158572,1.13778859848182));
#4456=CARTESIAN_POINT('Origin',(-4.82242488759071,-1.19162684433242,0.950000022925672));
#4457=CARTESIAN_POINT('',(-4.84742489014874,-0.987887570158572,1.13778859848182));
#4458=CARTESIAN_POINT('Origin',(-4.82242488759071,-1.38289697985264,1.02085068434678));
#4459=CARTESIAN_POINT('',(-4.82242488759071,-1.02843636938063,1.1004143549674));
#4460=CARTESIAN_POINT('Origin',(-4.82242488759071,-1.19162684433242,0.950000022925672));
#4461=CARTESIAN_POINT('Ctrl Pts',(-4.87242489270677,-1.02843636938063,1.1004143549674));
#4462=CARTESIAN_POINT('Ctrl Pts',(-4.87242489270677,-1.16396737866266,1.2474573227166));
#4463=CARTESIAN_POINT('Ctrl Pts',(-4.87242489270677,-1.32715785361444,1.09704299067486));
#4464=CARTESIAN_POINT('Ctrl Pts',(-4.87242489270677,-1.49034832856623,0.946628658633131));
#4465=CARTESIAN_POINT('Ctrl Pts',(-4.87242489270677,-1.3548173192842,0.79958569088394));
#4466=CARTESIAN_POINT('Ctrl Pts',(-4.87242489270677,-1.21928631000217,0.652542723134749));
#4467=CARTESIAN_POINT('Ctrl Pts',(-4.87242489270677,-1.05609583505039,0.802957055176481));
#4468=CARTESIAN_POINT('Ctrl Pts',(-4.87242489270677,-0.892905360098606,
0.953371387218213));
#4469=CARTESIAN_POINT('Ctrl Pts',(-4.87242489270677,-1.02843636938063,1.1004143549674));
#4470=CARTESIAN_POINT('Ctrl Pts',(-4.82242488759071,-1.02843636938063,1.1004143549674));
#4471=CARTESIAN_POINT('Ctrl Pts',(-4.82242488759071,-1.16396737866266,1.2474573227166));
#4472=CARTESIAN_POINT('Ctrl Pts',(-4.82242488759071,-1.32715785361444,1.09704299067486));
#4473=CARTESIAN_POINT('Ctrl Pts',(-4.82242488759071,-1.49034832856623,0.946628658633131));
#4474=CARTESIAN_POINT('Ctrl Pts',(-4.82242488759071,-1.3548173192842,0.79958569088394));
#4475=CARTESIAN_POINT('Ctrl Pts',(-4.82242488759071,-1.21928631000217,0.652542723134749));
#4476=CARTESIAN_POINT('Ctrl Pts',(-4.82242488759071,-1.05609583505039,0.802957055176481));
#4477=CARTESIAN_POINT('Ctrl Pts',(-4.82242488759071,-0.892905360098606,
0.953371387218213));
#4478=CARTESIAN_POINT('Ctrl Pts',(-4.82242488759071,-1.02843636938063,1.1004143549674));
#4479=CARTESIAN_POINT('',(-4.84742489014874,-1.02843636938063,1.1004143549674));
#4480=CARTESIAN_POINT('',(0.,0.,0.));
#4481=CARTESIAN_POINT('Origin',(-6.29660717053692,-8.80085,0.350000000000004));
#4482=CARTESIAN_POINT('',(-6.34745717053692,-5.39861717206802,0.350000000000003));
#4483=CARTESIAN_POINT('Origin',(-6.29660717053692,-5.39861717206802,0.350000000000003));
#4484=CARTESIAN_POINT('',(-6.34745717053692,-4.79915,0.350000000000003));
#4485=CARTESIAN_POINT('',(-6.34745717053692,-8.80085,0.350000000000004));
#4486=CARTESIAN_POINT('Origin',(-6.29660717053692,-4.79915,0.350000000000003));
#4487=CARTESIAN_POINT('Origin',(-6.29660717053692,-4.79915,0.350000000000003));
#4488=CARTESIAN_POINT('Origin',(-4.74660717053692,-8.80085,0.350000000000004));
#4489=CARTESIAN_POINT('',(-4.79745717053692,-5.39861717206802,0.350000000000003));
#4490=CARTESIAN_POINT('Origin',(-4.74660717053692,-5.39861717206802,0.350000000000003));
#4491=CARTESIAN_POINT('',(-4.79745717053692,-4.79915,0.350000000000003));
#4492=CARTESIAN_POINT('',(-4.79745717053692,-8.80085,0.350000000000004));
#4493=CARTESIAN_POINT('Origin',(-4.74660717053692,-4.79915,0.350000000000003));
#4494=CARTESIAN_POINT('Origin',(-4.74660717053692,-4.79915,0.350000000000003));
#4495=CARTESIAN_POINT('Origin',(-4.69660717053692,-8.80085,1.45));
#4496=CARTESIAN_POINT('',(-4.74745717053692,-5.39861717206802,1.45));
#4497=CARTESIAN_POINT('Origin',(-4.69660717053692,-5.39861717206802,1.45));
#4498=CARTESIAN_POINT('',(-4.74745717053692,-4.79915,1.45));
#4499=CARTESIAN_POINT('',(-4.74745717053692,-8.80085,1.45));
#4500=CARTESIAN_POINT('Origin',(-4.69660717053692,-4.79915,1.45));
#4501=CARTESIAN_POINT('Origin',(-4.69660717053692,-4.79915,1.45));
#4502=CARTESIAN_POINT('Origin',(-6.34660717053692,-8.80085,1.45));
#4503=CARTESIAN_POINT('',(-6.39745717053692,-5.39861717206802,1.45));
#4504=CARTESIAN_POINT('Origin',(-6.34660717053692,-5.39861717206802,1.45));
#4505=CARTESIAN_POINT('',(-6.39745717053692,-4.79915,1.45));
#4506=CARTESIAN_POINT('',(-6.39745717053692,-8.80085,1.45));
#4507=CARTESIAN_POINT('Origin',(-6.34660717053692,-4.79915,1.45));
#4508=CARTESIAN_POINT('Origin',(-6.34660717053692,-4.79915,1.45));
#4509=CARTESIAN_POINT('Ctrl Pts',(-4.87313889269489,-0.935607957168385,
0.903959596301614));
#4510=CARTESIAN_POINT('Ctrl Pts',(-4.87313889269489,-0.8819621767528,1.09378935997724));
#4511=CARTESIAN_POINT('Ctrl Pts',(-4.87313889269489,-1.04399274879363,1.18314776105537));
#4512=CARTESIAN_POINT('Ctrl Pts',(-4.87313889269489,-1.20602332083445,1.27250616213351));
#4513=CARTESIAN_POINT('Ctrl Pts',(-4.87313889269489,-1.35729575875284,1.13651662075157));
#4514=CARTESIAN_POINT('Ctrl Pts',(-4.87313889269489,-1.50856819667122,1.00052707936964));
#4515=CARTESIAN_POINT('Ctrl Pts',(-4.87313889269489,-1.4376822913452,0.829232262137211));
#4516=CARTESIAN_POINT('Ctrl Pts',(-4.87313889269489,-1.36679638601918,0.657937444904779));
#4517=CARTESIAN_POINT('Ctrl Pts',(-4.87313889269489,-1.17281377363264,0.690718435929059));
#4518=CARTESIAN_POINT('Ctrl Pts',(-4.8230028875649,-0.935607957168385,0.903959596301614));
#4519=CARTESIAN_POINT('Ctrl Pts',(-4.8230028875649,-0.8819621767528,1.09378935997724));
#4520=CARTESIAN_POINT('Ctrl Pts',(-4.8230028875649,-1.04399274879363,1.18314776105537));
#4521=CARTESIAN_POINT('Ctrl Pts',(-4.8230028875649,-1.20602332083445,1.27250616213351));
#4522=CARTESIAN_POINT('Ctrl Pts',(-4.8230028875649,-1.35729575875284,1.13651662075157));
#4523=CARTESIAN_POINT('Ctrl Pts',(-4.8230028875649,-1.50856819667122,1.00052707936964));
#4524=CARTESIAN_POINT('Ctrl Pts',(-4.8230028875649,-1.4376822913452,0.829232262137211));
#4525=CARTESIAN_POINT('Ctrl Pts',(-4.8230028875649,-1.36679638601918,0.657937444904779));
#4526=CARTESIAN_POINT('Ctrl Pts',(-4.8230028875649,-1.17281377363264,0.690718435929059));
#4527=CARTESIAN_POINT('',(-4.8230028875649,-0.935607957168385,0.903959596301614));
#4528=CARTESIAN_POINT('',(-4.87313889269488,-0.935607957168385,0.903959596301614));
#4529=CARTESIAN_POINT('',(-4.84807089012989,-0.935607957168385,0.903959596301614));
#4530=CARTESIAN_POINT('',(-4.8230028875649,-1.17281377363264,0.690718435929058));
#4531=CARTESIAN_POINT('Origin',(-4.8230028875649,-1.19062684433223,0.950000022925672));
#4532=CARTESIAN_POINT('',(-4.87313889269489,-1.17281377363264,0.690718435929059));
#4533=CARTESIAN_POINT('',(-4.84807089012989,-1.17281377363264,0.690718435929059));
#4534=CARTESIAN_POINT('Origin',(-4.87313889269488,-1.19062684433223,0.950000022925672));
#4535=CARTESIAN_POINT('Origin',(-4.8731388919478,-1.19062684433223,0.950000022925672));
#4536=CARTESIAN_POINT('',(-4.8731388919478,-0.941040165033302,0.877598128942682));
#4537=CARTESIAN_POINT('Origin',(-4.8731388919478,-1.18365811772656,0.941333923681058));
#4538=CARTESIAN_POINT('',(-4.8731388919478,-1.14539763230578,0.693418902443202));
#4539=CARTESIAN_POINT('Origin',(-4.8731388919478,-1.18365811772656,0.941333923681058));
#4540=CARTESIAN_POINT('Origin',(-4.8731388919478,-1.19062682027186,0.950000009294204));
#4541=CARTESIAN_POINT('Origin',(-4.52133453341273,-1.19062682027186,0.950000009294203));
#4542=CARTESIAN_POINT('',(-4.52133453341273,-0.941040165033303,0.877598128942681));
#4543=CARTESIAN_POINT('',(-4.52133453341273,-1.14539763230578,0.693418902443203));
#4544=CARTESIAN_POINT('Origin',(-4.52133453341273,-1.18365811772656,0.941333923681058));
#4545=CARTESIAN_POINT('Origin',(-4.52133453341273,-1.19062682027186,0.950000009294203));
#4546=CARTESIAN_POINT('Ctrl Pts',(-4.8731388919478,-0.941040165033303,0.877598128942681));
#4547=CARTESIAN_POINT('Ctrl Pts',(-4.8731388919478,-0.864315266939674,1.07559608751175));
#4548=CARTESIAN_POINT('Ctrl Pts',(-4.8731388919478,-1.03137350155329,1.17976284368864));
#4549=CARTESIAN_POINT('Ctrl Pts',(-4.8731388919478,-1.1984317361669,1.28392959986554));
#4550=CARTESIAN_POINT('Ctrl Pts',(-4.8731388919478,-1.359659019262,1.13862188643867));
#4551=CARTESIAN_POINT('Ctrl Pts',(-4.8731388919478,-1.52088630235711,0.993314173011809));
#4552=CARTESIAN_POINT('Ctrl Pts',(-4.8731388919478,-1.43538100633617,0.815647009195144));
#4553=CARTESIAN_POINT('Ctrl Pts',(-4.8731388919478,-1.34987571031523,0.637979845378478));
#4554=CARTESIAN_POINT('Ctrl Pts',(-4.8731388919478,-1.14539763230578,0.693418902443203));
#4555=CARTESIAN_POINT('Ctrl Pts',(-4.52133453341273,-0.941040165033303,
0.877598128942681));
#4556=CARTESIAN_POINT('Ctrl Pts',(-4.52133453341273,-0.864315266939674,
1.07559608751175));
#4557=CARTESIAN_POINT('Ctrl Pts',(-4.52133453341273,-1.03137350155329,1.17976284368864));
#4558=CARTESIAN_POINT('Ctrl Pts',(-4.52133453341273,-1.1984317361669,1.28392959986554));
#4559=CARTESIAN_POINT('Ctrl Pts',(-4.52133453341273,-1.359659019262,1.13862188643867));
#4560=CARTESIAN_POINT('Ctrl Pts',(-4.52133453341273,-1.52088630235711,0.993314173011809));
#4561=CARTESIAN_POINT('Ctrl Pts',(-4.52133453341273,-1.43538100633617,0.815647009195144));
#4562=CARTESIAN_POINT('Ctrl Pts',(-4.52133453341273,-1.34987571031523,0.637979845378478));
#4563=CARTESIAN_POINT('Ctrl Pts',(-4.52133453341273,-1.14539763230578,0.693418902443203));
#4564=CARTESIAN_POINT('',(-4.52133453341273,-0.941040165033303,0.877598128942681));
#4565=CARTESIAN_POINT('',(-4.52133453341273,-1.14539763230578,0.693418902443203));
#4566=CARTESIAN_POINT('',(-4.64846226988612,-1.07265949509102,1.20019426083131));
#4567=CARTESIAN_POINT('',(-4.66346234687364,-1.05334616224786,1.19187898253889));
#4568=CARTESIAN_POINT('Origin',(-4.80048146150826,-1.19062682027186,0.950000009294204));
#4569=CARTESIAN_POINT('',(-4.61492043323521,-1.07596088773549,1.2014198756694));
#4570=CARTESIAN_POINT('Origin',(-5.58554997201741,-1.19062682027186,0.950000009294204));
#4571=CARTESIAN_POINT('',(-4.63957703281457,-1.09220608306912,1.20668078961547));
#4572=CARTESIAN_POINT('Origin',(-4.80998252372753,-1.19062682027186,0.950000009294204));
#4573=CARTESIAN_POINT('',(-4.63573890727007,-1.11394192781371,1.21184951643133));
#4574=CARTESIAN_POINT('Origin',(-4.78319311811462,-1.19062682027186,0.950000009294204));
#4575=CARTESIAN_POINT('',(-4.66346234687364,-1.10401046722283,1.20974244879485));
#4576=CARTESIAN_POINT('Origin',(-4.45013989246638,-1.19062682027186,0.950000009294203));
#4577=CARTESIAN_POINT('',(-4.69118578647721,-1.11394192781371,1.21184951643133));
#4578=CARTESIAN_POINT('Origin',(-4.8767848012809,-1.19062682027186,0.950000009294204));
#4579=CARTESIAN_POINT('',(-4.68734766093271,-1.09220608306912,1.20668078961547));
#4580=CARTESIAN_POINT('Origin',(-4.54373157563266,-1.19062682027186,0.950000009294203));
#4581=CARTESIAN_POINT('',(-4.71200426051207,-1.07596088773549,1.2014198756694));
#4582=CARTESIAN_POINT('Origin',(-4.51694217001975,-1.19062682027186,0.950000009294203));
#4583=CARTESIAN_POINT('',(-4.67846242386116,-1.07265949509102,1.20019426083131));
#4584=CARTESIAN_POINT('Origin',(-3.74137472172987,-1.19062682027186,0.950000009294203));
#4585=CARTESIAN_POINT('Origin',(-4.52644323223902,-1.19062682027186,0.950000009294203));
#4586=CARTESIAN_POINT('Origin',(-4.66346234687364,-1.09949150468548,1.33203493017497));
#4587=CARTESIAN_POINT('',(-4.66346234687364,-1.10200463787932,1.26402434328166));
#4588=CARTESIAN_POINT('',(-4.66346234687364,-1.09949150468548,1.33203493017497));
#4589=CARTESIAN_POINT('',(-4.72333393688446,-1.12350661085497,1.26711415387301));
#4590=CARTESIAN_POINT('Origin',(-4.8767848012809,-1.19062682027186,0.950000009294203));
#4591=CARTESIAN_POINT('',(-4.7692300029274,-1.13716155893068,1.34601229941894));
#4592=CARTESIAN_POINT('Origin',(-4.55769469081988,-1.13716155893068,1.34601229941894));
#4593=CARTESIAN_POINT('',(-4.60359075686282,-1.12350661085497,1.26711415387301));
#4594=CARTESIAN_POINT('',(-4.55769469081988,-1.13716155893068,1.34601229941894));
#4595=CARTESIAN_POINT('Origin',(-4.45013989246638,-1.19062682027186,0.950000009294203));
#4596=CARTESIAN_POINT('Origin',(-4.57789451769085,-1.05737510294885,1.31640775601514));
#4597=CARTESIAN_POINT('',(-4.61066711936197,-1.07588118745281,1.25810860665029));
#4598=CARTESIAN_POINT('',(-4.57789451769085,-1.05737510294885,1.31640775601514));
#4599=CARTESIAN_POINT('Origin',(-4.78319311811462,-1.19062682027186,0.950000009294203));
#4600=CARTESIAN_POINT('Origin',(-4.49232668850806,-1.00087002158104,1.29544170214919));
#4601=CARTESIAN_POINT('',(-4.55691626345698,-1.04043229401392,1.24590548950012));
#4602=CARTESIAN_POINT('',(-4.49232668850806,-1.00087002158104,1.29544170214919));
#4603=CARTESIAN_POINT('Origin',(-4.80998252372753,-1.19062682027186,0.950000009294203));
#4604=CARTESIAN_POINT('Origin',(-4.61057851884676,-0.989229334274033,1.29112245738027));
#4605=CARTESIAN_POINT('',(-4.63067365591653,-1.03348420533018,1.24289031238334));
#4606=CARTESIAN_POINT('',(-4.61057851884676,-0.989229334274033,1.29112245738027));
#4607=CARTESIAN_POINT('Origin',(-5.58554997201741,-1.19062682027186,0.950000009294204));
#4608=CARTESIAN_POINT('Origin',(-4.66346234687364,-0.916637218107798,1.26418735382954));
#4609=CARTESIAN_POINT('',(-4.66346234687364,-0.995754419824404,1.22234052344702));
#4610=CARTESIAN_POINT('',(-4.66346234687364,-0.916637218107798,1.26418735382954));
#4611=CARTESIAN_POINT('Origin',(-4.80048146150826,-1.19062682027186,0.950000009294203));
#4612=CARTESIAN_POINT('Origin',(-4.7692300029274,-1.13716155893068,1.34601229941894));
#4613=CARTESIAN_POINT('',(-4.71625757438531,-1.07588118745281,1.25810860665029));
#4614=CARTESIAN_POINT('Origin',(-4.54373157563266,-1.19062682027186,0.950000009294203));
#4615=CARTESIAN_POINT('',(-4.74903017605643,-1.05737510294885,1.31640775601514));
#4616=CARTESIAN_POINT('Origin',(-4.74903017605643,-1.05737510294885,1.31640775601514));
#4617=CARTESIAN_POINT('',(-4.7700084302903,-1.04043229401392,1.24590548950012));
#4618=CARTESIAN_POINT('Origin',(-4.51694217001975,-1.19062682027186,0.950000009294203));
#4619=CARTESIAN_POINT('',(-4.83459800523922,-1.00087002158104,1.29544170214919));
#4620=CARTESIAN_POINT('Origin',(-4.83459800523922,-1.00087002158104,1.29544170214919));
#4621=CARTESIAN_POINT('',(-4.69625103783075,-1.03348420533018,1.24289031238334));
#4622=CARTESIAN_POINT('Origin',(-3.74137472172987,-1.19062682027186,0.950000009294203));
#4623=CARTESIAN_POINT('',(-4.71634617490052,-0.989229334274033,1.29112245738027));
#4624=CARTESIAN_POINT('Origin',(-4.71634617490052,-0.989229334274033,1.29112245738027));
#4625=CARTESIAN_POINT('Origin',(-4.52644323223902,-1.19062682027186,0.950000009294203));
#4626=CARTESIAN_POINT('Ctrl Pts',(-4.8731388919478,-1.43793644371239,0.721844765177541));
#4627=CARTESIAN_POINT('Ctrl Pts',(-4.8731388919478,-1.23235532463627,0.499004438442817));
#4628=CARTESIAN_POINT('Ctrl Pts',(-4.8731388919478,-0.985045701195742,0.72715968255948));
#4629=CARTESIAN_POINT('Ctrl Pts',(-4.8731388919478,-0.737736077755212,0.955314926676142));
#4630=CARTESIAN_POINT('Ctrl Pts',(-4.8731388919478,-0.943317196831331,1.17815525341087));
#4631=CARTESIAN_POINT('Ctrl Pts',(-4.8731388919478,-1.14889831590745,1.40099558014559));
#4632=CARTESIAN_POINT('Ctrl Pts',(-4.8731388919478,-1.39620793934798,1.17284033602893));
#4633=CARTESIAN_POINT('Ctrl Pts',(-4.8731388919478,-1.64351756278851,0.944685091912264));
#4634=CARTESIAN_POINT('Ctrl Pts',(-4.8731388919478,-1.43793644371239,0.721844765177541));
#4635=CARTESIAN_POINT('Ctrl Pts',(-4.47205084102983,-1.43793644371239,0.72184476517754));
#4636=CARTESIAN_POINT('Ctrl Pts',(-4.47205084102983,-1.23235532463627,0.499004438442817));
#4637=CARTESIAN_POINT('Ctrl Pts',(-4.47205084102983,-0.985045701195742,
0.727159682559479));
#4638=CARTESIAN_POINT('Ctrl Pts',(-4.47205084102983,-0.737736077755212,
0.955314926676142));
#4639=CARTESIAN_POINT('Ctrl Pts',(-4.47205084102983,-0.943317196831331,
1.17815525341087));
#4640=CARTESIAN_POINT('Ctrl Pts',(-4.47205084102983,-1.14889831590745,1.40099558014559));
#4641=CARTESIAN_POINT('Ctrl Pts',(-4.47205084102983,-1.39620793934798,1.17284033602893));
#4642=CARTESIAN_POINT('Ctrl Pts',(-4.47205084102983,-1.64351756278851,0.944685091912264));
#4643=CARTESIAN_POINT('Ctrl Pts',(-4.47205084102983,-1.43793644371239,0.72184476517754));
#4644=CARTESIAN_POINT('',(-4.8731388919478,-1.43793644371239,0.721844765177541));
#4645=CARTESIAN_POINT('Origin',(-4.8731388919478,-1.19062682027186,0.950000009294203));
#4646=CARTESIAN_POINT('',(-4.47205084102983,-1.43793644371239,0.72184476517754));
#4647=CARTESIAN_POINT('',(-4.47205084102983,-1.43793644371239,0.72184476517754));
#4648=CARTESIAN_POINT('Origin',(-4.47205084102983,-1.19062682027186,0.950000009294203));
#4649=CARTESIAN_POINT('Origin',(-4.47205084102983,-1.19062682027186,0.950000009294203));
#4650=CARTESIAN_POINT('',(-4.47205084102983,-1.43450811772656,0.941333923681058));
#4651=CARTESIAN_POINT('Origin',(-4.47205084102983,-1.18365811772656,0.941333923681058));
#4652=CARTESIAN_POINT('Origin',(-4.8731388919478,-1.19062684433223,0.950000022925672));
#4653=CARTESIAN_POINT('',(-4.8731388919478,-0.918586262478532,1.20097078782757));
#4654=CARTESIAN_POINT('Origin',(-4.8731388919478,-1.19062684433223,0.950000022925672));
#4655=CARTESIAN_POINT('Ctrl Pts',(-4.92327489707778,-0.918586262478532,
1.20097078782757));
#4656=CARTESIAN_POINT('Ctrl Pts',(-4.92327489707778,-1.14472549019464,1.44609514369382));
#4657=CARTESIAN_POINT('Ctrl Pts',(-4.92327489707778,-1.41676607204834,1.19512437879192));
#4658=CARTESIAN_POINT('Ctrl Pts',(-4.92327489707778,-1.68880665390204,0.944153613890018));
#4659=CARTESIAN_POINT('Ctrl Pts',(-4.92327489707778,-1.46266742618594,0.699029258023773));
#4660=CARTESIAN_POINT('Ctrl Pts',(-4.92327489707778,-1.23652819846983,0.453904902157528));
#4661=CARTESIAN_POINT('Ctrl Pts',(-4.92327489707778,-0.964487616616128,
0.704875667059427));
#4662=CARTESIAN_POINT('Ctrl Pts',(-4.92327489707778,-0.692447034762425,
0.955846431961326));
#4663=CARTESIAN_POINT('Ctrl Pts',(-4.92327489707778,-0.918586262478532,
1.20097078782757));
#4664=CARTESIAN_POINT('Ctrl Pts',(-4.8731388919478,-0.918586262478532,1.20097078782757));
#4665=CARTESIAN_POINT('Ctrl Pts',(-4.8731388919478,-1.14472549019464,1.44609514369382));
#4666=CARTESIAN_POINT('Ctrl Pts',(-4.8731388919478,-1.41676607204834,1.19512437879192));
#4667=CARTESIAN_POINT('Ctrl Pts',(-4.8731388919478,-1.68880665390204,0.944153613890018));
#4668=CARTESIAN_POINT('Ctrl Pts',(-4.8731388919478,-1.46266742618594,0.699029258023773));
#4669=CARTESIAN_POINT('Ctrl Pts',(-4.8731388919478,-1.23652819846983,0.453904902157528));
#4670=CARTESIAN_POINT('Ctrl Pts',(-4.8731388919478,-0.964487616616128,0.704875667059428));
#4671=CARTESIAN_POINT('Ctrl Pts',(-4.8731388919478,-0.692447034762425,0.955846431961327));
#4672=CARTESIAN_POINT('Ctrl Pts',(-4.8731388919478,-0.918586262478532,1.20097078782757));
#4673=CARTESIAN_POINT('',(-4.92327489707778,-0.918586262478532,1.20097078782757));
#4674=CARTESIAN_POINT('Origin',(-4.92327489707778,-1.19062684433223,0.950000022925672));
#4675=CARTESIAN_POINT('',(-4.92327489707778,-0.918586262478532,1.20097078782757));
#4676=CARTESIAN_POINT('Origin',(-4.92327489707778,-1.19062684433223,0.950000022925672));
#4677=CARTESIAN_POINT('',(-4.92327489707778,-1.43450811772656,0.941333923681058));
#4678=CARTESIAN_POINT('Origin',(-4.92327489707778,-1.18365811772656,0.941333923681058));
#4679=CARTESIAN_POINT('Origin',(-4.8230028875649,-1.38224208490512,1.02098522146748));
#4680=CARTESIAN_POINT('Origin',(-4.8230028875649,-1.18365811772656,0.941333923681058));
#4681=CARTESIAN_POINT('Origin',(-5.6690499206543,-1.18365811772656,0.941333923681058));
#4682=CARTESIAN_POINT('',(-4.99915,-1.43450811772656,0.941333923681058));
#4683=CARTESIAN_POINT('Origin',(-4.99915,-1.18365811772656,0.941333923681058));
#4684=CARTESIAN_POINT('',(-5.6690499206543,-1.43450811772656,0.941333923681058));
#4685=CARTESIAN_POINT('Origin',(-5.6690499206543,-1.18365811772656,0.941333923681058));
#4686=CARTESIAN_POINT('',(-4.46881497312094,-1.43450811772656,0.941333923681058));
#4687=CARTESIAN_POINT('',(-5.6690499206543,-1.43450811772656,0.941333923681058));
#4688=CARTESIAN_POINT('Origin',(-4.46881497312094,-1.18365811772656,0.941333923681058));
#4689=CARTESIAN_POINT('Origin',(-4.67259492866879,-1.19062686393902,0.949999965288562));
#4690=CARTESIAN_POINT('',(-4.67259492866879,-0.933403652139455,0.924058943110504));
#4691=CARTESIAN_POINT('',(-4.67259492866879,-1.19340076020923,0.690673189984185));
#4692=CARTESIAN_POINT('Origin',(-4.67259492866879,-1.18365811772656,0.941333923681058));
#4693=CARTESIAN_POINT('Origin',(-4.67259492866879,-1.19062686393902,0.949999965288562));
#4694=CARTESIAN_POINT('Ctrl Pts',(-4.67259492866879,-0.933403652139455,
0.924058943110503));
#4695=CARTESIAN_POINT('Ctrl Pts',(-4.67259492866879,-0.896069002376153,
1.10641098965537));
#4696=CARTESIAN_POINT('Ctrl Pts',(-4.67259492866879,-1.0538171357605,1.18517354859818));
#4697=CARTESIAN_POINT('Ctrl Pts',(-4.67259492866879,-1.21156526914485,1.263936107541));
#4698=CARTESIAN_POINT('Ctrl Pts',(-4.67259492866879,-1.3554461020927,1.1347818380675));
#4699=CARTESIAN_POINT('Ctrl Pts',(-4.67259492866879,-1.49932693504054,1.005627568594));
#4700=CARTESIAN_POINT('Ctrl Pts',(-4.67259492866879,-1.43875873814807,0.839631682960334));
#4701=CARTESIAN_POINT('Ctrl Pts',(-4.67259492866879,-1.37819054125561,0.673635797326667));
#4702=CARTESIAN_POINT('Ctrl Pts',(-4.67259492866879,-1.19340076020923,0.690673189984185));
#4703=CARTESIAN_POINT('Ctrl Pts',(-4.52218691244638,-0.933403652139456,
0.924058943110503));
#4704=CARTESIAN_POINT('Ctrl Pts',(-4.52218691244638,-0.896069002376153,
1.10641098965537));
#4705=CARTESIAN_POINT('Ctrl Pts',(-4.52218691244638,-1.0538171357605,1.18517354859818));
#4706=CARTESIAN_POINT('Ctrl Pts',(-4.52218691244638,-1.21156526914485,1.263936107541));
#4707=CARTESIAN_POINT('Ctrl Pts',(-4.52218691244638,-1.35544610209269,1.1347818380675));
#4708=CARTESIAN_POINT('Ctrl Pts',(-4.52218691244638,-1.49932693504054,1.005627568594));
#4709=CARTESIAN_POINT('Ctrl Pts',(-4.52218691244638,-1.43875873814807,0.839631682960334));
#4710=CARTESIAN_POINT('Ctrl Pts',(-4.52218691244638,-1.37819054125561,0.673635797326667));
#4711=CARTESIAN_POINT('Ctrl Pts',(-4.52218691244638,-1.19340076020923,0.690673189984185));
#4712=CARTESIAN_POINT('',(-4.52218691244638,-0.933403652139456,0.924058943110503));
#4713=CARTESIAN_POINT('',(-4.52218691244638,-0.933403652139456,0.924058943110503));
#4714=CARTESIAN_POINT('',(-4.52218691244638,-1.19340076020923,0.690673189984185));
#4715=CARTESIAN_POINT('Origin',(-4.52218691244638,-1.19062686393902,0.949999965288562));
#4716=CARTESIAN_POINT('',(-4.52218691244638,-1.19340076020923,0.690673189984185));
#4717=CARTESIAN_POINT('Origin',(-4.52218691244638,-1.19062686393902,0.949999965288562));
#4718=CARTESIAN_POINT('Origin',(-4.52218691244638,-1.18365811772656,0.941333923681058));
#4719=CARTESIAN_POINT('Origin',(-5.19999999999997,-4.06446717206802,-0.000849999999998358));
#4720=CARTESIAN_POINT('',(-5.23585,-4.06446717206802,0.19894991912842));
#4721=CARTESIAN_POINT('Origin',(-5.19999999999997,-4.06446717206802,0.19894991912842));
#4722=CARTESIAN_POINT('',(-5.23585,-4.06446717206802,4.16246898060635E-15));
#4723=CARTESIAN_POINT('',(-5.23585,-4.06446717206802,-0.000849999999998358));
#4724=CARTESIAN_POINT('Origin',(-5.19999999999997,-4.06446717206802,4.16246898060635E-15));
#4725=CARTESIAN_POINT('Origin',(-5.79500000000003,-4.06446717206802,-0.000849999999998314));
#4726=CARTESIAN_POINT('',(-5.83085000000006,-4.06446717206802,0.19894991912842));
#4727=CARTESIAN_POINT('Origin',(-5.79500000000003,-4.06446717206802,0.19894991912842));
#4728=CARTESIAN_POINT('',(-5.83085000000006,-4.06446717206802,4.16246898060635E-15));
#4729=CARTESIAN_POINT('',(-5.83085000000006,-4.06446717206802,-0.000849999999998314));
#4730=CARTESIAN_POINT('Origin',(-5.79500000000003,-4.06446717206802,4.16246898060635E-15));
#4731=CARTESIAN_POINT('Origin',(4.80339282946308,0.15,0.598849974060061));
#4732=CARTESIAN_POINT('',(4.70254282946308,0.15,0.598849974060061));
#4733=CARTESIAN_POINT('Origin',(4.80339282946308,0.15,0.598849974060061));
#4734=CARTESIAN_POINT('',(4.70254282946308,0.15,1.79915002757986));
#4735=CARTESIAN_POINT('',(4.70254282946308,0.15,0.598849974060061));
#4736=CARTESIAN_POINT('Origin',(4.80339282946308,0.15,1.79915002757986));
#4737=CARTESIAN_POINT('Origin',(4.80339282946308,0.15,0.598849974060061));
#4738=CARTESIAN_POINT('Origin',(4.80339282946308,1.45,0.598849974060061));
#4739=CARTESIAN_POINT('',(4.70254282946308,1.45,0.598849974060061));
#4740=CARTESIAN_POINT('Origin',(4.80339282946308,1.45,0.598849974060061));
#4741=CARTESIAN_POINT('',(4.70254282946308,1.45,1.79915002757986));
#4742=CARTESIAN_POINT('',(4.70254282946308,1.45,0.598849974060061));
#4743=CARTESIAN_POINT('Origin',(4.80339282946308,1.45,1.79915002757986));
#4744=CARTESIAN_POINT('Origin',(4.80339282946308,1.45,0.598849974060061));
#4745=CARTESIAN_POINT('Origin',(-6.29660717053692,-1.05,0.598849974060062));
#4746=CARTESIAN_POINT('',(-6.39745717053692,-1.05,0.598849974060062));
#4747=CARTESIAN_POINT('Origin',(-6.29660717053692,-1.05,0.598849974060062));
#4748=CARTESIAN_POINT('',(-6.39745717053692,-1.05,1.79915002757986));
#4749=CARTESIAN_POINT('',(-6.39745717053692,-1.05,0.598849974060062));
#4750=CARTESIAN_POINT('Origin',(-6.29660717053692,-1.05,1.79915002757986));
#4751=CARTESIAN_POINT('Origin',(-6.29660717053692,-1.05,0.598849974060062));
#4752=CARTESIAN_POINT('Origin',(-6.29660717053692,1.35,0.598849974060062));
#4753=CARTESIAN_POINT('',(-6.39745717053692,1.35,0.598849974060062));
#4754=CARTESIAN_POINT('Origin',(-6.29660717053692,1.35,0.598849974060062));
#4755=CARTESIAN_POINT('',(-6.39745717053692,1.35,1.79915002757986));
#4756=CARTESIAN_POINT('',(-6.39745717053692,1.35,0.598849974060062));
#4757=CARTESIAN_POINT('Origin',(-6.29660717053692,1.35,1.79915002757986));
#4758=CARTESIAN_POINT('Origin',(-6.29660717053692,1.35,0.598849974060062));
#4759=CARTESIAN_POINT('Origin',(-5.5,-5.39861717206802,1.));
#4760=CARTESIAN_POINT('',(-6.20085,-5.39861717206802,0.19894991912842));
#4761=CARTESIAN_POINT('',(-4.89915,-5.39861717206802,0.19894991912842));
#4762=CARTESIAN_POINT('',(-5.525,-5.39861717206802,0.19894991912842));
#4763=CARTESIAN_POINT('',(-6.20085,-5.39861717206802,1.79915002757988));
#4764=CARTESIAN_POINT('',(-6.20085,-5.39861717206802,1.09989995956421));
#4765=CARTESIAN_POINT('',(-6.5,-5.39861717206802,1.79915002757988));
#4766=CARTESIAN_POINT('',(-3.2,-5.39861717206802,1.79915002757988));
#4767=CARTESIAN_POINT('',(-6.5,-5.39861717206802,4.45408454488833E-15));
#4768=CARTESIAN_POINT('',(-6.5,-5.39861717206802,1.));
#4769=CARTESIAN_POINT('',(-4.5,-5.39861717206802,4.45408454488833E-15));
#4770=CARTESIAN_POINT('',(-4.425,-5.39861717206802,4.55191440096314E-15));
#4771=CARTESIAN_POINT('',(-4.5,-5.39861717206802,1.79915002757988));
#4772=CARTESIAN_POINT('',(-4.5,-5.39861717206802,1.));
#4773=CARTESIAN_POINT('',(-4.89915,-5.39861717206802,1.79915002757988));
#4774=CARTESIAN_POINT('',(-3.2,-5.39861717206802,1.79915002757988));
#4775=CARTESIAN_POINT('',(-4.89915,-5.39861717206802,1.09989995956421));
#4776=CARTESIAN_POINT('Origin',(-3.35,-1.34946717206802,3.4970842160016E-15));
#4777=CARTESIAN_POINT('',(-6.5,1.80053282793198,2.73641137053038E-15));
#4778=CARTESIAN_POINT('',(-6.5,-1.89946717206802,3.61920874871036E-15));
#4779=CARTESIAN_POINT('',(5.40000000000002,1.80053282793198,2.73641137053038E-15));
#4780=CARTESIAN_POINT('',(-5.5,1.80053282793198,2.73641137053038E-15));
#4781=CARTESIAN_POINT('',(5.40000000000002,-0.199467172068021,3.18050058038044E-15));
#4782=CARTESIAN_POINT('',(5.40000000000002,0.800532827931979,2.95845597545541E-15));
#4783=CARTESIAN_POINT('',(-2.2,-0.199467172068021,3.18050058038044E-15));
#4784=CARTESIAN_POINT('',(-0.149999999999996,-0.199467172068021,3.24173292033781E-15));
#4785=CARTESIAN_POINT('',(-2.2,-2.49946717206802,3.81366785162275E-15));
#4786=CARTESIAN_POINT('',(-2.2,-1.34946717206802,3.4970842160016E-15));
#4787=CARTESIAN_POINT('',(-4.5,-2.49946717206802,3.81366785162275E-15));
#4788=CARTESIAN_POINT('',(-3.35,-2.49946717206802,3.81366785162275E-15));
#4789=CARTESIAN_POINT('',(-4.5,-1.89946717206802,3.61920874871036E-15));
#4790=CARTESIAN_POINT('',(-2.46711497312094,-0.234975071443653,3.33066907387547E-15));
#4791=CARTESIAN_POINT('',(-4.46881497312094,-0.234975071443653,3.33066907387547E-15));
#4792=CARTESIAN_POINT('',(-3.40898248656047,-0.234975071443653,3.10862446895044E-15));
#4793=CARTESIAN_POINT('',(-4.46881497312094,-2.23667507144365,3.77475828372553E-15));
#4794=CARTESIAN_POINT('',(-4.46881497312094,-1.29264612175584,3.44169137633799E-15));
#4795=CARTESIAN_POINT('',(-2.46711497312094,-2.23667507144365,3.77475828372553E-15));
#4796=CARTESIAN_POINT('',(-3.40898248656047,-2.23667507144365,3.66373598126302E-15));
#4797=CARTESIAN_POINT('',(-2.46711497312094,-1.29264612175584,3.44169137633799E-15));
#4798=CARTESIAN_POINT('Origin',(-6.5,-1.89946717206802,1.));
#4799=CARTESIAN_POINT('',(-6.5,1.80053282793198,1.79915002757985));
#4800=CARTESIAN_POINT('',(-6.5,-1.22446717206802,1.79915002757987));
#4801=CARTESIAN_POINT('',(-6.5,1.80053282793198,1.));
#4802=CARTESIAN_POINT('Origin',(-6.20085,-3.80291641615329,1.19979991912842));
#4803=CARTESIAN_POINT('',(-6.20085,-2.20206641615329,0.19894991912842));
#4804=CARTESIAN_POINT('',(-6.20085,-3.80291641615329,0.19894991912842));
#4805=CARTESIAN_POINT('',(-6.20085,-2.20206641615329,1.79915002757987));
#4806=CARTESIAN_POINT('',(-6.20085,-2.20206641615329,1.19979991912842));
#4807=CARTESIAN_POINT('',(-6.20085,-2.17619179411065,1.79915002757987));
#4808=CARTESIAN_POINT('Origin',(-5.55,-2.20206641615329,1.19979991912842));
#4809=CARTESIAN_POINT('',(-6.10085,-2.20206641615329,1.79915002757987));
#4810=CARTESIAN_POINT('',(-3.225,-2.20206641615329,1.79915002757987));
#4811=CARTESIAN_POINT('',(-4.89915,-2.20206641615329,0.19894991912842));
#4812=CARTESIAN_POINT('',(-5.55,-2.20206641615329,0.19894991912842));
#4813=CARTESIAN_POINT('',(-4.89915,-2.20206641615329,1.79915002757987));
#4814=CARTESIAN_POINT('',(-4.89915,-2.20206641615329,1.19979991912842));
#4815=CARTESIAN_POINT('',(-4.99915,-2.20206641615329,1.79915002757987));
#4816=CARTESIAN_POINT('',(-3.225,-2.20206641615329,1.79915002757987));
#4817=CARTESIAN_POINT('',(-4.99915,-2.20206641615329,0.199150000000002));
#4818=CARTESIAN_POINT('',(-4.99915,-2.20206641615329,1.09989995956421));
#4819=CARTESIAN_POINT('',(-6.10085,-2.20206641615329,0.199150000000002));
#4820=CARTESIAN_POINT('',(-5.55,-2.20206641615329,0.199150000000002));
#4821=CARTESIAN_POINT('',(-6.10085,-2.20206641615329,1.09989995956421));
#4822=CARTESIAN_POINT('Origin',(-5.55,-3.80291641615329,0.19894991912842));
#4823=CARTESIAN_POINT('',(-4.89915,-3.80291641615329,0.19894991912842));
#4824=CARTESIAN_POINT('Origin',(-4.89915,-3.80291641615329,1.19979991912842));
#4825=CARTESIAN_POINT('',(-4.89915,-2.17619179411065,1.79915002757987));
#4826=CARTESIAN_POINT('Origin',(-6.10085,-1.14946717206802,1.));
#4827=CARTESIAN_POINT('',(-6.10085,0.00138282793197941,0.199150000000002));
#4828=CARTESIAN_POINT('',(-6.10085,-1.14946717206802,0.199150000000002));
#4829=CARTESIAN_POINT('',(-6.10085,0.00138282793197984,1.79915002757986));
#4830=CARTESIAN_POINT('',(-6.10085,0.00138282793197959,1.));
#4831=CARTESIAN_POINT('',(-6.10085,-0.84946717206802,1.79915002757986));
#4832=CARTESIAN_POINT('Origin',(-5.55,-1.14946717206802,0.199150000000002));
#4833=CARTESIAN_POINT('',(-4.99915,-0.000317172068021737,0.199150000000003));
#4834=CARTESIAN_POINT('',(-4.99915,-1.14946717206802,0.199150000000002));
#4835=CARTESIAN_POINT('',(3.45085,-0.000317172068021421,0.199150000000003));
#4836=CARTESIAN_POINT('',(-1.05,-0.000317172068021598,0.199150000000003));
#4837=CARTESIAN_POINT('',(3.45085,1.60138282793198,0.199150000000003));
#4838=CARTESIAN_POINT('',(3.45085,0.800532827931979,0.199150000000003));
#4839=CARTESIAN_POINT('',(-5.55085,1.60138282793198,0.199150000000003));
#4840=CARTESIAN_POINT('',(-1.05,1.60138282793198,0.199150000000003));
#4841=CARTESIAN_POINT('',(-5.55085,0.00138282793197941,0.199150000000002));
#4842=CARTESIAN_POINT('',(-5.55085,0.800532827931978,0.199150000000003));
#4843=CARTESIAN_POINT('',(-5.55,0.00138282793197941,0.199150000000002));
#4844=CARTESIAN_POINT('Origin',(-4.99915,-1.14946717206802,1.));
#4845=CARTESIAN_POINT('',(-4.99915,-0.000317172068021512,1.79915002757986));
#4846=CARTESIAN_POINT('',(-4.99915,-0.84946717206802,1.79915002757986));
#4847=CARTESIAN_POINT('',(-4.99915,-0.00031717206802169,1.));
#4848=CARTESIAN_POINT('Origin',(-0.899999999999999,-0.549467172068022,1.79915002757986));
#4849=CARTESIAN_POINT('',(-4.5,-2.49946717206802,1.79915002757987));
#4850=CARTESIAN_POINT('',(-4.5,-1.22446717206802,1.79915002757987));
#4851=CARTESIAN_POINT('',(-2.2,-2.49946717206802,1.79915002757987));
#4852=CARTESIAN_POINT('',(-2.125,-2.49946717206802,1.79915002757987));
#4853=CARTESIAN_POINT('',(-2.2,-0.199467172068021,1.79915002757986));
#4854=CARTESIAN_POINT('',(-2.2,-0.94946717206802,1.79915002757986));
#4855=CARTESIAN_POINT('',(5.40000000000002,-0.199467172068021,1.79915002757986));
#4856=CARTESIAN_POINT('',(-0.524999999999997,-0.199467172068021,1.79915002757986));
#4857=CARTESIAN_POINT('',(5.40000000000002,1.80053282793198,1.79915002757985));
#4858=CARTESIAN_POINT('',(5.40000000000002,0.12553282793198,1.79915002757986));
#4859=CARTESIAN_POINT('',(-0.524999999999997,1.80053282793198,1.79915002757985));
#4860=CARTESIAN_POINT('',(-5.55085,0.00138282793197983,1.79915002757986));
#4861=CARTESIAN_POINT('',(-3.225,0.0013828279319798,1.79915002757986));
#4862=CARTESIAN_POINT('',(-5.55085,1.60138282793198,1.79915002757985));
#4863=CARTESIAN_POINT('',(-5.55085,0.12553282793198,1.79915002757986));
#4864=CARTESIAN_POINT('',(3.45085000000001,1.60138282793198,1.79915002757985));
#4865=CARTESIAN_POINT('',(-0.974999999999997,1.60138282793198,1.79915002757985));
#4866=CARTESIAN_POINT('',(3.45085000000001,-0.000317172068021066,1.79915002757986));
#4867=CARTESIAN_POINT('',(3.45085000000001,0.12553282793198,1.79915002757986));
#4868=CARTESIAN_POINT('',(-0.974999999999997,-0.000317172068021232,1.79915002757986));
#4869=CARTESIAN_POINT('',(-4.46881497312094,-0.234975071443653,1.79915002757986));
#4870=CARTESIAN_POINT('',(-4.46881497312094,-2.23667507144365,1.79915002757987));
#4871=CARTESIAN_POINT('',(-4.46881497312094,-0.892646121755837,1.79915002757986));
#4872=CARTESIAN_POINT('',(-2.46711497312094,-0.234975071443653,1.79915002757986));
#4873=CARTESIAN_POINT('',(-2.18398248656047,-0.234975071443653,1.79915002757986));
#4874=CARTESIAN_POINT('',(-2.46711497312094,-2.23667507144365,1.79915002757987));
#4875=CARTESIAN_POINT('',(-2.46711497312094,-0.892646121755837,1.79915002757986));
#4876=CARTESIAN_POINT('',(-2.18398248656047,-2.23667507144365,1.79915002757987));
#4877=CARTESIAN_POINT('Origin',(-2.46711497312094,-1.23582507144365,1.4));
#4878=CARTESIAN_POINT('',(-2.46711497312094,-0.234975071443653,1.4));
#4879=CARTESIAN_POINT('',(-2.46711497312094,-2.23667507144365,1.4));
#4880=CARTESIAN_POINT('Origin',(-3.46796497312094,-0.234975071443653,1.4));
#4881=CARTESIAN_POINT('',(-4.46881497312094,-0.234975071443653,1.4));
#4882=CARTESIAN_POINT('Origin',(-4.5,-1.89946717206802,1.));
#4883=CARTESIAN_POINT('',(-4.5,-2.49946717206802,1.));
#4884=CARTESIAN_POINT('Origin',(-0.149999999999996,1.80053282793198,1.));
#4885=CARTESIAN_POINT('',(5.40000000000002,1.80053282793198,1.));
#4886=CARTESIAN_POINT('Origin',(-1.05,-0.000317172068021421,1.));
#4887=CARTESIAN_POINT('',(3.45085,-0.000317172068021243,1.));
#4888=CARTESIAN_POINT('Origin',(3.45085,0.800532827931979,1.));
#4889=CARTESIAN_POINT('',(3.45085,1.60138282793198,1.));
#4890=CARTESIAN_POINT('',(3.45085,0.850532827931979,0.649150000000003));
#4891=CARTESIAN_POINT('Origin',(3.45085,0.850532827931979,1.));
#4892=CARTESIAN_POINT('Origin',(-1.05,1.60138282793198,1.));
#4893=CARTESIAN_POINT('',(-5.55085,1.60138282793198,1.));
#4894=CARTESIAN_POINT('Origin',(5.55085,0.850532827931979,1.));
#4895=CARTESIAN_POINT('',(5.40000000000002,0.850532827931979,0.649150000000003));
#4896=CARTESIAN_POINT('',(5.55085,0.850532827931979,0.649150000000003));
#4897=CARTESIAN_POINT('Origin',(5.40000000000002,0.850532827931979,1.));
#4898=CARTESIAN_POINT('Origin',(-5.6690499206543,-1.18365811772656,0.941333923681058));
#4899=CARTESIAN_POINT('Origin',(-2.2,-1.34946717206802,1.));
#4900=CARTESIAN_POINT('',(-2.2,-2.49946717206802,1.));
#4901=CARTESIAN_POINT('',(-2.2,-0.199467172068021,1.));
#4902=CARTESIAN_POINT('Origin',(-3.35,-2.49946717206802,1.));
#4903=CARTESIAN_POINT('Origin',(-4.46881497312094,-1.23582507144365,1.4));
#4904=CARTESIAN_POINT('',(-4.46881497312094,-2.23667507144365,1.4));
#4905=CARTESIAN_POINT('Origin',(-3.46796497312094,-2.23667507144365,1.4));
#4906=CARTESIAN_POINT('Origin',(5.40000000000002,0.800532827931979,1.));
#4907=CARTESIAN_POINT('',(5.40000000000002,-0.199467172068021,1.));
#4908=CARTESIAN_POINT('Origin',(-0.149999999999996,-0.199467172068021,1.));
#4909=CARTESIAN_POINT('Origin',(-5.55085,0.800532827931978,1.));
#4910=CARTESIAN_POINT('',(-5.55085,0.00138282793197958,1.));
#4911=CARTESIAN_POINT('Origin',(-5.55,0.00138282793197959,1.));
#4912=CARTESIAN_POINT('Ctrl Pts',(-4.79878725219524,-1.36001040989938,0.793506610959806));
#4913=CARTESIAN_POINT('Ctrl Pts',(-4.79878725219524,-1.21899910671689,0.640880356279582));
#4914=CARTESIAN_POINT('Ctrl Pts',(-4.79878725219524,-1.04961556075652,0.797373710608338));
#4915=CARTESIAN_POINT('Ctrl Pts',(-4.79878725219524,-0.880232014796156,
0.953867064937094));
#4916=CARTESIAN_POINT('Ctrl Pts',(-4.79878725219524,-1.02124331797865,1.10649331961732));
#4917=CARTESIAN_POINT('Ctrl Pts',(-4.79878725219524,-1.16225462116115,1.25911957429754));
#4918=CARTESIAN_POINT('Ctrl Pts',(-4.79878725219524,-1.33163816712151,1.10262621996879));
#4919=CARTESIAN_POINT('Ctrl Pts',(-4.79878725219524,-1.50102171308188,0.94613286564003));
#4920=CARTESIAN_POINT('Ctrl Pts',(-4.79878725219524,-1.36001040989938,0.793506610959806));
#4921=CARTESIAN_POINT('Ctrl Pts',(-4.57147060386162,-1.36001040989938,0.793506610959805));
#4922=CARTESIAN_POINT('Ctrl Pts',(-4.57147060386162,-1.21899910671689,0.640880356279582));
#4923=CARTESIAN_POINT('Ctrl Pts',(-4.57147060386162,-1.04961556075652,0.797373710608338));
#4924=CARTESIAN_POINT('Ctrl Pts',(-4.57147060386162,-0.880232014796156,
0.953867064937094));
#4925=CARTESIAN_POINT('Ctrl Pts',(-4.57147060386162,-1.02124331797865,1.10649331961732));
#4926=CARTESIAN_POINT('Ctrl Pts',(-4.57147060386162,-1.16225462116115,1.25911957429754));
#4927=CARTESIAN_POINT('Ctrl Pts',(-4.57147060386162,-1.33163816712151,1.10262621996879));
#4928=CARTESIAN_POINT('Ctrl Pts',(-4.57147060386162,-1.50102171308188,0.946132865640029));
#4929=CARTESIAN_POINT('Ctrl Pts',(-4.57147060386162,-1.36001040989938,0.793506610959805));
#4930=CARTESIAN_POINT('',(-4.57147060386162,-1.36001040989938,0.793506610959805));
#4931=CARTESIAN_POINT('Origin',(-4.57147060386162,-1.19062686393902,0.949999965288562));
#4932=CARTESIAN_POINT('',(-4.79878725219524,-1.36001040989938,0.793506610959806));
#4933=CARTESIAN_POINT('',(-4.57147060386162,-1.36001040989938,0.793506610959805));
#4934=CARTESIAN_POINT('Origin',(-4.79878725219524,-1.19062686393902,0.949999965288562));
#4935=CARTESIAN_POINT('Origin',(-4.79878725219524,-1.19062686393902,0.949999965288562));
#4936=CARTESIAN_POINT('Origin',(-4.57147060386162,-1.19062686393902,0.949999965288562));
#4937=CARTESIAN_POINT('Ctrl Pts',(-4.87399128421315,-1.31879228019606,0.831532346992964));
#4938=CARTESIAN_POINT('Ctrl Pts',(-4.87399128421315,-1.21204437709416,0.716046025646629));
#4939=CARTESIAN_POINT('Ctrl Pts',(-4.87399128421315,-1.08387896083712,0.834513643942227));
#4940=CARTESIAN_POINT('Ctrl Pts',(-4.87399128421315,-0.955713544580083,
0.952981262237824));
#4941=CARTESIAN_POINT('Ctrl Pts',(-4.87399128421315,-1.06246144768198,1.06846758358416));
#4942=CARTESIAN_POINT('Ctrl Pts',(-4.87399128421315,-1.16920935078387,1.18395390493049));
#4943=CARTESIAN_POINT('Ctrl Pts',(-4.87399128421315,-1.29737476704091,1.0654862866349));
#4944=CARTESIAN_POINT('Ctrl Pts',(-4.87399128421315,-1.42554018329795,0.947018668339299));
#4945=CARTESIAN_POINT('Ctrl Pts',(-4.87399128421315,-1.31879228019606,0.831532346992964));
#4946=CARTESIAN_POINT('Ctrl Pts',(-4.34585858849302,-1.31879228019606,0.831532346992964));
#4947=CARTESIAN_POINT('Ctrl Pts',(-4.34585858849302,-1.21204437709416,0.716046025646629));
#4948=CARTESIAN_POINT('Ctrl Pts',(-4.34585858849302,-1.08387896083712,0.834513643942226));
#4949=CARTESIAN_POINT('Ctrl Pts',(-4.34585858849302,-0.955713544580083,
0.952981262237824));
#4950=CARTESIAN_POINT('Ctrl Pts',(-4.34585858849302,-1.06246144768198,1.06846758358416));
#4951=CARTESIAN_POINT('Ctrl Pts',(-4.34585858849302,-1.16920935078387,1.18395390493049));
#4952=CARTESIAN_POINT('Ctrl Pts',(-4.34585858849302,-1.29737476704091,1.0654862866349));
#4953=CARTESIAN_POINT('Ctrl Pts',(-4.34585858849302,-1.42554018329795,0.947018668339299));
#4954=CARTESIAN_POINT('Ctrl Pts',(-4.34585858849302,-1.31879228019606,0.831532346992964));
#4955=CARTESIAN_POINT('',(-4.34585858849302,-1.31879228019606,0.831532346992964));
#4956=CARTESIAN_POINT('Origin',(-4.34585858849302,-1.19062686393902,0.949999965288562));
#4957=CARTESIAN_POINT('',(-4.87399128421315,-1.31879228019606,0.831532346992964));
#4958=CARTESIAN_POINT('',(-4.34585858849302,-1.31879228019606,0.831532346992964));
#4959=CARTESIAN_POINT('Origin',(-4.87399128421315,-1.19062686393902,0.949999965288562));
#4960=CARTESIAN_POINT('Origin',(-4.87399128421315,-1.19062686393902,0.949999965288562));
#4961=CARTESIAN_POINT('Origin',(-4.34585858849302,-1.19062686393902,0.949999965288562));
#4962=CARTESIAN_POINT('Ctrl Pts',(-4.87399120469488,-1.14902008457698,0.988613106894269));
#4963=CARTESIAN_POINT('Ctrl Pts',(-4.87399120469488,-1.18381437770007,1.02610500461484));
#4964=CARTESIAN_POINT('Ctrl Pts',(-4.87399120469488,-1.22542113745532,0.987491920646239));
#4965=CARTESIAN_POINT('Ctrl Pts',(-4.87399120469488,-1.26702789721058,0.948878836677642));
#4966=CARTESIAN_POINT('Ctrl Pts',(-4.87399120469488,-1.23223360408749,0.911386938957076));
#4967=CARTESIAN_POINT('Ctrl Pts',(-4.87399120469488,-1.1974393109644,0.873895041236509));
#4968=CARTESIAN_POINT('Ctrl Pts',(-4.87399120469488,-1.15583255120915,0.912508125205106));
#4969=CARTESIAN_POINT('Ctrl Pts',(-4.87399120469488,-1.11422579145389,0.951121209173702));
#4970=CARTESIAN_POINT('Ctrl Pts',(-4.87399120469488,-1.14902008457698,0.988613106894269));
#4971=CARTESIAN_POINT('Ctrl Pts',(-4.57147054244415,-1.14902008457698,0.988613106894269));
#4972=CARTESIAN_POINT('Ctrl Pts',(-4.57147054244415,-1.18381437770007,1.02610500461484));
#4973=CARTESIAN_POINT('Ctrl Pts',(-4.57147054244415,-1.22542113745532,0.987491920646239));
#4974=CARTESIAN_POINT('Ctrl Pts',(-4.57147054244415,-1.26702789721058,0.948878836677642));
#4975=CARTESIAN_POINT('Ctrl Pts',(-4.57147054244415,-1.23223360408749,0.911386938957076));
#4976=CARTESIAN_POINT('Ctrl Pts',(-4.57147054244415,-1.1974393109644,0.873895041236509));
#4977=CARTESIAN_POINT('Ctrl Pts',(-4.57147054244415,-1.15583255120915,0.912508125205106));
#4978=CARTESIAN_POINT('Ctrl Pts',(-4.57147054244415,-1.11422579145389,0.951121209173702));
#4979=CARTESIAN_POINT('Ctrl Pts',(-4.57147054244415,-1.14902008457698,0.988613106894269));
#4980=CARTESIAN_POINT('',(-4.57147054244415,-1.14902008457698,0.988613106894269));
#4981=CARTESIAN_POINT('Origin',(-4.57147054244415,-1.19062684433223,0.950000022925672));
#4982=CARTESIAN_POINT('',(-4.87399120469488,-1.14902008457698,0.988613106894269));
#4983=CARTESIAN_POINT('',(-4.87399120469488,-1.14902008457698,0.988613106894269));
#4984=CARTESIAN_POINT('Origin',(-4.87399120469488,-1.19062684433223,0.950000022925672));
#4985=CARTESIAN_POINT('Origin',(-4.57147054244415,-1.19062684433223,0.950000022925672));
#4986=CARTESIAN_POINT('Origin',(-4.87399120469488,-1.19062684433223,0.950000022925672));
#4987=CARTESIAN_POINT('Ctrl Pts',(-5.02439920124169,-1.39710681939751,0.75928336394666));
#4988=CARTESIAN_POINT('Ctrl Pts',(-5.02439920124169,-1.22525834183617,0.573231048313975));
#4989=CARTESIAN_POINT('Ctrl Pts',(-5.02439920124169,-1.01877834271053,0.763947693661518));
#4990=CARTESIAN_POINT('Ctrl Pts',(-5.02439920124169,-0.81229834358488,0.954664339009062));
#4991=CARTESIAN_POINT('Ctrl Pts',(-5.02439920124169,-0.984146821146215,
1.14071665464175));
#4992=CARTESIAN_POINT('Ctrl Pts',(-5.02439920124169,-1.15599529870755,1.32676897027443));
#4993=CARTESIAN_POINT('Ctrl Pts',(-5.02439920124169,-1.3624752978332,1.13605232492689));
#4994=CARTESIAN_POINT('Ctrl Pts',(-5.02439920124169,-1.56895529695884,0.945335679579345));
#4995=CARTESIAN_POINT('Ctrl Pts',(-5.02439920124169,-1.39710681939751,0.75928336394666));
#4996=CARTESIAN_POINT('Ctrl Pts',(-4.52133453341273,-1.39710681939751,0.75928336394666));
#4997=CARTESIAN_POINT('Ctrl Pts',(-4.52133453341273,-1.22525834183617,0.573231048313975));
#4998=CARTESIAN_POINT('Ctrl Pts',(-4.52133453341273,-1.01877834271053,0.763947693661518));
#4999=CARTESIAN_POINT('Ctrl Pts',(-4.52133453341273,-0.81229834358488,0.954664339009062));
#5000=CARTESIAN_POINT('Ctrl Pts',(-4.52133453341273,-0.984146821146215,
1.14071665464175));
#5001=CARTESIAN_POINT('Ctrl Pts',(-4.52133453341273,-1.15599529870755,1.32676897027443));
#5002=CARTESIAN_POINT('Ctrl Pts',(-4.52133453341273,-1.3624752978332,1.13605232492689));
#5003=CARTESIAN_POINT('Ctrl Pts',(-4.52133453341273,-1.56895529695884,0.945335679579345));
#5004=CARTESIAN_POINT('Ctrl Pts',(-4.52133453341273,-1.39710681939751,0.75928336394666));
#5005=CARTESIAN_POINT('',(-4.52133453341273,-1.39710681939751,0.75928336394666));
#5006=CARTESIAN_POINT('Origin',(-4.52133453341273,-1.19062682027186,0.950000009294203));
#5007=CARTESIAN_POINT('',(-5.02439920124169,-1.39710681939751,0.75928336394666));
#5008=CARTESIAN_POINT('',(-4.52133453341273,-1.39710681939751,0.75928336394666));
#5009=CARTESIAN_POINT('Origin',(-5.02439920124169,-1.19062682027186,0.950000009294204));
#5010=CARTESIAN_POINT('Origin',(-5.02439920124169,-1.19062682027186,0.950000009294204));
#5011=CARTESIAN_POINT('Origin',(-4.52133453341273,-1.19062682027186,0.950000009294203));
#5012=CARTESIAN_POINT('Ctrl Pts',(-4.9742631968588,-1.3558885388711,0.797309242023794));
#5013=CARTESIAN_POINT('Ctrl Pts',(-4.9742631968588,-1.21830358771785,0.648396993513633));
#5014=CARTESIAN_POINT('Ctrl Pts',(-4.9742631968588,-1.05304186911861,0.801087760784043));
#5015=CARTESIAN_POINT('Ctrl Pts',(-4.9742631968588,-0.887780150519372,0.953778528054452));
#5016=CARTESIAN_POINT('Ctrl Pts',(-4.9742631968588,-1.02536510167262,1.10269077656461));
#5017=CARTESIAN_POINT('Ctrl Pts',(-4.9742631968588,-1.16295005282587,1.25160302507477));
#5018=CARTESIAN_POINT('Ctrl Pts',(-4.9742631968588,-1.32821177142511,1.09891225780436));
#5019=CARTESIAN_POINT('Ctrl Pts',(-4.9742631968588,-1.49347349002435,0.946221490533955));
#5020=CARTESIAN_POINT('Ctrl Pts',(-4.9742631968588,-1.3558885388711,0.797309242023794));
#5021=CARTESIAN_POINT('Ctrl Pts',(-4.47119852902983,-1.3558885388711,0.797309242023794));
#5022=CARTESIAN_POINT('Ctrl Pts',(-4.47119852902983,-1.21830358771785,0.648396993513633));
#5023=CARTESIAN_POINT('Ctrl Pts',(-4.47119852902983,-1.05304186911861,0.801087760784043));
#5024=CARTESIAN_POINT('Ctrl Pts',(-4.47119852902983,-0.887780150519373,
0.953778528054452));
#5025=CARTESIAN_POINT('Ctrl Pts',(-4.47119852902983,-1.02536510167262,1.10269077656461));
#5026=CARTESIAN_POINT('Ctrl Pts',(-4.47119852902983,-1.16295005282587,1.25160302507477));
#5027=CARTESIAN_POINT('Ctrl Pts',(-4.47119852902983,-1.32821177142511,1.09891225780436));
#5028=CARTESIAN_POINT('Ctrl Pts',(-4.47119852902983,-1.49347349002435,0.946221490533955));
#5029=CARTESIAN_POINT('Ctrl Pts',(-4.47119852902983,-1.3558885388711,0.797309242023794));
#5030=CARTESIAN_POINT('',(-4.47119852902983,-1.3558885388711,0.797309242023794));
#5031=CARTESIAN_POINT('Origin',(-4.47119852902983,-1.19062682027186,0.950000009294203));
#5032=CARTESIAN_POINT('',(-4.9742631968588,-1.3558885388711,0.797309242023794));
#5033=CARTESIAN_POINT('',(-4.47119852902983,-1.3558885388711,0.797309242023794));
#5034=CARTESIAN_POINT('Origin',(-4.9742631968588,-1.19062682027186,0.950000009294204));
#5035=CARTESIAN_POINT('Origin',(-4.9742631968588,-1.19062682027186,0.950000009294204));
#5036=CARTESIAN_POINT('Origin',(-4.47119852902983,-1.19062682027186,0.950000009294203));
#5037=CARTESIAN_POINT('Origin',(-4.66346234687364,-0.916637218107798,1.26418735382954));
#5038=CARTESIAN_POINT('',(-4.61057851884676,-0.989229334274033,1.29112245738027));
#5039=CARTESIAN_POINT('',(-4.66346234687364,-1.10569367995924,1.16419122757429));
#5040=CARTESIAN_POINT('',(-4.61057851884676,-0.989229334274033,1.29112245738027));
#5041=CARTESIAN_POINT('',(-4.66346234687364,-0.916637218107798,1.26418735382954));
#5042=CARTESIAN_POINT('',(-4.66346234687364,-0.916637218107798,1.26418735382954));
#5043=CARTESIAN_POINT('',(-4.66346234687364,-0.916637218107798,1.26418735382954));
#5044=CARTESIAN_POINT('Origin',(-4.61057851884676,-0.989229334274033,1.29112245738027));
#5045=CARTESIAN_POINT('',(-4.49232668850806,-1.00087002158104,1.29544170214919));
#5046=CARTESIAN_POINT('',(-4.49232668850806,-1.00087002158104,1.29544170214919));
#5047=CARTESIAN_POINT('',(-4.49232668850806,-1.00087002158104,1.29544170214919));
#5048=CARTESIAN_POINT('Origin',(-4.49232668850806,-1.00087002158104,1.29544170214919));
#5049=CARTESIAN_POINT('',(-4.57789451769085,-1.05737510294885,1.31640775601514));
#5050=CARTESIAN_POINT('',(-4.57789451769085,-1.05737510294885,1.31640775601514));
#5051=CARTESIAN_POINT('',(-4.57789451769085,-1.05737510294885,1.31640775601514));
#5052=CARTESIAN_POINT('Origin',(-4.57789451769085,-1.05737510294885,1.31640775601514));
#5053=CARTESIAN_POINT('',(-4.55769469081988,-1.13716155893068,1.34601229941894));
#5054=CARTESIAN_POINT('',(-4.55769469081988,-1.13716155893068,1.34601229941894));
#5055=CARTESIAN_POINT('',(-4.55769469081988,-1.13716155893068,1.34601229941894));
#5056=CARTESIAN_POINT('Origin',(-4.55769469081988,-1.13716155893068,1.34601229941894));
#5057=CARTESIAN_POINT('',(-4.66346234687364,-1.09949150468548,1.33203493017497));
#5058=CARTESIAN_POINT('',(-4.66346234687364,-1.09949150468548,1.33203493017497));
#5059=CARTESIAN_POINT('',(-4.66346234687364,-1.09949150468548,1.33203493017497));
#5060=CARTESIAN_POINT('Origin',(-4.66346234687364,-1.09949150468548,1.33203493017497));
#5061=CARTESIAN_POINT('',(-4.7692300029274,-1.13716155893068,1.34601229941894));
#5062=CARTESIAN_POINT('',(-4.7692300029274,-1.13716155893068,1.34601229941894));
#5063=CARTESIAN_POINT('',(-4.7692300029274,-1.13716155893068,1.34601229941894));
#5064=CARTESIAN_POINT('Origin',(-4.7692300029274,-1.13716155893068,1.34601229941894));
#5065=CARTESIAN_POINT('',(-4.74903017605643,-1.05737510294885,1.31640775601514));
#5066=CARTESIAN_POINT('',(-4.74903017605643,-1.05737510294885,1.31640775601514));
#5067=CARTESIAN_POINT('',(-4.74903017605643,-1.05737510294885,1.31640775601514));
#5068=CARTESIAN_POINT('Origin',(-4.74903017605643,-1.05737510294885,1.31640775601514));
#5069=CARTESIAN_POINT('',(-4.83459800523922,-1.00087002158104,1.29544170214919));
#5070=CARTESIAN_POINT('',(-4.83459800523922,-1.00087002158104,1.29544170214919));
#5071=CARTESIAN_POINT('',(-4.83459800523922,-1.00087002158104,1.29544170214919));
#5072=CARTESIAN_POINT('Origin',(-4.83459800523922,-1.00087002158104,1.29544170214919));
#5073=CARTESIAN_POINT('',(-4.71634617490052,-0.989229334274033,1.29112245738027));
#5074=CARTESIAN_POINT('',(-4.71634617490052,-0.989229334274033,1.29112245738027));
#5075=CARTESIAN_POINT('',(-4.71634617490052,-0.989229334274033,1.29112245738027));
#5076=CARTESIAN_POINT('Origin',(-4.66346234687364,-1.03854007582625,1.30941907139316));
#5077=CARTESIAN_POINT('',(-4.66346234687364,-0.916637218107798,1.26418735382954));
#5078=CARTESIAN_POINT('Origin',(-4.71634617490052,-0.989229334274033,1.29112245738027));
#5079=CARTESIAN_POINT('',(0.,0.,0.));
#5080=CARTESIAN_POINT('',(0.,0.,0.));
#5081=CARTESIAN_POINT('',(0.,0.,0.));
#5082=CARTESIAN_POINT('',(0.,0.,0.));
#5083=CARTESIAN_POINT('',(0.,0.,0.));
#5084=UNCERTAINTY_MEASURE_WITH_UNIT(LENGTH_MEASURE(0.001),#5098,
'DISTANCE_ACCURACY_VALUE',
'Maximum model space distance between geometric entities at asserted c
onnectivities');
#5085=UNCERTAINTY_MEASURE_WITH_UNIT(LENGTH_MEASURE(0.001),#5098,
'DISTANCE_ACCURACY_VALUE',
'Maximum model space distance between geometric entities at asserted c
onnectivities');
#5086=UNCERTAINTY_MEASURE_WITH_UNIT(LENGTH_MEASURE(0.001),#5098,
'DISTANCE_ACCURACY_VALUE',
'Maximum model space distance between geometric entities at asserted c
onnectivities');
#5087=UNCERTAINTY_MEASURE_WITH_UNIT(LENGTH_MEASURE(0.001),#5098,
'DISTANCE_ACCURACY_VALUE',
'Maximum model space distance between geometric entities at asserted c
onnectivities');
#5088=UNCERTAINTY_MEASURE_WITH_UNIT(LENGTH_MEASURE(0.001),#5098,
'DISTANCE_ACCURACY_VALUE',
'Maximum model space distance between geometric entities at asserted c
onnectivities');
#5089=UNCERTAINTY_MEASURE_WITH_UNIT(LENGTH_MEASURE(0.001),#5098,
'DISTANCE_ACCURACY_VALUE',
'Maximum model space distance between geometric entities at asserted c
onnectivities');
#5090=UNCERTAINTY_MEASURE_WITH_UNIT(LENGTH_MEASURE(0.001),#5098,
'DISTANCE_ACCURACY_VALUE',
'Maximum model space distance between geometric entities at asserted c
onnectivities');
#5091=(
GEOMETRIC_REPRESENTATION_CONTEXT(3)
GLOBAL_UNCERTAINTY_ASSIGNED_CONTEXT((#5084))
GLOBAL_UNIT_ASSIGNED_CONTEXT((#5098,#5100,#5101))
REPRESENTATION_CONTEXT('','3D')
);
#5092=(
GEOMETRIC_REPRESENTATION_CONTEXT(3)
GLOBAL_UNCERTAINTY_ASSIGNED_CONTEXT((#5085))
GLOBAL_UNIT_ASSIGNED_CONTEXT((#5098,#5100,#5101))
REPRESENTATION_CONTEXT('','3D')
);
#5093=(
GEOMETRIC_REPRESENTATION_CONTEXT(3)
GLOBAL_UNCERTAINTY_ASSIGNED_CONTEXT((#5086))
GLOBAL_UNIT_ASSIGNED_CONTEXT((#5098,#5100,#5101))
REPRESENTATION_CONTEXT('','3D')
);
#5094=(
GEOMETRIC_REPRESENTATION_CONTEXT(3)
GLOBAL_UNCERTAINTY_ASSIGNED_CONTEXT((#5087))
GLOBAL_UNIT_ASSIGNED_CONTEXT((#5098,#5100,#5101))
REPRESENTATION_CONTEXT('','3D')
);
#5095=(
GEOMETRIC_REPRESENTATION_CONTEXT(3)
GLOBAL_UNCERTAINTY_ASSIGNED_CONTEXT((#5088))
GLOBAL_UNIT_ASSIGNED_CONTEXT((#5098,#5100,#5101))
REPRESENTATION_CONTEXT('','3D')
);
#5096=(
GEOMETRIC_REPRESENTATION_CONTEXT(3)
GLOBAL_UNCERTAINTY_ASSIGNED_CONTEXT((#5089))
GLOBAL_UNIT_ASSIGNED_CONTEXT((#5098,#5100,#5101))
REPRESENTATION_CONTEXT('','3D')
);
#5097=(
GEOMETRIC_REPRESENTATION_CONTEXT(3)
GLOBAL_UNCERTAINTY_ASSIGNED_CONTEXT((#5090))
GLOBAL_UNIT_ASSIGNED_CONTEXT((#5098,#5100,#5101))
REPRESENTATION_CONTEXT('','3D')
);
#5098=(
LENGTH_UNIT()
NAMED_UNIT(*)
SI_UNIT(.CENTI.,.METRE.)
);
#5099=(
LENGTH_UNIT()
NAMED_UNIT(*)
SI_UNIT($,.METRE.)
);
#5100=(
NAMED_UNIT(*)
PLANE_ANGLE_UNIT()
SI_UNIT($,.RADIAN.)
);
#5101=(
NAMED_UNIT(*)
SI_UNIT($,.STERADIAN.)
SOLID_ANGLE_UNIT()
);
#5102=SHAPE_DEFINITION_REPRESENTATION(#5108,#5119);
#5103=SHAPE_DEFINITION_REPRESENTATION(#5109,#5120);
#5104=SHAPE_DEFINITION_REPRESENTATION(#5110,#5121);
#5105=SHAPE_DEFINITION_REPRESENTATION(#5111,#5122);
#5106=SHAPE_DEFINITION_REPRESENTATION(#5112,#5123);
#5107=SHAPE_DEFINITION_REPRESENTATION(#5113,#5124);
#5108=PRODUCT_DEFINITION_SHAPE('',$,#5126);
#5109=PRODUCT_DEFINITION_SHAPE('',$,#5127);
#5110=PRODUCT_DEFINITION_SHAPE('',$,#5128);
#5111=PRODUCT_DEFINITION_SHAPE('',$,#5129);
#5112=PRODUCT_DEFINITION_SHAPE('',$,#5130);
#5113=PRODUCT_DEFINITION_SHAPE('',$,#5131);
#5114=PRODUCT_DEFINITION_SHAPE($,$,#26);
#5115=PRODUCT_DEFINITION_SHAPE($,$,#27);
#5116=PRODUCT_DEFINITION_SHAPE($,$,#28);
#5117=PRODUCT_DEFINITION_SHAPE($,$,#29);
#5118=PRODUCT_DEFINITION_SHAPE($,$,#30);
#5119=SHAPE_REPRESENTATION('',(#2767,#3047,#3048,#3049,#3050,#3051),#5091);
#5120=SHAPE_REPRESENTATION('',(#2768),#5092);
#5121=SHAPE_REPRESENTATION('',(#2785),#5093);
#5122=SHAPE_REPRESENTATION('',(#2808),#5094);
#5123=SHAPE_REPRESENTATION('',(#2831),#5095);
#5124=SHAPE_REPRESENTATION('',(#2887),#5096);
#5125=PRODUCT_DEFINITION_CONTEXT('part definition',#5145,'design');
#5126=PRODUCT_DEFINITION('2026-06-07-13-37-20-005',
'ShootexGun2 Base with electronics',#5132,#5125);
#5127=PRODUCT_DEFINITION('2026-06-07-13-37-20-472','Component1',#5133,#5125);
#5128=PRODUCT_DEFINITION('2026-06-07-13-37-20-931','Component2',#5134,#5125);
#5129=PRODUCT_DEFINITION('2026-06-07-13-37-21-666','Component3',#5135,#5125);
#5130=PRODUCT_DEFINITION('2026-06-07-13-37-22-480','Component4',#5136,#5125);
#5131=PRODUCT_DEFINITION('2026-06-07-13-37-23-615','Component5',#5137,#5125);
#5132=PRODUCT_DEFINITION_FORMATION('',$,#5147);
#5133=PRODUCT_DEFINITION_FORMATION('',$,#5148);
#5134=PRODUCT_DEFINITION_FORMATION('',$,#5149);
#5135=PRODUCT_DEFINITION_FORMATION('',$,#5150);
#5136=PRODUCT_DEFINITION_FORMATION('',$,#5151);
#5137=PRODUCT_DEFINITION_FORMATION('',$,#5152);
#5138=PRODUCT_RELATED_PRODUCT_CATEGORY(
'ShootexGun2 Base with electronics','ShootexGun2 Base with electronics',
(#5147));
#5139=PRODUCT_RELATED_PRODUCT_CATEGORY('Component1','Component1',(#5148));
#5140=PRODUCT_RELATED_PRODUCT_CATEGORY('Component2','Component2',(#5149));
#5141=PRODUCT_RELATED_PRODUCT_CATEGORY('Component3','Component3',(#5150));
#5142=PRODUCT_RELATED_PRODUCT_CATEGORY('Component4','Component4',(#5151));
#5143=PRODUCT_RELATED_PRODUCT_CATEGORY('Component5','Component5',(#5152));
#5144=APPLICATION_PROTOCOL_DEFINITION('international standard',
'automotive_design',2009,#5145);
#5145=APPLICATION_CONTEXT(
'Core Data for Automotive Mechanical Design Process');
#5146=PRODUCT_CONTEXT('part definition',#5145,'mechanical');
#5147=PRODUCT('2026-06-07-13-37-20-005',
'ShootexGun2 Base with electronics',$,(#5146));
#5148=PRODUCT('2026-06-07-13-37-20-472','Component1',$,(#5146));
#5149=PRODUCT('2026-06-07-13-37-20-931','Component2',$,(#5146));
#5150=PRODUCT('2026-06-07-13-37-21-666','Component3',$,(#5146));
#5151=PRODUCT('2026-06-07-13-37-22-480','Component4',$,(#5146));
#5152=PRODUCT('2026-06-07-13-37-23-615','Component5',$,(#5146));
#5153=PRESENTATION_STYLE_ASSIGNMENT((#5156));
#5154=PRESENTATION_STYLE_ASSIGNMENT((#5157));
#5155=PRESENTATION_STYLE_ASSIGNMENT((#5158));
#5156=SURFACE_STYLE_USAGE(.BOTH.,#5159);
#5157=SURFACE_STYLE_USAGE(.BOTH.,#5160);
#5158=SURFACE_STYLE_USAGE(.BOTH.,#5161);
#5159=SURFACE_SIDE_STYLE('',(#5162));
#5160=SURFACE_SIDE_STYLE('',(#5163));
#5161=SURFACE_SIDE_STYLE('',(#5164));
#5162=SURFACE_STYLE_FILL_AREA(#5165);
#5163=SURFACE_STYLE_FILL_AREA(#5166);
#5164=SURFACE_STYLE_FILL_AREA(#5167);
#5165=FILL_AREA_STYLE('Steel - Satin',(#5168));
#5166=FILL_AREA_STYLE('Base Material - Opaque',(#5169));
#5167=FILL_AREA_STYLE('Base Material - Opaque',(#5170));
#5168=FILL_AREA_STYLE_COLOUR('Steel - Satin',#5171);
#5169=FILL_AREA_STYLE_COLOUR('Base Material - Opaque',#5172);
#5170=FILL_AREA_STYLE_COLOUR('Base Material - Opaque',#5173);
#5171=COLOUR_RGB('Steel - Satin',0.627450980392157,0.627450980392157,0.627450980392157);
#5172=COLOUR_RGB('Base Material - Opaque',0.913725490196078,0.113725490196078,
0.176470588235294);
#5173=COLOUR_RGB('Base Material - Opaque',0.168627450980392,0.180392156862745,
0.192156862745098);
ENDSEC;
END-ISO-10303-21;
