ISO-10303-21;
HEADER;
/* Generated by software containing ST-Developer
 * from STEP Tools, Inc. (www.steptools.com) 
 */

FILE_DESCRIPTION(
/* description */ (''),
/* implementation_level */ '2;1');

FILE_NAME(
/* name */ 'ShootexGun2 Base without electronics.step',
/* time_stamp */ '2026-06-07T13:36:24+05:30',
/* author */ (''),
/* organization */ (''),
/* preprocessor_version */ 'ST-DEVELOPER v20.1',
/* originating_system */ 'Autodesk Translation Framework v15.8.0.0',
/* authorisation */ '');

FILE_SCHEMA (('AUTOMOTIVE_DESIGN { 1 0 10303 214 3 1 1 }'));
ENDSEC;

DATA;
#10=MECHANICAL_DESIGN_GEOMETRIC_PRESENTATION_REPRESENTATION('',(#17,#18,
#19,#20,#21,#22,#23),#2765);
#11=ITEM_DEFINED_TRANSFORMATION($,$,#1546,#1706);
#12=(
REPRESENTATION_RELATIONSHIP($,$,#2776,#2775)
REPRESENTATION_RELATIONSHIP_WITH_TRANSFORMATION(#11)
SHAPE_REPRESENTATION_RELATIONSHIP()
);
#13=CONTEXT_DEPENDENT_SHAPE_REPRESENTATION(#12,#2774);
#14=NEXT_ASSEMBLY_USAGE_OCCURRENCE('Component1:1','Component1:1',
'Component1:1',#2778,#2779,'Component1:1');
#15=SHAPE_REPRESENTATION_RELATIONSHIP('SRR','None',#2776,#16);
#16=ADVANCED_BREP_SHAPE_REPRESENTATION('',(#24,#25,#26,#27,#28,#29,#30),
#2764);
#17=STYLED_ITEM('',(#2790),#24);
#18=STYLED_ITEM('',(#2791),#25);
#19=STYLED_ITEM('',(#2790),#26);
#20=STYLED_ITEM('',(#2790),#27);
#21=STYLED_ITEM('',(#2790),#28);
#22=STYLED_ITEM('',(#2790),#29);
#23=STYLED_ITEM('',(#2790),#30);
#24=MANIFOLD_SOLID_BREP('Body1',#1526);
#25=MANIFOLD_SOLID_BREP('Body20',#1527);
#26=MANIFOLD_SOLID_BREP('Body21',#1528);
#27=MANIFOLD_SOLID_BREP('Body25',#1529);
#28=MANIFOLD_SOLID_BREP('Body27',#1530);
#29=MANIFOLD_SOLID_BREP('Body28',#1531);
#30=MANIFOLD_SOLID_BREP('Body29',#1532);
#31=FACE_BOUND('',#285,.T.);
#32=FACE_BOUND('',#297,.T.);
#33=FACE_BOUND('',#299,.T.);
#34=FACE_BOUND('',#301,.T.);
#35=FACE_BOUND('',#307,.T.);
#36=FACE_BOUND('',#310,.T.);
#37=FACE_BOUND('',#325,.T.);
#38=FACE_BOUND('',#326,.T.);
#39=FACE_BOUND('',#327,.T.);
#40=FACE_BOUND('',#328,.T.);
#41=FACE_BOUND('',#330,.T.);
#42=FACE_BOUND('',#331,.T.);
#43=FACE_BOUND('',#332,.T.);
#44=FACE_BOUND('',#337,.T.);
#45=FACE_BOUND('',#338,.T.);
#46=FACE_BOUND('',#343,.T.);
#47=FACE_BOUND('',#345,.T.);
#48=FACE_BOUND('',#346,.T.);
#49=FACE_BOUND('',#347,.T.);
#50=FACE_BOUND('',#348,.T.);
#51=FACE_BOUND('',#349,.T.);
#52=FACE_BOUND('',#354,.T.);
#53=FACE_BOUND('',#361,.T.);
#54=FACE_BOUND('',#368,.T.);
#55=(
BOUNDED_SURFACE()
B_SPLINE_SURFACE(1,2,((#2194,#2195,#2196,#2197,#2198,#2199,#2200,#2201,
#2202),(#2203,#2204,#2205,#2206,#2207,#2208,#2209,#2210,#2211)),
 .UNSPECIFIED.,.F.,.F.,.F.)
B_SPLINE_SURFACE_WITH_KNOTS((2,2),(3,2,2,2,3),(-1.25160964263801,2.22044604925031E-16),
(-1.07297982214815,0.242126584082761,1.55723299031368,2.87233939654459,
4.18744580277551),.UNSPECIFIED.)
GEOMETRIC_REPRESENTATION_ITEM()
RATIONAL_B_SPLINE_SURFACE(((1.,0.79149003763627,1.,0.79149003763627,1.,
0.79149003763627,1.,0.79149003763627,1.),(1.,0.79149003763627,1.,0.79149003763627,
1.,0.79149003763627,1.,0.79149003763627,1.)))
REPRESENTATION_ITEM('')
SURFACE()
);
#56=(
BOUNDED_SURFACE()
B_SPLINE_SURFACE(1,2,((#2277,#2278,#2279,#2280,#2281,#2282,#2283,#2284,
#2285),(#2286,#2287,#2288,#2289,#2290,#2291,#2292,#2293,#2294)),
 .UNSPECIFIED.,.F.,.T.,.F.)
B_SPLINE_SURFACE_WITH_KNOTS((2,2),(3,2,2,2,3),(-1.19202169801277,4.44089209850063E-16),
(-3.14159265358979,-1.5707963267949,0.,1.5707963267949,3.14159265358979),
 .UNSPECIFIED.)
GEOMETRIC_REPRESENTATION_ITEM()
RATIONAL_B_SPLINE_SURFACE(((1.,0.707106781186548,1.,0.707106781186548,1.,
0.707106781186548,1.,0.707106781186548,1.),(1.,0.707106781186548,1.,0.707106781186548,
1.,0.707106781186548,1.,0.707106781186548,1.)))
REPRESENTATION_ITEM('')
SURFACE()
);
#57=(
BOUNDED_SURFACE()
B_SPLINE_SURFACE(1,2,((#2306,#2307,#2308,#2309,#2310,#2311,#2312,#2313,
#2314),(#2315,#2316,#2317,#2318,#2319,#2320,#2321,#2322,#2323)),
 .UNSPECIFIED.,.F.,.F.,.F.)
B_SPLINE_SURFACE_WITH_KNOTS((2,2),(3,2,2,2,3),(-0.0903046726561844,0.0903046753474716),
(2.16852081369308,3.43330338169419,4.6980859496953,5.96286851769642,7.22765108569753),
 .UNSPECIFIED.)
GEOMETRIC_REPRESENTATION_ITEM()
RATIONAL_B_SPLINE_SURFACE(((1.,0.806616386974953,1.,0.806616386974953,1.,
0.806616386974953,1.,0.806616386974953,1.),(1.,0.806616386974953,1.,0.806616386974953,
1.,0.806616386974953,1.,0.806616386974953,1.)))
REPRESENTATION_ITEM('')
SURFACE()
);
#58=(
BOUNDED_SURFACE()
B_SPLINE_SURFACE(1,2,((#2334,#2335,#2336,#2337,#2338,#2339,#2340,#2341,
#2342),(#2343,#2344,#2345,#2346,#2347,#2348,#2349,#2350,#2351)),
 .UNSPECIFIED.,.F.,.T.,.F.)
B_SPLINE_SURFACE_WITH_KNOTS((2,2),(3,2,2,2,3),(-3.09398123552084E-15,0.135457009759044),
(-3.14159265358979,-1.5707963267949,0.,1.5707963267949,3.14159265358979),
 .UNSPECIFIED.)
GEOMETRIC_REPRESENTATION_ITEM()
RATIONAL_B_SPLINE_SURFACE(((1.,0.707106781186548,1.,0.707106781186548,1.,
0.707106781186548,1.,0.707106781186548,1.),(1.,0.707106781186548,1.,0.707106781186548,
1.,0.707106781186548,1.,0.707106781186548,1.)))
REPRESENTATION_ITEM('')
SURFACE()
);
#59=(
BOUNDED_SURFACE()
B_SPLINE_SURFACE(1,2,((#2378,#2379,#2380,#2381,#2382,#2383,#2384,#2385,
#2386),(#2387,#2388,#2389,#2390,#2391,#2392,#2393,#2394,#2395)),
 .UNSPECIFIED.,.F.,.F.,.F.)
B_SPLINE_SURFACE_WITH_KNOTS((2,2),(3,2,2,2,3),(-0.547356871257144,7.7715611723761E-16),
(-0.896946841916602,0.329366792572739,1.55568042706208,2.78199406155142,
4.00830769604076),.UNSPECIFIED.)
GEOMETRIC_REPRESENTATION_ITEM()
RATIONAL_B_SPLINE_SURFACE(((1.,0.817835498876417,1.,0.817835498876417,1.,
0.817835498876417,1.,0.817835498876417,1.),(1.,0.817835498876417,1.,0.817835498876417,
1.,0.817835498876417,1.,0.817835498876417,1.)))
REPRESENTATION_ITEM('')
SURFACE()
);
#60=(
BOUNDED_SURFACE()
B_SPLINE_SURFACE(1,2,((#2592,#2593,#2594,#2595,#2596,#2597,#2598,#2599,
#2600),(#2601,#2602,#2603,#2604,#2605,#2606,#2607,#2608,#2609)),
 .UNSPECIFIED.,.F.,.T.,.F.)
B_SPLINE_SURFACE_WITH_KNOTS((2,2),(3,2,2,2,3),(-3.02601676063383,4.44089209850063E-16),
(-3.14159265358979,-1.5707963267949,0.,1.5707963267949,3.14159265358979),
 .UNSPECIFIED.)
GEOMETRIC_REPRESENTATION_ITEM()
RATIONAL_B_SPLINE_SURFACE(((1.,0.707106781186548,1.,0.707106781186548,1.,
0.707106781186548,1.,0.707106781186548,1.),(1.,0.707106781186548,1.,0.707106781186548,
1.,0.707106781186548,1.,0.707106781186548,1.)))
REPRESENTATION_ITEM('')
SURFACE()
);
#61=(
BOUNDED_SURFACE()
B_SPLINE_SURFACE(1,2,((#2617,#2618,#2619,#2620,#2621,#2622,#2623,#2624,
#2625),(#2626,#2627,#2628,#2629,#2630,#2631,#2632,#2633,#2634)),
 .UNSPECIFIED.,.F.,.T.,.F.)
B_SPLINE_SURFACE_WITH_KNOTS((2,2),(3,2,2,2,3),(-0.985719108522058,7.7715611723761E-16),
(-3.14159265358979,-1.5707963267949,0.,1.5707963267949,3.14159265358979),
 .UNSPECIFIED.)
GEOMETRIC_REPRESENTATION_ITEM()
RATIONAL_B_SPLINE_SURFACE(((1.,0.707106781186548,1.,0.707106781186548,1.,
0.707106781186548,1.,0.707106781186548,1.),(1.,0.707106781186548,1.,0.707106781186548,
1.,0.707106781186548,1.,0.707106781186548,1.)))
REPRESENTATION_ITEM('')
SURFACE()
);
#62=(
BOUNDED_SURFACE()
B_SPLINE_SURFACE(1,2,((#2642,#2643,#2644,#2645,#2646,#2647,#2648,#2649,
#2650),(#2651,#2652,#2653,#2654,#2655,#2656,#2657,#2658,#2659)),
 .UNSPECIFIED.,.F.,.T.,.F.)
B_SPLINE_SURFACE_WITH_KNOTS((2,2),(3,2,2,2,3),(-3.39466915846455E-16,5.32949459655513),
(-3.14159265358979,-1.5707963267949,0.,1.5707963267949,3.14159265358979),
 .UNSPECIFIED.)
GEOMETRIC_REPRESENTATION_ITEM()
RATIONAL_B_SPLINE_SURFACE(((1.,0.707106781186548,1.,0.707106781186548,1.,
0.707106781186548,1.,0.707106781186548,1.),(1.,0.707106781186548,1.,0.707106781186548,
1.,0.707106781186548,1.,0.707106781186548,1.)))
REPRESENTATION_ITEM('')
SURFACE()
);
#63=(
BOUNDED_SURFACE()
B_SPLINE_SURFACE(1,2,((#2667,#2668,#2669,#2670,#2671,#2672,#2673,#2674,
#2675),(#2676,#2677,#2678,#2679,#2680,#2681,#2682,#2683,#2684)),
 .UNSPECIFIED.,.F.,.T.,.F.)
B_SPLINE_SURFACE_WITH_KNOTS((2,2),(3,2,2,2,3),(-1.78974641402133,2.22044604925031E-16),
(-3.14159265358979,-1.5707963267949,0.,1.5707963267949,3.14159265358979),
 .UNSPECIFIED.)
GEOMETRIC_REPRESENTATION_ITEM()
RATIONAL_B_SPLINE_SURFACE(((1.,0.707106781186548,1.,0.707106781186548,1.,
0.707106781186548,1.,0.707106781186548,1.),(1.,0.707106781186548,1.,0.707106781186548,
1.,0.707106781186548,1.,0.707106781186548,1.)))
REPRESENTATION_ITEM('')
SURFACE()
);
#64=(
BOUNDED_SURFACE()
B_SPLINE_SURFACE(1,2,((#2692,#2693,#2694,#2695,#2696,#2697,#2698,#2699,
#2700),(#2701,#2702,#2703,#2704,#2705,#2706,#2707,#2708,#2709)),
 .UNSPECIFIED.,.F.,.T.,.F.)
B_SPLINE_SURFACE_WITH_KNOTS((2,2),(3,2,2,2,3),(-2.23582296077153,4.44089209850063E-16),
(-3.14159265358979,-1.5707963267949,0.,1.5707963267949,3.14159265358979),
 .UNSPECIFIED.)
GEOMETRIC_REPRESENTATION_ITEM()
RATIONAL_B_SPLINE_SURFACE(((1.,0.707106781186548,1.,0.707106781186548,1.,
0.707106781186548,1.,0.707106781186548,1.),(1.,0.707106781186548,1.,0.707106781186548,
1.,0.707106781186548,1.,0.707106781186548,1.)))
REPRESENTATION_ITEM('')
SURFACE()
);
#65=ELLIPSE('',#1565,0.281081534170332,0.25327329782753);
#66=ELLIPSE('',#1566,0.281081534170332,0.25327329782753);
#67=ELLIPSE('',#1567,0.346876973666746,0.278282811724652);
#68=ELLIPSE('',#1568,2.65078863777774,0.280989460472514);
#69=ELLIPSE('',#1569,0.497372061287137,0.263191634395258);
#70=ELLIPSE('',#1570,0.310226952937252,0.264846182542242);
#71=ELLIPSE('',#1571,0.789087023466454,0.265832552055488);
#72=ELLIPSE('',#1572,0.789087023466453,0.265832552055488);
#73=ELLIPSE('',#1573,0.310226952937252,0.264846182542242);
#74=ELLIPSE('',#1574,0.497372061287137,0.263191634395258);
#75=ELLIPSE('',#1575,2.65078863777775,0.280989460472514);
#76=ELLIPSE('',#1576,0.346876973666746,0.278282811724652);
#77=ELLIPSE('',#1578,0.944654811390602,0.318201408013161);
#78=ELLIPSE('',#1580,0.944654811390603,0.318201408013161);
#79=ELLIPSE('',#1582,0.371345056257711,0.317057312454527);
#80=ELLIPSE('',#1584,0.595427152369337,0.315040949522519);
#81=ELLIPSE('',#1586,3.17319863853934,0.336364417411611);
#82=ELLIPSE('',#1588,0.415218130523699,0.333140721025281);
#83=ELLIPSE('',#1590,0.371345056257711,0.317057312454527);
#84=ELLIPSE('',#1592,0.595427152369337,0.315040949522519);
#85=ELLIPSE('',#1594,3.17319863853935,0.336364417411611);
#86=ELLIPSE('',#1596,0.415218130523699,0.333140721025281);
#87=ELLIPSE('',#1597,0.336477139289181,0.303185434577303);
#88=ELLIPSE('',#1598,0.336477139289181,0.303185434577303);
#89=ELLIPSE('',#1602,0.370124847869939,0.33350397321603);
#90=ELLIPSE('',#1603,0.277593629217254,0.250127973888269);
#91=ELLIPSE('',#1604,0.277593629217254,0.250127973888269);
#92=ELLIPSE('',#1607,0.370124847869939,0.33350397321603);
#93=ELLIPSE('',#1619,0.274789674014613,0.247601447484592);
#94=ELLIPSE('',#1621,0.274789674014613,0.247601447484592);
#95=ELLIPSE('',#1675,0.174530657791037,0.157264761579828);
#96=ELLIPSE('',#1676,0.174530657791037,0.157264761579828);
#97=ELLIPSE('',#1679,0.230609964206173,0.20779547936117);
#98=ELLIPSE('',#1680,0.230609964206173,0.20779547936117);
#99=ELLIPSE('',#1683,0.0567634804332623,0.0511496356646341);
#100=ELLIPSE('',#1684,0.0567634804332623,0.0511496356646341);
#101=ELLIPSE('',#1687,0.281081534170332,0.25327329782753);
#102=ELLIPSE('',#1688,0.281081534170332,0.25327329782753);
#103=ELLIPSE('',#1691,0.225002013422104,0.202742389598707);
#104=ELLIPSE('',#1692,0.225002013422104,0.202742389598707);
#105=PLANE('',#1550);
#106=PLANE('',#1554);
#107=PLANE('',#1558);
#108=PLANE('',#1562);
#109=PLANE('',#1563);
#110=PLANE('',#1577);
#111=PLANE('',#1579);
#112=PLANE('',#1581);
#113=PLANE('',#1583);
#114=PLANE('',#1585);
#115=PLANE('',#1587);
#116=PLANE('',#1589);
#117=PLANE('',#1591);
#118=PLANE('',#1593);
#119=PLANE('',#1595);
#120=PLANE('',#1599);
#121=PLANE('',#1601);
#122=PLANE('',#1605);
#123=PLANE('',#1608);
#124=PLANE('',#1611);
#125=PLANE('',#1618);
#126=PLANE('',#1620);
#127=PLANE('',#1631);
#128=PLANE('',#1635);
#129=PLANE('',#1639);
#130=PLANE('',#1643);
#131=PLANE('',#1644);
#132=PLANE('',#1645);
#133=PLANE('',#1646);
#134=PLANE('',#1647);
#135=PLANE('',#1648);
#136=PLANE('',#1649);
#137=PLANE('',#1650);
#138=PLANE('',#1651);
#139=PLANE('',#1652);
#140=PLANE('',#1653);
#141=PLANE('',#1654);
#142=PLANE('',#1655);
#143=PLANE('',#1656);
#144=PLANE('',#1657);
#145=PLANE('',#1658);
#146=PLANE('',#1660);
#147=PLANE('',#1661);
#148=PLANE('',#1662);
#149=PLANE('',#1667);
#150=PLANE('',#1668);
#151=PLANE('',#1669);
#152=PLANE('',#1670);
#153=PLANE('',#1671);
#154=PLANE('',#1672);
#155=PLANE('',#1673);
#156=PLANE('',#1674);
#157=PLANE('',#1677);
#158=PLANE('',#1678);
#159=PLANE('',#1681);
#160=PLANE('',#1682);
#161=PLANE('',#1685);
#162=PLANE('',#1686);
#163=PLANE('',#1689);
#164=PLANE('',#1690);
#165=PLANE('',#1693);
#166=PLANE('',#1694);
#167=PLANE('',#1695);
#168=PLANE('',#1696);
#169=PLANE('',#1697);
#170=PLANE('',#1698);
#171=PLANE('',#1699);
#172=PLANE('',#1700);
#173=PLANE('',#1701);
#174=PLANE('',#1702);
#175=PLANE('',#1703);
#176=PLANE('',#1704);
#177=PLANE('',#1705);
#178=FACE_OUTER_BOUND('',#275,.T.);
#179=FACE_OUTER_BOUND('',#276,.T.);
#180=FACE_OUTER_BOUND('',#277,.T.);
#181=FACE_OUTER_BOUND('',#278,.T.);
#182=FACE_OUTER_BOUND('',#279,.T.);
#183=FACE_OUTER_BOUND('',#280,.T.);
#184=FACE_OUTER_BOUND('',#281,.T.);
#185=FACE_OUTER_BOUND('',#282,.T.);
#186=FACE_OUTER_BOUND('',#283,.T.);
#187=FACE_OUTER_BOUND('',#284,.T.);
#188=FACE_OUTER_BOUND('',#286,.T.);
#189=FACE_OUTER_BOUND('',#287,.T.);
#190=FACE_OUTER_BOUND('',#288,.T.);
#191=FACE_OUTER_BOUND('',#289,.T.);
#192=FACE_OUTER_BOUND('',#290,.T.);
#193=FACE_OUTER_BOUND('',#291,.T.);
#194=FACE_OUTER_BOUND('',#292,.T.);
#195=FACE_OUTER_BOUND('',#293,.T.);
#196=FACE_OUTER_BOUND('',#294,.T.);
#197=FACE_OUTER_BOUND('',#295,.T.);
#198=FACE_OUTER_BOUND('',#296,.T.);
#199=FACE_OUTER_BOUND('',#298,.T.);
#200=FACE_OUTER_BOUND('',#300,.T.);
#201=FACE_OUTER_BOUND('',#302,.T.);
#202=FACE_OUTER_BOUND('',#303,.T.);
#203=FACE_OUTER_BOUND('',#304,.T.);
#204=FACE_OUTER_BOUND('',#305,.T.);
#205=FACE_OUTER_BOUND('',#306,.T.);
#206=FACE_OUTER_BOUND('',#308,.T.);
#207=FACE_OUTER_BOUND('',#309,.T.);
#208=FACE_OUTER_BOUND('',#311,.T.);
#209=FACE_OUTER_BOUND('',#312,.T.);
#210=FACE_OUTER_BOUND('',#313,.T.);
#211=FACE_OUTER_BOUND('',#314,.T.);
#212=FACE_OUTER_BOUND('',#315,.T.);
#213=FACE_OUTER_BOUND('',#316,.T.);
#214=FACE_OUTER_BOUND('',#317,.T.);
#215=FACE_OUTER_BOUND('',#318,.T.);
#216=FACE_OUTER_BOUND('',#319,.T.);
#217=FACE_OUTER_BOUND('',#320,.T.);
#218=FACE_OUTER_BOUND('',#321,.T.);
#219=FACE_OUTER_BOUND('',#322,.T.);
#220=FACE_OUTER_BOUND('',#323,.T.);
#221=FACE_OUTER_BOUND('',#324,.T.);
#222=FACE_OUTER_BOUND('',#329,.T.);
#223=FACE_OUTER_BOUND('',#333,.T.);
#224=FACE_OUTER_BOUND('',#334,.T.);
#225=FACE_OUTER_BOUND('',#335,.T.);
#226=FACE_OUTER_BOUND('',#336,.T.);
#227=FACE_OUTER_BOUND('',#339,.T.);
#228=FACE_OUTER_BOUND('',#340,.T.);
#229=FACE_OUTER_BOUND('',#341,.T.);
#230=FACE_OUTER_BOUND('',#342,.T.);
#231=FACE_OUTER_BOUND('',#344,.T.);
#232=FACE_OUTER_BOUND('',#350,.T.);
#233=FACE_OUTER_BOUND('',#351,.T.);
#234=FACE_OUTER_BOUND('',#352,.T.);
#235=FACE_OUTER_BOUND('',#353,.T.);
#236=FACE_OUTER_BOUND('',#355,.T.);
#237=FACE_OUTER_BOUND('',#356,.T.);
#238=FACE_OUTER_BOUND('',#357,.T.);
#239=FACE_OUTER_BOUND('',#358,.T.);
#240=FACE_OUTER_BOUND('',#359,.T.);
#241=FACE_OUTER_BOUND('',#360,.T.);
#242=FACE_OUTER_BOUND('',#362,.T.);
#243=FACE_OUTER_BOUND('',#363,.T.);
#244=FACE_OUTER_BOUND('',#364,.T.);
#245=FACE_OUTER_BOUND('',#365,.T.);
#246=FACE_OUTER_BOUND('',#366,.T.);
#247=FACE_OUTER_BOUND('',#367,.T.);
#248=FACE_OUTER_BOUND('',#369,.T.);
#249=FACE_OUTER_BOUND('',#370,.T.);
#250=FACE_OUTER_BOUND('',#371,.T.);
#251=FACE_OUTER_BOUND('',#372,.T.);
#252=FACE_OUTER_BOUND('',#373,.T.);
#253=FACE_OUTER_BOUND('',#374,.T.);
#254=FACE_OUTER_BOUND('',#375,.T.);
#255=FACE_OUTER_BOUND('',#376,.T.);
#256=FACE_OUTER_BOUND('',#377,.T.);
#257=FACE_OUTER_BOUND('',#378,.T.);
#258=FACE_OUTER_BOUND('',#379,.T.);
#259=FACE_OUTER_BOUND('',#380,.T.);
#260=FACE_OUTER_BOUND('',#381,.T.);
#261=FACE_OUTER_BOUND('',#382,.T.);
#262=FACE_OUTER_BOUND('',#383,.T.);
#263=FACE_OUTER_BOUND('',#384,.T.);
#264=FACE_OUTER_BOUND('',#385,.T.);
#265=FACE_OUTER_BOUND('',#386,.T.);
#266=FACE_OUTER_BOUND('',#387,.T.);
#267=FACE_OUTER_BOUND('',#388,.T.);
#268=FACE_OUTER_BOUND('',#389,.T.);
#269=FACE_OUTER_BOUND('',#390,.T.);
#270=FACE_OUTER_BOUND('',#391,.T.);
#271=FACE_OUTER_BOUND('',#392,.T.);
#272=FACE_OUTER_BOUND('',#393,.T.);
#273=FACE_OUTER_BOUND('',#394,.T.);
#274=FACE_OUTER_BOUND('',#395,.T.);
#275=EDGE_LOOP('',(#1015,#1016,#1017,#1018));
#276=EDGE_LOOP('',(#1019));
#277=EDGE_LOOP('',(#1020,#1021,#1022,#1023));
#278=EDGE_LOOP('',(#1024));
#279=EDGE_LOOP('',(#1025,#1026,#1027,#1028));
#280=EDGE_LOOP('',(#1029));
#281=EDGE_LOOP('',(#1030,#1031,#1032,#1033));
#282=EDGE_LOOP('',(#1034));
#283=EDGE_LOOP('',(#1035,#1036));
#284=EDGE_LOOP('',(#1037,#1038,#1039,#1040));
#285=EDGE_LOOP('',(#1041,#1042,#1043,#1044,#1045,#1046,#1047,#1048,#1049,
#1050));
#286=EDGE_LOOP('',(#1051,#1052,#1053,#1054));
#287=EDGE_LOOP('',(#1055,#1056,#1057,#1058));
#288=EDGE_LOOP('',(#1059,#1060,#1061,#1062));
#289=EDGE_LOOP('',(#1063,#1064,#1065,#1066));
#290=EDGE_LOOP('',(#1067,#1068,#1069,#1070));
#291=EDGE_LOOP('',(#1071,#1072,#1073,#1074));
#292=EDGE_LOOP('',(#1075,#1076,#1077,#1078));
#293=EDGE_LOOP('',(#1079,#1080,#1081,#1082));
#294=EDGE_LOOP('',(#1083,#1084,#1085,#1086));
#295=EDGE_LOOP('',(#1087,#1088,#1089,#1090));
#296=EDGE_LOOP('',(#1091,#1092,#1093,#1094));
#297=EDGE_LOOP('',(#1095,#1096,#1097,#1098,#1099,#1100,#1101,#1102,#1103,
#1104));
#298=EDGE_LOOP('',(#1105));
#299=EDGE_LOOP('',(#1106));
#300=EDGE_LOOP('',(#1107));
#301=EDGE_LOOP('',(#1108));
#302=EDGE_LOOP('',(#1109,#1110,#1111,#1112));
#303=EDGE_LOOP('',(#1113,#1114));
#304=EDGE_LOOP('',(#1115,#1116,#1117,#1118));
#305=EDGE_LOOP('',(#1119,#1120,#1121,#1122));
#306=EDGE_LOOP('',(#1123));
#307=EDGE_LOOP('',(#1124));
#308=EDGE_LOOP('',(#1125,#1126,#1127,#1128));
#309=EDGE_LOOP('',(#1129,#1130,#1131,#1132,#1133,#1134,#1135,#1136));
#310=EDGE_LOOP('',(#1137,#1138,#1139,#1140));
#311=EDGE_LOOP('',(#1141,#1142));
#312=EDGE_LOOP('',(#1143,#1144));
#313=EDGE_LOOP('',(#1145,#1146,#1147,#1148));
#314=EDGE_LOOP('',(#1149,#1150,#1151,#1152));
#315=EDGE_LOOP('',(#1153,#1154,#1155,#1156));
#316=EDGE_LOOP('',(#1157,#1158,#1159,#1160));
#317=EDGE_LOOP('',(#1161));
#318=EDGE_LOOP('',(#1162,#1163,#1164,#1165));
#319=EDGE_LOOP('',(#1166));
#320=EDGE_LOOP('',(#1167,#1168,#1169,#1170));
#321=EDGE_LOOP('',(#1171));
#322=EDGE_LOOP('',(#1172,#1173,#1174,#1175));
#323=EDGE_LOOP('',(#1176));
#324=EDGE_LOOP('',(#1177,#1178,#1179,#1180,#1181,#1182,#1183,#1184));
#325=EDGE_LOOP('',(#1185));
#326=EDGE_LOOP('',(#1186));
#327=EDGE_LOOP('',(#1187));
#328=EDGE_LOOP('',(#1188));
#329=EDGE_LOOP('',(#1189,#1190,#1191,#1192,#1193,#1194,#1195,#1196));
#330=EDGE_LOOP('',(#1197));
#331=EDGE_LOOP('',(#1198));
#332=EDGE_LOOP('',(#1199,#1200,#1201,#1202));
#333=EDGE_LOOP('',(#1203,#1204,#1205,#1206));
#334=EDGE_LOOP('',(#1207,#1208,#1209,#1210));
#335=EDGE_LOOP('',(#1211,#1212,#1213,#1214,#1215,#1216,#1217,#1218));
#336=EDGE_LOOP('',(#1219,#1220,#1221,#1222));
#337=EDGE_LOOP('',(#1223));
#338=EDGE_LOOP('',(#1224));
#339=EDGE_LOOP('',(#1225,#1226,#1227,#1228));
#340=EDGE_LOOP('',(#1229,#1230,#1231,#1232));
#341=EDGE_LOOP('',(#1233,#1234,#1235,#1236,#1237,#1238,#1239,#1240));
#342=EDGE_LOOP('',(#1241,#1242,#1243,#1244));
#343=EDGE_LOOP('',(#1245));
#344=EDGE_LOOP('',(#1246,#1247,#1248,#1249,#1250,#1251,#1252,#1253,#1254,
#1255,#1256,#1257,#1258,#1259,#1260,#1261,#1262,#1263,#1264,#1265));
#345=EDGE_LOOP('',(#1266));
#346=EDGE_LOOP('',(#1267));
#347=EDGE_LOOP('',(#1268));
#348=EDGE_LOOP('',(#1269));
#349=EDGE_LOOP('',(#1270,#1271,#1272,#1273));
#350=EDGE_LOOP('',(#1274,#1275,#1276,#1277));
#351=EDGE_LOOP('',(#1278,#1279,#1280,#1281));
#352=EDGE_LOOP('',(#1282,#1283,#1284,#1285));
#353=EDGE_LOOP('',(#1286,#1287,#1288,#1289));
#354=EDGE_LOOP('',(#1290));
#355=EDGE_LOOP('',(#1291,#1292,#1293,#1294));
#356=EDGE_LOOP('',(#1295,#1296,#1297,#1298));
#357=EDGE_LOOP('',(#1299,#1300,#1301,#1302));
#358=EDGE_LOOP('',(#1303,#1304,#1305,#1306));
#359=EDGE_LOOP('',(#1307,#1308,#1309,#1310));
#360=EDGE_LOOP('',(#1311,#1312,#1313,#1314));
#361=EDGE_LOOP('',(#1315));
#362=EDGE_LOOP('',(#1316,#1317,#1318,#1319));
#363=EDGE_LOOP('',(#1320,#1321,#1322,#1323));
#364=EDGE_LOOP('',(#1324,#1325,#1326,#1327));
#365=EDGE_LOOP('',(#1328,#1329,#1330,#1331));
#366=EDGE_LOOP('',(#1332,#1333,#1334,#1335));
#367=EDGE_LOOP('',(#1336,#1337,#1338,#1339));
#368=EDGE_LOOP('',(#1340));
#369=EDGE_LOOP('',(#1341,#1342,#1343,#1344));
#370=EDGE_LOOP('',(#1345,#1346,#1347,#1348));
#371=EDGE_LOOP('',(#1349));
#372=EDGE_LOOP('',(#1350));
#373=EDGE_LOOP('',(#1351,#1352,#1353,#1354));
#374=EDGE_LOOP('',(#1355));
#375=EDGE_LOOP('',(#1356));
#376=EDGE_LOOP('',(#1357,#1358,#1359,#1360));
#377=EDGE_LOOP('',(#1361));
#378=EDGE_LOOP('',(#1362));
#379=EDGE_LOOP('',(#1363,#1364,#1365,#1366));
#380=EDGE_LOOP('',(#1367));
#381=EDGE_LOOP('',(#1368));
#382=EDGE_LOOP('',(#1369,#1370,#1371,#1372));
#383=EDGE_LOOP('',(#1373));
#384=EDGE_LOOP('',(#1374));
#385=EDGE_LOOP('',(#1375,#1376,#1377));
#386=EDGE_LOOP('',(#1378,#1379,#1380));
#387=EDGE_LOOP('',(#1381,#1382,#1383));
#388=EDGE_LOOP('',(#1384,#1385,#1386));
#389=EDGE_LOOP('',(#1387,#1388,#1389));
#390=EDGE_LOOP('',(#1390,#1391,#1392));
#391=EDGE_LOOP('',(#1393,#1394,#1395));
#392=EDGE_LOOP('',(#1396,#1397,#1398));
#393=EDGE_LOOP('',(#1399,#1400,#1401));
#394=EDGE_LOOP('',(#1402,#1403,#1404,#1405,#1406,#1407,#1408,#1409,#1410,
#1411));
#395=EDGE_LOOP('',(#1412,#1413,#1414));
#396=LINE('',#2165,#524);
#397=LINE('',#2172,#525);
#398=LINE('',#2179,#526);
#399=LINE('',#2186,#527);
#400=LINE('',#2213,#528);
#401=LINE('',#2216,#529);
#402=LINE('',#2239,#530);
#403=LINE('',#2242,#531);
#404=LINE('',#2245,#532);
#405=LINE('',#2249,#533);
#406=LINE('',#2253,#534);
#407=LINE('',#2257,#535);
#408=LINE('',#2261,#536);
#409=LINE('',#2266,#537);
#410=LINE('',#2270,#538);
#411=LINE('',#2274,#539);
#412=LINE('',#2298,#540);
#413=LINE('',#2326,#541);
#414=LINE('',#2330,#542);
#415=LINE('',#2354,#543);
#416=LINE('',#2364,#544);
#417=LINE('',#2370,#545);
#418=LINE('',#2373,#546);
#419=LINE('',#2400,#547);
#420=LINE('',#2406,#548);
#421=LINE('',#2412,#549);
#422=LINE('',#2419,#550);
#423=LINE('',#2426,#551);
#424=LINE('',#2433,#552);
#425=LINE('',#2439,#553);
#426=LINE('',#2441,#554);
#427=LINE('',#2443,#555);
#428=LINE('',#2445,#556);
#429=LINE('',#2447,#557);
#430=LINE('',#2449,#558);
#431=LINE('',#2451,#559);
#432=LINE('',#2452,#560);
#433=LINE('',#2455,#561);
#434=LINE('',#2457,#562);
#435=LINE('',#2459,#563);
#436=LINE('',#2461,#564);
#437=LINE('',#2463,#565);
#438=LINE('',#2465,#566);
#439=LINE('',#2466,#567);
#440=LINE('',#2469,#568);
#441=LINE('',#2471,#569);
#442=LINE('',#2473,#570);
#443=LINE('',#2474,#571);
#444=LINE('',#2477,#572);
#445=LINE('',#2478,#573);
#446=LINE('',#2481,#574);
#447=LINE('',#2483,#575);
#448=LINE('',#2484,#576);
#449=LINE('',#2487,#577);
#450=LINE('',#2489,#578);
#451=LINE('',#2491,#579);
#452=LINE('',#2493,#580);
#453=LINE('',#2495,#581);
#454=LINE('',#2497,#582);
#455=LINE('',#2498,#583);
#456=LINE('',#2500,#584);
#457=LINE('',#2502,#585);
#458=LINE('',#2505,#586);
#459=LINE('',#2507,#587);
#460=LINE('',#2508,#588);
#461=LINE('',#2511,#589);
#462=LINE('',#2513,#590);
#463=LINE('',#2515,#591);
#464=LINE('',#2517,#592);
#465=LINE('',#2519,#593);
#466=LINE('',#2520,#594);
#467=LINE('',#2523,#595);
#468=LINE('',#2524,#596);
#469=LINE('',#2527,#597);
#470=LINE('',#2529,#598);
#471=LINE('',#2531,#599);
#472=LINE('',#2533,#600);
#473=LINE('',#2535,#601);
#474=LINE('',#2536,#602);
#475=LINE('',#2538,#603);
#476=LINE('',#2540,#604);
#477=LINE('',#2542,#605);
#478=LINE('',#2544,#606);
#479=LINE('',#2545,#607);
#480=LINE('',#2548,#608);
#481=LINE('',#2550,#609);
#482=LINE('',#2552,#610);
#483=LINE('',#2553,#611);
#484=LINE('',#2555,#612);
#485=LINE('',#2556,#613);
#486=LINE('',#2559,#614);
#487=LINE('',#2560,#615);
#488=LINE('',#2562,#616);
#489=LINE('',#2566,#617);
#490=LINE('',#2567,#618);
#491=LINE('',#2569,#619);
#492=LINE('',#2575,#620);
#493=LINE('',#2578,#621);
#494=LINE('',#2580,#622);
#495=LINE('',#2581,#623);
#496=LINE('',#2585,#624);
#497=LINE('',#2588,#625);
#498=LINE('',#2590,#626);
#499=LINE('',#2613,#627);
#500=LINE('',#2638,#628);
#501=LINE('',#2663,#629);
#502=LINE('',#2688,#630);
#503=LINE('',#2713,#631);
#504=LINE('',#2720,#632);
#505=LINE('',#2722,#633);
#506=LINE('',#2723,#634);
#507=LINE('',#2726,#635);
#508=LINE('',#2727,#636);
#509=LINE('',#2730,#637);
#510=LINE('',#2731,#638);
#511=LINE('',#2734,#639);
#512=LINE('',#2735,#640);
#513=LINE('',#2738,#641);
#514=LINE('',#2739,#642);
#515=LINE('',#2742,#643);
#516=LINE('',#2743,#644);
#517=LINE('',#2746,#645);
#518=LINE('',#2747,#646);
#519=LINE('',#2750,#647);
#520=LINE('',#2751,#648);
#521=LINE('',#2754,#649);
#522=LINE('',#2755,#650);
#523=LINE('',#2757,#651);
#524=VECTOR('',#1715,0.05085);
#525=VECTOR('',#1724,0.05085);
#526=VECTOR('',#1733,0.05085);
#527=VECTOR('',#1742,0.05085);
#528=VECTOR('',#1753,1.);
#529=VECTOR('',#1756,1.);
#530=VECTOR('',#1779,0.0118764421189242);
#531=VECTOR('',#1782,0.00951166938150473);
#532=VECTOR('',#1785,0.00951166938150473);
#533=VECTOR('',#1790,0.0128114033118964);
#534=VECTOR('',#1795,0.0107240014212872);
#535=VECTOR('',#1800,0.0127420917511165);
#536=VECTOR('',#1805,0.00956468201602565);
#537=VECTOR('',#1812,0.0128114033118964);
#538=VECTOR('',#1817,0.0107240014212872);
#539=VECTOR('',#1822,0.0127420917511165);
#540=VECTOR('',#1829,0.336477139289181);
#541=VECTOR('',#1840,1.);
#542=VECTOR('',#1843,1.);
#543=VECTOR('',#1852,0.370124847869939);
#544=VECTOR('',#1867,0.25085);
#545=VECTOR('',#1872,1.);
#546=VECTOR('',#1875,1.);
#547=VECTOR('',#1888,0.035850000000032);
#548=VECTOR('',#1895,0.035850000000032);
#549=VECTOR('',#1902,0.10085);
#550=VECTOR('',#1911,0.10085);
#551=VECTOR('',#1920,0.10085);
#552=VECTOR('',#1929,0.10085);
#553=VECTOR('',#1936,1.);
#554=VECTOR('',#1937,1.);
#555=VECTOR('',#1938,1.);
#556=VECTOR('',#1939,1.);
#557=VECTOR('',#1940,1.);
#558=VECTOR('',#1941,1.);
#559=VECTOR('',#1942,1.);
#560=VECTOR('',#1943,1.);
#561=VECTOR('',#1946,0.37);
#562=VECTOR('',#1947,0.1);
#563=VECTOR('',#1948,0.1);
#564=VECTOR('',#1949,0.555000000000001);
#565=VECTOR('',#1950,0.115);
#566=VECTOR('',#1951,0.115);
#567=VECTOR('',#1952,0.37);
#568=VECTOR('',#1953,1.);
#569=VECTOR('',#1954,1.);
#570=VECTOR('',#1955,1.);
#571=VECTOR('',#1956,1.);
#572=VECTOR('',#1959,1.);
#573=VECTOR('',#1960,0.1);
#574=VECTOR('',#1963,0.160085);
#575=VECTOR('',#1964,0.100085);
#576=VECTOR('',#1965,1.);
#577=VECTOR('',#1968,1.);
#578=VECTOR('',#1969,0.065085);
#579=VECTOR('',#1970,0.100085);
#580=VECTOR('',#1971,1.);
#581=VECTOR('',#1972,1.);
#582=VECTOR('',#1973,1.);
#583=VECTOR('',#1974,1.);
#584=VECTOR('',#1977,0.160085);
#585=VECTOR('',#1980,1.);
#586=VECTOR('',#1983,0.115085);
#587=VECTOR('',#1984,0.080085);
#588=VECTOR('',#1985,1.);
#589=VECTOR('',#1988,0.115085);
#590=VECTOR('',#1989,0.450085);
#591=VECTOR('',#1990,0.080085);
#592=VECTOR('',#1991,0.450085);
#593=VECTOR('',#1992,0.080085);
#594=VECTOR('',#1993,0.055085);
#595=VECTOR('',#1996,1.);
#596=VECTOR('',#1997,1.);
#597=VECTOR('',#2000,1.);
#598=VECTOR('',#2001,1.);
#599=VECTOR('',#2002,1.);
#600=VECTOR('',#2003,1.);
#601=VECTOR('',#2004,1.);
#602=VECTOR('',#2005,1.);
#603=VECTOR('',#2006,1.);
#604=VECTOR('',#2007,1.);
#605=VECTOR('',#2008,1.);
#606=VECTOR('',#2009,1.);
#607=VECTOR('',#2010,1.);
#608=VECTOR('',#2011,1.);
#609=VECTOR('',#2012,1.);
#610=VECTOR('',#2013,1.);
#611=VECTOR('',#2014,1.);
#612=VECTOR('',#2017,1.);
#613=VECTOR('',#2018,0.080085);
#614=VECTOR('',#2023,0.310085);
#615=VECTOR('',#2024,0.310085);
#616=VECTOR('',#2027,0.310085);
#617=VECTOR('',#2032,0.1);
#618=VECTOR('',#2033,1.);
#619=VECTOR('',#2036,1.);
#620=VECTOR('',#2043,0.35085);
#621=VECTOR('',#2048,0.25085);
#622=VECTOR('',#2051,0.080085);
#623=VECTOR('',#2052,0.080085);
#624=VECTOR('',#2059,0.310085);
#625=VECTOR('',#2064,0.1);
#626=VECTOR('',#2067,0.1);
#627=VECTOR('',#2072,0.174530657791037);
#628=VECTOR('',#2081,0.230609964206173);
#629=VECTOR('',#2090,0.0567634804332623);
#630=VECTOR('',#2099,0.281081534170332);
#631=VECTOR('',#2108,0.225002013422104);
#632=VECTOR('',#2117,0.0127420917511165);
#633=VECTOR('',#2118,0.00956468201602565);
#634=VECTOR('',#2119,0.00705989648840669);
#635=VECTOR('',#2122,0.0107240014212872);
#636=VECTOR('',#2123,0.00895257187309371);
#637=VECTOR('',#2126,0.0128114033118964);
#638=VECTOR('',#2127,0.00788044010983986);
#639=VECTOR('',#2130,0.00951166938150473);
#640=VECTOR('',#2131,0.00658566237256628);
#641=VECTOR('',#2134,0.0118764421189242);
#642=VECTOR('',#2135,0.00851891671918117);
#643=VECTOR('',#2138,0.00951166938150473);
#644=VECTOR('',#2139,0.00851891671918117);
#645=VECTOR('',#2142,0.0128114033118964);
#646=VECTOR('',#2143,0.00658566237256628);
#647=VECTOR('',#2146,0.0107240014212872);
#648=VECTOR('',#2147,0.00788044010983986);
#649=VECTOR('',#2150,0.0127420917511165);
#650=VECTOR('',#2151,0.00895257187309371);
#651=VECTOR('',#2154,0.00705989648840669);
#652=CIRCLE('',#1548,0.05085);
#653=CIRCLE('',#1549,0.05085);
#654=CIRCLE('',#1552,0.05085);
#655=CIRCLE('',#1553,0.05085);
#656=CIRCLE('',#1556,0.05085);
#657=CIRCLE('',#1557,0.05085);
#658=CIRCLE('',#1560,0.05085);
#659=CIRCLE('',#1561,0.05085);
#660=CIRCLE('',#1564,0.25085);
#661=CIRCLE('',#1600,0.25085);
#662=CIRCLE('',#1606,0.25085);
#663=CIRCLE('',#1609,0.25085);
#664=CIRCLE('',#1610,0.25085);
#665=CIRCLE('',#1612,0.25085);
#666=CIRCLE('',#1614,0.25085);
#667=CIRCLE('',#1616,0.25085);
#668=CIRCLE('',#1617,0.25085);
#669=CIRCLE('',#1623,0.035850000000032);
#670=CIRCLE('',#1624,0.035850000000032);
#671=CIRCLE('',#1626,0.035850000000032);
#672=CIRCLE('',#1627,0.035850000000032);
#673=CIRCLE('',#1629,0.10085);
#674=CIRCLE('',#1630,0.10085);
#675=CIRCLE('',#1633,0.10085);
#676=CIRCLE('',#1634,0.10085);
#677=CIRCLE('',#1637,0.10085);
#678=CIRCLE('',#1638,0.10085);
#679=CIRCLE('',#1641,0.10085);
#680=CIRCLE('',#1642,0.10085);
#681=CIRCLE('',#1659,0.25085);
#682=CIRCLE('',#1664,0.35085);
#683=CIRCLE('',#1665,0.35085);
#684=VERTEX_POINT('',#2162);
#685=VERTEX_POINT('',#2164);
#686=VERTEX_POINT('',#2169);
#687=VERTEX_POINT('',#2171);
#688=VERTEX_POINT('',#2176);
#689=VERTEX_POINT('',#2178);
#690=VERTEX_POINT('',#2183);
#691=VERTEX_POINT('',#2185);
#692=VERTEX_POINT('',#2190);
#693=VERTEX_POINT('',#2191);
#694=VERTEX_POINT('',#2212);
#695=VERTEX_POINT('',#2214);
#696=VERTEX_POINT('',#2217);
#697=VERTEX_POINT('',#2218);
#698=VERTEX_POINT('',#2220);
#699=VERTEX_POINT('',#2222);
#700=VERTEX_POINT('',#2224);
#701=VERTEX_POINT('',#2226);
#702=VERTEX_POINT('',#2228);
#703=VERTEX_POINT('',#2230);
#704=VERTEX_POINT('',#2232);
#705=VERTEX_POINT('',#2234);
#706=VERTEX_POINT('',#2238);
#707=VERTEX_POINT('',#2240);
#708=VERTEX_POINT('',#2244);
#709=VERTEX_POINT('',#2248);
#710=VERTEX_POINT('',#2252);
#711=VERTEX_POINT('',#2256);
#712=VERTEX_POINT('',#2260);
#713=VERTEX_POINT('',#2264);
#714=VERTEX_POINT('',#2268);
#715=VERTEX_POINT('',#2272);
#716=VERTEX_POINT('',#2295);
#717=VERTEX_POINT('',#2297);
#718=VERTEX_POINT('',#2301);
#719=VERTEX_POINT('',#2304);
#720=VERTEX_POINT('',#2324);
#721=VERTEX_POINT('',#2325);
#722=VERTEX_POINT('',#2327);
#723=VERTEX_POINT('',#2329);
#724=VERTEX_POINT('',#2352);
#725=VERTEX_POINT('',#2359);
#726=VERTEX_POINT('',#2362);
#727=VERTEX_POINT('',#2366);
#728=VERTEX_POINT('',#2367);
#729=VERTEX_POINT('',#2369);
#730=VERTEX_POINT('',#2371);
#731=VERTEX_POINT('',#2397);
#732=VERTEX_POINT('',#2399);
#733=VERTEX_POINT('',#2403);
#734=VERTEX_POINT('',#2405);
#735=VERTEX_POINT('',#2409);
#736=VERTEX_POINT('',#2411);
#737=VERTEX_POINT('',#2416);
#738=VERTEX_POINT('',#2418);
#739=VERTEX_POINT('',#2423);
#740=VERTEX_POINT('',#2425);
#741=VERTEX_POINT('',#2430);
#742=VERTEX_POINT('',#2432);
#743=VERTEX_POINT('',#2437);
#744=VERTEX_POINT('',#2438);
#745=VERTEX_POINT('',#2440);
#746=VERTEX_POINT('',#2442);
#747=VERTEX_POINT('',#2444);
#748=VERTEX_POINT('',#2446);
#749=VERTEX_POINT('',#2448);
#750=VERTEX_POINT('',#2450);
#751=VERTEX_POINT('',#2454);
#752=VERTEX_POINT('',#2456);
#753=VERTEX_POINT('',#2458);
#754=VERTEX_POINT('',#2460);
#755=VERTEX_POINT('',#2462);
#756=VERTEX_POINT('',#2464);
#757=VERTEX_POINT('',#2467);
#758=VERTEX_POINT('',#2468);
#759=VERTEX_POINT('',#2470);
#760=VERTEX_POINT('',#2472);
#761=VERTEX_POINT('',#2476);
#762=VERTEX_POINT('',#2480);
#763=VERTEX_POINT('',#2482);
#764=VERTEX_POINT('',#2486);
#765=VERTEX_POINT('',#2488);
#766=VERTEX_POINT('',#2490);
#767=VERTEX_POINT('',#2492);
#768=VERTEX_POINT('',#2494);
#769=VERTEX_POINT('',#2496);
#770=VERTEX_POINT('',#2504);
#771=VERTEX_POINT('',#2506);
#772=VERTEX_POINT('',#2510);
#773=VERTEX_POINT('',#2512);
#774=VERTEX_POINT('',#2514);
#775=VERTEX_POINT('',#2516);
#776=VERTEX_POINT('',#2518);
#777=VERTEX_POINT('',#2522);
#778=VERTEX_POINT('',#2526);
#779=VERTEX_POINT('',#2528);
#780=VERTEX_POINT('',#2530);
#781=VERTEX_POINT('',#2532);
#782=VERTEX_POINT('',#2534);
#783=VERTEX_POINT('',#2537);
#784=VERTEX_POINT('',#2539);
#785=VERTEX_POINT('',#2541);
#786=VERTEX_POINT('',#2543);
#787=VERTEX_POINT('',#2546);
#788=VERTEX_POINT('',#2547);
#789=VERTEX_POINT('',#2549);
#790=VERTEX_POINT('',#2551);
#791=VERTEX_POINT('',#2563);
#792=VERTEX_POINT('',#2572);
#793=VERTEX_POINT('',#2574);
#794=VERTEX_POINT('',#2610);
#795=VERTEX_POINT('',#2612);
#796=VERTEX_POINT('',#2635);
#797=VERTEX_POINT('',#2637);
#798=VERTEX_POINT('',#2660);
#799=VERTEX_POINT('',#2662);
#800=VERTEX_POINT('',#2685);
#801=VERTEX_POINT('',#2687);
#802=VERTEX_POINT('',#2710);
#803=VERTEX_POINT('',#2712);
#804=VERTEX_POINT('',#2718);
#805=VERTEX_POINT('',#2719);
#806=VERTEX_POINT('',#2721);
#807=VERTEX_POINT('',#2725);
#808=VERTEX_POINT('',#2729);
#809=VERTEX_POINT('',#2733);
#810=VERTEX_POINT('',#2737);
#811=VERTEX_POINT('',#2741);
#812=VERTEX_POINT('',#2745);
#813=VERTEX_POINT('',#2749);
#814=VERTEX_POINT('',#2753);
#815=EDGE_CURVE('',#684,#684,#652,.T.);
#816=EDGE_CURVE('',#684,#685,#396,.T.);
#817=EDGE_CURVE('',#685,#685,#653,.T.);
#818=EDGE_CURVE('',#686,#686,#654,.T.);
#819=EDGE_CURVE('',#686,#687,#397,.T.);
#820=EDGE_CURVE('',#687,#687,#655,.T.);
#821=EDGE_CURVE('',#688,#688,#656,.T.);
#822=EDGE_CURVE('',#688,#689,#398,.T.);
#823=EDGE_CURVE('',#689,#689,#657,.T.);
#824=EDGE_CURVE('',#690,#690,#658,.T.);
#825=EDGE_CURVE('',#690,#691,#399,.T.);
#826=EDGE_CURVE('',#691,#691,#659,.T.);
#827=EDGE_CURVE('',#692,#693,#660,.T.);
#828=EDGE_CURVE('',#693,#692,#65,.T.);
#829=EDGE_CURVE('',#694,#692,#400,.T.);
#830=EDGE_CURVE('',#694,#695,#66,.T.);
#831=EDGE_CURVE('',#693,#695,#401,.T.);
#832=EDGE_CURVE('',#696,#697,#67,.T.);
#833=EDGE_CURVE('',#698,#696,#68,.T.);
#834=EDGE_CURVE('',#699,#698,#69,.T.);
#835=EDGE_CURVE('',#700,#699,#70,.T.);
#836=EDGE_CURVE('',#701,#700,#71,.T.);
#837=EDGE_CURVE('',#702,#701,#72,.T.);
#838=EDGE_CURVE('',#703,#702,#73,.T.);
#839=EDGE_CURVE('',#704,#703,#74,.T.);
#840=EDGE_CURVE('',#705,#704,#75,.T.);
#841=EDGE_CURVE('',#697,#705,#76,.T.);
#842=EDGE_CURVE('',#706,#701,#402,.T.);
#843=EDGE_CURVE('',#706,#707,#77,.T.);
#844=EDGE_CURVE('',#707,#702,#403,.T.);
#845=EDGE_CURVE('',#708,#700,#404,.T.);
#846=EDGE_CURVE('',#708,#706,#78,.T.);
#847=EDGE_CURVE('',#709,#699,#405,.T.);
#848=EDGE_CURVE('',#709,#708,#79,.T.);
#849=EDGE_CURVE('',#710,#698,#406,.T.);
#850=EDGE_CURVE('',#710,#709,#80,.T.);
#851=EDGE_CURVE('',#711,#696,#407,.T.);
#852=EDGE_CURVE('',#711,#710,#81,.T.);
#853=EDGE_CURVE('',#712,#697,#408,.T.);
#854=EDGE_CURVE('',#712,#711,#82,.T.);
#855=EDGE_CURVE('',#707,#713,#83,.T.);
#856=EDGE_CURVE('',#713,#703,#409,.T.);
#857=EDGE_CURVE('',#713,#714,#84,.T.);
#858=EDGE_CURVE('',#714,#704,#410,.T.);
#859=EDGE_CURVE('',#714,#715,#85,.T.);
#860=EDGE_CURVE('',#715,#705,#411,.T.);
#861=EDGE_CURVE('',#715,#712,#86,.T.);
#862=EDGE_CURVE('',#716,#716,#87,.T.);
#863=EDGE_CURVE('',#716,#717,#412,.T.);
#864=EDGE_CURVE('',#717,#717,#88,.T.);
#865=EDGE_CURVE('',#718,#718,#661,.T.);
#866=EDGE_CURVE('',#719,#719,#89,.T.);
#867=EDGE_CURVE('',#720,#721,#413,.T.);
#868=EDGE_CURVE('',#720,#722,#90,.T.);
#869=EDGE_CURVE('',#723,#722,#414,.T.);
#870=EDGE_CURVE('',#723,#721,#91,.T.);
#871=EDGE_CURVE('',#722,#720,#662,.T.);
#872=EDGE_CURVE('',#724,#724,#92,.T.);
#873=EDGE_CURVE('',#724,#719,#415,.T.);
#874=EDGE_CURVE('',#721,#694,#663,.T.);
#875=EDGE_CURVE('',#695,#723,#664,.T.);
#876=EDGE_CURVE('',#725,#725,#665,.T.);
#877=EDGE_CURVE('',#726,#726,#666,.T.);
#878=EDGE_CURVE('',#726,#725,#416,.T.);
#879=EDGE_CURVE('',#727,#728,#667,.T.);
#880=EDGE_CURVE('',#728,#729,#417,.T.);
#881=EDGE_CURVE('',#729,#730,#668,.T.);
#882=EDGE_CURVE('',#730,#727,#418,.T.);
#883=EDGE_CURVE('',#730,#729,#93,.T.);
#884=EDGE_CURVE('',#727,#728,#94,.T.);
#885=EDGE_CURVE('',#731,#731,#669,.T.);
#886=EDGE_CURVE('',#731,#732,#419,.T.);
#887=EDGE_CURVE('',#732,#732,#670,.T.);
#888=EDGE_CURVE('',#733,#733,#671,.T.);
#889=EDGE_CURVE('',#733,#734,#420,.T.);
#890=EDGE_CURVE('',#734,#734,#672,.T.);
#891=EDGE_CURVE('',#735,#735,#673,.T.);
#892=EDGE_CURVE('',#735,#736,#421,.T.);
#893=EDGE_CURVE('',#736,#736,#674,.T.);
#894=EDGE_CURVE('',#737,#737,#675,.T.);
#895=EDGE_CURVE('',#737,#738,#422,.T.);
#896=EDGE_CURVE('',#738,#738,#676,.T.);
#897=EDGE_CURVE('',#739,#739,#677,.T.);
#898=EDGE_CURVE('',#739,#740,#423,.T.);
#899=EDGE_CURVE('',#740,#740,#678,.T.);
#900=EDGE_CURVE('',#741,#741,#679,.T.);
#901=EDGE_CURVE('',#741,#742,#424,.T.);
#902=EDGE_CURVE('',#742,#742,#680,.T.);
#903=EDGE_CURVE('',#743,#744,#425,.T.);
#904=EDGE_CURVE('',#745,#743,#426,.T.);
#905=EDGE_CURVE('',#746,#745,#427,.T.);
#906=EDGE_CURVE('',#747,#746,#428,.T.);
#907=EDGE_CURVE('',#748,#747,#429,.T.);
#908=EDGE_CURVE('',#749,#748,#430,.T.);
#909=EDGE_CURVE('',#750,#749,#431,.T.);
#910=EDGE_CURVE('',#744,#750,#432,.T.);
#911=EDGE_CURVE('',#747,#751,#433,.T.);
#912=EDGE_CURVE('',#752,#751,#434,.T.);
#913=EDGE_CURVE('',#753,#752,#435,.T.);
#914=EDGE_CURVE('',#754,#753,#436,.T.);
#915=EDGE_CURVE('',#755,#754,#437,.T.);
#916=EDGE_CURVE('',#756,#755,#438,.T.);
#917=EDGE_CURVE('',#748,#756,#439,.T.);
#918=EDGE_CURVE('',#757,#758,#440,.T.);
#919=EDGE_CURVE('',#758,#759,#441,.T.);
#920=EDGE_CURVE('',#759,#760,#442,.T.);
#921=EDGE_CURVE('',#760,#757,#443,.T.);
#922=EDGE_CURVE('',#746,#761,#444,.T.);
#923=EDGE_CURVE('',#751,#761,#445,.T.);
#924=EDGE_CURVE('',#743,#762,#446,.T.);
#925=EDGE_CURVE('',#762,#763,#447,.T.);
#926=EDGE_CURVE('',#745,#763,#448,.T.);
#927=EDGE_CURVE('',#763,#764,#449,.T.);
#928=EDGE_CURVE('',#765,#762,#450,.T.);
#929=EDGE_CURVE('',#766,#765,#451,.T.);
#930=EDGE_CURVE('',#767,#766,#452,.T.);
#931=EDGE_CURVE('',#768,#767,#453,.T.);
#932=EDGE_CURVE('',#769,#768,#454,.T.);
#933=EDGE_CURVE('',#764,#769,#455,.T.);
#934=EDGE_CURVE('',#744,#765,#456,.T.);
#935=EDGE_CURVE('',#766,#750,#457,.T.);
#936=EDGE_CURVE('',#769,#770,#458,.T.);
#937=EDGE_CURVE('',#770,#771,#459,.T.);
#938=EDGE_CURVE('',#771,#764,#460,.T.);
#939=EDGE_CURVE('',#768,#772,#461,.T.);
#940=EDGE_CURVE('',#772,#773,#462,.T.);
#941=EDGE_CURVE('',#773,#774,#463,.T.);
#942=EDGE_CURVE('',#775,#774,#464,.T.);
#943=EDGE_CURVE('',#775,#776,#465,.T.);
#944=EDGE_CURVE('',#776,#770,#466,.T.);
#945=EDGE_CURVE('',#767,#777,#467,.T.);
#946=EDGE_CURVE('',#772,#777,#468,.T.);
#947=EDGE_CURVE('',#778,#749,#469,.T.);
#948=EDGE_CURVE('',#779,#778,#470,.T.);
#949=EDGE_CURVE('',#780,#779,#471,.T.);
#950=EDGE_CURVE('',#781,#780,#472,.T.);
#951=EDGE_CURVE('',#782,#781,#473,.T.);
#952=EDGE_CURVE('',#761,#782,#474,.T.);
#953=EDGE_CURVE('',#783,#771,#475,.T.);
#954=EDGE_CURVE('',#784,#783,#476,.T.);
#955=EDGE_CURVE('',#785,#784,#477,.T.);
#956=EDGE_CURVE('',#786,#785,#478,.T.);
#957=EDGE_CURVE('',#777,#786,#479,.T.);
#958=EDGE_CURVE('',#787,#788,#480,.T.);
#959=EDGE_CURVE('',#789,#787,#481,.T.);
#960=EDGE_CURVE('',#790,#789,#482,.T.);
#961=EDGE_CURVE('',#788,#790,#483,.T.);
#962=EDGE_CURVE('',#783,#776,#484,.T.);
#963=EDGE_CURVE('',#784,#775,#485,.T.);
#964=EDGE_CURVE('',#758,#789,#486,.T.);
#965=EDGE_CURVE('',#790,#757,#487,.T.);
#966=EDGE_CURVE('',#787,#759,#488,.T.);
#967=EDGE_CURVE('',#791,#791,#681,.T.);
#968=EDGE_CURVE('',#755,#779,#489,.T.);
#969=EDGE_CURVE('',#780,#754,#490,.T.);
#970=EDGE_CURVE('',#756,#778,#491,.T.);
#971=EDGE_CURVE('',#792,#792,#682,.T.);
#972=EDGE_CURVE('',#792,#793,#492,.T.);
#973=EDGE_CURVE('',#793,#793,#683,.T.);
#974=EDGE_CURVE('',#718,#791,#493,.T.);
#975=EDGE_CURVE('',#774,#785,#494,.T.);
#976=EDGE_CURVE('',#786,#773,#495,.T.);
#977=EDGE_CURVE('',#760,#788,#496,.T.);
#978=EDGE_CURVE('',#752,#782,#497,.T.);
#979=EDGE_CURVE('',#781,#753,#498,.T.);
#980=EDGE_CURVE('',#794,#794,#95,.T.);
#981=EDGE_CURVE('',#794,#795,#499,.T.);
#982=EDGE_CURVE('',#795,#795,#96,.T.);
#983=EDGE_CURVE('',#796,#796,#97,.T.);
#984=EDGE_CURVE('',#796,#797,#500,.T.);
#985=EDGE_CURVE('',#797,#797,#98,.T.);
#986=EDGE_CURVE('',#798,#798,#99,.T.);
#987=EDGE_CURVE('',#798,#799,#501,.T.);
#988=EDGE_CURVE('',#799,#799,#100,.T.);
#989=EDGE_CURVE('',#800,#800,#101,.T.);
#990=EDGE_CURVE('',#800,#801,#502,.T.);
#991=EDGE_CURVE('',#801,#801,#102,.T.);
#992=EDGE_CURVE('',#802,#802,#103,.T.);
#993=EDGE_CURVE('',#802,#803,#503,.T.);
#994=EDGE_CURVE('',#803,#803,#104,.T.);
#995=EDGE_CURVE('',#804,#805,#504,.T.);
#996=EDGE_CURVE('',#806,#805,#505,.T.);
#997=EDGE_CURVE('',#806,#804,#506,.T.);
#998=EDGE_CURVE('',#807,#805,#507,.T.);
#999=EDGE_CURVE('',#807,#804,#508,.T.);
#1000=EDGE_CURVE('',#808,#805,#509,.T.);
#1001=EDGE_CURVE('',#808,#807,#510,.T.);
#1002=EDGE_CURVE('',#809,#805,#511,.T.);
#1003=EDGE_CURVE('',#809,#808,#512,.T.);
#1004=EDGE_CURVE('',#810,#805,#513,.T.);
#1005=EDGE_CURVE('',#810,#809,#514,.T.);
#1006=EDGE_CURVE('',#811,#805,#515,.T.);
#1007=EDGE_CURVE('',#811,#810,#516,.T.);
#1008=EDGE_CURVE('',#812,#805,#517,.T.);
#1009=EDGE_CURVE('',#812,#811,#518,.T.);
#1010=EDGE_CURVE('',#813,#805,#519,.T.);
#1011=EDGE_CURVE('',#813,#812,#520,.T.);
#1012=EDGE_CURVE('',#814,#805,#521,.T.);
#1013=EDGE_CURVE('',#814,#813,#522,.T.);
#1014=EDGE_CURVE('',#806,#814,#523,.T.);
#1015=ORIENTED_EDGE('',*,*,#815,.F.);
#1016=ORIENTED_EDGE('',*,*,#816,.T.);
#1017=ORIENTED_EDGE('',*,*,#817,.T.);
#1018=ORIENTED_EDGE('',*,*,#816,.F.);
#1019=ORIENTED_EDGE('',*,*,#817,.F.);
#1020=ORIENTED_EDGE('',*,*,#818,.F.);
#1021=ORIENTED_EDGE('',*,*,#819,.T.);
#1022=ORIENTED_EDGE('',*,*,#820,.T.);
#1023=ORIENTED_EDGE('',*,*,#819,.F.);
#1024=ORIENTED_EDGE('',*,*,#820,.F.);
#1025=ORIENTED_EDGE('',*,*,#821,.F.);
#1026=ORIENTED_EDGE('',*,*,#822,.T.);
#1027=ORIENTED_EDGE('',*,*,#823,.T.);
#1028=ORIENTED_EDGE('',*,*,#822,.F.);
#1029=ORIENTED_EDGE('',*,*,#823,.F.);
#1030=ORIENTED_EDGE('',*,*,#824,.F.);
#1031=ORIENTED_EDGE('',*,*,#825,.T.);
#1032=ORIENTED_EDGE('',*,*,#826,.T.);
#1033=ORIENTED_EDGE('',*,*,#825,.F.);
#1034=ORIENTED_EDGE('',*,*,#826,.F.);
#1035=ORIENTED_EDGE('',*,*,#827,.F.);
#1036=ORIENTED_EDGE('',*,*,#828,.F.);
#1037=ORIENTED_EDGE('',*,*,#829,.F.);
#1038=ORIENTED_EDGE('',*,*,#830,.T.);
#1039=ORIENTED_EDGE('',*,*,#831,.F.);
#1040=ORIENTED_EDGE('',*,*,#828,.T.);
#1041=ORIENTED_EDGE('',*,*,#832,.F.);
#1042=ORIENTED_EDGE('',*,*,#833,.F.);
#1043=ORIENTED_EDGE('',*,*,#834,.F.);
#1044=ORIENTED_EDGE('',*,*,#835,.F.);
#1045=ORIENTED_EDGE('',*,*,#836,.F.);
#1046=ORIENTED_EDGE('',*,*,#837,.F.);
#1047=ORIENTED_EDGE('',*,*,#838,.F.);
#1048=ORIENTED_EDGE('',*,*,#839,.F.);
#1049=ORIENTED_EDGE('',*,*,#840,.F.);
#1050=ORIENTED_EDGE('',*,*,#841,.F.);
#1051=ORIENTED_EDGE('',*,*,#837,.T.);
#1052=ORIENTED_EDGE('',*,*,#842,.F.);
#1053=ORIENTED_EDGE('',*,*,#843,.T.);
#1054=ORIENTED_EDGE('',*,*,#844,.T.);
#1055=ORIENTED_EDGE('',*,*,#836,.T.);
#1056=ORIENTED_EDGE('',*,*,#845,.F.);
#1057=ORIENTED_EDGE('',*,*,#846,.T.);
#1058=ORIENTED_EDGE('',*,*,#842,.T.);
#1059=ORIENTED_EDGE('',*,*,#835,.T.);
#1060=ORIENTED_EDGE('',*,*,#847,.F.);
#1061=ORIENTED_EDGE('',*,*,#848,.T.);
#1062=ORIENTED_EDGE('',*,*,#845,.T.);
#1063=ORIENTED_EDGE('',*,*,#834,.T.);
#1064=ORIENTED_EDGE('',*,*,#849,.F.);
#1065=ORIENTED_EDGE('',*,*,#850,.T.);
#1066=ORIENTED_EDGE('',*,*,#847,.T.);
#1067=ORIENTED_EDGE('',*,*,#833,.T.);
#1068=ORIENTED_EDGE('',*,*,#851,.F.);
#1069=ORIENTED_EDGE('',*,*,#852,.T.);
#1070=ORIENTED_EDGE('',*,*,#849,.T.);
#1071=ORIENTED_EDGE('',*,*,#832,.T.);
#1072=ORIENTED_EDGE('',*,*,#853,.F.);
#1073=ORIENTED_EDGE('',*,*,#854,.T.);
#1074=ORIENTED_EDGE('',*,*,#851,.T.);
#1075=ORIENTED_EDGE('',*,*,#838,.T.);
#1076=ORIENTED_EDGE('',*,*,#844,.F.);
#1077=ORIENTED_EDGE('',*,*,#855,.T.);
#1078=ORIENTED_EDGE('',*,*,#856,.T.);
#1079=ORIENTED_EDGE('',*,*,#839,.T.);
#1080=ORIENTED_EDGE('',*,*,#856,.F.);
#1081=ORIENTED_EDGE('',*,*,#857,.T.);
#1082=ORIENTED_EDGE('',*,*,#858,.T.);
#1083=ORIENTED_EDGE('',*,*,#840,.T.);
#1084=ORIENTED_EDGE('',*,*,#858,.F.);
#1085=ORIENTED_EDGE('',*,*,#859,.T.);
#1086=ORIENTED_EDGE('',*,*,#860,.T.);
#1087=ORIENTED_EDGE('',*,*,#841,.T.);
#1088=ORIENTED_EDGE('',*,*,#860,.F.);
#1089=ORIENTED_EDGE('',*,*,#861,.T.);
#1090=ORIENTED_EDGE('',*,*,#853,.T.);
#1091=ORIENTED_EDGE('',*,*,#862,.T.);
#1092=ORIENTED_EDGE('',*,*,#863,.T.);
#1093=ORIENTED_EDGE('',*,*,#864,.F.);
#1094=ORIENTED_EDGE('',*,*,#863,.F.);
#1095=ORIENTED_EDGE('',*,*,#854,.F.);
#1096=ORIENTED_EDGE('',*,*,#861,.F.);
#1097=ORIENTED_EDGE('',*,*,#859,.F.);
#1098=ORIENTED_EDGE('',*,*,#857,.F.);
#1099=ORIENTED_EDGE('',*,*,#855,.F.);
#1100=ORIENTED_EDGE('',*,*,#843,.F.);
#1101=ORIENTED_EDGE('',*,*,#846,.F.);
#1102=ORIENTED_EDGE('',*,*,#848,.F.);
#1103=ORIENTED_EDGE('',*,*,#850,.F.);
#1104=ORIENTED_EDGE('',*,*,#852,.F.);
#1105=ORIENTED_EDGE('',*,*,#864,.T.);
#1106=ORIENTED_EDGE('',*,*,#865,.F.);
#1107=ORIENTED_EDGE('',*,*,#866,.F.);
#1108=ORIENTED_EDGE('',*,*,#862,.F.);
#1109=ORIENTED_EDGE('',*,*,#867,.F.);
#1110=ORIENTED_EDGE('',*,*,#868,.T.);
#1111=ORIENTED_EDGE('',*,*,#869,.F.);
#1112=ORIENTED_EDGE('',*,*,#870,.T.);
#1113=ORIENTED_EDGE('',*,*,#871,.F.);
#1114=ORIENTED_EDGE('',*,*,#868,.F.);
#1115=ORIENTED_EDGE('',*,*,#872,.F.);
#1116=ORIENTED_EDGE('',*,*,#873,.T.);
#1117=ORIENTED_EDGE('',*,*,#866,.T.);
#1118=ORIENTED_EDGE('',*,*,#873,.F.);
#1119=ORIENTED_EDGE('',*,*,#874,.F.);
#1120=ORIENTED_EDGE('',*,*,#870,.F.);
#1121=ORIENTED_EDGE('',*,*,#875,.F.);
#1122=ORIENTED_EDGE('',*,*,#830,.F.);
#1123=ORIENTED_EDGE('',*,*,#872,.T.);
#1124=ORIENTED_EDGE('',*,*,#876,.F.);
#1125=ORIENTED_EDGE('',*,*,#877,.F.);
#1126=ORIENTED_EDGE('',*,*,#878,.T.);
#1127=ORIENTED_EDGE('',*,*,#876,.T.);
#1128=ORIENTED_EDGE('',*,*,#878,.F.);
#1129=ORIENTED_EDGE('',*,*,#869,.T.);
#1130=ORIENTED_EDGE('',*,*,#871,.T.);
#1131=ORIENTED_EDGE('',*,*,#867,.T.);
#1132=ORIENTED_EDGE('',*,*,#874,.T.);
#1133=ORIENTED_EDGE('',*,*,#829,.T.);
#1134=ORIENTED_EDGE('',*,*,#827,.T.);
#1135=ORIENTED_EDGE('',*,*,#831,.T.);
#1136=ORIENTED_EDGE('',*,*,#875,.T.);
#1137=ORIENTED_EDGE('',*,*,#879,.T.);
#1138=ORIENTED_EDGE('',*,*,#880,.T.);
#1139=ORIENTED_EDGE('',*,*,#881,.T.);
#1140=ORIENTED_EDGE('',*,*,#882,.T.);
#1141=ORIENTED_EDGE('',*,*,#881,.F.);
#1142=ORIENTED_EDGE('',*,*,#883,.F.);
#1143=ORIENTED_EDGE('',*,*,#879,.F.);
#1144=ORIENTED_EDGE('',*,*,#884,.T.);
#1145=ORIENTED_EDGE('',*,*,#880,.F.);
#1146=ORIENTED_EDGE('',*,*,#884,.F.);
#1147=ORIENTED_EDGE('',*,*,#882,.F.);
#1148=ORIENTED_EDGE('',*,*,#883,.T.);
#1149=ORIENTED_EDGE('',*,*,#885,.F.);
#1150=ORIENTED_EDGE('',*,*,#886,.T.);
#1151=ORIENTED_EDGE('',*,*,#887,.F.);
#1152=ORIENTED_EDGE('',*,*,#886,.F.);
#1153=ORIENTED_EDGE('',*,*,#888,.F.);
#1154=ORIENTED_EDGE('',*,*,#889,.T.);
#1155=ORIENTED_EDGE('',*,*,#890,.F.);
#1156=ORIENTED_EDGE('',*,*,#889,.F.);
#1157=ORIENTED_EDGE('',*,*,#891,.F.);
#1158=ORIENTED_EDGE('',*,*,#892,.T.);
#1159=ORIENTED_EDGE('',*,*,#893,.F.);
#1160=ORIENTED_EDGE('',*,*,#892,.F.);
#1161=ORIENTED_EDGE('',*,*,#891,.T.);
#1162=ORIENTED_EDGE('',*,*,#894,.F.);
#1163=ORIENTED_EDGE('',*,*,#895,.T.);
#1164=ORIENTED_EDGE('',*,*,#896,.F.);
#1165=ORIENTED_EDGE('',*,*,#895,.F.);
#1166=ORIENTED_EDGE('',*,*,#894,.T.);
#1167=ORIENTED_EDGE('',*,*,#897,.F.);
#1168=ORIENTED_EDGE('',*,*,#898,.T.);
#1169=ORIENTED_EDGE('',*,*,#899,.F.);
#1170=ORIENTED_EDGE('',*,*,#898,.F.);
#1171=ORIENTED_EDGE('',*,*,#897,.T.);
#1172=ORIENTED_EDGE('',*,*,#900,.F.);
#1173=ORIENTED_EDGE('',*,*,#901,.T.);
#1174=ORIENTED_EDGE('',*,*,#902,.F.);
#1175=ORIENTED_EDGE('',*,*,#901,.F.);
#1176=ORIENTED_EDGE('',*,*,#900,.T.);
#1177=ORIENTED_EDGE('',*,*,#903,.F.);
#1178=ORIENTED_EDGE('',*,*,#904,.F.);
#1179=ORIENTED_EDGE('',*,*,#905,.F.);
#1180=ORIENTED_EDGE('',*,*,#906,.F.);
#1181=ORIENTED_EDGE('',*,*,#907,.F.);
#1182=ORIENTED_EDGE('',*,*,#908,.F.);
#1183=ORIENTED_EDGE('',*,*,#909,.F.);
#1184=ORIENTED_EDGE('',*,*,#910,.F.);
#1185=ORIENTED_EDGE('',*,*,#815,.T.);
#1186=ORIENTED_EDGE('',*,*,#818,.T.);
#1187=ORIENTED_EDGE('',*,*,#821,.T.);
#1188=ORIENTED_EDGE('',*,*,#824,.T.);
#1189=ORIENTED_EDGE('',*,*,#907,.T.);
#1190=ORIENTED_EDGE('',*,*,#911,.T.);
#1191=ORIENTED_EDGE('',*,*,#912,.F.);
#1192=ORIENTED_EDGE('',*,*,#913,.F.);
#1193=ORIENTED_EDGE('',*,*,#914,.F.);
#1194=ORIENTED_EDGE('',*,*,#915,.F.);
#1195=ORIENTED_EDGE('',*,*,#916,.F.);
#1196=ORIENTED_EDGE('',*,*,#917,.F.);
#1197=ORIENTED_EDGE('',*,*,#887,.T.);
#1198=ORIENTED_EDGE('',*,*,#890,.T.);
#1199=ORIENTED_EDGE('',*,*,#918,.T.);
#1200=ORIENTED_EDGE('',*,*,#919,.T.);
#1201=ORIENTED_EDGE('',*,*,#920,.T.);
#1202=ORIENTED_EDGE('',*,*,#921,.T.);
#1203=ORIENTED_EDGE('',*,*,#906,.T.);
#1204=ORIENTED_EDGE('',*,*,#922,.T.);
#1205=ORIENTED_EDGE('',*,*,#923,.F.);
#1206=ORIENTED_EDGE('',*,*,#911,.F.);
#1207=ORIENTED_EDGE('',*,*,#904,.T.);
#1208=ORIENTED_EDGE('',*,*,#924,.T.);
#1209=ORIENTED_EDGE('',*,*,#925,.T.);
#1210=ORIENTED_EDGE('',*,*,#926,.F.);
#1211=ORIENTED_EDGE('',*,*,#927,.F.);
#1212=ORIENTED_EDGE('',*,*,#925,.F.);
#1213=ORIENTED_EDGE('',*,*,#928,.F.);
#1214=ORIENTED_EDGE('',*,*,#929,.F.);
#1215=ORIENTED_EDGE('',*,*,#930,.F.);
#1216=ORIENTED_EDGE('',*,*,#931,.F.);
#1217=ORIENTED_EDGE('',*,*,#932,.F.);
#1218=ORIENTED_EDGE('',*,*,#933,.F.);
#1219=ORIENTED_EDGE('',*,*,#903,.T.);
#1220=ORIENTED_EDGE('',*,*,#934,.T.);
#1221=ORIENTED_EDGE('',*,*,#928,.T.);
#1222=ORIENTED_EDGE('',*,*,#924,.F.);
#1223=ORIENTED_EDGE('',*,*,#885,.T.);
#1224=ORIENTED_EDGE('',*,*,#888,.T.);
#1225=ORIENTED_EDGE('',*,*,#910,.T.);
#1226=ORIENTED_EDGE('',*,*,#935,.F.);
#1227=ORIENTED_EDGE('',*,*,#929,.T.);
#1228=ORIENTED_EDGE('',*,*,#934,.F.);
#1229=ORIENTED_EDGE('',*,*,#933,.T.);
#1230=ORIENTED_EDGE('',*,*,#936,.T.);
#1231=ORIENTED_EDGE('',*,*,#937,.T.);
#1232=ORIENTED_EDGE('',*,*,#938,.T.);
#1233=ORIENTED_EDGE('',*,*,#932,.T.);
#1234=ORIENTED_EDGE('',*,*,#939,.T.);
#1235=ORIENTED_EDGE('',*,*,#940,.T.);
#1236=ORIENTED_EDGE('',*,*,#941,.T.);
#1237=ORIENTED_EDGE('',*,*,#942,.F.);
#1238=ORIENTED_EDGE('',*,*,#943,.T.);
#1239=ORIENTED_EDGE('',*,*,#944,.T.);
#1240=ORIENTED_EDGE('',*,*,#936,.F.);
#1241=ORIENTED_EDGE('',*,*,#931,.T.);
#1242=ORIENTED_EDGE('',*,*,#945,.T.);
#1243=ORIENTED_EDGE('',*,*,#946,.F.);
#1244=ORIENTED_EDGE('',*,*,#939,.F.);
#1245=ORIENTED_EDGE('',*,*,#877,.T.);
#1246=ORIENTED_EDGE('',*,*,#909,.T.);
#1247=ORIENTED_EDGE('',*,*,#947,.F.);
#1248=ORIENTED_EDGE('',*,*,#948,.F.);
#1249=ORIENTED_EDGE('',*,*,#949,.F.);
#1250=ORIENTED_EDGE('',*,*,#950,.F.);
#1251=ORIENTED_EDGE('',*,*,#951,.F.);
#1252=ORIENTED_EDGE('',*,*,#952,.F.);
#1253=ORIENTED_EDGE('',*,*,#922,.F.);
#1254=ORIENTED_EDGE('',*,*,#905,.T.);
#1255=ORIENTED_EDGE('',*,*,#926,.T.);
#1256=ORIENTED_EDGE('',*,*,#927,.T.);
#1257=ORIENTED_EDGE('',*,*,#938,.F.);
#1258=ORIENTED_EDGE('',*,*,#953,.F.);
#1259=ORIENTED_EDGE('',*,*,#954,.F.);
#1260=ORIENTED_EDGE('',*,*,#955,.F.);
#1261=ORIENTED_EDGE('',*,*,#956,.F.);
#1262=ORIENTED_EDGE('',*,*,#957,.F.);
#1263=ORIENTED_EDGE('',*,*,#945,.F.);
#1264=ORIENTED_EDGE('',*,*,#930,.T.);
#1265=ORIENTED_EDGE('',*,*,#935,.T.);
#1266=ORIENTED_EDGE('',*,*,#893,.T.);
#1267=ORIENTED_EDGE('',*,*,#896,.T.);
#1268=ORIENTED_EDGE('',*,*,#899,.T.);
#1269=ORIENTED_EDGE('',*,*,#902,.T.);
#1270=ORIENTED_EDGE('',*,*,#958,.F.);
#1271=ORIENTED_EDGE('',*,*,#959,.F.);
#1272=ORIENTED_EDGE('',*,*,#960,.F.);
#1273=ORIENTED_EDGE('',*,*,#961,.F.);
#1274=ORIENTED_EDGE('',*,*,#954,.T.);
#1275=ORIENTED_EDGE('',*,*,#962,.T.);
#1276=ORIENTED_EDGE('',*,*,#943,.F.);
#1277=ORIENTED_EDGE('',*,*,#963,.F.);
#1278=ORIENTED_EDGE('',*,*,#953,.T.);
#1279=ORIENTED_EDGE('',*,*,#937,.F.);
#1280=ORIENTED_EDGE('',*,*,#944,.F.);
#1281=ORIENTED_EDGE('',*,*,#962,.F.);
#1282=ORIENTED_EDGE('',*,*,#960,.T.);
#1283=ORIENTED_EDGE('',*,*,#964,.F.);
#1284=ORIENTED_EDGE('',*,*,#918,.F.);
#1285=ORIENTED_EDGE('',*,*,#965,.F.);
#1286=ORIENTED_EDGE('',*,*,#959,.T.);
#1287=ORIENTED_EDGE('',*,*,#966,.T.);
#1288=ORIENTED_EDGE('',*,*,#919,.F.);
#1289=ORIENTED_EDGE('',*,*,#964,.T.);
#1290=ORIENTED_EDGE('',*,*,#967,.T.);
#1291=ORIENTED_EDGE('',*,*,#949,.T.);
#1292=ORIENTED_EDGE('',*,*,#968,.F.);
#1293=ORIENTED_EDGE('',*,*,#915,.T.);
#1294=ORIENTED_EDGE('',*,*,#969,.F.);
#1295=ORIENTED_EDGE('',*,*,#948,.T.);
#1296=ORIENTED_EDGE('',*,*,#970,.F.);
#1297=ORIENTED_EDGE('',*,*,#916,.T.);
#1298=ORIENTED_EDGE('',*,*,#968,.T.);
#1299=ORIENTED_EDGE('',*,*,#908,.T.);
#1300=ORIENTED_EDGE('',*,*,#917,.T.);
#1301=ORIENTED_EDGE('',*,*,#970,.T.);
#1302=ORIENTED_EDGE('',*,*,#947,.T.);
#1303=ORIENTED_EDGE('',*,*,#971,.F.);
#1304=ORIENTED_EDGE('',*,*,#972,.T.);
#1305=ORIENTED_EDGE('',*,*,#973,.F.);
#1306=ORIENTED_EDGE('',*,*,#972,.F.);
#1307=ORIENTED_EDGE('',*,*,#865,.T.);
#1308=ORIENTED_EDGE('',*,*,#974,.T.);
#1309=ORIENTED_EDGE('',*,*,#967,.F.);
#1310=ORIENTED_EDGE('',*,*,#974,.F.);
#1311=ORIENTED_EDGE('',*,*,#956,.T.);
#1312=ORIENTED_EDGE('',*,*,#975,.F.);
#1313=ORIENTED_EDGE('',*,*,#941,.F.);
#1314=ORIENTED_EDGE('',*,*,#976,.F.);
#1315=ORIENTED_EDGE('',*,*,#971,.T.);
#1316=ORIENTED_EDGE('',*,*,#957,.T.);
#1317=ORIENTED_EDGE('',*,*,#976,.T.);
#1318=ORIENTED_EDGE('',*,*,#940,.F.);
#1319=ORIENTED_EDGE('',*,*,#946,.T.);
#1320=ORIENTED_EDGE('',*,*,#955,.T.);
#1321=ORIENTED_EDGE('',*,*,#963,.T.);
#1322=ORIENTED_EDGE('',*,*,#942,.T.);
#1323=ORIENTED_EDGE('',*,*,#975,.T.);
#1324=ORIENTED_EDGE('',*,*,#958,.T.);
#1325=ORIENTED_EDGE('',*,*,#977,.F.);
#1326=ORIENTED_EDGE('',*,*,#920,.F.);
#1327=ORIENTED_EDGE('',*,*,#966,.F.);
#1328=ORIENTED_EDGE('',*,*,#961,.T.);
#1329=ORIENTED_EDGE('',*,*,#965,.T.);
#1330=ORIENTED_EDGE('',*,*,#921,.F.);
#1331=ORIENTED_EDGE('',*,*,#977,.T.);
#1332=ORIENTED_EDGE('',*,*,#952,.T.);
#1333=ORIENTED_EDGE('',*,*,#978,.F.);
#1334=ORIENTED_EDGE('',*,*,#912,.T.);
#1335=ORIENTED_EDGE('',*,*,#923,.T.);
#1336=ORIENTED_EDGE('',*,*,#951,.T.);
#1337=ORIENTED_EDGE('',*,*,#979,.T.);
#1338=ORIENTED_EDGE('',*,*,#913,.T.);
#1339=ORIENTED_EDGE('',*,*,#978,.T.);
#1340=ORIENTED_EDGE('',*,*,#973,.T.);
#1341=ORIENTED_EDGE('',*,*,#950,.T.);
#1342=ORIENTED_EDGE('',*,*,#969,.T.);
#1343=ORIENTED_EDGE('',*,*,#914,.T.);
#1344=ORIENTED_EDGE('',*,*,#979,.F.);
#1345=ORIENTED_EDGE('',*,*,#980,.T.);
#1346=ORIENTED_EDGE('',*,*,#981,.T.);
#1347=ORIENTED_EDGE('',*,*,#982,.F.);
#1348=ORIENTED_EDGE('',*,*,#981,.F.);
#1349=ORIENTED_EDGE('',*,*,#982,.T.);
#1350=ORIENTED_EDGE('',*,*,#980,.F.);
#1351=ORIENTED_EDGE('',*,*,#983,.T.);
#1352=ORIENTED_EDGE('',*,*,#984,.T.);
#1353=ORIENTED_EDGE('',*,*,#985,.F.);
#1354=ORIENTED_EDGE('',*,*,#984,.F.);
#1355=ORIENTED_EDGE('',*,*,#985,.T.);
#1356=ORIENTED_EDGE('',*,*,#983,.F.);
#1357=ORIENTED_EDGE('',*,*,#986,.F.);
#1358=ORIENTED_EDGE('',*,*,#987,.T.);
#1359=ORIENTED_EDGE('',*,*,#988,.T.);
#1360=ORIENTED_EDGE('',*,*,#987,.F.);
#1361=ORIENTED_EDGE('',*,*,#986,.T.);
#1362=ORIENTED_EDGE('',*,*,#988,.F.);
#1363=ORIENTED_EDGE('',*,*,#989,.T.);
#1364=ORIENTED_EDGE('',*,*,#990,.T.);
#1365=ORIENTED_EDGE('',*,*,#991,.F.);
#1366=ORIENTED_EDGE('',*,*,#990,.F.);
#1367=ORIENTED_EDGE('',*,*,#991,.T.);
#1368=ORIENTED_EDGE('',*,*,#989,.F.);
#1369=ORIENTED_EDGE('',*,*,#992,.T.);
#1370=ORIENTED_EDGE('',*,*,#993,.T.);
#1371=ORIENTED_EDGE('',*,*,#994,.F.);
#1372=ORIENTED_EDGE('',*,*,#993,.F.);
#1373=ORIENTED_EDGE('',*,*,#994,.T.);
#1374=ORIENTED_EDGE('',*,*,#992,.F.);
#1375=ORIENTED_EDGE('',*,*,#995,.T.);
#1376=ORIENTED_EDGE('',*,*,#996,.F.);
#1377=ORIENTED_EDGE('',*,*,#997,.T.);
#1378=ORIENTED_EDGE('',*,*,#998,.T.);
#1379=ORIENTED_EDGE('',*,*,#995,.F.);
#1380=ORIENTED_EDGE('',*,*,#999,.F.);
#1381=ORIENTED_EDGE('',*,*,#1000,.T.);
#1382=ORIENTED_EDGE('',*,*,#998,.F.);
#1383=ORIENTED_EDGE('',*,*,#1001,.F.);
#1384=ORIENTED_EDGE('',*,*,#1002,.T.);
#1385=ORIENTED_EDGE('',*,*,#1000,.F.);
#1386=ORIENTED_EDGE('',*,*,#1003,.F.);
#1387=ORIENTED_EDGE('',*,*,#1004,.T.);
#1388=ORIENTED_EDGE('',*,*,#1002,.F.);
#1389=ORIENTED_EDGE('',*,*,#1005,.F.);
#1390=ORIENTED_EDGE('',*,*,#1006,.T.);
#1391=ORIENTED_EDGE('',*,*,#1004,.F.);
#1392=ORIENTED_EDGE('',*,*,#1007,.F.);
#1393=ORIENTED_EDGE('',*,*,#1008,.T.);
#1394=ORIENTED_EDGE('',*,*,#1006,.F.);
#1395=ORIENTED_EDGE('',*,*,#1009,.F.);
#1396=ORIENTED_EDGE('',*,*,#1010,.T.);
#1397=ORIENTED_EDGE('',*,*,#1008,.F.);
#1398=ORIENTED_EDGE('',*,*,#1011,.F.);
#1399=ORIENTED_EDGE('',*,*,#1012,.T.);
#1400=ORIENTED_EDGE('',*,*,#1010,.F.);
#1401=ORIENTED_EDGE('',*,*,#1013,.F.);
#1402=ORIENTED_EDGE('',*,*,#1013,.T.);
#1403=ORIENTED_EDGE('',*,*,#1011,.T.);
#1404=ORIENTED_EDGE('',*,*,#1009,.T.);
#1405=ORIENTED_EDGE('',*,*,#1007,.T.);
#1406=ORIENTED_EDGE('',*,*,#1005,.T.);
#1407=ORIENTED_EDGE('',*,*,#1003,.T.);
#1408=ORIENTED_EDGE('',*,*,#1001,.T.);
#1409=ORIENTED_EDGE('',*,*,#999,.T.);
#1410=ORIENTED_EDGE('',*,*,#997,.F.);
#1411=ORIENTED_EDGE('',*,*,#1014,.T.);
#1412=ORIENTED_EDGE('',*,*,#996,.T.);
#1413=ORIENTED_EDGE('',*,*,#1012,.F.);
#1414=ORIENTED_EDGE('',*,*,#1014,.F.);
#1415=CYLINDRICAL_SURFACE('',#1547,0.05085);
#1416=CYLINDRICAL_SURFACE('',#1551,0.05085);
#1417=CYLINDRICAL_SURFACE('',#1555,0.05085);
#1418=CYLINDRICAL_SURFACE('',#1559,0.05085);
#1419=CYLINDRICAL_SURFACE('',#1613,0.25085);
#1420=CYLINDRICAL_SURFACE('',#1615,0.25085);
#1421=CYLINDRICAL_SURFACE('',#1622,0.035850000000032);
#1422=CYLINDRICAL_SURFACE('',#1625,0.035850000000032);
#1423=CYLINDRICAL_SURFACE('',#1628,0.10085);
#1424=CYLINDRICAL_SURFACE('',#1632,0.10085);
#1425=CYLINDRICAL_SURFACE('',#1636,0.10085);
#1426=CYLINDRICAL_SURFACE('',#1640,0.10085);
#1427=CYLINDRICAL_SURFACE('',#1663,0.35085);
#1428=CYLINDRICAL_SURFACE('',#1666,0.25085);
#1429=ADVANCED_FACE('',(#178),#1415,.F.);
#1430=ADVANCED_FACE('',(#179),#105,.F.);
#1431=ADVANCED_FACE('',(#180),#1416,.F.);
#1432=ADVANCED_FACE('',(#181),#106,.F.);
#1433=ADVANCED_FACE('',(#182),#1417,.F.);
#1434=ADVANCED_FACE('',(#183),#107,.F.);
#1435=ADVANCED_FACE('',(#184),#1418,.F.);
#1436=ADVANCED_FACE('',(#185),#108,.F.);
#1437=ADVANCED_FACE('',(#186),#109,.F.);
#1438=ADVANCED_FACE('',(#187,#31),#55,.F.);
#1439=ADVANCED_FACE('',(#188),#110,.T.);
#1440=ADVANCED_FACE('',(#189),#111,.T.);
#1441=ADVANCED_FACE('',(#190),#112,.T.);
#1442=ADVANCED_FACE('',(#191),#113,.T.);
#1443=ADVANCED_FACE('',(#192),#114,.T.);
#1444=ADVANCED_FACE('',(#193),#115,.T.);
#1445=ADVANCED_FACE('',(#194),#116,.T.);
#1446=ADVANCED_FACE('',(#195),#117,.T.);
#1447=ADVANCED_FACE('',(#196),#118,.T.);
#1448=ADVANCED_FACE('',(#197),#119,.T.);
#1449=ADVANCED_FACE('',(#198,#32),#56,.T.);
#1450=ADVANCED_FACE('',(#199,#33),#120,.T.);
#1451=ADVANCED_FACE('',(#200,#34),#121,.F.);
#1452=ADVANCED_FACE('',(#201),#57,.T.);
#1453=ADVANCED_FACE('',(#202),#122,.F.);
#1454=ADVANCED_FACE('',(#203),#58,.T.);
#1455=ADVANCED_FACE('',(#204),#123,.F.);
#1456=ADVANCED_FACE('',(#205,#35),#124,.T.);
#1457=ADVANCED_FACE('',(#206),#1419,.F.);
#1458=ADVANCED_FACE('',(#207,#36),#1420,.F.);
#1459=ADVANCED_FACE('',(#208),#125,.F.);
#1460=ADVANCED_FACE('',(#209),#126,.T.);
#1461=ADVANCED_FACE('',(#210),#59,.T.);
#1462=ADVANCED_FACE('',(#211),#1421,.F.);
#1463=ADVANCED_FACE('',(#212),#1422,.F.);
#1464=ADVANCED_FACE('',(#213),#1423,.F.);
#1465=ADVANCED_FACE('',(#214),#127,.T.);
#1466=ADVANCED_FACE('',(#215),#1424,.F.);
#1467=ADVANCED_FACE('',(#216),#128,.T.);
#1468=ADVANCED_FACE('',(#217),#1425,.F.);
#1469=ADVANCED_FACE('',(#218),#129,.T.);
#1470=ADVANCED_FACE('',(#219),#1426,.F.);
#1471=ADVANCED_FACE('',(#220),#130,.T.);
#1472=ADVANCED_FACE('',(#221,#37,#38,#39,#40),#131,.T.);
#1473=ADVANCED_FACE('',(#222,#41,#42,#43),#132,.F.);
#1474=ADVANCED_FACE('',(#223),#133,.F.);
#1475=ADVANCED_FACE('',(#224),#134,.T.);
#1476=ADVANCED_FACE('',(#225),#135,.T.);
#1477=ADVANCED_FACE('',(#226,#44,#45),#136,.T.);
#1478=ADVANCED_FACE('',(#227),#137,.T.);
#1479=ADVANCED_FACE('',(#228),#138,.T.);
#1480=ADVANCED_FACE('',(#229),#139,.T.);
#1481=ADVANCED_FACE('',(#230,#46),#140,.T.);
#1482=ADVANCED_FACE('',(#231,#47,#48,#49,#50,#51),#141,.T.);
#1483=ADVANCED_FACE('',(#232),#142,.F.);
#1484=ADVANCED_FACE('',(#233),#143,.T.);
#1485=ADVANCED_FACE('',(#234),#144,.T.);
#1486=ADVANCED_FACE('',(#235,#52),#145,.T.);
#1487=ADVANCED_FACE('',(#236),#146,.F.);
#1488=ADVANCED_FACE('',(#237),#147,.T.);
#1489=ADVANCED_FACE('',(#238),#148,.F.);
#1490=ADVANCED_FACE('',(#239),#1427,.F.);
#1491=ADVANCED_FACE('',(#240),#1428,.F.);
#1492=ADVANCED_FACE('',(#241,#53),#149,.T.);
#1493=ADVANCED_FACE('',(#242),#150,.T.);
#1494=ADVANCED_FACE('',(#243),#151,.T.);
#1495=ADVANCED_FACE('',(#244),#152,.F.);
#1496=ADVANCED_FACE('',(#245),#153,.T.);
#1497=ADVANCED_FACE('',(#246),#154,.F.);
#1498=ADVANCED_FACE('',(#247,#54),#155,.F.);
#1499=ADVANCED_FACE('',(#248),#156,.F.);
#1500=ADVANCED_FACE('',(#249),#60,.F.);
#1501=ADVANCED_FACE('',(#250),#157,.T.);
#1502=ADVANCED_FACE('',(#251),#158,.F.);
#1503=ADVANCED_FACE('',(#252),#61,.F.);
#1504=ADVANCED_FACE('',(#253),#159,.T.);
#1505=ADVANCED_FACE('',(#254),#160,.F.);
#1506=ADVANCED_FACE('',(#255),#62,.F.);
#1507=ADVANCED_FACE('',(#256),#161,.T.);
#1508=ADVANCED_FACE('',(#257),#162,.F.);
#1509=ADVANCED_FACE('',(#258),#63,.F.);
#1510=ADVANCED_FACE('',(#259),#163,.T.);
#1511=ADVANCED_FACE('',(#260),#164,.F.);
#1512=ADVANCED_FACE('',(#261),#64,.F.);
#1513=ADVANCED_FACE('',(#262),#165,.T.);
#1514=ADVANCED_FACE('',(#263),#166,.F.);
#1515=ADVANCED_FACE('',(#264),#167,.T.);
#1516=ADVANCED_FACE('',(#265),#168,.T.);
#1517=ADVANCED_FACE('',(#266),#169,.T.);
#1518=ADVANCED_FACE('',(#267),#170,.T.);
#1519=ADVANCED_FACE('',(#268),#171,.T.);
#1520=ADVANCED_FACE('',(#269),#172,.T.);
#1521=ADVANCED_FACE('',(#270),#173,.T.);
#1522=ADVANCED_FACE('',(#271),#174,.T.);
#1523=ADVANCED_FACE('',(#272),#175,.T.);
#1524=ADVANCED_FACE('',(#273),#176,.T.);
#1525=ADVANCED_FACE('',(#274),#177,.T.);
#1526=CLOSED_SHELL('',(#1429,#1430,#1431,#1432,#1433,#1434,#1435,#1436,
#1437,#1438,#1439,#1440,#1441,#1442,#1443,#1444,#1445,#1446,#1447,#1448,
#1449,#1450,#1451,#1452,#1453,#1454,#1455,#1456,#1457,#1458,#1459,#1460,
#1461,#1462,#1463,#1464,#1465,#1466,#1467,#1468,#1469,#1470,#1471,#1472,
#1473,#1474,#1475,#1476,#1477,#1478,#1479,#1480,#1481,#1482,#1483,#1484,
#1485,#1486,#1487,#1488,#1489,#1490,#1491,#1492,#1493,#1494,#1495,#1496,
#1497,#1498,#1499));
#1527=CLOSED_SHELL('',(#1500,#1501,#1502));
#1528=CLOSED_SHELL('',(#1503,#1504,#1505));
#1529=CLOSED_SHELL('',(#1506,#1507,#1508));
#1530=CLOSED_SHELL('',(#1509,#1510,#1511));
#1531=CLOSED_SHELL('',(#1512,#1513,#1514));
#1532=CLOSED_SHELL('',(#1515,#1516,#1517,#1518,#1519,#1520,#1521,#1522,
#1523,#1524,#1525));
#1533=DERIVED_UNIT_ELEMENT(#1535,1.);
#1534=DERIVED_UNIT_ELEMENT(#2767,-3.);
#1535=(
MASS_UNIT()
NAMED_UNIT(*)
SI_UNIT(.KILO.,.GRAM.)
);
#1536=DERIVED_UNIT((#1533,#1534));
#1537=MEASURE_REPRESENTATION_ITEM('density measure',
POSITIVE_RATIO_MEASURE(7850.),#1536);
#1538=PROPERTY_DEFINITION_REPRESENTATION(#1543,#1540);
#1539=PROPERTY_DEFINITION_REPRESENTATION(#1544,#1541);
#1540=REPRESENTATION('material name',(#1542),#2764);
#1541=REPRESENTATION('density',(#1537),#2764);
#1542=DESCRIPTIVE_REPRESENTATION_ITEM('Steel','Steel');
#1543=PROPERTY_DEFINITION('material property','material name',#2779);
#1544=PROPERTY_DEFINITION('material property','density of part',#2779);
#1545=AXIS2_PLACEMENT_3D('',#2159,#1707,#1708);
#1546=AXIS2_PLACEMENT_3D('',#2160,#1709,#1710);
#1547=AXIS2_PLACEMENT_3D('',#2161,#1711,#1712);
#1548=AXIS2_PLACEMENT_3D('',#2163,#1713,#1714);
#1549=AXIS2_PLACEMENT_3D('',#2166,#1716,#1717);
#1550=AXIS2_PLACEMENT_3D('',#2167,#1718,#1719);
#1551=AXIS2_PLACEMENT_3D('',#2168,#1720,#1721);
#1552=AXIS2_PLACEMENT_3D('',#2170,#1722,#1723);
#1553=AXIS2_PLACEMENT_3D('',#2173,#1725,#1726);
#1554=AXIS2_PLACEMENT_3D('',#2174,#1727,#1728);
#1555=AXIS2_PLACEMENT_3D('',#2175,#1729,#1730);
#1556=AXIS2_PLACEMENT_3D('',#2177,#1731,#1732);
#1557=AXIS2_PLACEMENT_3D('',#2180,#1734,#1735);
#1558=AXIS2_PLACEMENT_3D('',#2181,#1736,#1737);
#1559=AXIS2_PLACEMENT_3D('',#2182,#1738,#1739);
#1560=AXIS2_PLACEMENT_3D('',#2184,#1740,#1741);
#1561=AXIS2_PLACEMENT_3D('',#2187,#1743,#1744);
#1562=AXIS2_PLACEMENT_3D('',#2188,#1745,#1746);
#1563=AXIS2_PLACEMENT_3D('',#2189,#1747,#1748);
#1564=AXIS2_PLACEMENT_3D('',#2192,#1749,#1750);
#1565=AXIS2_PLACEMENT_3D('',#2193,#1751,#1752);
#1566=AXIS2_PLACEMENT_3D('',#2215,#1754,#1755);
#1567=AXIS2_PLACEMENT_3D('',#2219,#1757,#1758);
#1568=AXIS2_PLACEMENT_3D('',#2221,#1759,#1760);
#1569=AXIS2_PLACEMENT_3D('',#2223,#1761,#1762);
#1570=AXIS2_PLACEMENT_3D('',#2225,#1763,#1764);
#1571=AXIS2_PLACEMENT_3D('',#2227,#1765,#1766);
#1572=AXIS2_PLACEMENT_3D('',#2229,#1767,#1768);
#1573=AXIS2_PLACEMENT_3D('',#2231,#1769,#1770);
#1574=AXIS2_PLACEMENT_3D('',#2233,#1771,#1772);
#1575=AXIS2_PLACEMENT_3D('',#2235,#1773,#1774);
#1576=AXIS2_PLACEMENT_3D('',#2236,#1775,#1776);
#1577=AXIS2_PLACEMENT_3D('',#2237,#1777,#1778);
#1578=AXIS2_PLACEMENT_3D('',#2241,#1780,#1781);
#1579=AXIS2_PLACEMENT_3D('',#2243,#1783,#1784);
#1580=AXIS2_PLACEMENT_3D('',#2246,#1786,#1787);
#1581=AXIS2_PLACEMENT_3D('',#2247,#1788,#1789);
#1582=AXIS2_PLACEMENT_3D('',#2250,#1791,#1792);
#1583=AXIS2_PLACEMENT_3D('',#2251,#1793,#1794);
#1584=AXIS2_PLACEMENT_3D('',#2254,#1796,#1797);
#1585=AXIS2_PLACEMENT_3D('',#2255,#1798,#1799);
#1586=AXIS2_PLACEMENT_3D('',#2258,#1801,#1802);
#1587=AXIS2_PLACEMENT_3D('',#2259,#1803,#1804);
#1588=AXIS2_PLACEMENT_3D('',#2262,#1806,#1807);
#1589=AXIS2_PLACEMENT_3D('',#2263,#1808,#1809);
#1590=AXIS2_PLACEMENT_3D('',#2265,#1810,#1811);
#1591=AXIS2_PLACEMENT_3D('',#2267,#1813,#1814);
#1592=AXIS2_PLACEMENT_3D('',#2269,#1815,#1816);
#1593=AXIS2_PLACEMENT_3D('',#2271,#1818,#1819);
#1594=AXIS2_PLACEMENT_3D('',#2273,#1820,#1821);
#1595=AXIS2_PLACEMENT_3D('',#2275,#1823,#1824);
#1596=AXIS2_PLACEMENT_3D('',#2276,#1825,#1826);
#1597=AXIS2_PLACEMENT_3D('',#2296,#1827,#1828);
#1598=AXIS2_PLACEMENT_3D('',#2299,#1830,#1831);
#1599=AXIS2_PLACEMENT_3D('',#2300,#1832,#1833);
#1600=AXIS2_PLACEMENT_3D('',#2302,#1834,#1835);
#1601=AXIS2_PLACEMENT_3D('',#2303,#1836,#1837);
#1602=AXIS2_PLACEMENT_3D('',#2305,#1838,#1839);
#1603=AXIS2_PLACEMENT_3D('',#2328,#1841,#1842);
#1604=AXIS2_PLACEMENT_3D('',#2331,#1844,#1845);
#1605=AXIS2_PLACEMENT_3D('',#2332,#1846,#1847);
#1606=AXIS2_PLACEMENT_3D('',#2333,#1848,#1849);
#1607=AXIS2_PLACEMENT_3D('',#2353,#1850,#1851);
#1608=AXIS2_PLACEMENT_3D('',#2355,#1853,#1854);
#1609=AXIS2_PLACEMENT_3D('',#2356,#1855,#1856);
#1610=AXIS2_PLACEMENT_3D('',#2357,#1857,#1858);
#1611=AXIS2_PLACEMENT_3D('',#2358,#1859,#1860);
#1612=AXIS2_PLACEMENT_3D('',#2360,#1861,#1862);
#1613=AXIS2_PLACEMENT_3D('',#2361,#1863,#1864);
#1614=AXIS2_PLACEMENT_3D('',#2363,#1865,#1866);
#1615=AXIS2_PLACEMENT_3D('',#2365,#1868,#1869);
#1616=AXIS2_PLACEMENT_3D('',#2368,#1870,#1871);
#1617=AXIS2_PLACEMENT_3D('',#2372,#1873,#1874);
#1618=AXIS2_PLACEMENT_3D('',#2374,#1876,#1877);
#1619=AXIS2_PLACEMENT_3D('',#2375,#1878,#1879);
#1620=AXIS2_PLACEMENT_3D('',#2376,#1880,#1881);
#1621=AXIS2_PLACEMENT_3D('',#2377,#1882,#1883);
#1622=AXIS2_PLACEMENT_3D('',#2396,#1884,#1885);
#1623=AXIS2_PLACEMENT_3D('',#2398,#1886,#1887);
#1624=AXIS2_PLACEMENT_3D('',#2401,#1889,#1890);
#1625=AXIS2_PLACEMENT_3D('',#2402,#1891,#1892);
#1626=AXIS2_PLACEMENT_3D('',#2404,#1893,#1894);
#1627=AXIS2_PLACEMENT_3D('',#2407,#1896,#1897);
#1628=AXIS2_PLACEMENT_3D('',#2408,#1898,#1899);
#1629=AXIS2_PLACEMENT_3D('',#2410,#1900,#1901);
#1630=AXIS2_PLACEMENT_3D('',#2413,#1903,#1904);
#1631=AXIS2_PLACEMENT_3D('',#2414,#1905,#1906);
#1632=AXIS2_PLACEMENT_3D('',#2415,#1907,#1908);
#1633=AXIS2_PLACEMENT_3D('',#2417,#1909,#1910);
#1634=AXIS2_PLACEMENT_3D('',#2420,#1912,#1913);
#1635=AXIS2_PLACEMENT_3D('',#2421,#1914,#1915);
#1636=AXIS2_PLACEMENT_3D('',#2422,#1916,#1917);
#1637=AXIS2_PLACEMENT_3D('',#2424,#1918,#1919);
#1638=AXIS2_PLACEMENT_3D('',#2427,#1921,#1922);
#1639=AXIS2_PLACEMENT_3D('',#2428,#1923,#1924);
#1640=AXIS2_PLACEMENT_3D('',#2429,#1925,#1926);
#1641=AXIS2_PLACEMENT_3D('',#2431,#1927,#1928);
#1642=AXIS2_PLACEMENT_3D('',#2434,#1930,#1931);
#1643=AXIS2_PLACEMENT_3D('',#2435,#1932,#1933);
#1644=AXIS2_PLACEMENT_3D('',#2436,#1934,#1935);
#1645=AXIS2_PLACEMENT_3D('',#2453,#1944,#1945);
#1646=AXIS2_PLACEMENT_3D('',#2475,#1957,#1958);
#1647=AXIS2_PLACEMENT_3D('',#2479,#1961,#1962);
#1648=AXIS2_PLACEMENT_3D('',#2485,#1966,#1967);
#1649=AXIS2_PLACEMENT_3D('',#2499,#1975,#1976);
#1650=AXIS2_PLACEMENT_3D('',#2501,#1978,#1979);
#1651=AXIS2_PLACEMENT_3D('',#2503,#1981,#1982);
#1652=AXIS2_PLACEMENT_3D('',#2509,#1986,#1987);
#1653=AXIS2_PLACEMENT_3D('',#2521,#1994,#1995);
#1654=AXIS2_PLACEMENT_3D('',#2525,#1998,#1999);
#1655=AXIS2_PLACEMENT_3D('',#2554,#2015,#2016);
#1656=AXIS2_PLACEMENT_3D('',#2557,#2019,#2020);
#1657=AXIS2_PLACEMENT_3D('',#2558,#2021,#2022);
#1658=AXIS2_PLACEMENT_3D('',#2561,#2025,#2026);
#1659=AXIS2_PLACEMENT_3D('',#2564,#2028,#2029);
#1660=AXIS2_PLACEMENT_3D('',#2565,#2030,#2031);
#1661=AXIS2_PLACEMENT_3D('',#2568,#2034,#2035);
#1662=AXIS2_PLACEMENT_3D('',#2570,#2037,#2038);
#1663=AXIS2_PLACEMENT_3D('',#2571,#2039,#2040);
#1664=AXIS2_PLACEMENT_3D('',#2573,#2041,#2042);
#1665=AXIS2_PLACEMENT_3D('',#2576,#2044,#2045);
#1666=AXIS2_PLACEMENT_3D('',#2577,#2046,#2047);
#1667=AXIS2_PLACEMENT_3D('',#2579,#2049,#2050);
#1668=AXIS2_PLACEMENT_3D('',#2582,#2053,#2054);
#1669=AXIS2_PLACEMENT_3D('',#2583,#2055,#2056);
#1670=AXIS2_PLACEMENT_3D('',#2584,#2057,#2058);
#1671=AXIS2_PLACEMENT_3D('',#2586,#2060,#2061);
#1672=AXIS2_PLACEMENT_3D('',#2587,#2062,#2063);
#1673=AXIS2_PLACEMENT_3D('',#2589,#2065,#2066);
#1674=AXIS2_PLACEMENT_3D('',#2591,#2068,#2069);
#1675=AXIS2_PLACEMENT_3D('',#2611,#2070,#2071);
#1676=AXIS2_PLACEMENT_3D('',#2614,#2073,#2074);
#1677=AXIS2_PLACEMENT_3D('',#2615,#2075,#2076);
#1678=AXIS2_PLACEMENT_3D('',#2616,#2077,#2078);
#1679=AXIS2_PLACEMENT_3D('',#2636,#2079,#2080);
#1680=AXIS2_PLACEMENT_3D('',#2639,#2082,#2083);
#1681=AXIS2_PLACEMENT_3D('',#2640,#2084,#2085);
#1682=AXIS2_PLACEMENT_3D('',#2641,#2086,#2087);
#1683=AXIS2_PLACEMENT_3D('',#2661,#2088,#2089);
#1684=AXIS2_PLACEMENT_3D('',#2664,#2091,#2092);
#1685=AXIS2_PLACEMENT_3D('',#2665,#2093,#2094);
#1686=AXIS2_PLACEMENT_3D('',#2666,#2095,#2096);
#1687=AXIS2_PLACEMENT_3D('',#2686,#2097,#2098);
#1688=AXIS2_PLACEMENT_3D('',#2689,#2100,#2101);
#1689=AXIS2_PLACEMENT_3D('',#2690,#2102,#2103);
#1690=AXIS2_PLACEMENT_3D('',#2691,#2104,#2105);
#1691=AXIS2_PLACEMENT_3D('',#2711,#2106,#2107);
#1692=AXIS2_PLACEMENT_3D('',#2714,#2109,#2110);
#1693=AXIS2_PLACEMENT_3D('',#2715,#2111,#2112);
#1694=AXIS2_PLACEMENT_3D('',#2716,#2113,#2114);
#1695=AXIS2_PLACEMENT_3D('',#2717,#2115,#2116);
#1696=AXIS2_PLACEMENT_3D('',#2724,#2120,#2121);
#1697=AXIS2_PLACEMENT_3D('',#2728,#2124,#2125);
#1698=AXIS2_PLACEMENT_3D('',#2732,#2128,#2129);
#1699=AXIS2_PLACEMENT_3D('',#2736,#2132,#2133);
#1700=AXIS2_PLACEMENT_3D('',#2740,#2136,#2137);
#1701=AXIS2_PLACEMENT_3D('',#2744,#2140,#2141);
#1702=AXIS2_PLACEMENT_3D('',#2748,#2144,#2145);
#1703=AXIS2_PLACEMENT_3D('',#2752,#2148,#2149);
#1704=AXIS2_PLACEMENT_3D('',#2756,#2152,#2153);
#1705=AXIS2_PLACEMENT_3D('',#2758,#2155,#2156);
#1706=AXIS2_PLACEMENT_3D('',#2759,#2157,#2158);
#1707=DIRECTION('axis',(0.,0.,1.));
#1708=DIRECTION('refdir',(1.,0.,0.));
#1709=DIRECTION('axis',(0.,0.,1.));
#1710=DIRECTION('refdir',(1.,0.,0.));
#1711=DIRECTION('center_axis',(0.,1.,-1.59389681020877E-16));
#1712=DIRECTION('ref_axis',(1.,0.,0.));
#1713=DIRECTION('center_axis',(0.,1.,-2.89377835129227E-16));
#1714=DIRECTION('ref_axis',(1.,0.,0.));
#1715=DIRECTION('',(0.,1.,-1.59389681020877E-16));
#1716=DIRECTION('center_axis',(0.,1.,6.16946292726718E-15));
#1717=DIRECTION('ref_axis',(1.,0.,0.));
#1718=DIRECTION('center_axis',(0.,1.,6.16946292726718E-15));
#1719=DIRECTION('ref_axis',(0.,-6.16946292726718E-15,1.));
#1720=DIRECTION('center_axis',(0.,1.,-1.59389681020877E-16));
#1721=DIRECTION('ref_axis',(1.,0.,0.));
#1722=DIRECTION('center_axis',(0.,1.,-2.89377835129227E-16));
#1723=DIRECTION('ref_axis',(1.,0.,0.));
#1724=DIRECTION('',(0.,1.,-1.59389681020877E-16));
#1725=DIRECTION('center_axis',(0.,1.,6.16946292726718E-15));
#1726=DIRECTION('ref_axis',(1.,0.,0.));
#1727=DIRECTION('center_axis',(0.,1.,6.16946292726718E-15));
#1728=DIRECTION('ref_axis',(0.,-6.16946292726718E-15,1.));
#1729=DIRECTION('center_axis',(0.,1.,-1.59389681020877E-16));
#1730=DIRECTION('ref_axis',(1.,0.,0.));
#1731=DIRECTION('center_axis',(0.,1.,-2.89377835129227E-16));
#1732=DIRECTION('ref_axis',(1.,0.,0.));
#1733=DIRECTION('',(0.,1.,-1.59389681020877E-16));
#1734=DIRECTION('center_axis',(0.,1.,6.16946292726718E-15));
#1735=DIRECTION('ref_axis',(1.,0.,0.));
#1736=DIRECTION('center_axis',(0.,1.,6.16946292726718E-15));
#1737=DIRECTION('ref_axis',(0.,-6.16946292726718E-15,1.));
#1738=DIRECTION('center_axis',(0.,1.,-1.59389681020877E-16));
#1739=DIRECTION('ref_axis',(1.,0.,0.));
#1740=DIRECTION('center_axis',(0.,1.,-2.89377835129227E-16));
#1741=DIRECTION('ref_axis',(1.,0.,0.));
#1742=DIRECTION('',(0.,1.,-1.59389681020877E-16));
#1743=DIRECTION('center_axis',(0.,1.,6.16946292726718E-15));
#1744=DIRECTION('ref_axis',(1.,0.,0.));
#1745=DIRECTION('center_axis',(0.,1.,6.16946292726718E-15));
#1746=DIRECTION('ref_axis',(0.,-6.16946292726718E-15,1.));
#1747=DIRECTION('center_axis',(-1.,-4.91006164328413E-17,2.96532753016712E-16));
#1748=DIRECTION('ref_axis',(2.96532753016712E-16,0.,1.));
#1749=DIRECTION('center_axis',(1.,4.91006164328413E-17,-2.96532753016712E-16));
#1750=DIRECTION('ref_axis',(9.46997965719755E-16,1.,-1.22464679914735E-16));
#1751=DIRECTION('center_axis',(-1.,-4.91006164328413E-17,2.96532753016712E-16));
#1752=DIRECTION('ref_axis',(-1.65131575753995E-16,-0.734591120455895,-0.678510048376111));
#1753=DIRECTION('',(1.,-4.21453935608747E-17,-3.296971798254E-16));
#1754=DIRECTION('center_axis',(1.,-1.0834911827122E-17,-2.92474245193153E-17));
#1755=DIRECTION('ref_axis',(2.26330437720074E-16,0.734591120455895,0.678510048376111));
#1756=DIRECTION('',(-1.,4.21453935608747E-17,3.296971798254E-16));
#1757=DIRECTION('center_axis',(-0.737496334775871,-0.315760115487235,0.596988028070617));
#1758=DIRECTION('ref_axis',(0.670695296177494,-0.238820891114731,0.702233865355801));
#1759=DIRECTION('center_axis',(-0.0955777031688066,-0.713305019550599,0.694306021679846));
#1760=DIRECTION('ref_axis',(-0.995421270453344,0.069317749288864,-0.0658144662105209));
#1761=DIRECTION('center_axis',(-0.543836376253952,0.838255239129713,0.0396251174705945));
#1762=DIRECTION('ref_axis',(0.836779105368316,0.538090771399223,0.101286971294386));
#1763=DIRECTION('center_axis',(-0.866459915280258,-0.0345652317020394,0.498048652211721));
#1764=DIRECTION('ref_axis',(0.469270295003959,0.284087175977359,0.836109960873632));
#1765=DIRECTION('center_axis',(0.339381885758511,0.940007127465102,-0.0347352261228361));
#1766=DIRECTION('ref_axis',(-0.939907462053594,0.34034882379016,0.0271411296859071));
#1767=DIRECTION('center_axis',(-0.339381885758511,0.940007127465102,-0.0347352261228361));
#1768=DIRECTION('ref_axis',(0.939907462053594,0.34034882379016,0.0271411296859064));
#1769=DIRECTION('center_axis',(0.866459915280258,-0.0345652317020394,0.498048652211721));
#1770=DIRECTION('ref_axis',(-0.469270295003959,0.284087175977359,0.836109960873632));
#1771=DIRECTION('center_axis',(0.543836376253952,0.838255239129713,0.0396251174705945));
#1772=DIRECTION('ref_axis',(-0.836779105368316,0.538090771399223,0.101286971294386));
#1773=DIRECTION('center_axis',(0.0955777031688066,-0.713305019550599,0.694306021679846));
#1774=DIRECTION('ref_axis',(0.995421270453344,0.0693177492888637,-0.0658144662105213));
#1775=DIRECTION('center_axis',(0.737496334775871,-0.315760115487235,0.596988028070617));
#1776=DIRECTION('ref_axis',(-0.670695296177494,-0.23882089111473,0.702233865355801));
#1777=DIRECTION('center_axis',(0.339381885758511,-0.940007127465102,0.0347352261228361));
#1778=DIRECTION('ref_axis',(0.,-0.0369268855964861,-0.999317969977596));
#1779=DIRECTION('',(5.43173563055177E-17,-0.0369268855964862,-0.999317969977596));
#1780=DIRECTION('center_axis',(0.339381885758511,-0.940007127465102,0.0347352261228361));
#1781=DIRECTION('ref_axis',(0.939907563763007,0.340348759939505,0.0271384079991977));
#1782=DIRECTION('',(0.497291612571911,0.147953664303302,-0.85487470736059));
#1783=DIRECTION('center_axis',(-0.339381885758511,-0.940007127465102,0.0347352261228361));
#1784=DIRECTION('ref_axis',(0.,-0.0369268855964861,-0.999317969977596));
#1785=DIRECTION('',(-0.497291612571911,0.147953664303302,-0.85487470736059));
#1786=DIRECTION('center_axis',(-0.339381885758511,-0.940007127465102,0.0347352261228361));
#1787=DIRECTION('ref_axis',(-0.939907563763007,0.340348759939504,0.0271384079991987));
#1788=DIRECTION('center_axis',(0.866459915280258,0.0345652317020394,-0.498048652211721));
#1789=DIRECTION('ref_axis',(-0.498346442197068,0.,-0.866977983313028));
#1790=DIRECTION('',(-0.472279202057836,-0.266687366186289,-0.840137015028045));
#1791=DIRECTION('center_axis',(0.866459915280258,0.0345652317020394,-0.498048652211721));
#1792=DIRECTION('ref_axis',(0.469234296867597,0.284289544074307,0.836061379190066));
#1793=DIRECTION('center_axis',(0.543836376253952,-0.838255239129713,-0.0396251174705945));
#1794=DIRECTION('ref_axis',(-0.0726695624737012,0.,-0.997356072167749));
#1795=DIRECTION('',(-0.713671998439037,-0.437136891708755,-0.547342321176829));
#1796=DIRECTION('center_axis',(0.543836376253952,-0.838255239129713,-0.0396251174705945));
#1797=DIRECTION('ref_axis',(0.836780704127406,0.538092990387391,0.101261971618166));
#1798=DIRECTION('center_axis',(0.0955777031688066,0.713305019550599,-0.694306021679846));
#1799=DIRECTION('ref_axis',(-0.990657526972849,0.,-0.136373253433506));
#1800=DIRECTION('',(-0.293472330059697,-0.646304629833958,-0.704389321997802));
#1801=DIRECTION('center_axis',(0.0955777031688066,0.713305019550599,-0.694306021679846));
#1802=DIRECTION('ref_axis',(-0.995421254506323,0.0693271061314971,-0.0658048511318835));
#1803=DIRECTION('center_axis',(0.737496334775871,0.315760115487235,-0.596988028070617));
#1804=DIRECTION('ref_axis',(-0.629177336094704,0.,-0.777261783278177));
#1805=DIRECTION('',(-8.8616385865789E-18,-0.883966868061311,-0.467549544080492));
#1806=DIRECTION('center_axis',(0.737496334775871,0.315760115487235,-0.596988028070617));
#1807=DIRECTION('ref_axis',(0.670710184915333,-0.238993731586226,0.702160839205186));
#1808=DIRECTION('center_axis',(-0.866459915280258,0.0345652317020394,-0.498048652211721));
#1809=DIRECTION('ref_axis',(-0.498346442197068,0.,0.866977983313028));
#1810=DIRECTION('center_axis',(-0.866459915280258,0.0345652317020394,-0.498048652211721));
#1811=DIRECTION('ref_axis',(-0.469234296867597,0.284289544074306,0.836061379190066));
#1812=DIRECTION('',(0.472279202057836,-0.266687366186289,-0.840137015028045));
#1813=DIRECTION('center_axis',(-0.543836376253952,-0.838255239129713,-0.0396251174705945));
#1814=DIRECTION('ref_axis',(-0.0726695624737011,0.,0.997356072167749));
#1815=DIRECTION('center_axis',(-0.543836376253952,-0.838255239129713,-0.0396251174705945));
#1816=DIRECTION('ref_axis',(-0.836780704127406,0.538092990387391,0.101261971618167));
#1817=DIRECTION('',(0.713671998439037,-0.437136891708755,-0.547342321176829));
#1818=DIRECTION('center_axis',(-0.0955777031688066,0.713305019550599,-0.694306021679846));
#1819=DIRECTION('ref_axis',(-0.990657526972849,0.,0.136373253433506));
#1820=DIRECTION('center_axis',(-0.0955777031688066,0.713305019550599,-0.694306021679846));
#1821=DIRECTION('ref_axis',(0.995421254506323,0.0693271061314965,-0.065804851131884));
#1822=DIRECTION('',(0.293472330059697,-0.646304629833958,-0.704389321997802));
#1823=DIRECTION('center_axis',(-0.737496334775871,0.315760115487235,-0.596988028070617));
#1824=DIRECTION('ref_axis',(-0.629177336094704,0.,0.777261783278177));
#1825=DIRECTION('center_axis',(-0.737496334775871,0.315760115487235,-0.596988028070617));
#1826=DIRECTION('ref_axis',(-0.670710184915334,-0.238993731586225,0.702160839205186));
#1827=DIRECTION('center_axis',(-1.,1.0834911827122E-17,2.92474245193153E-17));
#1828=DIRECTION('ref_axis',(3.35655633238263E-16,0.734996808291285,0.678070565503048));
#1829=DIRECTION('',(1.,-9.3516706784E-17,-4.40818552279418E-16));
#1830=DIRECTION('center_axis',(-1.,-7.24957598710718E-17,2.32982067445482E-16));
#1831=DIRECTION('ref_axis',(-1.04694130104938E-16,-0.734996808291285,-0.678070565503048));
#1832=DIRECTION('center_axis',(-1.,-7.24957598710718E-17,2.32982067445482E-16));
#1833=DIRECTION('ref_axis',(2.32982067445482E-16,0.,1.));
#1834=DIRECTION('center_axis',(-1.,-7.24957598710718E-17,2.32982067445482E-16));
#1835=DIRECTION('ref_axis',(9.46997965719755E-16,1.,-1.22464679914735E-16));
#1836=DIRECTION('center_axis',(1.,-1.0834911827122E-17,-2.92474245193153E-17));
#1837=DIRECTION('ref_axis',(-2.92474245193153E-17,0.,-1.));
#1838=DIRECTION('center_axis',(1.,-1.0834911827122E-17,-2.92474245193153E-17));
#1839=DIRECTION('ref_axis',(-2.7795443294372E-17,-0.734996808291286,-0.678070565503048));
#1840=DIRECTION('',(-1.,3.39711740835859E-17,7.33499260180902E-17));
#1841=DIRECTION('center_axis',(1.,-1.61633164749464E-17,-4.36307545576373E-17));
#1842=DIRECTION('ref_axis',(-4.14647164367094E-17,-0.734996808291286,-0.678070565503048));
#1843=DIRECTION('',(1.,-3.39711740835859E-17,-7.33499260180902E-17));
#1844=DIRECTION('center_axis',(-1.,1.0834911827122E-17,2.92474245193153E-17));
#1845=DIRECTION('ref_axis',(-7.22624843043245E-17,-0.734996808291286,-0.678070565503048));
#1846=DIRECTION('center_axis',(1.,-1.61633164749464E-17,-4.36307545576373E-17));
#1847=DIRECTION('ref_axis',(-4.36307545576373E-17,0.,-1.));
#1848=DIRECTION('center_axis',(-1.,1.61633164749464E-17,4.36307545576373E-17));
#1849=DIRECTION('ref_axis',(9.46997965719755E-16,1.,-1.22464679914735E-16));
#1850=DIRECTION('center_axis',(1.,-1.0834911827122E-17,-2.92474245193153E-17));
#1851=DIRECTION('ref_axis',(-2.7795443294372E-17,-0.734996808291286,-0.678070565503048));
#1852=DIRECTION('',(1.,1.32110144445092E-15,2.85249761973015E-15));
#1853=DIRECTION('center_axis',(1.,-1.0834911827122E-17,-2.92474245193153E-17));
#1854=DIRECTION('ref_axis',(-2.92474245193153E-17,0.,-1.));
#1855=DIRECTION('center_axis',(-1.,1.0834911827122E-17,2.92474245193153E-17));
#1856=DIRECTION('ref_axis',(9.46997965719755E-16,1.,-1.22464679914735E-16));
#1857=DIRECTION('center_axis',(-1.,1.0834911827122E-17,2.92474245193153E-17));
#1858=DIRECTION('ref_axis',(9.46997965719755E-16,1.,-1.22464679914735E-16));
#1859=DIRECTION('center_axis',(1.,-1.0834911827122E-17,-2.92474245193153E-17));
#1860=DIRECTION('ref_axis',(-2.92474245193153E-17,0.,-1.));
#1861=DIRECTION('center_axis',(1.,-1.0834911827122E-17,-2.92474245193153E-17));
#1862=DIRECTION('ref_axis',(9.46997965719755E-16,1.,-1.22464679914735E-16));
#1863=DIRECTION('center_axis',(1.,-1.17040934264542E-16,5.73576536721646E-18));
#1864=DIRECTION('ref_axis',(9.46997965719755E-16,1.,-1.22464679914735E-16));
#1865=DIRECTION('center_axis',(1.,0.,0.));
#1866=DIRECTION('ref_axis',(9.46997965719755E-16,1.,-1.22464679914735E-16));
#1867=DIRECTION('',(1.,-1.17040934264542E-16,5.73576536721646E-18));
#1868=DIRECTION('center_axis',(1.,-1.17040934264542E-16,5.73576536721646E-18));
#1869=DIRECTION('ref_axis',(7.47339576642687E-16,-0.669481708096583,0.742828541807652));
#1870=DIRECTION('center_axis',(-1.,1.73243466857074E-16,3.89731656277099E-17));
#1871=DIRECTION('ref_axis',(9.46997965719755E-16,1.,-1.22464679914735E-16));
#1872=DIRECTION('',(-1.,4.63757451896087E-16,7.62437421557859E-16));
#1873=DIRECTION('center_axis',(1.,-1.73243466857074E-16,-3.89731656277099E-17));
#1874=DIRECTION('ref_axis',(9.46997965719755E-16,1.,-1.22464679914735E-16));
#1875=DIRECTION('',(1.,-4.63757451896087E-16,-7.62437421557859E-16));
#1876=DIRECTION('center_axis',(-1.,1.73243466857074E-16,3.89731656277099E-17));
#1877=DIRECTION('ref_axis',(3.89731656277099E-17,0.,1.));
#1878=DIRECTION('center_axis',(-1.,1.73243466857074E-16,3.89731656277099E-17));
#1879=DIRECTION('ref_axis',(-1.53759951653892E-16,-0.734996808291286,-0.678070565503047));
#1880=DIRECTION('center_axis',(-1.,1.73243466857074E-16,3.89731656277099E-17));
#1881=DIRECTION('ref_axis',(3.89731656277099E-17,0.,1.));
#1882=DIRECTION('center_axis',(-1.,1.73243466857074E-16,3.89731656277099E-17));
#1883=DIRECTION('ref_axis',(-1.53759951653892E-16,-0.734996808291286,-0.678070565503047));
#1884=DIRECTION('center_axis',(0.,-2.45077763109552E-16,-1.));
#1885=DIRECTION('ref_axis',(1.,0.,0.));
#1886=DIRECTION('center_axis',(0.,-2.60397748689184E-16,-1.));
#1887=DIRECTION('ref_axis',(1.,0.,0.));
#1888=DIRECTION('',(0.,-2.45077763109552E-16,-1.));
#1889=DIRECTION('center_axis',(0.,2.3859388599459E-16,1.));
#1890=DIRECTION('ref_axis',(1.,0.,0.));
#1891=DIRECTION('center_axis',(0.,-2.45077763109552E-16,-1.));
#1892=DIRECTION('ref_axis',(1.,0.,0.));
#1893=DIRECTION('center_axis',(0.,-2.60397748689184E-16,-1.));
#1894=DIRECTION('ref_axis',(1.,0.,0.));
#1895=DIRECTION('',(0.,-2.45077763109552E-16,-1.));
#1896=DIRECTION('center_axis',(0.,2.3859388599459E-16,1.));
#1897=DIRECTION('ref_axis',(1.,0.,0.));
#1898=DIRECTION('center_axis',(0.,2.1573133978649E-16,1.));
#1899=DIRECTION('ref_axis',(1.,0.,0.));
#1900=DIRECTION('center_axis',(0.,-2.97022630612134E-15,1.));
#1901=DIRECTION('ref_axis',(1.,0.,0.));
#1902=DIRECTION('',(0.,2.1573133978649E-16,1.));
#1903=DIRECTION('center_axis',(0.,-4.23325751153998E-15,-1.));
#1904=DIRECTION('ref_axis',(1.,0.,0.));
#1905=DIRECTION('center_axis',(0.,-2.97022630612134E-15,1.));
#1906=DIRECTION('ref_axis',(1.,0.,0.));
#1907=DIRECTION('center_axis',(0.,2.1573133978649E-16,1.));
#1908=DIRECTION('ref_axis',(1.,0.,0.));
#1909=DIRECTION('center_axis',(0.,-2.97022630612134E-15,1.));
#1910=DIRECTION('ref_axis',(1.,0.,0.));
#1911=DIRECTION('',(0.,2.1573133978649E-16,1.));
#1912=DIRECTION('center_axis',(0.,-4.23325751153998E-15,-1.));
#1913=DIRECTION('ref_axis',(1.,0.,0.));
#1914=DIRECTION('center_axis',(0.,-2.97022630612134E-15,1.));
#1915=DIRECTION('ref_axis',(1.,0.,0.));
#1916=DIRECTION('center_axis',(0.,2.1573133978649E-16,1.));
#1917=DIRECTION('ref_axis',(1.,0.,0.));
#1918=DIRECTION('center_axis',(0.,-2.97022630612134E-15,1.));
#1919=DIRECTION('ref_axis',(1.,0.,0.));
#1920=DIRECTION('',(0.,2.1573133978649E-16,1.));
#1921=DIRECTION('center_axis',(0.,-4.23325751153998E-15,-1.));
#1922=DIRECTION('ref_axis',(1.,0.,0.));
#1923=DIRECTION('center_axis',(0.,-2.97022630612134E-15,1.));
#1924=DIRECTION('ref_axis',(1.,0.,0.));
#1925=DIRECTION('center_axis',(0.,2.1573133978649E-16,1.));
#1926=DIRECTION('ref_axis',(1.,0.,0.));
#1927=DIRECTION('center_axis',(0.,-2.97022630612134E-15,1.));
#1928=DIRECTION('ref_axis',(1.,0.,0.));
#1929=DIRECTION('',(0.,2.1573133978649E-16,1.));
#1930=DIRECTION('center_axis',(0.,-4.23325751153998E-15,-1.));
#1931=DIRECTION('ref_axis',(1.,0.,0.));
#1932=DIRECTION('center_axis',(0.,-2.97022630612134E-15,1.));
#1933=DIRECTION('ref_axis',(1.,0.,0.));
#1934=DIRECTION('center_axis',(0.,-1.,2.89377835129227E-16));
#1935=DIRECTION('ref_axis',(0.,-2.89377835129227E-16,-1.));
#1936=DIRECTION('',(1.,0.,0.));
#1937=DIRECTION('',(0.,-2.89377835129227E-16,-1.));
#1938=DIRECTION('',(1.,0.,0.));
#1939=DIRECTION('',(0.,2.89377835129227E-16,1.));
#1940=DIRECTION('',(-1.,0.,0.));
#1941=DIRECTION('',(0.,-2.89377835129227E-16,-1.));
#1942=DIRECTION('',(1.,0.,0.));
#1943=DIRECTION('',(0.,2.89377835129227E-16,1.));
#1944=DIRECTION('center_axis',(0.,2.3859388599459E-16,1.));
#1945=DIRECTION('ref_axis',(1.,0.,0.));
#1946=DIRECTION('',(0.,1.,-2.3859388599459E-16));
#1947=DIRECTION('',(-1.,0.,0.));
#1948=DIRECTION('',(-1.05625786426459E-16,1.,-2.22044604925031E-16));
#1949=DIRECTION('',(1.,3.54970086709377E-17,-1.10328540463725E-17));
#1950=DIRECTION('',(0.,1.,-2.75290117931438E-16));
#1951=DIRECTION('',(1.,0.,0.));
#1952=DIRECTION('',(0.,1.,-2.3859388599459E-16));
#1953=DIRECTION('',(-1.,0.,0.));
#1954=DIRECTION('',(0.,-1.,2.75290117931438E-16));
#1955=DIRECTION('',(1.,0.,0.));
#1956=DIRECTION('',(0.,1.,-2.75290117931438E-16));
#1957=DIRECTION('center_axis',(1.,0.,0.));
#1958=DIRECTION('ref_axis',(0.,0.,-1.));
#1959=DIRECTION('',(0.,1.,-4.23325751153998E-15));
#1960=DIRECTION('',(0.,4.48604262767292E-16,1.));
#1961=DIRECTION('center_axis',(1.,0.,0.));
#1962=DIRECTION('ref_axis',(0.,0.,-1.));
#1963=DIRECTION('',(0.,1.,-2.60397748689184E-16));
#1964=DIRECTION('',(0.,3.19914430276415E-16,1.));
#1965=DIRECTION('',(0.,1.,-4.23325751153998E-15));
#1966=DIRECTION('center_axis',(0.,-1.,3.19914430276415E-16));
#1967=DIRECTION('ref_axis',(0.,-3.19914430276415E-16,-1.));
#1968=DIRECTION('',(1.,0.,0.));
#1969=DIRECTION('',(-1.,0.,0.));
#1970=DIRECTION('',(0.,-3.19914430276415E-16,-1.));
#1971=DIRECTION('',(1.,0.,0.));
#1972=DIRECTION('',(0.,3.19914430276415E-16,1.));
#1973=DIRECTION('',(1.,-3.48555007706135E-33,-1.08952574413406E-17));
#1974=DIRECTION('',(0.,-3.19914430276415E-16,-1.));
#1975=DIRECTION('center_axis',(0.,2.60397748689184E-16,1.));
#1976=DIRECTION('ref_axis',(1.,0.,0.));
#1977=DIRECTION('',(0.,1.,-2.60397748689184E-16));
#1978=DIRECTION('center_axis',(-1.,0.,0.));
#1979=DIRECTION('ref_axis',(0.,0.,1.));
#1980=DIRECTION('',(0.,-1.,4.23325751153998E-15));
#1981=DIRECTION('center_axis',(1.,0.,0.));
#1982=DIRECTION('ref_axis',(0.,0.,-1.));
#1983=DIRECTION('',(0.,1.,-2.64726528974486E-16));
#1984=DIRECTION('',(0.,3.09965934095355E-16,1.));
#1985=DIRECTION('',(0.,-1.,4.23325751153998E-15));
#1986=DIRECTION('center_axis',(1.08952574413406E-17,2.22044604925031E-16,
1.));
#1987=DIRECTION('ref_axis',(1.,0.,-1.08952574413406E-17));
#1988=DIRECTION('',(0.,1.,-2.64726528974486E-16));
#1989=DIRECTION('',(1.,3.50543065504002E-17,-1.08952574413406E-17));
#1990=DIRECTION('',(-1.06959738349519E-16,1.,-2.22044604925031E-16));
#1991=DIRECTION('',(1.,3.50543065504002E-17,-1.08952574413406E-17));
#1992=DIRECTION('',(1.06959738349519E-16,-1.,2.22044604925031E-16));
#1993=DIRECTION('',(-1.,0.,0.));
#1994=DIRECTION('center_axis',(-1.,0.,0.));
#1995=DIRECTION('ref_axis',(0.,0.,1.));
#1996=DIRECTION('',(0.,1.,-4.23325751153998E-15));
#1997=DIRECTION('',(0.,2.22044604925031E-16,1.));
#1998=DIRECTION('center_axis',(0.,4.23325751153998E-15,1.));
#1999=DIRECTION('ref_axis',(1.,0.,0.));
#2000=DIRECTION('',(0.,-1.,4.23325751153998E-15));
#2001=DIRECTION('',(-1.,0.,0.));
#2002=DIRECTION('',(0.,-1.,4.23325751153998E-15));
#2003=DIRECTION('',(-1.,-3.54970086709377E-17,1.50267978593447E-31));
#2004=DIRECTION('',(1.05625786426461E-16,-1.,4.23325751153998E-15));
#2005=DIRECTION('',(1.,0.,0.));
#2006=DIRECTION('',(-1.,0.,0.));
#2007=DIRECTION('',(1.06959738349521E-16,-1.,4.23325751153998E-15));
#2008=DIRECTION('',(-1.,-3.50543065504002E-17,1.48393906516307E-31));
#2009=DIRECTION('',(-1.06959738349521E-16,1.,-4.23325751153998E-15));
#2010=DIRECTION('',(1.,3.50543065504002E-17,-1.48393906516307E-31));
#2011=DIRECTION('',(1.,0.,0.));
#2012=DIRECTION('',(0.,-1.,4.23325751153998E-15));
#2013=DIRECTION('',(-1.,0.,0.));
#2014=DIRECTION('',(0.,1.,-4.23325751153998E-15));
#2015=DIRECTION('center_axis',(-1.,-1.06959738349519E-16,3.44131332081062E-16));
#2016=DIRECTION('ref_axis',(3.44131332081062E-16,0.,1.));
#2017=DIRECTION('',(-3.44131332081062E-16,-3.09965934095355E-16,-1.));
#2018=DIRECTION('',(-3.44131332081062E-16,-2.22044604925031E-16,-1.));
#2019=DIRECTION('center_axis',(0.,-1.,3.09965934095355E-16));
#2020=DIRECTION('ref_axis',(0.,-3.09965934095355E-16,-1.));
#2021=DIRECTION('center_axis',(0.,-1.,2.41936162745023E-16));
#2022=DIRECTION('ref_axis',(0.,-2.41936162745023E-16,-1.));
#2023=DIRECTION('',(0.,2.41936162745023E-16,1.));
#2024=DIRECTION('',(0.,-2.41936162745023E-16,-1.));
#2025=DIRECTION('center_axis',(1.,0.,0.));
#2026=DIRECTION('ref_axis',(0.,0.,-1.));
#2027=DIRECTION('',(0.,-2.41936162745023E-16,-1.));
#2028=DIRECTION('center_axis',(-1.,0.,0.));
#2029=DIRECTION('ref_axis',(9.46997965719755E-16,1.,-1.22464679914735E-16));
#2030=DIRECTION('center_axis',(-1.,0.,0.));
#2031=DIRECTION('ref_axis',(0.,0.,1.));
#2032=DIRECTION('',(0.,2.92461795876004E-16,1.));
#2033=DIRECTION('',(0.,-2.22044604925031E-16,-1.));
#2034=DIRECTION('center_axis',(0.,-1.,2.92461795876004E-16));
#2035=DIRECTION('ref_axis',(0.,-2.92461795876004E-16,-1.));
#2036=DIRECTION('',(0.,2.92461795876004E-16,1.));
#2037=DIRECTION('center_axis',(-1.,0.,0.));
#2038=DIRECTION('ref_axis',(0.,0.,1.));
#2039=DIRECTION('center_axis',(1.,2.25607226198711E-17,-2.45440738423707E-17));
#2040=DIRECTION('ref_axis',(1.52761904186501E-16,2.22044604925031E-16,1.));
#2041=DIRECTION('center_axis',(1.,1.06959738349519E-16,-3.44131332081062E-16));
#2042=DIRECTION('ref_axis',(1.52761904186501E-16,2.22044604925031E-16,1.));
#2043=DIRECTION('',(1.,2.25607226198711E-17,-2.45440738423707E-17));
#2044=DIRECTION('center_axis',(-1.,-1.05625786426459E-16,3.39839486763392E-16));
#2045=DIRECTION('ref_axis',(1.52761904186501E-16,2.22044604925031E-16,1.));
#2046=DIRECTION('center_axis',(1.,-1.17040934264542E-16,5.73576536721646E-18));
#2047=DIRECTION('ref_axis',(9.46997965719755E-16,1.,-1.22464679914735E-16));
#2048=DIRECTION('',(1.,-1.17040934264542E-16,5.73576536721646E-18));
#2049=DIRECTION('center_axis',(-1.,-1.06959738349519E-16,3.44131332081062E-16));
#2050=DIRECTION('ref_axis',(3.44131332081062E-16,0.,1.));
#2051=DIRECTION('',(3.44131332081062E-16,2.22044604925031E-16,1.));
#2052=DIRECTION('',(-3.44131332081062E-16,-2.22044604925031E-16,-1.));
#2053=DIRECTION('center_axis',(-3.50543065504002E-17,1.,-2.22044604925031E-16));
#2054=DIRECTION('ref_axis',(0.,2.22044604925031E-16,1.));
#2055=DIRECTION('center_axis',(3.50543065504002E-17,-1.,2.22044604925031E-16));
#2056=DIRECTION('ref_axis',(0.,-2.22044604925031E-16,-1.));
#2057=DIRECTION('center_axis',(0.,-1.,2.41936162745023E-16));
#2058=DIRECTION('ref_axis',(0.,-2.41936162745023E-16,-1.));
#2059=DIRECTION('',(0.,2.41936162745023E-16,1.));
#2060=DIRECTION('center_axis',(-1.,0.,0.));
#2061=DIRECTION('ref_axis',(0.,0.,1.));
#2062=DIRECTION('center_axis',(0.,-1.,4.48604262767292E-16));
#2063=DIRECTION('ref_axis',(0.,-4.48604262767292E-16,-1.));
#2064=DIRECTION('',(3.39839486763392E-16,2.22044604925031E-16,1.));
#2065=DIRECTION('center_axis',(-1.,-1.05625786426459E-16,3.39839486763392E-16));
#2066=DIRECTION('ref_axis',(3.39839486763392E-16,0.,1.));
#2067=DIRECTION('',(-3.39839486763392E-16,-2.22044604925031E-16,-1.));
#2068=DIRECTION('center_axis',(-3.54970086709377E-17,1.,-2.22044604925031E-16));
#2069=DIRECTION('ref_axis',(0.,2.22044604925031E-16,1.));
#2070=DIRECTION('center_axis',(-1.,2.70665089278516E-16,3.02147063304858E-16));
#2071=DIRECTION('ref_axis',(-4.03851951802967E-16,-0.734343283175449,-0.678778271937973));
#2072=DIRECTION('',(-1.,1.89141443746731E-16,1.69381976216174E-16));
#2073=DIRECTION('center_axis',(-1.,2.70665089278516E-16,3.02147063304858E-16));
#2074=DIRECTION('ref_axis',(-4.03851951802967E-16,-0.734343283175449,-0.678778271937973));
#2075=DIRECTION('center_axis',(-1.,2.70665089278516E-16,3.02147063304858E-16));
#2076=DIRECTION('ref_axis',(3.02147063304858E-16,0.,1.));
#2077=DIRECTION('center_axis',(-1.,2.70665089278516E-16,3.02147063304858E-16));
#2078=DIRECTION('ref_axis',(3.02147063304858E-16,0.,1.));
#2079=DIRECTION('center_axis',(-1.,1.91193398284991E-16,8.54256449864434E-17));
#2080=DIRECTION('ref_axis',(-1.98402361549498E-16,-0.734502286331955,-0.678606212300721));
#2081=DIRECTION('',(-1.,3.14018774689078E-16,4.40294118156881E-16));
#2082=DIRECTION('center_axis',(-1.,1.91193398284991E-16,8.54256449864434E-17));
#2083=DIRECTION('ref_axis',(-1.98402361549498E-16,-0.734502286331955,-0.678606212300721));
#2084=DIRECTION('center_axis',(-1.,1.91193398284991E-16,8.54256449864434E-17));
#2085=DIRECTION('ref_axis',(8.54256449864434E-17,0.,1.));
#2086=DIRECTION('center_axis',(-1.,1.91193398284991E-16,8.54256449864434E-17));
#2087=DIRECTION('ref_axis',(8.54256449864434E-17,0.,1.));
#2088=DIRECTION('center_axis',(1.,1.93639700819052E-16,5.22382671152413E-16));
#2089=DIRECTION('ref_axis',(4.97283222250492E-16,-0.73298464853952,-0.680245180067744));
#2090=DIRECTION('',(-1.,-2.493695338327E-19,-5.38766278461835E-19));
#2091=DIRECTION('center_axis',(1.,1.93639700819052E-16,5.22382671152413E-16));
#2092=DIRECTION('ref_axis',(4.97283222250492E-16,-0.73298464853952,-0.680245180067744));
#2093=DIRECTION('center_axis',(1.,1.93639700819052E-16,5.22382671152413E-16));
#2094=DIRECTION('ref_axis',(5.22382671152413E-16,0.,-1.));
#2095=DIRECTION('center_axis',(1.,1.93639700819052E-16,5.22382671152413E-16));
#2096=DIRECTION('ref_axis',(5.22382671152413E-16,0.,-1.));
#2097=DIRECTION('center_axis',(-1.,-4.91006164328413E-17,2.96532753016712E-16));
#2098=DIRECTION('ref_axis',(-1.65131575753995E-16,-0.734591120455895,-0.678510048376111));
#2099=DIRECTION('',(-1.,4.21453935608747E-17,3.296971798254E-16));
#2100=DIRECTION('center_axis',(-1.,-4.91006164328413E-17,2.96532753016712E-16));
#2101=DIRECTION('ref_axis',(-1.65131575753995E-16,-0.734591120455895,-0.678510048376111));
#2102=DIRECTION('center_axis',(-1.,-4.91006164328413E-17,2.96532753016712E-16));
#2103=DIRECTION('ref_axis',(2.96532753016712E-16,0.,1.));
#2104=DIRECTION('center_axis',(-1.,-4.91006164328413E-17,2.96532753016712E-16));
#2105=DIRECTION('ref_axis',(2.96532753016712E-16,0.,1.));
#2106=DIRECTION('center_axis',(-1.,-3.14803185326596E-17,3.43825130516223E-16));
#2107=DIRECTION('ref_axis',(-2.10204480943394E-16,-0.734489954493024,-0.678619559656835));
#2108=DIRECTION('',(-1.,2.16476777923519E-17,2.85584026085788E-16));
#2109=DIRECTION('center_axis',(-1.,-3.14803185326596E-17,3.43825130516223E-16));
#2110=DIRECTION('ref_axis',(-2.10204480943394E-16,-0.734489954493024,-0.678619559656835));
#2111=DIRECTION('center_axis',(-1.,-3.14803185326596E-17,3.43825130516223E-16));
#2112=DIRECTION('ref_axis',(3.43825130516223E-16,0.,1.));
#2113=DIRECTION('center_axis',(-1.,-3.14803185326596E-17,3.43825130516223E-16));
#2114=DIRECTION('ref_axis',(3.43825130516223E-16,0.,1.));
#2115=DIRECTION('center_axis',(0.737496334775871,0.315760115487235,-0.596988028070617));
#2116=DIRECTION('ref_axis',(-0.629177336094704,0.,-0.777261783278177));
#2117=DIRECTION('',(-0.293472330059697,-0.646304629833958,-0.704389321997802));
#2118=DIRECTION('',(-8.8616385865789E-18,-0.883966868061311,-0.467549544080492));
#2119=DIRECTION('',(0.564005875996003,-0.774194713134785,0.287262803015164));
#2120=DIRECTION('center_axis',(0.0955777031688066,0.713305019550599,-0.694306021679846));
#2121=DIRECTION('ref_axis',(-0.990657526972849,0.,-0.136373253433506));
#2122=DIRECTION('',(-0.713671998439037,-0.437136891708755,-0.547342321176829));
#2123=DIRECTION('',(-0.99453289744757,0.0979016260683809,-0.0363261270672735));
#2124=DIRECTION('center_axis',(0.543836376253952,-0.838255239129713,-0.0396251174705945));
#2125=DIRECTION('ref_axis',(-0.0726695624737012,0.,-0.997356072167749));
#2126=DIRECTION('',(-0.472279202057836,-0.266687366186289,-0.840137015028045));
#2127=DIRECTION('',(0.817559049657997,0.539878609345475,-0.200320461994048));
#2128=DIRECTION('center_axis',(0.866459915280258,0.0345652317020394,-0.498048652211721));
#2129=DIRECTION('ref_axis',(-0.498346442197068,0.,-0.866977983313028));
#2130=DIRECTION('',(-0.497291612571911,0.147953664303302,-0.85487470736059));
#2131=DIRECTION('',(-0.23094430816698,0.912197317111512,-0.338468286815522));
#2132=DIRECTION('center_axis',(-0.339381885758511,-0.940007127465102,0.0347352261228361));
#2133=DIRECTION('ref_axis',(0.,-0.0369268855964861,-0.999317969977596));
#2134=DIRECTION('',(5.43173563055177E-17,-0.0369268855964862,-0.999317969977596));
#2135=DIRECTION('',(0.934819129718624,-0.332943818931359,0.123537881427181));
#2136=DIRECTION('center_axis',(0.339381885758511,-0.940007127465102,0.0347352261228361));
#2137=DIRECTION('ref_axis',(0.,-0.0369268855964861,-0.999317969977596));
#2138=DIRECTION('',(0.497291612571911,0.147953664303302,-0.85487470736059));
#2139=DIRECTION('',(0.934819129718624,0.332943818931359,-0.123537881427181));
#2140=DIRECTION('center_axis',(-0.866459915280258,0.0345652317020394,-0.498048652211721));
#2141=DIRECTION('ref_axis',(-0.498346442197068,0.,0.866977983313028));
#2142=DIRECTION('',(0.472279202057836,-0.266687366186289,-0.840137015028045));
#2143=DIRECTION('',(-0.23094430816698,-0.912197317111512,0.338468286815522));
#2144=DIRECTION('center_axis',(-0.543836376253952,-0.838255239129713,-0.0396251174705945));
#2145=DIRECTION('ref_axis',(-0.0726695624737011,0.,0.997356072167749));
#2146=DIRECTION('',(0.713671998439037,-0.437136891708755,-0.547342321176829));
#2147=DIRECTION('',(0.817559049657997,-0.539878609345475,0.200320461994048));
#2148=DIRECTION('center_axis',(-0.0955777031688066,0.713305019550599,-0.694306021679846));
#2149=DIRECTION('ref_axis',(-0.990657526972849,0.,0.136373253433506));
#2150=DIRECTION('',(0.293472330059697,-0.646304629833958,-0.704389321997802));
#2151=DIRECTION('',(-0.99453289744757,-0.0979016260683809,0.0363261270672734));
#2152=DIRECTION('center_axis',(-2.77856103913909E-17,0.347872329613802,
0.937541914950508));
#2153=DIRECTION('ref_axis',(1.,0.,2.96366593837649E-17));
#2154=DIRECTION('',(-0.564005875996003,-0.774194713134785,0.287262803015164));
#2155=DIRECTION('center_axis',(-0.737496334775871,0.315760115487235,-0.596988028070617));
#2156=DIRECTION('ref_axis',(-0.629177336094704,0.,0.777261783278177));
#2157=DIRECTION('',(0.,0.,1.));
#2158=DIRECTION('',(1.,0.,0.));
#2159=CARTESIAN_POINT('',(0.,0.,0.));
#2160=CARTESIAN_POINT('',(0.,0.,0.));
#2161=CARTESIAN_POINT('Origin',(-5.04660717053692,-8.20085,1.45));
#2162=CARTESIAN_POINT('',(-5.09745717053692,-4.79861717206802,1.45));
#2163=CARTESIAN_POINT('Origin',(-5.04660717053692,-4.79861717206802,1.45));
#2164=CARTESIAN_POINT('',(-5.09745717053692,-4.19915,1.45));
#2165=CARTESIAN_POINT('',(-5.09745717053692,-8.20085,1.45));
#2166=CARTESIAN_POINT('Origin',(-5.04660717053692,-4.19915,1.45));
#2167=CARTESIAN_POINT('Origin',(-5.04660717053692,-4.19915,1.45));
#2168=CARTESIAN_POINT('Origin',(-3.39660717053692,-8.20085,1.45));
#2169=CARTESIAN_POINT('',(-3.44745717053692,-4.79861717206802,1.45));
#2170=CARTESIAN_POINT('Origin',(-3.39660717053692,-4.79861717206802,1.45));
#2171=CARTESIAN_POINT('',(-3.44745717053692,-4.19915,1.45));
#2172=CARTESIAN_POINT('',(-3.44745717053692,-8.20085,1.45));
#2173=CARTESIAN_POINT('Origin',(-3.39660717053692,-4.19915,1.45));
#2174=CARTESIAN_POINT('Origin',(-3.39660717053692,-4.19915,1.45));
#2175=CARTESIAN_POINT('Origin',(-3.44660717053692,-8.20085,0.350000000000004));
#2176=CARTESIAN_POINT('',(-3.49745717053692,-4.79861717206802,0.350000000000003));
#2177=CARTESIAN_POINT('Origin',(-3.44660717053692,-4.79861717206802,0.350000000000003));
#2178=CARTESIAN_POINT('',(-3.49745717053692,-4.19915,0.350000000000003));
#2179=CARTESIAN_POINT('',(-3.49745717053692,-8.20085,0.350000000000004));
#2180=CARTESIAN_POINT('Origin',(-3.44660717053692,-4.19915,0.350000000000003));
#2181=CARTESIAN_POINT('Origin',(-3.44660717053692,-4.19915,0.350000000000003));
#2182=CARTESIAN_POINT('Origin',(-4.99660717053692,-8.20085,0.350000000000004));
#2183=CARTESIAN_POINT('',(-5.04745717053692,-4.79861717206802,0.350000000000003));
#2184=CARTESIAN_POINT('Origin',(-4.99660717053692,-4.79861717206802,0.350000000000003));
#2185=CARTESIAN_POINT('',(-5.04745717053692,-4.19915,0.350000000000003));
#2186=CARTESIAN_POINT('',(-5.04745717053692,-8.20085,0.350000000000004));
#2187=CARTESIAN_POINT('Origin',(-4.99660717053692,-4.19915,0.350000000000003));
#2188=CARTESIAN_POINT('Origin',(-4.99660717053692,-4.19915,0.350000000000003));
#2189=CARTESIAN_POINT('Origin',(-3.22133453341273,-0.590626820271861,0.950000009294203));
#2190=CARTESIAN_POINT('',(-3.22133453341273,-0.341040165033302,0.877598128942682));
#2191=CARTESIAN_POINT('',(-3.22133453341273,-0.54539763230578,0.693418902443202));
#2192=CARTESIAN_POINT('Origin',(-3.22133453341273,-0.583658117726559,0.941333923681058));
#2193=CARTESIAN_POINT('Origin',(-3.22133453341273,-0.590626820271861,0.950000009294203));
#2194=CARTESIAN_POINT('Ctrl Pts',(-3.5731388919478,-0.341040165033302,0.877598128942683));
#2195=CARTESIAN_POINT('Ctrl Pts',(-3.5731388919478,-0.264315266939675,1.07559608751175));
#2196=CARTESIAN_POINT('Ctrl Pts',(-3.5731388919478,-0.431373501553288,1.17976284368864));
#2197=CARTESIAN_POINT('Ctrl Pts',(-3.5731388919478,-0.5984317361669,1.28392959986553));
#2198=CARTESIAN_POINT('Ctrl Pts',(-3.5731388919478,-0.759659019262004,1.13862188643867));
#2199=CARTESIAN_POINT('Ctrl Pts',(-3.5731388919478,-0.920886302357108,0.993314173011808));
#2200=CARTESIAN_POINT('Ctrl Pts',(-3.5731388919478,-0.835381006336171,0.815647009195143));
#2201=CARTESIAN_POINT('Ctrl Pts',(-3.5731388919478,-0.749875710315233,0.637979845378478));
#2202=CARTESIAN_POINT('Ctrl Pts',(-3.5731388919478,-0.54539763230578,0.693418902443203));
#2203=CARTESIAN_POINT('Ctrl Pts',(-3.22133453341273,-0.341040165033302,
0.877598128942682));
#2204=CARTESIAN_POINT('Ctrl Pts',(-3.22133453341273,-0.264315266939675,
1.07559608751175));
#2205=CARTESIAN_POINT('Ctrl Pts',(-3.22133453341273,-0.431373501553288,
1.17976284368864));
#2206=CARTESIAN_POINT('Ctrl Pts',(-3.22133453341273,-0.5984317361669,1.28392959986553));
#2207=CARTESIAN_POINT('Ctrl Pts',(-3.22133453341273,-0.759659019262004,
1.13862188643867));
#2208=CARTESIAN_POINT('Ctrl Pts',(-3.22133453341273,-0.920886302357108,
0.993314173011808));
#2209=CARTESIAN_POINT('Ctrl Pts',(-3.22133453341273,-0.835381006336171,
0.815647009195143));
#2210=CARTESIAN_POINT('Ctrl Pts',(-3.22133453341273,-0.749875710315233,
0.637979845378478));
#2211=CARTESIAN_POINT('Ctrl Pts',(-3.22133453341273,-0.54539763230578,0.693418902443202));
#2212=CARTESIAN_POINT('',(-3.5731388919478,-0.341040165033302,0.877598128942684));
#2213=CARTESIAN_POINT('',(-3.22133453341273,-0.341040165033302,0.877598128942682));
#2214=CARTESIAN_POINT('',(-3.5731388919478,-0.545397632305781,0.693418902443202));
#2215=CARTESIAN_POINT('Origin',(-3.5731388919478,-0.590626820271861,0.950000009294203));
#2216=CARTESIAN_POINT('',(-3.22133453341273,-0.54539763230578,0.693418902443202));
#2217=CARTESIAN_POINT('',(-3.34846226988612,-0.472659495091024,1.20019426083131));
#2218=CARTESIAN_POINT('',(-3.36346234687364,-0.453346162247859,1.19187898253889));
#2219=CARTESIAN_POINT('Origin',(-3.50048146150826,-0.590626820271861,0.950000009294203));
#2220=CARTESIAN_POINT('',(-3.31492043323521,-0.475960887735492,1.2014198756694));
#2221=CARTESIAN_POINT('Origin',(-4.28554997201741,-0.590626820271861,0.950000009294203));
#2222=CARTESIAN_POINT('',(-3.33957703281457,-0.492206083069118,1.20668078961547));
#2223=CARTESIAN_POINT('Origin',(-3.50998252372753,-0.590626820271861,0.950000009294203));
#2224=CARTESIAN_POINT('',(-3.33573890727006,-0.513941927813709,1.21184951643133));
#2225=CARTESIAN_POINT('Origin',(-3.48319311811462,-0.590626820271861,0.950000009294203));
#2226=CARTESIAN_POINT('',(-3.36346234687364,-0.504010467222831,1.20974244879485));
#2227=CARTESIAN_POINT('Origin',(-3.15013989246638,-0.590626820271861,0.950000009294203));
#2228=CARTESIAN_POINT('',(-3.39118578647721,-0.513941927813709,1.21184951643133));
#2229=CARTESIAN_POINT('Origin',(-3.5767848012809,-0.590626820271861,0.950000009294203));
#2230=CARTESIAN_POINT('',(-3.38734766093271,-0.492206083069118,1.20668078961547));
#2231=CARTESIAN_POINT('Origin',(-3.24373157563266,-0.590626820271861,0.950000009294203));
#2232=CARTESIAN_POINT('',(-3.41200426051207,-0.475960887735492,1.2014198756694));
#2233=CARTESIAN_POINT('Origin',(-3.21694217001975,-0.590626820271861,0.950000009294203));
#2234=CARTESIAN_POINT('',(-3.37846242386116,-0.472659495091024,1.20019426083131));
#2235=CARTESIAN_POINT('Origin',(-2.44137472172987,-0.590626820271861,0.950000009294203));
#2236=CARTESIAN_POINT('Origin',(-3.22644323223902,-0.590626820271861,0.950000009294203));
#2237=CARTESIAN_POINT('Origin',(-3.36346234687364,-0.499491504685476,1.33203493017497));
#2238=CARTESIAN_POINT('',(-3.36346234687364,-0.502004637879324,1.26402434328166));
#2239=CARTESIAN_POINT('',(-3.36346234687364,-0.499491504685476,1.33203493017497));
#2240=CARTESIAN_POINT('',(-3.42333393688446,-0.523506610854965,1.26711415387301));
#2241=CARTESIAN_POINT('Origin',(-3.5767848012809,-0.590626820271861,0.950000009294203));
#2242=CARTESIAN_POINT('',(-3.4692300029274,-0.537161558930684,1.34601229941894));
#2243=CARTESIAN_POINT('Origin',(-3.25769469081988,-0.537161558930684,1.34601229941894));
#2244=CARTESIAN_POINT('',(-3.30359075686282,-0.523506610854965,1.26711415387301));
#2245=CARTESIAN_POINT('',(-3.25769469081988,-0.537161558930684,1.34601229941894));
#2246=CARTESIAN_POINT('Origin',(-3.15013989246638,-0.590626820271861,0.950000009294203));
#2247=CARTESIAN_POINT('Origin',(-3.27789451769085,-0.457375102948854,1.31640775601514));
#2248=CARTESIAN_POINT('',(-3.31066711936197,-0.475881187452813,1.25810860665029));
#2249=CARTESIAN_POINT('',(-3.27789451769085,-0.457375102948854,1.31640775601514));
#2250=CARTESIAN_POINT('Origin',(-3.48319311811462,-0.590626820271861,0.950000009294203));
#2251=CARTESIAN_POINT('Origin',(-3.19232668850806,-0.400870021581042,1.29544170214919));
#2252=CARTESIAN_POINT('',(-3.25691626345698,-0.44043229401392,1.24590548950012));
#2253=CARTESIAN_POINT('',(-3.19232668850806,-0.400870021581042,1.29544170214919));
#2254=CARTESIAN_POINT('Origin',(-3.50998252372753,-0.590626820271861,0.950000009294203));
#2255=CARTESIAN_POINT('Origin',(-3.31057851884676,-0.389229334274033,1.29112245738027));
#2256=CARTESIAN_POINT('',(-3.33067365591653,-0.433484205330182,1.24289031238334));
#2257=CARTESIAN_POINT('',(-3.31057851884676,-0.389229334274033,1.29112245738027));
#2258=CARTESIAN_POINT('Origin',(-4.28554997201741,-0.590626820271861,0.950000009294203));
#2259=CARTESIAN_POINT('Origin',(-3.36346234687364,-0.316637218107798,1.26418735382954));
#2260=CARTESIAN_POINT('',(-3.36346234687364,-0.395754419824404,1.22234052344702));
#2261=CARTESIAN_POINT('',(-3.36346234687364,-0.316637218107798,1.26418735382954));
#2262=CARTESIAN_POINT('Origin',(-3.50048146150826,-0.590626820271861,0.950000009294203));
#2263=CARTESIAN_POINT('Origin',(-3.4692300029274,-0.537161558930684,1.34601229941894));
#2264=CARTESIAN_POINT('',(-3.41625757438531,-0.475881187452813,1.25810860665029));
#2265=CARTESIAN_POINT('Origin',(-3.24373157563266,-0.590626820271861,0.950000009294203));
#2266=CARTESIAN_POINT('',(-3.44903017605643,-0.457375102948854,1.31640775601514));
#2267=CARTESIAN_POINT('Origin',(-3.44903017605643,-0.457375102948854,1.31640775601514));
#2268=CARTESIAN_POINT('',(-3.4700084302903,-0.44043229401392,1.24590548950012));
#2269=CARTESIAN_POINT('Origin',(-3.21694217001975,-0.590626820271861,0.950000009294203));
#2270=CARTESIAN_POINT('',(-3.53459800523922,-0.400870021581042,1.29544170214919));
#2271=CARTESIAN_POINT('Origin',(-3.53459800523922,-0.400870021581042,1.29544170214919));
#2272=CARTESIAN_POINT('',(-3.39625103783075,-0.433484205330182,1.24289031238334));
#2273=CARTESIAN_POINT('Origin',(-2.44137472172986,-0.590626820271861,0.950000009294203));
#2274=CARTESIAN_POINT('',(-3.41634617490052,-0.389229334274033,1.29112245738027));
#2275=CARTESIAN_POINT('Origin',(-3.41634617490052,-0.389229334274033,1.29112245738027));
#2276=CARTESIAN_POINT('Origin',(-3.22644323223902,-0.590626820271861,0.950000009294203));
#2277=CARTESIAN_POINT('Ctrl Pts',(-3.5731388919478,-0.837936443712391,0.72184476517754));
#2278=CARTESIAN_POINT('Ctrl Pts',(-3.5731388919478,-0.632355324636272,0.499004438442816));
#2279=CARTESIAN_POINT('Ctrl Pts',(-3.5731388919478,-0.385045701195742,0.727159682559479));
#2280=CARTESIAN_POINT('Ctrl Pts',(-3.5731388919478,-0.137736077755211,0.955314926676142));
#2281=CARTESIAN_POINT('Ctrl Pts',(-3.5731388919478,-0.34331719683133,1.17815525341087));
#2282=CARTESIAN_POINT('Ctrl Pts',(-3.5731388919478,-0.54889831590745,1.40099558014559));
#2283=CARTESIAN_POINT('Ctrl Pts',(-3.5731388919478,-0.79620793934798,1.17284033602893));
#2284=CARTESIAN_POINT('Ctrl Pts',(-3.5731388919478,-1.04351756278851,0.944685091912264));
#2285=CARTESIAN_POINT('Ctrl Pts',(-3.5731388919478,-0.837936443712391,0.72184476517754));
#2286=CARTESIAN_POINT('Ctrl Pts',(-3.17205084102983,-0.837936443712391,
0.72184476517754));
#2287=CARTESIAN_POINT('Ctrl Pts',(-3.17205084102983,-0.632355324636272,
0.499004438442816));
#2288=CARTESIAN_POINT('Ctrl Pts',(-3.17205084102983,-0.385045701195742,
0.727159682559479));
#2289=CARTESIAN_POINT('Ctrl Pts',(-3.17205084102983,-0.137736077755211,
0.955314926676142));
#2290=CARTESIAN_POINT('Ctrl Pts',(-3.17205084102983,-0.343317196831331,
1.17815525341087));
#2291=CARTESIAN_POINT('Ctrl Pts',(-3.17205084102983,-0.54889831590745,1.40099558014559));
#2292=CARTESIAN_POINT('Ctrl Pts',(-3.17205084102983,-0.79620793934798,1.17284033602893));
#2293=CARTESIAN_POINT('Ctrl Pts',(-3.17205084102983,-1.04351756278851,0.944685091912264));
#2294=CARTESIAN_POINT('Ctrl Pts',(-3.17205084102983,-0.837936443712391,
0.72184476517754));
#2295=CARTESIAN_POINT('',(-3.5731388919478,-0.837936443712391,0.72184476517754));
#2296=CARTESIAN_POINT('Origin',(-3.5731388919478,-0.590626820271861,0.950000009294203));
#2297=CARTESIAN_POINT('',(-3.17205084102983,-0.837936443712391,0.72184476517754));
#2298=CARTESIAN_POINT('',(-3.17205084102983,-0.837936443712391,0.72184476517754));
#2299=CARTESIAN_POINT('Origin',(-3.17205084102983,-0.590626820271861,0.950000009294203));
#2300=CARTESIAN_POINT('Origin',(-3.17205084102983,-0.590626820271861,0.950000009294203));
#2301=CARTESIAN_POINT('',(-3.17205084102983,-0.834508117726559,0.941333923681058));
#2302=CARTESIAN_POINT('Origin',(-3.17205084102983,-0.583658117726559,0.941333923681058));
#2303=CARTESIAN_POINT('Origin',(-3.5731388919478,-0.590626844332235,0.950000022925672));
#2304=CARTESIAN_POINT('',(-3.5731388919478,-0.318586262478532,1.20097078782757));
#2305=CARTESIAN_POINT('Origin',(-3.5731388919478,-0.590626844332235,0.950000022925672));
#2306=CARTESIAN_POINT('Ctrl Pts',(-3.5731388919478,-0.335607957168393,0.903959596301584));
#2307=CARTESIAN_POINT('Ctrl Pts',(-3.5731388919478,-0.281962176752785,1.09378935997721));
#2308=CARTESIAN_POINT('Ctrl Pts',(-3.5731388919478,-0.443992748793608,1.18314776105536));
#2309=CARTESIAN_POINT('Ctrl Pts',(-3.5731388919478,-0.606023320834431,1.27250616213351));
#2310=CARTESIAN_POINT('Ctrl Pts',(-3.5731388919478,-0.757295758752825,1.13651662075158));
#2311=CARTESIAN_POINT('Ctrl Pts',(-3.5731388919478,-0.908568196671218,1.00052707936966));
#2312=CARTESIAN_POINT('Ctrl Pts',(-3.5731388919478,-0.837682291345202,0.829232262137217));
#2313=CARTESIAN_POINT('Ctrl Pts',(-3.5731388919478,-0.766796386019186,0.657937444904777));
#2314=CARTESIAN_POINT('Ctrl Pts',(-3.5731388919478,-0.572813773632642,0.690718435929058));
#2315=CARTESIAN_POINT('Ctrl Pts',(-3.5230028875649,-0.335607957168393,0.903959596301584));
#2316=CARTESIAN_POINT('Ctrl Pts',(-3.5230028875649,-0.281962176752785,1.09378935997721));
#2317=CARTESIAN_POINT('Ctrl Pts',(-3.5230028875649,-0.443992748793608,1.18314776105536));
#2318=CARTESIAN_POINT('Ctrl Pts',(-3.5230028875649,-0.606023320834431,1.27250616213351));
#2319=CARTESIAN_POINT('Ctrl Pts',(-3.5230028875649,-0.757295758752825,1.13651662075158));
#2320=CARTESIAN_POINT('Ctrl Pts',(-3.5230028875649,-0.908568196671218,1.00052707936966));
#2321=CARTESIAN_POINT('Ctrl Pts',(-3.5230028875649,-0.837682291345202,0.829232262137217));
#2322=CARTESIAN_POINT('Ctrl Pts',(-3.5230028875649,-0.766796386019186,0.657937444904777));
#2323=CARTESIAN_POINT('Ctrl Pts',(-3.5230028875649,-0.572813773632642,0.690718435929058));
#2324=CARTESIAN_POINT('',(-3.5230028875649,-0.335607957168393,0.903959596301584));
#2325=CARTESIAN_POINT('',(-3.5731388919478,-0.335607957168393,0.903959596301584));
#2326=CARTESIAN_POINT('',(-3.54807089012989,-0.335607957168393,0.903959596301584));
#2327=CARTESIAN_POINT('',(-3.5230028875649,-0.572813773632642,0.690718435929058));
#2328=CARTESIAN_POINT('Origin',(-3.5230028875649,-0.590626844332235,0.950000022925672));
#2329=CARTESIAN_POINT('',(-3.5731388919478,-0.572813773632642,0.690718435929058));
#2330=CARTESIAN_POINT('',(-3.54807089012989,-0.572813773632642,0.690718435929058));
#2331=CARTESIAN_POINT('Origin',(-3.5731388919478,-0.590626844332235,0.950000022925672));
#2332=CARTESIAN_POINT('Origin',(-3.5230028875649,-0.782242084905124,1.02098522146748));
#2333=CARTESIAN_POINT('Origin',(-3.5230028875649,-0.583658117726559,0.941333923681058));
#2334=CARTESIAN_POINT('Ctrl Pts',(-3.62327489707778,-0.318586262478532,
1.20097078782757));
#2335=CARTESIAN_POINT('Ctrl Pts',(-3.62327489707778,-0.544725490194639,
1.44609514369382));
#2336=CARTESIAN_POINT('Ctrl Pts',(-3.62327489707778,-0.816766072048342,
1.19512437879192));
#2337=CARTESIAN_POINT('Ctrl Pts',(-3.62327489707778,-1.08880665390204,0.944153613890017));
#2338=CARTESIAN_POINT('Ctrl Pts',(-3.62327489707778,-0.862667426185938,
0.699029258023772));
#2339=CARTESIAN_POINT('Ctrl Pts',(-3.62327489707778,-0.636528198469831,
0.453904902157528));
#2340=CARTESIAN_POINT('Ctrl Pts',(-3.62327489707778,-0.364487616616128,
0.704875667059427));
#2341=CARTESIAN_POINT('Ctrl Pts',(-3.62327489707778,-0.0924470347624252,
0.955846431961326));
#2342=CARTESIAN_POINT('Ctrl Pts',(-3.62327489707778,-0.318586262478532,
1.20097078782757));
#2343=CARTESIAN_POINT('Ctrl Pts',(-3.5731388919478,-0.318586262478532,1.20097078782757));
#2344=CARTESIAN_POINT('Ctrl Pts',(-3.5731388919478,-0.544725490194639,1.44609514369382));
#2345=CARTESIAN_POINT('Ctrl Pts',(-3.5731388919478,-0.816766072048342,1.19512437879192));
#2346=CARTESIAN_POINT('Ctrl Pts',(-3.5731388919478,-1.08880665390204,0.944153613890017));
#2347=CARTESIAN_POINT('Ctrl Pts',(-3.5731388919478,-0.862667426185937,0.699029258023773));
#2348=CARTESIAN_POINT('Ctrl Pts',(-3.5731388919478,-0.63652819846983,0.453904902157528));
#2349=CARTESIAN_POINT('Ctrl Pts',(-3.5731388919478,-0.364487616616128,0.704875667059427));
#2350=CARTESIAN_POINT('Ctrl Pts',(-3.5731388919478,-0.0924470347624251,
0.955846431961326));
#2351=CARTESIAN_POINT('Ctrl Pts',(-3.5731388919478,-0.318586262478532,1.20097078782757));
#2352=CARTESIAN_POINT('',(-3.62327489707778,-0.318586262478532,1.20097078782757));
#2353=CARTESIAN_POINT('Origin',(-3.62327489707778,-0.590626844332235,0.950000022925672));
#2354=CARTESIAN_POINT('',(-3.62327489707778,-0.318586262478532,1.20097078782757));
#2355=CARTESIAN_POINT('Origin',(-3.5731388919478,-0.590626844332235,0.950000022925672));
#2356=CARTESIAN_POINT('Origin',(-3.5731388919478,-0.583658117726559,0.941333923681058));
#2357=CARTESIAN_POINT('Origin',(-3.5731388919478,-0.583658117726559,0.941333923681058));
#2358=CARTESIAN_POINT('Origin',(-3.62327489707778,-0.590626844332235,0.950000022925672));
#2359=CARTESIAN_POINT('',(-3.62327489707778,-0.834508117726559,0.941333923681058));
#2360=CARTESIAN_POINT('Origin',(-3.62327489707778,-0.583658117726559,0.941333923681058));
#2361=CARTESIAN_POINT('Origin',(-4.36904992065429,-0.583658117726559,0.941333923681058));
#2362=CARTESIAN_POINT('',(-3.69915,-0.834508117726559,0.941333923681058));
#2363=CARTESIAN_POINT('Origin',(-3.69915,-0.583658117726559,0.941333923681058));
#2364=CARTESIAN_POINT('',(-4.36904992065429,-0.834508117726559,0.941333923681058));
#2365=CARTESIAN_POINT('Origin',(-4.36904992065429,-0.583658117726559,0.941333923681058));
#2366=CARTESIAN_POINT('',(-3.22218691244638,-0.593400760209229,0.690673189984185));
#2367=CARTESIAN_POINT('',(-3.22218691244638,-0.333403652139455,0.924058943110504));
#2368=CARTESIAN_POINT('Origin',(-3.22218691244638,-0.583658117726559,0.941333923681058));
#2369=CARTESIAN_POINT('',(-3.37259492866879,-0.333403652139455,0.924058943110504));
#2370=CARTESIAN_POINT('',(-3.22218691244638,-0.333403652139455,0.924058943110504));
#2371=CARTESIAN_POINT('',(-3.37259492866879,-0.593400760209229,0.690673189984185));
#2372=CARTESIAN_POINT('Origin',(-3.37259492866879,-0.583658117726559,0.941333923681058));
#2373=CARTESIAN_POINT('',(-3.22218691244638,-0.593400760209229,0.690673189984185));
#2374=CARTESIAN_POINT('Origin',(-3.37259492866879,-0.590626863939017,0.949999965288562));
#2375=CARTESIAN_POINT('Origin',(-3.37259492866879,-0.590626863939017,0.949999965288562));
#2376=CARTESIAN_POINT('Origin',(-3.22218691244638,-0.590626863939017,0.949999965288562));
#2377=CARTESIAN_POINT('Origin',(-3.22218691244638,-0.590626863939017,0.949999965288562));
#2378=CARTESIAN_POINT('Ctrl Pts',(-3.37259492866879,-0.333403652139455,
0.924058943110504));
#2379=CARTESIAN_POINT('Ctrl Pts',(-3.37259492866879,-0.296069002376153,
1.10641098965537));
#2380=CARTESIAN_POINT('Ctrl Pts',(-3.37259492866879,-0.453817135760504,
1.18517354859818));
#2381=CARTESIAN_POINT('Ctrl Pts',(-3.37259492866879,-0.611565269144854,
1.263936107541));
#2382=CARTESIAN_POINT('Ctrl Pts',(-3.37259492866879,-0.755446102092694,
1.1347818380675));
#2383=CARTESIAN_POINT('Ctrl Pts',(-3.37259492866879,-0.899326935040535,
1.005627568594));
#2384=CARTESIAN_POINT('Ctrl Pts',(-3.37259492866879,-0.838758738148071,
0.839631682960335));
#2385=CARTESIAN_POINT('Ctrl Pts',(-3.37259492866879,-0.778190541255608,
0.673635797326668));
#2386=CARTESIAN_POINT('Ctrl Pts',(-3.37259492866879,-0.593400760209228,
0.690673189984185));
#2387=CARTESIAN_POINT('Ctrl Pts',(-3.22218691244638,-0.333403652139455,
0.924058943110504));
#2388=CARTESIAN_POINT('Ctrl Pts',(-3.22218691244638,-0.296069002376153,
1.10641098965537));
#2389=CARTESIAN_POINT('Ctrl Pts',(-3.22218691244638,-0.453817135760504,
1.18517354859818));
#2390=CARTESIAN_POINT('Ctrl Pts',(-3.22218691244638,-0.611565269144854,
1.263936107541));
#2391=CARTESIAN_POINT('Ctrl Pts',(-3.22218691244638,-0.755446102092694,
1.1347818380675));
#2392=CARTESIAN_POINT('Ctrl Pts',(-3.22218691244638,-0.899326935040535,
1.005627568594));
#2393=CARTESIAN_POINT('Ctrl Pts',(-3.22218691244638,-0.838758738148072,
0.839631682960335));
#2394=CARTESIAN_POINT('Ctrl Pts',(-3.22218691244638,-0.778190541255608,
0.673635797326668));
#2395=CARTESIAN_POINT('Ctrl Pts',(-3.22218691244638,-0.593400760209229,
0.690673189984185));
#2396=CARTESIAN_POINT('Origin',(-4.49500000000003,-3.46446717206802,-0.000849999999998447));
#2397=CARTESIAN_POINT('',(-4.53085000000006,-3.46446717206802,0.19894991912842));
#2398=CARTESIAN_POINT('Origin',(-4.49500000000003,-3.46446717206802,0.19894991912842));
#2399=CARTESIAN_POINT('',(-4.53085000000006,-3.46446717206802,4.01664378840705E-15));
#2400=CARTESIAN_POINT('',(-4.53085000000006,-3.46446717206802,-0.000849999999998447));
#2401=CARTESIAN_POINT('Origin',(-4.49500000000003,-3.46446717206802,4.01664378840705E-15));
#2402=CARTESIAN_POINT('Origin',(-3.89999999999997,-3.46446717206802,-0.000849999999998492));
#2403=CARTESIAN_POINT('',(-3.93585,-3.46446717206802,0.19894991912842));
#2404=CARTESIAN_POINT('Origin',(-3.89999999999997,-3.46446717206802,0.19894991912842));
#2405=CARTESIAN_POINT('',(-3.93585,-3.46446717206802,4.01664378840705E-15));
#2406=CARTESIAN_POINT('',(-3.93585,-3.46446717206802,-0.000849999999998492));
#2407=CARTESIAN_POINT('Origin',(-3.89999999999997,-3.46446717206802,4.01664378840705E-15));
#2408=CARTESIAN_POINT('Origin',(-4.99660717053692,1.95,0.598849974060062));
#2409=CARTESIAN_POINT('',(-5.09745717053692,1.95,0.598849974060062));
#2410=CARTESIAN_POINT('Origin',(-4.99660717053692,1.95,0.598849974060062));
#2411=CARTESIAN_POINT('',(-5.09745717053692,1.95,1.79915002757986));
#2412=CARTESIAN_POINT('',(-5.09745717053692,1.95,0.598849974060062));
#2413=CARTESIAN_POINT('Origin',(-4.99660717053692,1.95,1.79915002757986));
#2414=CARTESIAN_POINT('Origin',(-4.99660717053692,1.95,0.598849974060062));
#2415=CARTESIAN_POINT('Origin',(-4.99660717053692,-0.45,0.598849974060062));
#2416=CARTESIAN_POINT('',(-5.09745717053692,-0.45,0.598849974060062));
#2417=CARTESIAN_POINT('Origin',(-4.99660717053692,-0.45,0.598849974060062));
#2418=CARTESIAN_POINT('',(-5.09745717053692,-0.45,1.79915002757986));
#2419=CARTESIAN_POINT('',(-5.09745717053692,-0.45,0.598849974060062));
#2420=CARTESIAN_POINT('Origin',(-4.99660717053692,-0.45,1.79915002757986));
#2421=CARTESIAN_POINT('Origin',(-4.99660717053692,-0.45,0.598849974060062));
#2422=CARTESIAN_POINT('Origin',(6.10339282946308,2.05,0.598849974060061));
#2423=CARTESIAN_POINT('',(6.00254282946308,2.05,0.598849974060061));
#2424=CARTESIAN_POINT('Origin',(6.10339282946308,2.05,0.598849974060061));
#2425=CARTESIAN_POINT('',(6.00254282946308,2.05,1.79915002757986));
#2426=CARTESIAN_POINT('',(6.00254282946308,2.05,0.598849974060061));
#2427=CARTESIAN_POINT('Origin',(6.10339282946308,2.05,1.79915002757986));
#2428=CARTESIAN_POINT('Origin',(6.10339282946308,2.05,0.598849974060061));
#2429=CARTESIAN_POINT('Origin',(6.10339282946308,0.75,0.598849974060061));
#2430=CARTESIAN_POINT('',(6.00254282946308,0.75,0.598849974060061));
#2431=CARTESIAN_POINT('Origin',(6.10339282946308,0.75,0.598849974060061));
#2432=CARTESIAN_POINT('',(6.00254282946308,0.75,1.79915002757986));
#2433=CARTESIAN_POINT('',(6.00254282946308,0.75,0.598849974060061));
#2434=CARTESIAN_POINT('Origin',(6.10339282946308,0.75,1.79915002757986));
#2435=CARTESIAN_POINT('Origin',(6.10339282946308,0.75,0.598849974060061));
#2436=CARTESIAN_POINT('Origin',(-4.2,-4.79861717206802,1.));
#2437=CARTESIAN_POINT('',(-4.90085,-4.79861717206802,0.19894991912842));
#2438=CARTESIAN_POINT('',(-3.59915,-4.79861717206802,0.19894991912842));
#2439=CARTESIAN_POINT('',(-4.225,-4.79861717206802,0.19894991912842));
#2440=CARTESIAN_POINT('',(-4.90085,-4.79861717206802,1.79915002757988));
#2441=CARTESIAN_POINT('',(-4.90085,-4.79861717206802,1.09989995956421));
#2442=CARTESIAN_POINT('',(-5.2,-4.79861717206802,1.79915002757988));
#2443=CARTESIAN_POINT('',(-1.9,-4.79861717206802,1.79915002757988));
#2444=CARTESIAN_POINT('',(-5.2,-4.79861717206802,4.32085778193331E-15));
#2445=CARTESIAN_POINT('',(-5.2,-4.79861717206802,1.));
#2446=CARTESIAN_POINT('',(-3.2,-4.79861717206802,4.32085778193331E-15));
#2447=CARTESIAN_POINT('',(-4.2,-4.79861717206802,4.27435864480685E-15));
#2448=CARTESIAN_POINT('',(-3.2,-4.79861717206802,1.79915002757988));
#2449=CARTESIAN_POINT('',(-3.2,-4.79861717206802,1.));
#2450=CARTESIAN_POINT('',(-3.59915,-4.79861717206802,1.79915002757988));
#2451=CARTESIAN_POINT('',(-1.9,-4.79861717206802,1.79915002757988));
#2452=CARTESIAN_POINT('',(-3.59915,-4.79861717206802,1.09989995956421));
#2453=CARTESIAN_POINT('Origin',(-4.2,-1.29946717206802,3.48598198575534E-15));
#2454=CARTESIAN_POINT('',(-5.2,2.40053282793198,2.60318460757536E-15));
#2455=CARTESIAN_POINT('',(-5.2,-1.29946717206802,3.48598198575534E-15));
#2456=CARTESIAN_POINT('',(6.70000000000002,2.40053282793198,2.60318460757536E-15));
#2457=CARTESIAN_POINT('',(-4.2,2.40053282793198,2.60318460757536E-15));
#2458=CARTESIAN_POINT('',(6.70000000000002,0.400532827931979,3.04727381742542E-15));
#2459=CARTESIAN_POINT('',(6.70000000000002,1.40053282793198,2.82522921250039E-15));
#2460=CARTESIAN_POINT('',(-0.899999999999997,0.400532827931979,3.04727381742542E-15));
#2461=CARTESIAN_POINT('',(1.15,0.400532827931979,3.10850615738279E-15));
#2462=CARTESIAN_POINT('',(-0.899999999999997,-1.89946717206802,3.68044108866773E-15));
#2463=CARTESIAN_POINT('',(-0.899999999999997,-0.749467172068022,3.36385745304658E-15));
#2464=CARTESIAN_POINT('',(-3.2,-1.89946717206802,3.68044108866773E-15));
#2465=CARTESIAN_POINT('',(-2.05,-1.89946717206802,3.68044108866773E-15));
#2466=CARTESIAN_POINT('',(-3.2,-1.29946717206802,3.48598198575534E-15));
#2467=CARTESIAN_POINT('',(-1.16711497312094,0.365024928556347,3.10862446895044E-15));
#2468=CARTESIAN_POINT('',(-3.16881497312094,0.365024928556347,3.10862446895044E-15));
#2469=CARTESIAN_POINT('',(-2.10898248656047,0.365024928556347,2.99760216648792E-15));
#2470=CARTESIAN_POINT('',(-3.16881497312094,-1.63667507144365,3.5527136788005E-15));
#2471=CARTESIAN_POINT('',(-3.16881497312094,-0.692646121755837,3.33066907387547E-15));
#2472=CARTESIAN_POINT('',(-1.16711497312094,-1.63667507144365,3.5527136788005E-15));
#2473=CARTESIAN_POINT('',(-2.10898248656047,-1.63667507144365,3.5527136788005E-15));
#2474=CARTESIAN_POINT('',(-1.16711497312094,-0.692646121755837,3.33066907387547E-15));
#2475=CARTESIAN_POINT('Origin',(-5.2,-1.29946717206802,1.));
#2476=CARTESIAN_POINT('',(-5.2,2.40053282793198,1.79915002757985));
#2477=CARTESIAN_POINT('',(-5.2,-0.62446717206802,1.79915002757987));
#2478=CARTESIAN_POINT('',(-5.2,2.40053282793198,1.));
#2479=CARTESIAN_POINT('Origin',(-4.90085,-3.20291641615329,1.19979991912842));
#2480=CARTESIAN_POINT('',(-4.90085,-1.60206641615329,0.19894991912842));
#2481=CARTESIAN_POINT('',(-4.90085,-3.20291641615329,0.19894991912842));
#2482=CARTESIAN_POINT('',(-4.90085,-1.60206641615329,1.79915002757987));
#2483=CARTESIAN_POINT('',(-4.90085,-1.60206641615329,1.19979991912842));
#2484=CARTESIAN_POINT('',(-4.90085,-1.57619179411065,1.79915002757987));
#2485=CARTESIAN_POINT('Origin',(-4.25,-1.60206641615329,1.19979991912842));
#2486=CARTESIAN_POINT('',(-4.80085,-1.60206641615329,1.79915002757987));
#2487=CARTESIAN_POINT('',(-1.925,-1.60206641615329,1.79915002757987));
#2488=CARTESIAN_POINT('',(-3.59915,-1.60206641615329,0.19894991912842));
#2489=CARTESIAN_POINT('',(-4.25,-1.60206641615329,0.19894991912842));
#2490=CARTESIAN_POINT('',(-3.59915,-1.60206641615329,1.79915002757987));
#2491=CARTESIAN_POINT('',(-3.59915,-1.60206641615329,1.19979991912842));
#2492=CARTESIAN_POINT('',(-3.69915,-1.60206641615329,1.79915002757987));
#2493=CARTESIAN_POINT('',(-1.925,-1.60206641615329,1.79915002757987));
#2494=CARTESIAN_POINT('',(-3.69915,-1.60206641615329,0.199150000000002));
#2495=CARTESIAN_POINT('',(-3.69915,-1.60206641615329,1.09989995956421));
#2496=CARTESIAN_POINT('',(-4.80085,-1.60206641615329,0.199150000000002));
#2497=CARTESIAN_POINT('',(-2.,-1.60206641615329,0.199150000000004));
#2498=CARTESIAN_POINT('',(-4.80085,-1.60206641615329,1.09989995956421));
#2499=CARTESIAN_POINT('Origin',(-4.25,-3.20291641615329,0.19894991912842));
#2500=CARTESIAN_POINT('',(-3.59915,-3.20291641615329,0.19894991912842));
#2501=CARTESIAN_POINT('Origin',(-3.59915,-3.20291641615329,1.19979991912842));
#2502=CARTESIAN_POINT('',(-3.59915,-1.57619179411065,1.79915002757987));
#2503=CARTESIAN_POINT('Origin',(-4.80085,-0.549467172068021,1.));
#2504=CARTESIAN_POINT('',(-4.80085,0.60138282793198,0.199150000000002));
#2505=CARTESIAN_POINT('',(-4.80085,-0.549467172068021,0.199150000000002));
#2506=CARTESIAN_POINT('',(-4.80085,0.60138282793198,1.79915002757986));
#2507=CARTESIAN_POINT('',(-4.80085,0.60138282793198,1.));
#2508=CARTESIAN_POINT('',(-4.80085,-0.24946717206802,1.79915002757986));
#2509=CARTESIAN_POINT('Origin',(0.250000000000004,1.40053282793198,0.199150000000003));
#2510=CARTESIAN_POINT('',(-3.69915,0.599682827931978,0.199150000000002));
#2511=CARTESIAN_POINT('',(-3.69915,-0.549467172068021,0.199150000000002));
#2512=CARTESIAN_POINT('',(4.75085000000001,0.599682827931979,0.199150000000003));
#2513=CARTESIAN_POINT('',(0.250000000000004,0.599682827931978,0.199150000000003));
#2514=CARTESIAN_POINT('',(4.75085000000001,2.20138282793198,0.199150000000003));
#2515=CARTESIAN_POINT('',(4.75085000000001,1.40053282793198,0.199150000000003));
#2516=CARTESIAN_POINT('',(-4.25085,2.20138282793198,0.199150000000003));
#2517=CARTESIAN_POINT('',(0.250000000000004,2.20138282793198,0.199150000000003));
#2518=CARTESIAN_POINT('',(-4.25085,0.60138282793198,0.199150000000002));
#2519=CARTESIAN_POINT('',(-4.25085,1.40053282793198,0.199150000000003));
#2520=CARTESIAN_POINT('',(-4.25,0.60138282793198,0.199150000000002));
#2521=CARTESIAN_POINT('Origin',(-3.69915,-0.549467172068021,1.));
#2522=CARTESIAN_POINT('',(-3.69915,0.599682827931979,1.79915002757986));
#2523=CARTESIAN_POINT('',(-3.69915,-0.24946717206802,1.79915002757986));
#2524=CARTESIAN_POINT('',(-3.69915,0.599682827931979,1.));
#2525=CARTESIAN_POINT('Origin',(0.400000000000002,0.0505328279319781,1.79915002757986));
#2526=CARTESIAN_POINT('',(-3.2,-1.89946717206802,1.79915002757987));
#2527=CARTESIAN_POINT('',(-3.2,-0.62446717206802,1.79915002757987));
#2528=CARTESIAN_POINT('',(-0.899999999999997,-1.89946717206802,1.79915002757987));
#2529=CARTESIAN_POINT('',(-0.824999999999998,-1.89946717206802,1.79915002757987));
#2530=CARTESIAN_POINT('',(-0.899999999999997,0.400532827931979,1.79915002757986));
#2531=CARTESIAN_POINT('',(-0.899999999999997,-0.34946717206802,1.79915002757986));
#2532=CARTESIAN_POINT('',(6.70000000000002,0.400532827931979,1.79915002757986));
#2533=CARTESIAN_POINT('',(0.775000000000003,0.400532827931979,1.79915002757986));
#2534=CARTESIAN_POINT('',(6.70000000000002,2.40053282793198,1.79915002757985));
#2535=CARTESIAN_POINT('',(6.70000000000002,0.72553282793198,1.79915002757986));
#2536=CARTESIAN_POINT('',(-1.9,2.40053282793198,1.79915002757985));
#2537=CARTESIAN_POINT('',(-4.25085,0.60138282793198,1.79915002757986));
#2538=CARTESIAN_POINT('',(-1.925,0.60138282793198,1.79915002757986));
#2539=CARTESIAN_POINT('',(-4.25085,2.20138282793198,1.79915002757985));
#2540=CARTESIAN_POINT('',(-4.25085,0.72553282793198,1.79915002757986));
#2541=CARTESIAN_POINT('',(4.75085000000001,2.20138282793198,1.79915002757985));
#2542=CARTESIAN_POINT('',(0.325000000000003,2.20138282793198,1.79915002757985));
#2543=CARTESIAN_POINT('',(4.75085000000001,0.599682827931979,1.79915002757986));
#2544=CARTESIAN_POINT('',(4.75085000000001,0.72553282793198,1.79915002757986));
#2545=CARTESIAN_POINT('',(0.325000000000003,0.599682827931979,1.79915002757986));
#2546=CARTESIAN_POINT('',(-3.16881497312094,-1.63667507144365,1.79915002757987));
#2547=CARTESIAN_POINT('',(-1.16711497312094,-1.63667507144365,1.79915002757987));
#2548=CARTESIAN_POINT('',(-0.88398248656047,-1.63667507144365,1.79915002757987));
#2549=CARTESIAN_POINT('',(-3.16881497312094,0.365024928556348,1.79915002757986));
#2550=CARTESIAN_POINT('',(-3.16881497312094,-0.292646121755836,1.79915002757986));
#2551=CARTESIAN_POINT('',(-1.16711497312094,0.365024928556348,1.79915002757986));
#2552=CARTESIAN_POINT('',(-0.88398248656047,0.365024928556347,1.79915002757986));
#2553=CARTESIAN_POINT('',(-1.16711497312094,-0.292646121755836,1.79915002757986));
#2554=CARTESIAN_POINT('Origin',(-4.25085,1.40053282793198,1.));
#2555=CARTESIAN_POINT('',(-4.25085,0.60138282793198,1.));
#2556=CARTESIAN_POINT('',(-4.25085,2.20138282793198,1.));
#2557=CARTESIAN_POINT('Origin',(-4.25,0.60138282793198,1.));
#2558=CARTESIAN_POINT('Origin',(-2.16796497312094,0.365024928556347,1.4));
#2559=CARTESIAN_POINT('',(-3.16881497312094,0.365024928556347,1.4));
#2560=CARTESIAN_POINT('',(-1.16711497312094,0.365024928556347,1.4));
#2561=CARTESIAN_POINT('Origin',(-3.16881497312094,-0.635825071443653,1.4));
#2562=CARTESIAN_POINT('',(-3.16881497312094,-1.63667507144365,1.4));
#2563=CARTESIAN_POINT('',(-3.16881497312094,-0.834508117726559,0.941333923681058));
#2564=CARTESIAN_POINT('Origin',(-3.16881497312094,-0.583658117726559,0.941333923681058));
#2565=CARTESIAN_POINT('Origin',(-0.899999999999997,-0.749467172068021,1.));
#2566=CARTESIAN_POINT('',(-0.899999999999997,-1.89946717206802,1.));
#2567=CARTESIAN_POINT('',(-0.899999999999997,0.400532827931979,1.));
#2568=CARTESIAN_POINT('Origin',(-2.05,-1.89946717206802,1.));
#2569=CARTESIAN_POINT('',(-3.2,-1.89946717206802,1.));
#2570=CARTESIAN_POINT('Origin',(-3.2,-1.29946717206802,1.));
#2571=CARTESIAN_POINT('Origin',(6.85085,1.45053282793198,1.));
#2572=CARTESIAN_POINT('',(4.75085000000001,1.45053282793198,0.649150000000003));
#2573=CARTESIAN_POINT('Origin',(4.75085000000001,1.45053282793198,1.));
#2574=CARTESIAN_POINT('',(6.70000000000002,1.45053282793198,0.649150000000003));
#2575=CARTESIAN_POINT('',(6.85085,1.45053282793198,0.649150000000003));
#2576=CARTESIAN_POINT('Origin',(6.70000000000002,1.45053282793198,1.));
#2577=CARTESIAN_POINT('Origin',(-4.36904992065429,-0.583658117726559,0.941333923681058));
#2578=CARTESIAN_POINT('',(-4.36904992065429,-0.834508117726559,0.941333923681058));
#2579=CARTESIAN_POINT('Origin',(4.75085000000001,1.40053282793198,1.));
#2580=CARTESIAN_POINT('',(4.75085000000001,2.20138282793198,1.));
#2581=CARTESIAN_POINT('',(4.75085000000001,0.599682827931979,1.));
#2582=CARTESIAN_POINT('Origin',(0.250000000000004,0.599682827931979,1.));
#2583=CARTESIAN_POINT('Origin',(0.250000000000004,2.20138282793198,1.));
#2584=CARTESIAN_POINT('Origin',(-2.16796497312094,-1.63667507144365,1.4));
#2585=CARTESIAN_POINT('',(-1.16711497312094,-1.63667507144365,1.4));
#2586=CARTESIAN_POINT('Origin',(-1.16711497312094,-0.635825071443653,1.4));
#2587=CARTESIAN_POINT('Origin',(-4.2,2.40053282793198,1.));
#2588=CARTESIAN_POINT('',(6.70000000000002,2.40053282793198,1.));
#2589=CARTESIAN_POINT('Origin',(6.70000000000002,1.40053282793198,1.));
#2590=CARTESIAN_POINT('',(6.70000000000002,0.400532827931979,1.));
#2591=CARTESIAN_POINT('Origin',(1.15,0.400532827931979,1.));
#2592=CARTESIAN_POINT('Ctrl Pts',(-3.57399128421315,-0.718792280196058,
0.831532346992964));
#2593=CARTESIAN_POINT('Ctrl Pts',(-3.57399128421315,-0.612044377094165,
0.716046025646629));
#2594=CARTESIAN_POINT('Ctrl Pts',(-3.57399128421315,-0.483878960837124,
0.834513643942226));
#2595=CARTESIAN_POINT('Ctrl Pts',(-3.57399128421315,-0.355713544580083,
0.952981262237824));
#2596=CARTESIAN_POINT('Ctrl Pts',(-3.57399128421315,-0.462461447681976,
1.06846758358416));
#2597=CARTESIAN_POINT('Ctrl Pts',(-3.57399128421315,-0.569209350783869,
1.18395390493049));
#2598=CARTESIAN_POINT('Ctrl Pts',(-3.57399128421315,-0.69737476704091,1.0654862866349));
#2599=CARTESIAN_POINT('Ctrl Pts',(-3.57399128421315,-0.825540183297951,
0.947018668339299));
#2600=CARTESIAN_POINT('Ctrl Pts',(-3.57399128421315,-0.718792280196058,
0.831532346992964));
#2601=CARTESIAN_POINT('Ctrl Pts',(-3.04585858849302,-0.718792280196058,
0.831532346992964));
#2602=CARTESIAN_POINT('Ctrl Pts',(-3.04585858849302,-0.612044377094165,
0.716046025646628));
#2603=CARTESIAN_POINT('Ctrl Pts',(-3.04585858849302,-0.483878960837124,
0.834513643942226));
#2604=CARTESIAN_POINT('Ctrl Pts',(-3.04585858849302,-0.355713544580083,
0.952981262237824));
#2605=CARTESIAN_POINT('Ctrl Pts',(-3.04585858849302,-0.462461447681976,
1.06846758358416));
#2606=CARTESIAN_POINT('Ctrl Pts',(-3.04585858849302,-0.569209350783869,
1.18395390493049));
#2607=CARTESIAN_POINT('Ctrl Pts',(-3.04585858849302,-0.69737476704091,1.0654862866349));
#2608=CARTESIAN_POINT('Ctrl Pts',(-3.04585858849302,-0.825540183297951,
0.947018668339299));
#2609=CARTESIAN_POINT('Ctrl Pts',(-3.04585858849302,-0.718792280196058,
0.831532346992964));
#2610=CARTESIAN_POINT('',(-3.04585858849302,-0.718792280196058,0.831532346992964));
#2611=CARTESIAN_POINT('Origin',(-3.04585858849302,-0.590626863939017,0.949999965288561));
#2612=CARTESIAN_POINT('',(-3.57399128421315,-0.718792280196058,0.831532346992964));
#2613=CARTESIAN_POINT('',(-3.04585858849302,-0.718792280196058,0.831532346992964));
#2614=CARTESIAN_POINT('Origin',(-3.57399128421315,-0.590626863939017,0.949999965288562));
#2615=CARTESIAN_POINT('Origin',(-3.57399128421315,-0.590626863939017,0.949999965288562));
#2616=CARTESIAN_POINT('Origin',(-3.04585858849302,-0.590626863939017,0.949999965288561));
#2617=CARTESIAN_POINT('Ctrl Pts',(-3.49878725219523,-0.760010409899381,
0.793506610959806));
#2618=CARTESIAN_POINT('Ctrl Pts',(-3.49878725219523,-0.618999106716885,
0.640880356279582));
#2619=CARTESIAN_POINT('Ctrl Pts',(-3.49878725219523,-0.449615560756521,
0.797373710608338));
#2620=CARTESIAN_POINT('Ctrl Pts',(-3.49878725219523,-0.280232014796156,
0.953867064937094));
#2621=CARTESIAN_POINT('Ctrl Pts',(-3.49878725219523,-0.421243317978652,
1.10649331961732));
#2622=CARTESIAN_POINT('Ctrl Pts',(-3.49878725219523,-0.562254621161149,
1.25911957429754));
#2623=CARTESIAN_POINT('Ctrl Pts',(-3.49878725219523,-0.731638167121513,
1.10262621996879));
#2624=CARTESIAN_POINT('Ctrl Pts',(-3.49878725219523,-0.901021713081878,
0.94613286564003));
#2625=CARTESIAN_POINT('Ctrl Pts',(-3.49878725219523,-0.760010409899381,
0.793506610959806));
#2626=CARTESIAN_POINT('Ctrl Pts',(-3.27147060386162,-0.760010409899382,
0.793506610959805));
#2627=CARTESIAN_POINT('Ctrl Pts',(-3.27147060386162,-0.618999106716885,
0.640880356279582));
#2628=CARTESIAN_POINT('Ctrl Pts',(-3.27147060386162,-0.449615560756521,
0.797373710608338));
#2629=CARTESIAN_POINT('Ctrl Pts',(-3.27147060386162,-0.280232014796156,
0.953867064937094));
#2630=CARTESIAN_POINT('Ctrl Pts',(-3.27147060386162,-0.421243317978652,
1.10649331961732));
#2631=CARTESIAN_POINT('Ctrl Pts',(-3.27147060386162,-0.562254621161149,
1.25911957429754));
#2632=CARTESIAN_POINT('Ctrl Pts',(-3.27147060386162,-0.731638167121513,
1.10262621996879));
#2633=CARTESIAN_POINT('Ctrl Pts',(-3.27147060386162,-0.901021713081878,
0.946132865640029));
#2634=CARTESIAN_POINT('Ctrl Pts',(-3.27147060386162,-0.760010409899382,
0.793506610959805));
#2635=CARTESIAN_POINT('',(-3.27147060386162,-0.760010409899382,0.793506610959805));
#2636=CARTESIAN_POINT('Origin',(-3.27147060386162,-0.590626863939017,0.949999965288562));
#2637=CARTESIAN_POINT('',(-3.49878725219523,-0.760010409899382,0.793506610959806));
#2638=CARTESIAN_POINT('',(-3.27147060386162,-0.760010409899382,0.793506610959805));
#2639=CARTESIAN_POINT('Origin',(-3.49878725219523,-0.590626863939017,0.949999965288562));
#2640=CARTESIAN_POINT('Origin',(-3.49878725219523,-0.590626863939017,0.949999965288562));
#2641=CARTESIAN_POINT('Origin',(-3.27147060386162,-0.590626863939017,0.949999965288562));
#2642=CARTESIAN_POINT('Ctrl Pts',(-3.57399120469488,-0.54902008457698,0.988613106894268));
#2643=CARTESIAN_POINT('Ctrl Pts',(-3.57399120469488,-0.583814377700069,
1.02610500461483));
#2644=CARTESIAN_POINT('Ctrl Pts',(-3.57399120469488,-0.625421137455323,
0.987491920646238));
#2645=CARTESIAN_POINT('Ctrl Pts',(-3.57399120469488,-0.667027897210578,
0.948878836677642));
#2646=CARTESIAN_POINT('Ctrl Pts',(-3.57399120469488,-0.632233604087489,
0.911386938957075));
#2647=CARTESIAN_POINT('Ctrl Pts',(-3.57399120469488,-0.597439310964401,
0.873895041236509));
#2648=CARTESIAN_POINT('Ctrl Pts',(-3.57399120469488,-0.555832551209146,
0.912508125205106));
#2649=CARTESIAN_POINT('Ctrl Pts',(-3.57399120469488,-0.514225791453892,
0.951121209173702));
#2650=CARTESIAN_POINT('Ctrl Pts',(-3.57399120469488,-0.54902008457698,0.988613106894268));
#2651=CARTESIAN_POINT('Ctrl Pts',(-3.27147054244415,-0.54902008457698,0.988613106894268));
#2652=CARTESIAN_POINT('Ctrl Pts',(-3.27147054244415,-0.583814377700069,
1.02610500461483));
#2653=CARTESIAN_POINT('Ctrl Pts',(-3.27147054244415,-0.625421137455323,
0.987491920646238));
#2654=CARTESIAN_POINT('Ctrl Pts',(-3.27147054244415,-0.667027897210578,
0.948878836677642));
#2655=CARTESIAN_POINT('Ctrl Pts',(-3.27147054244415,-0.632233604087489,
0.911386938957075));
#2656=CARTESIAN_POINT('Ctrl Pts',(-3.27147054244415,-0.597439310964401,
0.873895041236509));
#2657=CARTESIAN_POINT('Ctrl Pts',(-3.27147054244415,-0.555832551209146,
0.912508125205106));
#2658=CARTESIAN_POINT('Ctrl Pts',(-3.27147054244415,-0.514225791453892,
0.951121209173702));
#2659=CARTESIAN_POINT('Ctrl Pts',(-3.27147054244415,-0.54902008457698,0.988613106894268));
#2660=CARTESIAN_POINT('',(-3.27147054244415,-0.54902008457698,0.988613106894268));
#2661=CARTESIAN_POINT('Origin',(-3.27147054244415,-0.590626844332235,0.950000022925672));
#2662=CARTESIAN_POINT('',(-3.57399120469488,-0.54902008457698,0.988613106894268));
#2663=CARTESIAN_POINT('',(-3.57399120469488,-0.54902008457698,0.988613106894268));
#2664=CARTESIAN_POINT('Origin',(-3.57399120469488,-0.590626844332235,0.950000022925672));
#2665=CARTESIAN_POINT('Origin',(-3.27147054244415,-0.590626844332235,0.950000022925672));
#2666=CARTESIAN_POINT('Origin',(-3.57399120469488,-0.590626844332235,0.950000022925672));
#2667=CARTESIAN_POINT('Ctrl Pts',(-3.72439920124169,-0.797106819397507,
0.75928336394666));
#2668=CARTESIAN_POINT('Ctrl Pts',(-3.72439920124169,-0.625258341836172,
0.573231048313975));
#2669=CARTESIAN_POINT('Ctrl Pts',(-3.72439920124169,-0.418778342710526,
0.763947693661518));
#2670=CARTESIAN_POINT('Ctrl Pts',(-3.72439920124169,-0.21229834358488,0.954664339009062));
#2671=CARTESIAN_POINT('Ctrl Pts',(-3.72439920124169,-0.384146821146215,
1.14071665464175));
#2672=CARTESIAN_POINT('Ctrl Pts',(-3.72439920124169,-0.55599529870755,1.32676897027443));
#2673=CARTESIAN_POINT('Ctrl Pts',(-3.72439920124169,-0.762475297833196,
1.13605232492689));
#2674=CARTESIAN_POINT('Ctrl Pts',(-3.72439920124169,-0.968955296958842,
0.945335679579345));
#2675=CARTESIAN_POINT('Ctrl Pts',(-3.72439920124169,-0.797106819397507,
0.75928336394666));
#2676=CARTESIAN_POINT('Ctrl Pts',(-3.22133453341273,-0.797106819397507,
0.75928336394666));
#2677=CARTESIAN_POINT('Ctrl Pts',(-3.22133453341273,-0.625258341836172,
0.573231048313975));
#2678=CARTESIAN_POINT('Ctrl Pts',(-3.22133453341273,-0.418778342710526,
0.763947693661518));
#2679=CARTESIAN_POINT('Ctrl Pts',(-3.22133453341273,-0.21229834358488,0.954664339009062));
#2680=CARTESIAN_POINT('Ctrl Pts',(-3.22133453341273,-0.384146821146215,
1.14071665464175));
#2681=CARTESIAN_POINT('Ctrl Pts',(-3.22133453341273,-0.55599529870755,1.32676897027443));
#2682=CARTESIAN_POINT('Ctrl Pts',(-3.22133453341273,-0.762475297833196,
1.13605232492689));
#2683=CARTESIAN_POINT('Ctrl Pts',(-3.22133453341273,-0.968955296958842,
0.945335679579345));
#2684=CARTESIAN_POINT('Ctrl Pts',(-3.22133453341273,-0.797106819397507,
0.75928336394666));
#2685=CARTESIAN_POINT('',(-3.22133453341273,-0.797106819397507,0.75928336394666));
#2686=CARTESIAN_POINT('Origin',(-3.22133453341273,-0.590626820271861,0.950000009294203));
#2687=CARTESIAN_POINT('',(-3.72439920124169,-0.797106819397507,0.75928336394666));
#2688=CARTESIAN_POINT('',(-3.22133453341273,-0.797106819397507,0.75928336394666));
#2689=CARTESIAN_POINT('Origin',(-3.72439920124169,-0.590626820271861,0.950000009294203));
#2690=CARTESIAN_POINT('Origin',(-3.72439920124169,-0.590626820271861,0.950000009294203));
#2691=CARTESIAN_POINT('Origin',(-3.22133453341273,-0.590626820271861,0.950000009294203));
#2692=CARTESIAN_POINT('Ctrl Pts',(-3.67426319685879,-0.755888538871101,
0.797309242023794));
#2693=CARTESIAN_POINT('Ctrl Pts',(-3.67426319685879,-0.618303587717852,
0.648396993513633));
#2694=CARTESIAN_POINT('Ctrl Pts',(-3.67426319685879,-0.453041869118612,
0.801087760784042));
#2695=CARTESIAN_POINT('Ctrl Pts',(-3.67426319685879,-0.287780150519372,
0.953778528054452));
#2696=CARTESIAN_POINT('Ctrl Pts',(-3.67426319685879,-0.425365101672621,
1.10269077656461));
#2697=CARTESIAN_POINT('Ctrl Pts',(-3.67426319685879,-0.56295005282587,1.25160302507477));
#2698=CARTESIAN_POINT('Ctrl Pts',(-3.67426319685879,-0.72821177142511,1.09891225780436));
#2699=CARTESIAN_POINT('Ctrl Pts',(-3.67426319685879,-0.893473490024349,
0.946221490533955));
#2700=CARTESIAN_POINT('Ctrl Pts',(-3.67426319685879,-0.755888538871101,
0.797309242023794));
#2701=CARTESIAN_POINT('Ctrl Pts',(-3.17119852902983,-0.755888538871101,
0.797309242023794));
#2702=CARTESIAN_POINT('Ctrl Pts',(-3.17119852902983,-0.618303587717852,
0.648396993513633));
#2703=CARTESIAN_POINT('Ctrl Pts',(-3.17119852902983,-0.453041869118612,
0.801087760784042));
#2704=CARTESIAN_POINT('Ctrl Pts',(-3.17119852902983,-0.287780150519373,
0.953778528054451));
#2705=CARTESIAN_POINT('Ctrl Pts',(-3.17119852902983,-0.425365101672621,
1.10269077656461));
#2706=CARTESIAN_POINT('Ctrl Pts',(-3.17119852902983,-0.56295005282587,1.25160302507477));
#2707=CARTESIAN_POINT('Ctrl Pts',(-3.17119852902983,-0.728211771425109,
1.09891225780436));
#2708=CARTESIAN_POINT('Ctrl Pts',(-3.17119852902983,-0.893473490024349,
0.946221490533955));
#2709=CARTESIAN_POINT('Ctrl Pts',(-3.17119852902983,-0.755888538871101,
0.797309242023794));
#2710=CARTESIAN_POINT('',(-3.17119852902983,-0.755888538871101,0.797309242023794));
#2711=CARTESIAN_POINT('Origin',(-3.17119852902983,-0.590626820271861,0.950000009294203));
#2712=CARTESIAN_POINT('',(-3.67426319685879,-0.755888538871101,0.797309242023794));
#2713=CARTESIAN_POINT('',(-3.17119852902983,-0.755888538871101,0.797309242023794));
#2714=CARTESIAN_POINT('Origin',(-3.67426319685879,-0.590626820271861,0.950000009294203));
#2715=CARTESIAN_POINT('Origin',(-3.67426319685879,-0.590626820271861,0.950000009294203));
#2716=CARTESIAN_POINT('Origin',(-3.17119852902983,-0.590626820271861,0.950000009294203));
#2717=CARTESIAN_POINT('Origin',(-3.36346234687364,-0.316637218107798,1.26418735382954));
#2718=CARTESIAN_POINT('',(-3.31057851884676,-0.389229334274033,1.29112245738027));
#2719=CARTESIAN_POINT('',(-3.36346234687364,-0.505693679959243,1.16419122757429));
#2720=CARTESIAN_POINT('',(-3.31057851884676,-0.389229334274033,1.29112245738027));
#2721=CARTESIAN_POINT('',(-3.36346234687364,-0.316637218107798,1.26418735382954));
#2722=CARTESIAN_POINT('',(-3.36346234687364,-0.316637218107798,1.26418735382954));
#2723=CARTESIAN_POINT('',(-3.36346234687364,-0.316637218107798,1.26418735382954));
#2724=CARTESIAN_POINT('Origin',(-3.31057851884676,-0.389229334274033,1.29112245738027));
#2725=CARTESIAN_POINT('',(-3.19232668850806,-0.400870021581042,1.29544170214919));
#2726=CARTESIAN_POINT('',(-3.19232668850806,-0.400870021581042,1.29544170214919));
#2727=CARTESIAN_POINT('',(-3.19232668850806,-0.400870021581042,1.29544170214919));
#2728=CARTESIAN_POINT('Origin',(-3.19232668850806,-0.400870021581042,1.29544170214919));
#2729=CARTESIAN_POINT('',(-3.27789451769085,-0.457375102948854,1.31640775601514));
#2730=CARTESIAN_POINT('',(-3.27789451769085,-0.457375102948854,1.31640775601514));
#2731=CARTESIAN_POINT('',(-3.27789451769085,-0.457375102948854,1.31640775601514));
#2732=CARTESIAN_POINT('Origin',(-3.27789451769085,-0.457375102948854,1.31640775601514));
#2733=CARTESIAN_POINT('',(-3.25769469081988,-0.537161558930684,1.34601229941894));
#2734=CARTESIAN_POINT('',(-3.25769469081988,-0.537161558930684,1.34601229941894));
#2735=CARTESIAN_POINT('',(-3.25769469081988,-0.537161558930684,1.34601229941894));
#2736=CARTESIAN_POINT('Origin',(-3.25769469081988,-0.537161558930684,1.34601229941894));
#2737=CARTESIAN_POINT('',(-3.36346234687364,-0.499491504685476,1.33203493017497));
#2738=CARTESIAN_POINT('',(-3.36346234687364,-0.499491504685476,1.33203493017497));
#2739=CARTESIAN_POINT('',(-3.36346234687364,-0.499491504685476,1.33203493017497));
#2740=CARTESIAN_POINT('Origin',(-3.36346234687364,-0.499491504685476,1.33203493017497));
#2741=CARTESIAN_POINT('',(-3.4692300029274,-0.537161558930684,1.34601229941894));
#2742=CARTESIAN_POINT('',(-3.4692300029274,-0.537161558930684,1.34601229941894));
#2743=CARTESIAN_POINT('',(-3.4692300029274,-0.537161558930684,1.34601229941894));
#2744=CARTESIAN_POINT('Origin',(-3.4692300029274,-0.537161558930684,1.34601229941894));
#2745=CARTESIAN_POINT('',(-3.44903017605643,-0.457375102948854,1.31640775601514));
#2746=CARTESIAN_POINT('',(-3.44903017605643,-0.457375102948854,1.31640775601514));
#2747=CARTESIAN_POINT('',(-3.44903017605643,-0.457375102948854,1.31640775601514));
#2748=CARTESIAN_POINT('Origin',(-3.44903017605643,-0.457375102948854,1.31640775601514));
#2749=CARTESIAN_POINT('',(-3.53459800523922,-0.400870021581042,1.29544170214919));
#2750=CARTESIAN_POINT('',(-3.53459800523922,-0.400870021581042,1.29544170214919));
#2751=CARTESIAN_POINT('',(-3.53459800523922,-0.400870021581042,1.29544170214919));
#2752=CARTESIAN_POINT('Origin',(-3.53459800523922,-0.400870021581042,1.29544170214919));
#2753=CARTESIAN_POINT('',(-3.41634617490052,-0.389229334274033,1.29112245738027));
#2754=CARTESIAN_POINT('',(-3.41634617490052,-0.389229334274033,1.29112245738027));
#2755=CARTESIAN_POINT('',(-3.41634617490052,-0.389229334274033,1.29112245738027));
#2756=CARTESIAN_POINT('Origin',(-3.36346234687364,-0.43854007582625,1.30941907139316));
#2757=CARTESIAN_POINT('',(-3.36346234687364,-0.316637218107798,1.26418735382954));
#2758=CARTESIAN_POINT('Origin',(-3.41634617490052,-0.389229334274033,1.29112245738027));
#2759=CARTESIAN_POINT('',(0.,0.,0.));
#2760=UNCERTAINTY_MEASURE_WITH_UNIT(LENGTH_MEASURE(0.001),#2766,
'DISTANCE_ACCURACY_VALUE',
'Maximum model space distance between geometric entities at asserted c
onnectivities');
#2761=UNCERTAINTY_MEASURE_WITH_UNIT(LENGTH_MEASURE(0.001),#2766,
'DISTANCE_ACCURACY_VALUE',
'Maximum model space distance between geometric entities at asserted c
onnectivities');
#2762=UNCERTAINTY_MEASURE_WITH_UNIT(LENGTH_MEASURE(0.001),#2766,
'DISTANCE_ACCURACY_VALUE',
'Maximum model space distance between geometric entities at asserted c
onnectivities');
#2763=(
GEOMETRIC_REPRESENTATION_CONTEXT(3)
GLOBAL_UNCERTAINTY_ASSIGNED_CONTEXT((#2760))
GLOBAL_UNIT_ASSIGNED_CONTEXT((#2766,#2768,#2769))
REPRESENTATION_CONTEXT('','3D')
);
#2764=(
GEOMETRIC_REPRESENTATION_CONTEXT(3)
GLOBAL_UNCERTAINTY_ASSIGNED_CONTEXT((#2761))
GLOBAL_UNIT_ASSIGNED_CONTEXT((#2766,#2768,#2769))
REPRESENTATION_CONTEXT('','3D')
);
#2765=(
GEOMETRIC_REPRESENTATION_CONTEXT(3)
GLOBAL_UNCERTAINTY_ASSIGNED_CONTEXT((#2762))
GLOBAL_UNIT_ASSIGNED_CONTEXT((#2766,#2768,#2769))
REPRESENTATION_CONTEXT('','3D')
);
#2766=(
LENGTH_UNIT()
NAMED_UNIT(*)
SI_UNIT(.CENTI.,.METRE.)
);
#2767=(
LENGTH_UNIT()
NAMED_UNIT(*)
SI_UNIT($,.METRE.)
);
#2768=(
NAMED_UNIT(*)
PLANE_ANGLE_UNIT()
SI_UNIT($,.RADIAN.)
);
#2769=(
NAMED_UNIT(*)
SI_UNIT($,.STERADIAN.)
SOLID_ANGLE_UNIT()
);
#2770=SHAPE_DEFINITION_REPRESENTATION(#2772,#2775);
#2771=SHAPE_DEFINITION_REPRESENTATION(#2773,#2776);
#2772=PRODUCT_DEFINITION_SHAPE('',$,#2778);
#2773=PRODUCT_DEFINITION_SHAPE('',$,#2779);
#2774=PRODUCT_DEFINITION_SHAPE($,$,#14);
#2775=SHAPE_REPRESENTATION('',(#1545,#1706),#2763);
#2776=SHAPE_REPRESENTATION('',(#1546),#2764);
#2777=PRODUCT_DEFINITION_CONTEXT('part definition',#2785,'design');
#2778=PRODUCT_DEFINITION('2026-06-07-13-31-42-908','(Unsaved)',#2780,#2777);
#2779=PRODUCT_DEFINITION('2026-06-07-13-31-43-369','Component1',#2781,#2777);
#2780=PRODUCT_DEFINITION_FORMATION('',$,#2787);
#2781=PRODUCT_DEFINITION_FORMATION('',$,#2788);
#2782=PRODUCT_RELATED_PRODUCT_CATEGORY('(Unsaved)','(Unsaved)',(#2787));
#2783=PRODUCT_RELATED_PRODUCT_CATEGORY('Component1','Component1',(#2788));
#2784=APPLICATION_PROTOCOL_DEFINITION('international standard',
'automotive_design',2009,#2785);
#2785=APPLICATION_CONTEXT(
'Core Data for Automotive Mechanical Design Process');
#2786=PRODUCT_CONTEXT('part definition',#2785,'mechanical');
#2787=PRODUCT('2026-06-07-13-31-42-908','(Unsaved)',$,(#2786));
#2788=PRODUCT('2026-06-07-13-31-43-369','Component1',$,(#2786));
#2789=PRESENTATION_STYLE_ASSIGNMENT((#2792));
#2790=PRESENTATION_STYLE_ASSIGNMENT((#2793));
#2791=PRESENTATION_STYLE_ASSIGNMENT((#2794));
#2792=SURFACE_STYLE_USAGE(.BOTH.,#2795);
#2793=SURFACE_STYLE_USAGE(.BOTH.,#2796);
#2794=SURFACE_STYLE_USAGE(.BOTH.,#2797);
#2795=SURFACE_SIDE_STYLE('',(#2798));
#2796=SURFACE_SIDE_STYLE('',(#2799));
#2797=SURFACE_SIDE_STYLE('',(#2800));
#2798=SURFACE_STYLE_FILL_AREA(#2801);
#2799=SURFACE_STYLE_FILL_AREA(#2802);
#2800=SURFACE_STYLE_FILL_AREA(#2803);
#2801=FILL_AREA_STYLE('Steel - Satin',(#2804));
#2802=FILL_AREA_STYLE('Base Material - Opaque',(#2805));
#2803=FILL_AREA_STYLE('Rilsan Invent Natural - PA 11',(#2806));
#2804=FILL_AREA_STYLE_COLOUR('Steel - Satin',#2807);
#2805=FILL_AREA_STYLE_COLOUR('Base Material - Opaque',#2808);
#2806=FILL_AREA_STYLE_COLOUR('Rilsan Invent Natural - PA 11',#2809);
#2807=COLOUR_RGB('Steel - Satin',0.627450980392157,0.627450980392157,0.627450980392157);
#2808=COLOUR_RGB('Base Material - Opaque',0.168627450980392,0.180392156862745,
0.192156862745098);
#2809=COLOUR_RGB('Rilsan Invent Natural - PA 11',0.964705882352941,0.964705882352941,
0.952941176470588);
ENDSEC;
END-ISO-10303-21;
