ISO-10303-21;
HEADER;
/* Generated by software containing ST-Developer
 * from STEP Tools, Inc. (www.steptools.com) 
 */

FILE_DESCRIPTION(
/* description */ (''),
/* implementation_level */ '2;1');

FILE_NAME(
/* name */ 'ShootexGun2 full Without Electronics.step',
/* time_stamp */ '2026-06-07T13:47:58+05:30',
/* author */ (''),
/* organization */ (''),
/* preprocessor_version */ 'ST-DEVELOPER v20.1',
/* originating_system */ 'Autodesk Translation Framework v15.8.0.0',
/* authorisation */ '');

FILE_SCHEMA (('AUTOMOTIVE_DESIGN { 1 0 10303 214 3 1 1 }'));
ENDSEC;

DATA;
#10=MECHANICAL_DESIGN_GEOMETRIC_PRESENTATION_REPRESENTATION('',(#195,#196,
#197,#198,#199,#200),#6106);
#11=SHAPE_REPRESENTATION_RELATIONSHIP('SRR','None',#6113,#12);
#12=ADVANCED_BREP_SHAPE_REPRESENTATION('',(#201,#202,#203,#204,#205,#206),
#6105);
#13=ELLIPSE('',#3510,2.77593629217254,2.50127973888269);
#14=ELLIPSE('',#3511,2.77593629217254,2.50127973888269);
#15=ELLIPSE('',#3515,2.81081534170332,2.5327329782753);
#16=ELLIPSE('',#3518,2.81081534170332,2.5327329782753);
#17=ELLIPSE('',#3519,3.46876973666746,2.78282811724652);
#18=ELLIPSE('',#3520,26.5078863777774,2.80989460472514);
#19=ELLIPSE('',#3521,4.97372061287137,2.63191634395258);
#20=ELLIPSE('',#3522,3.10226952937252,2.64846182542242);
#21=ELLIPSE('',#3523,7.89087023466454,2.65832552055488);
#22=ELLIPSE('',#3524,7.89087023466453,2.65832552055488);
#23=ELLIPSE('',#3525,3.10226952937252,2.64846182542242);
#24=ELLIPSE('',#3526,4.97372061287137,2.63191634395258);
#25=ELLIPSE('',#3527,26.5078863777775,2.80989460472514);
#26=ELLIPSE('',#3528,3.46876973666746,2.78282811724652);
#27=ELLIPSE('',#3530,9.44654811390602,3.18201408013161);
#28=ELLIPSE('',#3532,9.44654811390603,3.18201408013161);
#29=ELLIPSE('',#3534,3.71345056257711,3.17057312454527);
#30=ELLIPSE('',#3536,5.95427152369337,3.15040949522519);
#31=ELLIPSE('',#3538,31.7319863853934,3.36364417411611);
#32=ELLIPSE('',#3540,4.15218130523699,3.33140721025281);
#33=ELLIPSE('',#3542,3.71345056257711,3.17057312454527);
#34=ELLIPSE('',#3544,5.95427152369337,3.15040949522519);
#35=ELLIPSE('',#3546,31.7319863853935,3.36364417411611);
#36=ELLIPSE('',#3548,4.15218130523699,3.33140721025281);
#37=ELLIPSE('',#3549,3.36477139289181,3.03185434577303);
#38=ELLIPSE('',#3550,3.36477139289181,3.03185434577303);
#39=ELLIPSE('',#3554,3.70124847869939,3.3350397321603);
#40=ELLIPSE('',#3555,3.70124847869939,3.3350397321603);
#41=ELLIPSE('',#3562,2.74789674014613,2.47601447484592);
#42=ELLIPSE('',#3563,2.74789674014613,2.47601447484592);
#43=(
BOUNDED_SURFACE()
B_SPLINE_SURFACE(1,2,((#5700,#5701,#5702,#5703,#5704,#5705,#5706,#5707,
#5708),(#5709,#5710,#5711,#5712,#5713,#5714,#5715,#5716,#5717)),
 .UNSPECIFIED.,.F.,.F.,.F.)
B_SPLINE_SURFACE_WITH_KNOTS((2,2),(3,2,2,2,3),(-0.0903046753474732,0.0903046753474732),
(2.16852081369308,3.43330338169422,4.69808594969537,5.96286851769651,7.22765108569765),
 .UNSPECIFIED.)
GEOMETRIC_REPRESENTATION_ITEM()
RATIONAL_B_SPLINE_SURFACE(((1.,0.806616386974944,1.,0.806616386974944,1.,
0.806616386974944,1.,0.806616386974944,1.),(1.,0.806616386974944,1.,0.806616386974944,
1.,0.806616386974944,1.,0.806616386974944,1.)))
REPRESENTATION_ITEM('')
SURFACE()
);
#44=(
BOUNDED_SURFACE()
B_SPLINE_SURFACE(1,2,((#5737,#5738,#5739,#5740,#5741,#5742,#5743,#5744,
#5745),(#5746,#5747,#5748,#5749,#5750,#5751,#5752,#5753,#5754)),
 .UNSPECIFIED.,.F.,.F.,.F.)
B_SPLINE_SURFACE_WITH_KNOTS((2,2),(3,2,2,2,3),(-1.25160964263801,2.22044604925031E-16),
(-1.07297982214816,0.24212658408276,1.55723299031367,2.87233939654459,4.1874458027755),
 .UNSPECIFIED.)
GEOMETRIC_REPRESENTATION_ITEM()
RATIONAL_B_SPLINE_SURFACE(((1.,0.79149003763627,1.,0.79149003763627,1.,
0.79149003763627,1.,0.79149003763627,1.),(1.,0.79149003763627,1.,0.79149003763627,
1.,0.79149003763627,1.,0.79149003763627,1.)))
REPRESENTATION_ITEM('')
SURFACE()
);
#45=(
BOUNDED_SURFACE()
B_SPLINE_SURFACE(1,2,((#5817,#5818,#5819,#5820,#5821,#5822,#5823,#5824,
#5825),(#5826,#5827,#5828,#5829,#5830,#5831,#5832,#5833,#5834)),
 .UNSPECIFIED.,.F.,.T.,.F.)
B_SPLINE_SURFACE_WITH_KNOTS((2,2),(3,2,2,2,3),(-1.19202169801277,4.44089209850063E-16),
(-3.14159265358979,-1.5707963267949,0.,1.5707963267949,3.14159265358979),
 .UNSPECIFIED.)
GEOMETRIC_REPRESENTATION_ITEM()
RATIONAL_B_SPLINE_SURFACE(((1.,0.707106781186548,1.,0.707106781186548,1.,
0.707106781186548,1.,0.707106781186548,1.),(1.,0.707106781186548,1.,0.707106781186548,
1.,0.707106781186548,1.,0.707106781186548,1.)))
REPRESENTATION_ITEM('')
SURFACE()
);
#46=(
BOUNDED_SURFACE()
B_SPLINE_SURFACE(1,2,((#5846,#5847,#5848,#5849,#5850,#5851,#5852,#5853,
#5854),(#5855,#5856,#5857,#5858,#5859,#5860,#5861,#5862,#5863)),
 .UNSPECIFIED.,.F.,.T.,.F.)
B_SPLINE_SURFACE_WITH_KNOTS((2,2),(3,2,2,2,3),(-2.46733870418802E-15,0.135457009759042),
(-3.14159265358979,-1.5707963267949,0.,1.5707963267949,3.14159265358979),
 .UNSPECIFIED.)
GEOMETRIC_REPRESENTATION_ITEM()
RATIONAL_B_SPLINE_SURFACE(((1.,0.707106781186548,1.,0.707106781186548,1.,
0.707106781186548,1.,0.707106781186548,1.),(1.,0.707106781186548,1.,0.707106781186548,
1.,0.707106781186548,1.,0.707106781186548,1.)))
REPRESENTATION_ITEM('')
SURFACE()
);
#47=(
BOUNDED_SURFACE()
B_SPLINE_SURFACE(1,2,((#5877,#5878,#5879,#5880,#5881,#5882,#5883,#5884,
#5885),(#5886,#5887,#5888,#5889,#5890,#5891,#5892,#5893,#5894)),
 .UNSPECIFIED.,.F.,.F.,.F.)
B_SPLINE_SURFACE_WITH_KNOTS((2,2),(3,2,2,2,3),(-0.547356871257146,1.22124532708767E-15),
(-0.896946841916602,0.32936679257274,1.55568042706208,2.78199406155143,
4.00830769604077),.UNSPECIFIED.)
GEOMETRIC_REPRESENTATION_ITEM()
RATIONAL_B_SPLINE_SURFACE(((1.,0.817835498876417,1.,0.817835498876417,1.,
0.817835498876417,1.,0.817835498876417,1.),(1.,0.817835498876417,1.,0.817835498876417,
1.,0.817835498876417,1.,0.817835498876417,1.)))
REPRESENTATION_ITEM('')
SURFACE()
);
#48=(
BOUNDED_CURVE()
B_SPLINE_CURVE(3,(#5107,#5108,#5109,#5110,#5111,#5112,#5113,#5114,#5115,
#5116,#5117,#5118,#5119,#5120,#5121,#5122,#5123,#5124,#5125,#5126,#5127,
#5128,#5129,#5130,#5131,#5132,#5133,#5134,#5135,#5136,#5137,#5138,#5139,
#5140,#5141,#5142,#5143,#5144,#5145,#5146,#5147,#5148,#5149),
 .UNSPECIFIED.,.F.,.F.)
B_SPLINE_CURVE_WITH_KNOTS((4,3,3,3,3,3,3,3,3,3,3,3,3,3,4),(0.,1.,1.1925601750547,
1.38512035010941,1.57768052516411,1.76746101695497,1.9756073627901,2.17943868758884,
2.37770778443389,2.57597688127894,3.18692235411543,3.32063872175512,3.4543550893948,
3.59004523707864,3.72573538476247),.UNSPECIFIED.)
CURVE()
GEOMETRIC_REPRESENTATION_ITEM()
RATIONAL_B_SPLINE_CURVE((1.,1.,1.,1.,1.,1.,1.,1.,1.,1.,1.,1.,1.,1.,1.,1.,
1.,1.,1.,1.,1.,1.,1.,1.,1.,1.,1.,1.,1.,1.,1.,1.,1.,1.,1.,1.,1.,1.,1.,1.,
1.,1.,1.))
REPRESENTATION_ITEM('')
);
#49=(
BOUNDED_CURVE()
B_SPLINE_CURVE(3,(#5153,#5154,#5155,#5156,#5157,#5158,#5159,#5160,#5161,
#5162,#5163,#5164,#5165,#5166,#5167,#5168,#5169,#5170,#5171,#5172,#5173,
#5174,#5175,#5176,#5177,#5178,#5179,#5180,#5181,#5182,#5183,#5184,#5185,
#5186,#5187,#5188,#5189,#5190,#5191,#5192,#5193,#5194,#5195),
 .UNSPECIFIED.,.F.,.F.)
B_SPLINE_CURVE_WITH_KNOTS((4,3,3,3,3,3,3,3,3,3,3,3,3,3,4),(-3.72573538476247,
-3.59004523707864,-3.4543550893948,-3.32063872175512,-3.18692235411543,
-2.57597688127894,-2.37770778443389,-2.17943868758884,-1.9756073627901,
-1.76746101695497,-1.57768052516411,-1.38512035010941,-1.1925601750547,
-1.,0.),.UNSPECIFIED.)
CURVE()
GEOMETRIC_REPRESENTATION_ITEM()
RATIONAL_B_SPLINE_CURVE((1.,1.,1.,1.,1.,1.,1.,1.,1.,1.,1.,1.,1.,1.,1.,1.,
1.,1.,1.,1.,1.,1.,1.,1.,1.,1.,1.,1.,1.,1.,1.,1.,1.,1.,1.,1.,1.,1.,1.,1.,
1.,1.,1.))
REPRESENTATION_ITEM('')
);
#50=(
BOUNDED_CURVE()
B_SPLINE_CURVE(3,(#5264,#5265,#5266,#5267,#5268,#5269,#5270,#5271,#5272,
#5273,#5274,#5275,#5276,#5277,#5278,#5279),.UNSPECIFIED.,.F.,.F.)
B_SPLINE_CURVE_WITH_KNOTS((4,3,3,3,3,4),(0.,1.,25.0000000000001,47.8270846719645,
69.6119372222909,91.8282148732621),.UNSPECIFIED.)
CURVE()
GEOMETRIC_REPRESENTATION_ITEM()
RATIONAL_B_SPLINE_CURVE((1.,1.,1.,1.,1.,1.,1.,1.,1.,1.,1.,1.,1.,1.,1.,1.))
REPRESENTATION_ITEM('')
);
#51=(
BOUNDED_CURVE()
B_SPLINE_CURVE(3,(#5281,#5282,#5283,#5284,#5285,#5286,#5287,#5288,#5289,
#5290,#5291,#5292,#5293,#5294,#5295,#5296),.UNSPECIFIED.,.F.,.F.)
B_SPLINE_CURVE_WITH_KNOTS((4,3,3,3,3,4),(-91.8282148732621,-69.6119372222909,
-47.8270846719645,-25.0000000000001,-1.,0.),.UNSPECIFIED.)
CURVE()
GEOMETRIC_REPRESENTATION_ITEM()
RATIONAL_B_SPLINE_CURVE((1.,1.,1.,1.,1.,1.,1.,1.,1.,1.,1.,1.,1.,1.,1.,1.))
REPRESENTATION_ITEM('')
);
#52=(
BOUNDED_CURVE()
B_SPLINE_CURVE(3,(#5353,#5354,#5355,#5356,#5357,#5358,#5359,#5360,#5361,
#5362,#5363,#5364,#5365,#5366,#5367,#5368),.UNSPECIFIED.,.F.,.F.)
B_SPLINE_CURVE_WITH_KNOTS((4,3,3,3,3,4),(0.,1.,2.04532130429522,3.09064260859044,
4.13596391288566,4.69346860850978),.UNSPECIFIED.)
CURVE()
GEOMETRIC_REPRESENTATION_ITEM()
RATIONAL_B_SPLINE_CURVE((1.,1.,1.,1.,1.,1.,1.,1.,1.,1.,1.,1.,1.,1.,1.,1.))
REPRESENTATION_ITEM('')
);
#53=(
BOUNDED_CURVE()
B_SPLINE_CURVE(3,(#5370,#5371,#5372,#5373,#5374,#5375,#5376,#5377,#5378,
#5379,#5380,#5381,#5382,#5383,#5384,#5385),.UNSPECIFIED.,.F.,.F.)
B_SPLINE_CURVE_WITH_KNOTS((4,3,3,3,3,4),(-4.69346860850978,-4.13596391288566,
-3.09064260859044,-2.04532130429522,-1.,0.),.UNSPECIFIED.)
CURVE()
GEOMETRIC_REPRESENTATION_ITEM()
RATIONAL_B_SPLINE_CURVE((1.,1.,1.,1.,1.,1.,1.,1.,1.,1.,1.,1.,1.,1.,1.,1.))
REPRESENTATION_ITEM('')
);
#54=(
BOUNDED_CURVE()
B_SPLINE_CURVE(3,(#5438,#5439,#5440,#5441,#5442,#5443,#5444,#5445,#5446,
#5447),.UNSPECIFIED.,.F.,.F.)
B_SPLINE_CURVE_WITH_KNOTS((4,3,3,4),(0.,1.,2.00000000000001,3.15036028522015),
 .UNSPECIFIED.)
CURVE()
GEOMETRIC_REPRESENTATION_ITEM()
RATIONAL_B_SPLINE_CURVE((1.,1.,1.,1.,1.,1.,1.,1.,1.,1.))
REPRESENTATION_ITEM('')
);
#55=(
BOUNDED_CURVE()
B_SPLINE_CURVE(3,(#5449,#5450,#5451,#5452,#5453,#5454,#5455,#5456,#5457,
#5458),.UNSPECIFIED.,.F.,.F.)
B_SPLINE_CURVE_WITH_KNOTS((4,3,3,4),(-3.15036028522015,-2.00000000000001,
-1.,0.),.UNSPECIFIED.)
CURVE()
GEOMETRIC_REPRESENTATION_ITEM()
RATIONAL_B_SPLINE_CURVE((1.,1.,1.,1.,1.,1.,1.,1.,1.,1.))
REPRESENTATION_ITEM('')
);
#56=(
BOUNDED_CURVE()
B_SPLINE_CURVE(3,(#5579,#5580,#5581,#5582,#5583,#5584,#5585,#5586,#5587,
#5588,#5589,#5590,#5591,#5592,#5593,#5594,#5595,#5596,#5597,#5598,#5599,
#5600,#5601,#5602,#5603,#5604,#5605,#5606,#5607,#5608,#5609,#5610,#5611,
#5612,#5613,#5614,#5615,#5616,#5617,#5618),.UNSPECIFIED.,.F.,.F.)
B_SPLINE_CURVE_WITH_KNOTS((4,3,3,3,3,3,3,3,3,3,3,3,3,4),(0.,1.,2.02293540415127,
3.09353277152369,4.20066285008639,6.06894485766093,7.88501982778192,9.6435741946076,
11.4021285614333,15.4468036051324,16.2758363780645,17.1165988148965,17.9233605223576,
18.7301222298187),.UNSPECIFIED.)
CURVE()
GEOMETRIC_REPRESENTATION_ITEM()
RATIONAL_B_SPLINE_CURVE((1.,1.,1.,1.,1.,1.,1.,1.,1.,1.,1.,1.,1.,1.,1.,1.,
1.,1.,1.,1.,1.,1.,1.,1.,1.,1.,1.,1.,1.,1.,1.,1.,1.,1.,1.,1.,1.,1.,1.,1.))
REPRESENTATION_ITEM('')
);
#57=(
BOUNDED_CURVE()
B_SPLINE_CURVE(3,(#5620,#5621,#5622,#5623,#5624,#5625,#5626,#5627,#5628,
#5629,#5630,#5631,#5632,#5633,#5634,#5635,#5636,#5637,#5638,#5639,#5640,
#5641,#5642,#5643,#5644,#5645,#5646,#5647,#5648,#5649,#5650,#5651,#5652,
#5653,#5654,#5655,#5656,#5657,#5658,#5659),.UNSPECIFIED.,.F.,.F.)
B_SPLINE_CURVE_WITH_KNOTS((4,3,3,3,3,3,3,3,3,3,3,3,3,4),(-18.7301222298187,
-17.9233605223576,-17.1165988148965,-16.2758363780645,-15.4468036051324,
-11.4021285614333,-9.6435741946076,-7.88501982778192,-6.06894485766093,
-4.20066285008639,-3.09353277152369,-2.02293540415127,-1.,0.),
 .UNSPECIFIED.)
CURVE()
GEOMETRIC_REPRESENTATION_ITEM()
RATIONAL_B_SPLINE_CURVE((1.,1.,1.,1.,1.,1.,1.,1.,1.,1.,1.,1.,1.,1.,1.,1.,
1.,1.,1.,1.,1.,1.,1.,1.,1.,1.,1.,1.,1.,1.,1.,1.,1.,1.,1.,1.,1.,1.,1.,1.))
REPRESENTATION_ITEM('')
);
#58=B_SPLINE_SURFACE_WITH_KNOTS('',3,3,((#4985,#4986,#4987,#4988),(#4989,
#4990,#4991,#4992),(#4993,#4994,#4995,#4996),(#4997,#4998,#4999,#5000),
(#5001,#5002,#5003,#5004),(#5005,#5006,#5007,#5008),(#5009,#5010,#5011,
#5012),(#5013,#5014,#5015,#5016),(#5017,#5018,#5019,#5020),(#5021,#5022,
#5023,#5024),(#5025,#5026,#5027,#5028),(#5029,#5030,#5031,#5032),(#5033,
#5034,#5035,#5036),(#5037,#5038,#5039,#5040),(#5041,#5042,#5043,#5044),
(#5045,#5046,#5047,#5048),(#5049,#5050,#5051,#5052),(#5053,#5054,#5055,
#5056),(#5057,#5058,#5059,#5060),(#5061,#5062,#5063,#5064),(#5065,#5066,
#5067,#5068),(#5069,#5070,#5071,#5072),(#5073,#5074,#5075,#5076),(#5077,
#5078,#5079,#5080),(#5081,#5082,#5083,#5084),(#5085,#5086,#5087,#5088),
(#5089,#5090,#5091,#5092),(#5093,#5094,#5095,#5096),(#5097,#5098,#5099,
#5100),(#5101,#5102,#5103,#5104)),.UNSPECIFIED.,.F.,.F.,.F.,(4,2,2,2,2,
2,2,2,2,2,2,2,2,2,4),(4,4),(-3.72573538476247,-3.59004523707864,-3.4543550893948,
-3.32063872175512,-3.18692235411543,-2.57597688127894,-2.37770778443389,
-2.17943868758884,-1.9756073627901,-1.76746101695497,-1.57768052516411,
-1.38512035010941,-1.1925601750547,-1.,0.),(0.,10.),.UNSPECIFIED.);
#59=B_SPLINE_SURFACE_WITH_KNOTS('',3,3,((#5215,#5216,#5217,#5218),(#5219,
#5220,#5221,#5222),(#5223,#5224,#5225,#5226),(#5227,#5228,#5229,#5230),
(#5231,#5232,#5233,#5234),(#5235,#5236,#5237,#5238),(#5239,#5240,#5241,
#5242),(#5243,#5244,#5245,#5246),(#5247,#5248,#5249,#5250),(#5251,#5252,
#5253,#5254),(#5255,#5256,#5257,#5258),(#5259,#5260,#5261,#5262)),
 .UNSPECIFIED.,.F.,.F.,.F.,(4,2,2,2,2,4),(4,4),(-91.8282148732621,-69.6119372222909,
-47.8270846719645,-25.0000000000001,-1.,0.),(0.,10.),.UNSPECIFIED.);
#60=B_SPLINE_SURFACE_WITH_KNOTS('',3,3,((#5304,#5305,#5306,#5307),(#5308,
#5309,#5310,#5311),(#5312,#5313,#5314,#5315),(#5316,#5317,#5318,#5319),
(#5320,#5321,#5322,#5323),(#5324,#5325,#5326,#5327),(#5328,#5329,#5330,
#5331),(#5332,#5333,#5334,#5335),(#5336,#5337,#5338,#5339),(#5340,#5341,
#5342,#5343),(#5344,#5345,#5346,#5347),(#5348,#5349,#5350,#5351)),
 .UNSPECIFIED.,.F.,.F.,.F.,(4,2,2,2,2,4),(4,4),(-4.69346860850978,-4.13596391288566,
-3.09064260859044,-2.04532130429522,-1.,0.),(0.,10.),.UNSPECIFIED.);
#61=B_SPLINE_SURFACE_WITH_KNOTS('',3,3,((#5405,#5406,#5407,#5408),(#5409,
#5410,#5411,#5412),(#5413,#5414,#5415,#5416),(#5417,#5418,#5419,#5420),
(#5421,#5422,#5423,#5424),(#5425,#5426,#5427,#5428),(#5429,#5430,#5431,
#5432),(#5433,#5434,#5435,#5436)),.UNSPECIFIED.,.F.,.F.,.F.,(4,2,2,4),(4,
4),(-3.15036028522015,-2.00000000000001,-1.,0.),(0.,10.),.UNSPECIFIED.);
#62=B_SPLINE_SURFACE_WITH_KNOTS('',3,3,((#5466,#5467,#5468,#5469),(#5470,
#5471,#5472,#5473),(#5474,#5475,#5476,#5477),(#5478,#5479,#5480,#5481),
(#5482,#5483,#5484,#5485),(#5486,#5487,#5488,#5489),(#5490,#5491,#5492,
#5493),(#5494,#5495,#5496,#5497),(#5498,#5499,#5500,#5501),(#5502,#5503,
#5504,#5505),(#5506,#5507,#5508,#5509),(#5510,#5511,#5512,#5513),(#5514,
#5515,#5516,#5517),(#5518,#5519,#5520,#5521),(#5522,#5523,#5524,#5525),
(#5526,#5527,#5528,#5529),(#5530,#5531,#5532,#5533),(#5534,#5535,#5536,
#5537),(#5538,#5539,#5540,#5541),(#5542,#5543,#5544,#5545),(#5546,#5547,
#5548,#5549),(#5550,#5551,#5552,#5553),(#5554,#5555,#5556,#5557),(#5558,
#5559,#5560,#5561),(#5562,#5563,#5564,#5565),(#5566,#5567,#5568,#5569),
(#5570,#5571,#5572,#5573),(#5574,#5575,#5576,#5577)),.UNSPECIFIED.,.F.,
 .F.,.F.,(4,2,2,2,2,2,2,2,2,2,2,2,2,4),(4,4),(-18.7301222298187,-17.9233605223576,
-17.1165988148965,-16.2758363780645,-15.4468036051324,-11.4021285614333,
-9.6435741946076,-7.88501982778192,-6.06894485766093,-4.20066285008639,
-3.09353277152369,-2.02293540415127,-1.,0.),(0.,10.),.UNSPECIFIED.);
#63=FACE_BOUND('',#404,.T.);
#64=FACE_BOUND('',#405,.T.);
#65=FACE_BOUND('',#406,.T.);
#66=FACE_BOUND('',#407,.T.);
#67=FACE_BOUND('',#410,.T.);
#68=FACE_BOUND('',#411,.T.);
#69=FACE_BOUND('',#412,.T.);
#70=FACE_BOUND('',#413,.T.);
#71=FACE_BOUND('',#456,.T.);
#72=FACE_BOUND('',#457,.T.);
#73=FACE_BOUND('',#458,.T.);
#74=FACE_BOUND('',#459,.T.);
#75=FACE_BOUND('',#460,.T.);
#76=FACE_BOUND('',#461,.T.);
#77=FACE_BOUND('',#482,.T.);
#78=FACE_BOUND('',#483,.T.);
#79=FACE_BOUND('',#484,.T.);
#80=FACE_BOUND('',#485,.T.);
#81=FACE_BOUND('',#486,.T.);
#82=FACE_BOUND('',#487,.T.);
#83=FACE_BOUND('',#488,.T.);
#84=FACE_BOUND('',#489,.T.);
#85=FACE_BOUND('',#490,.T.);
#86=FACE_BOUND('',#496,.T.);
#87=FACE_BOUND('',#497,.T.);
#88=FACE_BOUND('',#498,.T.);
#89=FACE_BOUND('',#499,.T.);
#90=FACE_BOUND('',#500,.T.);
#91=FACE_BOUND('',#501,.T.);
#92=FACE_BOUND('',#502,.T.);
#93=FACE_BOUND('',#503,.T.);
#94=FACE_BOUND('',#504,.T.);
#95=FACE_BOUND('',#505,.T.);
#96=FACE_BOUND('',#506,.T.);
#97=FACE_BOUND('',#507,.T.);
#98=FACE_BOUND('',#508,.T.);
#99=FACE_BOUND('',#509,.T.);
#100=FACE_BOUND('',#510,.T.);
#101=FACE_BOUND('',#542,.T.);
#102=FACE_BOUND('',#554,.T.);
#103=FACE_BOUND('',#556,.T.);
#104=FACE_BOUND('',#558,.T.);
#105=FACE_BOUND('',#561,.T.);
#106=FACE_BOUND('',#579,.T.);
#107=FACE_BOUND('',#580,.T.);
#108=FACE_BOUND('',#581,.T.);
#109=FACE_BOUND('',#582,.T.);
#110=FACE_BOUND('',#584,.T.);
#111=FACE_BOUND('',#585,.T.);
#112=FACE_BOUND('',#586,.T.);
#113=FACE_BOUND('',#591,.T.);
#114=FACE_BOUND('',#592,.T.);
#115=FACE_BOUND('',#597,.T.);
#116=FACE_BOUND('',#599,.T.);
#117=FACE_BOUND('',#600,.T.);
#118=FACE_BOUND('',#601,.T.);
#119=FACE_BOUND('',#602,.T.);
#120=FACE_BOUND('',#603,.T.);
#121=FACE_BOUND('',#606,.T.);
#122=FACE_BOUND('',#610,.T.);
#123=FACE_BOUND('',#613,.T.);
#124=FACE_BOUND('',#616,.T.);
#125=CIRCLE('',#3389,0.5085);
#126=CIRCLE('',#3390,0.5085);
#127=CIRCLE('',#3392,0.5085);
#128=CIRCLE('',#3393,0.5085);
#129=CIRCLE('',#3395,0.5085);
#130=CIRCLE('',#3396,0.5085);
#131=CIRCLE('',#3398,0.5085);
#132=CIRCLE('',#3399,0.5085);
#133=CIRCLE('',#3447,1.0085);
#134=CIRCLE('',#3448,1.0085);
#135=CIRCLE('',#3449,1.0085);
#136=CIRCLE('',#3450,1.0085);
#137=CIRCLE('',#3454,1.0085);
#138=CIRCLE('',#3456,1.0085);
#139=CIRCLE('',#3458,1.0085);
#140=CIRCLE('',#3460,1.0085);
#141=CIRCLE('',#3495,0.5085);
#142=CIRCLE('',#3496,0.5085);
#143=CIRCLE('',#3499,0.5085);
#144=CIRCLE('',#3500,0.5085);
#145=CIRCLE('',#3503,0.5085);
#146=CIRCLE('',#3504,0.5085);
#147=CIRCLE('',#3507,0.5085);
#148=CIRCLE('',#3508,0.5085);
#149=CIRCLE('',#3513,2.5085);
#150=CIRCLE('',#3514,2.5085);
#151=CIRCLE('',#3517,2.5085);
#152=CIRCLE('',#3552,2.5085);
#153=CIRCLE('',#3557,2.5085);
#154=CIRCLE('',#3559,2.5085);
#155=CIRCLE('',#3561,2.5085);
#156=CIRCLE('',#3565,2.5085);
#157=CIRCLE('',#3567,2.5085);
#158=CIRCLE('',#3569,2.5085);
#159=CIRCLE('',#3571,0.35850000000032);
#160=CIRCLE('',#3572,0.35850000000032);
#161=CIRCLE('',#3574,0.35850000000032);
#162=CIRCLE('',#3575,0.35850000000032);
#163=CIRCLE('',#3577,1.0085);
#164=CIRCLE('',#3578,1.0085);
#165=CIRCLE('',#3581,1.0085);
#166=CIRCLE('',#3582,1.0085);
#167=CIRCLE('',#3585,1.0085);
#168=CIRCLE('',#3586,1.0085);
#169=CIRCLE('',#3589,1.0085);
#170=CIRCLE('',#3590,1.0085);
#171=CIRCLE('',#3605,3.5085);
#172=CIRCLE('',#3611,3.5085);
#173=CYLINDRICAL_SURFACE('',#3388,0.5085);
#174=CYLINDRICAL_SURFACE('',#3391,0.5085);
#175=CYLINDRICAL_SURFACE('',#3394,0.5085);
#176=CYLINDRICAL_SURFACE('',#3397,0.5085);
#177=CYLINDRICAL_SURFACE('',#3453,1.0085);
#178=CYLINDRICAL_SURFACE('',#3455,1.0085);
#179=CYLINDRICAL_SURFACE('',#3457,1.0085);
#180=CYLINDRICAL_SURFACE('',#3459,1.0085);
#181=CYLINDRICAL_SURFACE('',#3494,0.5085);
#182=CYLINDRICAL_SURFACE('',#3498,0.5085);
#183=CYLINDRICAL_SURFACE('',#3502,0.5085);
#184=CYLINDRICAL_SURFACE('',#3506,0.5085);
#185=CYLINDRICAL_SURFACE('',#3566,2.5085);
#186=CYLINDRICAL_SURFACE('',#3568,2.5085);
#187=CYLINDRICAL_SURFACE('',#3570,0.35850000000032);
#188=CYLINDRICAL_SURFACE('',#3573,0.35850000000032);
#189=CYLINDRICAL_SURFACE('',#3576,1.0085);
#190=CYLINDRICAL_SURFACE('',#3580,1.0085);
#191=CYLINDRICAL_SURFACE('',#3584,1.0085);
#192=CYLINDRICAL_SURFACE('',#3588,1.0085);
#193=CYLINDRICAL_SURFACE('',#3612,3.5085);
#194=CYLINDRICAL_SURFACE('',#3613,2.5085);
#195=STYLED_ITEM('',(#6123),#201);
#196=STYLED_ITEM('',(#6124),#202);
#197=STYLED_ITEM('',(#6123),#203);
#198=STYLED_ITEM('',(#6123),#204);
#199=STYLED_ITEM('',(#6125),#205);
#200=STYLED_ITEM('',(#6123),#206);
#201=MANIFOLD_SOLID_BREP('Body1',#3357);
#202=MANIFOLD_SOLID_BREP('Body2',#3358);
#203=MANIFOLD_SOLID_BREP('Body3',#3359);
#204=MANIFOLD_SOLID_BREP('Body4',#3360);
#205=MANIFOLD_SOLID_BREP('Body5',#3361);
#206=MANIFOLD_SOLID_BREP('Body6',#3362);
#207=FACE_OUTER_BOUND('',#385,.T.);
#208=FACE_OUTER_BOUND('',#386,.T.);
#209=FACE_OUTER_BOUND('',#387,.T.);
#210=FACE_OUTER_BOUND('',#388,.T.);
#211=FACE_OUTER_BOUND('',#389,.T.);
#212=FACE_OUTER_BOUND('',#390,.T.);
#213=FACE_OUTER_BOUND('',#391,.T.);
#214=FACE_OUTER_BOUND('',#392,.T.);
#215=FACE_OUTER_BOUND('',#393,.T.);
#216=FACE_OUTER_BOUND('',#394,.T.);
#217=FACE_OUTER_BOUND('',#395,.T.);
#218=FACE_OUTER_BOUND('',#396,.T.);
#219=FACE_OUTER_BOUND('',#397,.T.);
#220=FACE_OUTER_BOUND('',#398,.T.);
#221=FACE_OUTER_BOUND('',#399,.T.);
#222=FACE_OUTER_BOUND('',#400,.T.);
#223=FACE_OUTER_BOUND('',#401,.T.);
#224=FACE_OUTER_BOUND('',#402,.T.);
#225=FACE_OUTER_BOUND('',#403,.T.);
#226=FACE_OUTER_BOUND('',#408,.T.);
#227=FACE_OUTER_BOUND('',#409,.T.);
#228=FACE_OUTER_BOUND('',#414,.T.);
#229=FACE_OUTER_BOUND('',#415,.T.);
#230=FACE_OUTER_BOUND('',#416,.T.);
#231=FACE_OUTER_BOUND('',#417,.T.);
#232=FACE_OUTER_BOUND('',#418,.T.);
#233=FACE_OUTER_BOUND('',#419,.T.);
#234=FACE_OUTER_BOUND('',#420,.T.);
#235=FACE_OUTER_BOUND('',#421,.T.);
#236=FACE_OUTER_BOUND('',#422,.T.);
#237=FACE_OUTER_BOUND('',#423,.T.);
#238=FACE_OUTER_BOUND('',#424,.T.);
#239=FACE_OUTER_BOUND('',#425,.T.);
#240=FACE_OUTER_BOUND('',#426,.T.);
#241=FACE_OUTER_BOUND('',#427,.T.);
#242=FACE_OUTER_BOUND('',#428,.T.);
#243=FACE_OUTER_BOUND('',#429,.T.);
#244=FACE_OUTER_BOUND('',#430,.T.);
#245=FACE_OUTER_BOUND('',#431,.T.);
#246=FACE_OUTER_BOUND('',#432,.T.);
#247=FACE_OUTER_BOUND('',#433,.T.);
#248=FACE_OUTER_BOUND('',#434,.T.);
#249=FACE_OUTER_BOUND('',#435,.T.);
#250=FACE_OUTER_BOUND('',#436,.T.);
#251=FACE_OUTER_BOUND('',#437,.T.);
#252=FACE_OUTER_BOUND('',#438,.T.);
#253=FACE_OUTER_BOUND('',#439,.T.);
#254=FACE_OUTER_BOUND('',#440,.T.);
#255=FACE_OUTER_BOUND('',#441,.T.);
#256=FACE_OUTER_BOUND('',#442,.T.);
#257=FACE_OUTER_BOUND('',#443,.T.);
#258=FACE_OUTER_BOUND('',#444,.T.);
#259=FACE_OUTER_BOUND('',#445,.T.);
#260=FACE_OUTER_BOUND('',#446,.T.);
#261=FACE_OUTER_BOUND('',#447,.T.);
#262=FACE_OUTER_BOUND('',#448,.T.);
#263=FACE_OUTER_BOUND('',#449,.T.);
#264=FACE_OUTER_BOUND('',#450,.T.);
#265=FACE_OUTER_BOUND('',#451,.T.);
#266=FACE_OUTER_BOUND('',#452,.T.);
#267=FACE_OUTER_BOUND('',#453,.T.);
#268=FACE_OUTER_BOUND('',#454,.T.);
#269=FACE_OUTER_BOUND('',#455,.T.);
#270=FACE_OUTER_BOUND('',#462,.T.);
#271=FACE_OUTER_BOUND('',#463,.T.);
#272=FACE_OUTER_BOUND('',#464,.T.);
#273=FACE_OUTER_BOUND('',#465,.T.);
#274=FACE_OUTER_BOUND('',#466,.T.);
#275=FACE_OUTER_BOUND('',#467,.T.);
#276=FACE_OUTER_BOUND('',#468,.T.);
#277=FACE_OUTER_BOUND('',#469,.T.);
#278=FACE_OUTER_BOUND('',#470,.T.);
#279=FACE_OUTER_BOUND('',#471,.T.);
#280=FACE_OUTER_BOUND('',#472,.T.);
#281=FACE_OUTER_BOUND('',#473,.T.);
#282=FACE_OUTER_BOUND('',#474,.T.);
#283=FACE_OUTER_BOUND('',#475,.T.);
#284=FACE_OUTER_BOUND('',#476,.T.);
#285=FACE_OUTER_BOUND('',#477,.T.);
#286=FACE_OUTER_BOUND('',#478,.T.);
#287=FACE_OUTER_BOUND('',#479,.T.);
#288=FACE_OUTER_BOUND('',#480,.T.);
#289=FACE_OUTER_BOUND('',#481,.T.);
#290=FACE_OUTER_BOUND('',#491,.T.);
#291=FACE_OUTER_BOUND('',#492,.T.);
#292=FACE_OUTER_BOUND('',#493,.T.);
#293=FACE_OUTER_BOUND('',#494,.T.);
#294=FACE_OUTER_BOUND('',#495,.T.);
#295=FACE_OUTER_BOUND('',#511,.T.);
#296=FACE_OUTER_BOUND('',#512,.T.);
#297=FACE_OUTER_BOUND('',#513,.T.);
#298=FACE_OUTER_BOUND('',#514,.T.);
#299=FACE_OUTER_BOUND('',#515,.T.);
#300=FACE_OUTER_BOUND('',#516,.T.);
#301=FACE_OUTER_BOUND('',#517,.T.);
#302=FACE_OUTER_BOUND('',#518,.T.);
#303=FACE_OUTER_BOUND('',#519,.T.);
#304=FACE_OUTER_BOUND('',#520,.T.);
#305=FACE_OUTER_BOUND('',#521,.T.);
#306=FACE_OUTER_BOUND('',#522,.T.);
#307=FACE_OUTER_BOUND('',#523,.T.);
#308=FACE_OUTER_BOUND('',#524,.T.);
#309=FACE_OUTER_BOUND('',#525,.T.);
#310=FACE_OUTER_BOUND('',#526,.T.);
#311=FACE_OUTER_BOUND('',#527,.T.);
#312=FACE_OUTER_BOUND('',#528,.T.);
#313=FACE_OUTER_BOUND('',#529,.T.);
#314=FACE_OUTER_BOUND('',#530,.T.);
#315=FACE_OUTER_BOUND('',#531,.T.);
#316=FACE_OUTER_BOUND('',#532,.T.);
#317=FACE_OUTER_BOUND('',#533,.T.);
#318=FACE_OUTER_BOUND('',#534,.T.);
#319=FACE_OUTER_BOUND('',#535,.T.);
#320=FACE_OUTER_BOUND('',#536,.T.);
#321=FACE_OUTER_BOUND('',#537,.T.);
#322=FACE_OUTER_BOUND('',#538,.T.);
#323=FACE_OUTER_BOUND('',#539,.T.);
#324=FACE_OUTER_BOUND('',#540,.T.);
#325=FACE_OUTER_BOUND('',#541,.T.);
#326=FACE_OUTER_BOUND('',#543,.T.);
#327=FACE_OUTER_BOUND('',#544,.T.);
#328=FACE_OUTER_BOUND('',#545,.T.);
#329=FACE_OUTER_BOUND('',#546,.T.);
#330=FACE_OUTER_BOUND('',#547,.T.);
#331=FACE_OUTER_BOUND('',#548,.T.);
#332=FACE_OUTER_BOUND('',#549,.T.);
#333=FACE_OUTER_BOUND('',#550,.T.);
#334=FACE_OUTER_BOUND('',#551,.T.);
#335=FACE_OUTER_BOUND('',#552,.T.);
#336=FACE_OUTER_BOUND('',#553,.T.);
#337=FACE_OUTER_BOUND('',#555,.T.);
#338=FACE_OUTER_BOUND('',#557,.T.);
#339=FACE_OUTER_BOUND('',#559,.T.);
#340=FACE_OUTER_BOUND('',#560,.T.);
#341=FACE_OUTER_BOUND('',#562,.T.);
#342=FACE_OUTER_BOUND('',#563,.T.);
#343=FACE_OUTER_BOUND('',#564,.T.);
#344=FACE_OUTER_BOUND('',#565,.T.);
#345=FACE_OUTER_BOUND('',#566,.T.);
#346=FACE_OUTER_BOUND('',#567,.T.);
#347=FACE_OUTER_BOUND('',#568,.T.);
#348=FACE_OUTER_BOUND('',#569,.T.);
#349=FACE_OUTER_BOUND('',#570,.T.);
#350=FACE_OUTER_BOUND('',#571,.T.);
#351=FACE_OUTER_BOUND('',#572,.T.);
#352=FACE_OUTER_BOUND('',#573,.T.);
#353=FACE_OUTER_BOUND('',#574,.T.);
#354=FACE_OUTER_BOUND('',#575,.T.);
#355=FACE_OUTER_BOUND('',#576,.T.);
#356=FACE_OUTER_BOUND('',#577,.T.);
#357=FACE_OUTER_BOUND('',#578,.T.);
#358=FACE_OUTER_BOUND('',#583,.T.);
#359=FACE_OUTER_BOUND('',#587,.T.);
#360=FACE_OUTER_BOUND('',#588,.T.);
#361=FACE_OUTER_BOUND('',#589,.T.);
#362=FACE_OUTER_BOUND('',#590,.T.);
#363=FACE_OUTER_BOUND('',#593,.T.);
#364=FACE_OUTER_BOUND('',#594,.T.);
#365=FACE_OUTER_BOUND('',#595,.T.);
#366=FACE_OUTER_BOUND('',#596,.T.);
#367=FACE_OUTER_BOUND('',#598,.T.);
#368=FACE_OUTER_BOUND('',#604,.T.);
#369=FACE_OUTER_BOUND('',#605,.T.);
#370=FACE_OUTER_BOUND('',#607,.T.);
#371=FACE_OUTER_BOUND('',#608,.T.);
#372=FACE_OUTER_BOUND('',#609,.T.);
#373=FACE_OUTER_BOUND('',#611,.T.);
#374=FACE_OUTER_BOUND('',#612,.T.);
#375=FACE_OUTER_BOUND('',#614,.T.);
#376=FACE_OUTER_BOUND('',#615,.T.);
#377=FACE_OUTER_BOUND('',#617,.T.);
#378=FACE_OUTER_BOUND('',#618,.T.);
#379=FACE_OUTER_BOUND('',#619,.T.);
#380=FACE_OUTER_BOUND('',#620,.T.);
#381=FACE_OUTER_BOUND('',#621,.T.);
#382=FACE_OUTER_BOUND('',#622,.T.);
#383=FACE_OUTER_BOUND('',#623,.T.);
#384=FACE_OUTER_BOUND('',#624,.T.);
#385=EDGE_LOOP('',(#2121,#2122,#2123,#2124));
#386=EDGE_LOOP('',(#2125,#2126,#2127,#2128));
#387=EDGE_LOOP('',(#2129,#2130,#2131,#2132));
#388=EDGE_LOOP('',(#2133,#2134,#2135,#2136));
#389=EDGE_LOOP('',(#2137,#2138,#2139,#2140));
#390=EDGE_LOOP('',(#2141,#2142,#2143,#2144));
#391=EDGE_LOOP('',(#2145,#2146,#2147,#2148));
#392=EDGE_LOOP('',(#2149,#2150,#2151,#2152));
#393=EDGE_LOOP('',(#2153,#2154,#2155,#2156));
#394=EDGE_LOOP('',(#2157,#2158,#2159,#2160));
#395=EDGE_LOOP('',(#2161,#2162,#2163,#2164));
#396=EDGE_LOOP('',(#2165,#2166,#2167,#2168));
#397=EDGE_LOOP('',(#2169,#2170,#2171,#2172));
#398=EDGE_LOOP('',(#2173,#2174,#2175,#2176));
#399=EDGE_LOOP('',(#2177,#2178,#2179,#2180));
#400=EDGE_LOOP('',(#2181,#2182,#2183,#2184));
#401=EDGE_LOOP('',(#2185,#2186,#2187,#2188));
#402=EDGE_LOOP('',(#2189,#2190,#2191,#2192));
#403=EDGE_LOOP('',(#2193,#2194,#2195,#2196));
#404=EDGE_LOOP('',(#2197));
#405=EDGE_LOOP('',(#2198));
#406=EDGE_LOOP('',(#2199));
#407=EDGE_LOOP('',(#2200));
#408=EDGE_LOOP('',(#2201,#2202,#2203,#2204));
#409=EDGE_LOOP('',(#2205,#2206,#2207,#2208));
#410=EDGE_LOOP('',(#2209));
#411=EDGE_LOOP('',(#2210));
#412=EDGE_LOOP('',(#2211));
#413=EDGE_LOOP('',(#2212));
#414=EDGE_LOOP('',(#2213,#2214,#2215,#2216));
#415=EDGE_LOOP('',(#2217,#2218,#2219,#2220));
#416=EDGE_LOOP('',(#2221,#2222,#2223,#2224));
#417=EDGE_LOOP('',(#2225,#2226,#2227,#2228));
#418=EDGE_LOOP('',(#2229,#2230,#2231,#2232));
#419=EDGE_LOOP('',(#2233,#2234,#2235,#2236));
#420=EDGE_LOOP('',(#2237,#2238,#2239,#2240));
#421=EDGE_LOOP('',(#2241,#2242,#2243,#2244));
#422=EDGE_LOOP('',(#2245,#2246,#2247,#2248));
#423=EDGE_LOOP('',(#2249,#2250,#2251,#2252));
#424=EDGE_LOOP('',(#2253,#2254,#2255,#2256));
#425=EDGE_LOOP('',(#2257,#2258,#2259,#2260));
#426=EDGE_LOOP('',(#2261,#2262,#2263,#2264));
#427=EDGE_LOOP('',(#2265,#2266,#2267,#2268));
#428=EDGE_LOOP('',(#2269,#2270,#2271,#2272));
#429=EDGE_LOOP('',(#2273,#2274,#2275,#2276));
#430=EDGE_LOOP('',(#2277,#2278,#2279,#2280));
#431=EDGE_LOOP('',(#2281,#2282,#2283,#2284));
#432=EDGE_LOOP('',(#2285,#2286,#2287,#2288));
#433=EDGE_LOOP('',(#2289,#2290,#2291,#2292));
#434=EDGE_LOOP('',(#2293,#2294,#2295,#2296));
#435=EDGE_LOOP('',(#2297,#2298,#2299,#2300));
#436=EDGE_LOOP('',(#2301,#2302,#2303,#2304));
#437=EDGE_LOOP('',(#2305,#2306,#2307,#2308));
#438=EDGE_LOOP('',(#2309,#2310,#2311,#2312));
#439=EDGE_LOOP('',(#2313,#2314,#2315,#2316));
#440=EDGE_LOOP('',(#2317,#2318,#2319,#2320));
#441=EDGE_LOOP('',(#2321,#2322,#2323,#2324));
#442=EDGE_LOOP('',(#2325,#2326,#2327,#2328));
#443=EDGE_LOOP('',(#2329,#2330,#2331,#2332,#2333,#2334));
#444=EDGE_LOOP('',(#2335,#2336,#2337,#2338));
#445=EDGE_LOOP('',(#2339,#2340,#2341,#2342));
#446=EDGE_LOOP('',(#2343,#2344,#2345,#2346,#2347,#2348));
#447=EDGE_LOOP('',(#2349,#2350,#2351,#2352));
#448=EDGE_LOOP('',(#2353,#2354,#2355,#2356));
#449=EDGE_LOOP('',(#2357,#2358,#2359,#2360));
#450=EDGE_LOOP('',(#2361,#2362,#2363,#2364));
#451=EDGE_LOOP('',(#2365,#2366,#2367,#2368));
#452=EDGE_LOOP('',(#2369,#2370,#2371,#2372));
#453=EDGE_LOOP('',(#2373,#2374,#2375,#2376));
#454=EDGE_LOOP('',(#2377,#2378,#2379,#2380));
#455=EDGE_LOOP('',(#2381,#2382,#2383,#2384,#2385,#2386,#2387,#2388));
#456=EDGE_LOOP('',(#2389,#2390,#2391,#2392));
#457=EDGE_LOOP('',(#2393,#2394,#2395,#2396,#2397,#2398,#2399,#2400,#2401,
#2402,#2403,#2404));
#458=EDGE_LOOP('',(#2405));
#459=EDGE_LOOP('',(#2406));
#460=EDGE_LOOP('',(#2407));
#461=EDGE_LOOP('',(#2408));
#462=EDGE_LOOP('',(#2409,#2410,#2411,#2412));
#463=EDGE_LOOP('',(#2413,#2414,#2415,#2416));
#464=EDGE_LOOP('',(#2417,#2418,#2419,#2420));
#465=EDGE_LOOP('',(#2421,#2422,#2423,#2424));
#466=EDGE_LOOP('',(#2425,#2426,#2427,#2428));
#467=EDGE_LOOP('',(#2429,#2430,#2431,#2432));
#468=EDGE_LOOP('',(#2433,#2434,#2435,#2436));
#469=EDGE_LOOP('',(#2437,#2438,#2439,#2440));
#470=EDGE_LOOP('',(#2441,#2442,#2443,#2444));
#471=EDGE_LOOP('',(#2445,#2446,#2447,#2448));
#472=EDGE_LOOP('',(#2449,#2450,#2451,#2452));
#473=EDGE_LOOP('',(#2453,#2454,#2455,#2456));
#474=EDGE_LOOP('',(#2457,#2458,#2459,#2460));
#475=EDGE_LOOP('',(#2461,#2462,#2463,#2464));
#476=EDGE_LOOP('',(#2465,#2466,#2467,#2468));
#477=EDGE_LOOP('',(#2469,#2470,#2471,#2472));
#478=EDGE_LOOP('',(#2473,#2474,#2475,#2476));
#479=EDGE_LOOP('',(#2477,#2478,#2479,#2480));
#480=EDGE_LOOP('',(#2481,#2482,#2483,#2484));
#481=EDGE_LOOP('',(#2485,#2486,#2487,#2488,#2489,#2490,#2491,#2492,#2493,
#2494,#2495,#2496));
#482=EDGE_LOOP('',(#2497,#2498,#2499,#2500));
#483=EDGE_LOOP('',(#2501,#2502,#2503,#2504));
#484=EDGE_LOOP('',(#2505,#2506,#2507,#2508));
#485=EDGE_LOOP('',(#2509,#2510,#2511,#2512));
#486=EDGE_LOOP('',(#2513,#2514,#2515,#2516));
#487=EDGE_LOOP('',(#2517,#2518,#2519,#2520));
#488=EDGE_LOOP('',(#2521,#2522,#2523,#2524));
#489=EDGE_LOOP('',(#2525,#2526,#2527,#2528));
#490=EDGE_LOOP('',(#2529,#2530,#2531,#2532));
#491=EDGE_LOOP('',(#2533,#2534,#2535,#2536));
#492=EDGE_LOOP('',(#2537,#2538,#2539,#2540));
#493=EDGE_LOOP('',(#2541,#2542,#2543,#2544));
#494=EDGE_LOOP('',(#2545,#2546,#2547,#2548));
#495=EDGE_LOOP('',(#2549,#2550,#2551,#2552,#2553,#2554,#2555,#2556));
#496=EDGE_LOOP('',(#2557,#2558,#2559,#2560));
#497=EDGE_LOOP('',(#2561,#2562,#2563,#2564));
#498=EDGE_LOOP('',(#2565,#2566,#2567,#2568));
#499=EDGE_LOOP('',(#2569,#2570,#2571,#2572));
#500=EDGE_LOOP('',(#2573,#2574,#2575,#2576));
#501=EDGE_LOOP('',(#2577,#2578,#2579,#2580));
#502=EDGE_LOOP('',(#2581,#2582,#2583,#2584));
#503=EDGE_LOOP('',(#2585,#2586,#2587,#2588));
#504=EDGE_LOOP('',(#2589,#2590,#2591,#2592));
#505=EDGE_LOOP('',(#2593,#2594,#2595,#2596));
#506=EDGE_LOOP('',(#2597));
#507=EDGE_LOOP('',(#2598));
#508=EDGE_LOOP('',(#2599));
#509=EDGE_LOOP('',(#2600));
#510=EDGE_LOOP('',(#2601,#2602,#2603,#2604));
#511=EDGE_LOOP('',(#2605,#2606,#2607,#2608));
#512=EDGE_LOOP('',(#2609,#2610,#2611,#2612));
#513=EDGE_LOOP('',(#2613,#2614,#2615,#2616));
#514=EDGE_LOOP('',(#2617,#2618,#2619,#2620));
#515=EDGE_LOOP('',(#2621,#2622,#2623,#2624));
#516=EDGE_LOOP('',(#2625,#2626,#2627,#2628));
#517=EDGE_LOOP('',(#2629,#2630,#2631,#2632));
#518=EDGE_LOOP('',(#2633,#2634,#2635,#2636));
#519=EDGE_LOOP('',(#2637,#2638,#2639,#2640));
#520=EDGE_LOOP('',(#2641,#2642,#2643,#2644));
#521=EDGE_LOOP('',(#2645,#2646,#2647,#2648));
#522=EDGE_LOOP('',(#2649,#2650,#2651,#2652));
#523=EDGE_LOOP('',(#2653,#2654,#2655,#2656));
#524=EDGE_LOOP('',(#2657,#2658,#2659,#2660));
#525=EDGE_LOOP('',(#2661,#2662,#2663,#2664));
#526=EDGE_LOOP('',(#2665,#2666,#2667,#2668));
#527=EDGE_LOOP('',(#2669,#2670,#2671,#2672));
#528=EDGE_LOOP('',(#2673,#2674,#2675,#2676,#2677,#2678,#2679,#2680,#2681,
#2682,#2683,#2684,#2685,#2686,#2687));
#529=EDGE_LOOP('',(#2688,#2689,#2690,#2691,#2692,#2693,#2694,#2695,#2696,
#2697,#2698,#2699,#2700,#2701,#2702));
#530=EDGE_LOOP('',(#2703,#2704,#2705,#2706));
#531=EDGE_LOOP('',(#2707));
#532=EDGE_LOOP('',(#2708,#2709,#2710,#2711));
#533=EDGE_LOOP('',(#2712));
#534=EDGE_LOOP('',(#2713,#2714,#2715,#2716));
#535=EDGE_LOOP('',(#2717));
#536=EDGE_LOOP('',(#2718,#2719,#2720,#2721));
#537=EDGE_LOOP('',(#2722));
#538=EDGE_LOOP('',(#2723,#2724,#2725,#2726));
#539=EDGE_LOOP('',(#2727,#2728,#2729,#2730));
#540=EDGE_LOOP('',(#2731,#2732));
#541=EDGE_LOOP('',(#2733,#2734,#2735,#2736));
#542=EDGE_LOOP('',(#2737,#2738,#2739,#2740,#2741,#2742,#2743,#2744,#2745,
#2746));
#543=EDGE_LOOP('',(#2747,#2748,#2749,#2750));
#544=EDGE_LOOP('',(#2751,#2752,#2753,#2754));
#545=EDGE_LOOP('',(#2755,#2756,#2757,#2758));
#546=EDGE_LOOP('',(#2759,#2760,#2761,#2762));
#547=EDGE_LOOP('',(#2763,#2764,#2765,#2766));
#548=EDGE_LOOP('',(#2767,#2768,#2769,#2770));
#549=EDGE_LOOP('',(#2771,#2772,#2773,#2774));
#550=EDGE_LOOP('',(#2775,#2776,#2777,#2778));
#551=EDGE_LOOP('',(#2779,#2780,#2781,#2782));
#552=EDGE_LOOP('',(#2783,#2784,#2785,#2786));
#553=EDGE_LOOP('',(#2787,#2788,#2789,#2790));
#554=EDGE_LOOP('',(#2791,#2792,#2793,#2794,#2795,#2796,#2797,#2798,#2799,
#2800));
#555=EDGE_LOOP('',(#2801));
#556=EDGE_LOOP('',(#2802));
#557=EDGE_LOOP('',(#2803));
#558=EDGE_LOOP('',(#2804));
#559=EDGE_LOOP('',(#2805,#2806,#2807,#2808));
#560=EDGE_LOOP('',(#2809));
#561=EDGE_LOOP('',(#2810));
#562=EDGE_LOOP('',(#2811,#2812));
#563=EDGE_LOOP('',(#2813,#2814));
#564=EDGE_LOOP('',(#2815,#2816,#2817,#2818));
#565=EDGE_LOOP('',(#2819,#2820));
#566=EDGE_LOOP('',(#2821,#2822,#2823,#2824));
#567=EDGE_LOOP('',(#2825,#2826,#2827,#2828));
#568=EDGE_LOOP('',(#2829,#2830,#2831,#2832));
#569=EDGE_LOOP('',(#2833,#2834,#2835,#2836));
#570=EDGE_LOOP('',(#2837,#2838,#2839,#2840));
#571=EDGE_LOOP('',(#2841));
#572=EDGE_LOOP('',(#2842,#2843,#2844,#2845));
#573=EDGE_LOOP('',(#2846));
#574=EDGE_LOOP('',(#2847,#2848,#2849,#2850));
#575=EDGE_LOOP('',(#2851));
#576=EDGE_LOOP('',(#2852,#2853,#2854,#2855));
#577=EDGE_LOOP('',(#2856));
#578=EDGE_LOOP('',(#2857,#2858,#2859,#2860,#2861,#2862,#2863,#2864));
#579=EDGE_LOOP('',(#2865));
#580=EDGE_LOOP('',(#2866));
#581=EDGE_LOOP('',(#2867));
#582=EDGE_LOOP('',(#2868));
#583=EDGE_LOOP('',(#2869,#2870,#2871,#2872,#2873,#2874,#2875,#2876));
#584=EDGE_LOOP('',(#2877));
#585=EDGE_LOOP('',(#2878));
#586=EDGE_LOOP('',(#2879,#2880,#2881,#2882));
#587=EDGE_LOOP('',(#2883,#2884,#2885,#2886));
#588=EDGE_LOOP('',(#2887,#2888,#2889,#2890));
#589=EDGE_LOOP('',(#2891,#2892,#2893,#2894,#2895,#2896,#2897,#2898));
#590=EDGE_LOOP('',(#2899,#2900,#2901,#2902));
#591=EDGE_LOOP('',(#2903));
#592=EDGE_LOOP('',(#2904));
#593=EDGE_LOOP('',(#2905,#2906,#2907,#2908));
#594=EDGE_LOOP('',(#2909,#2910,#2911,#2912));
#595=EDGE_LOOP('',(#2913,#2914,#2915,#2916,#2917,#2918,#2919,#2920));
#596=EDGE_LOOP('',(#2921,#2922,#2923,#2924));
#597=EDGE_LOOP('',(#2925));
#598=EDGE_LOOP('',(#2926,#2927,#2928,#2929,#2930,#2931,#2932,#2933,#2934,
#2935,#2936,#2937,#2938,#2939,#2940,#2941,#2942,#2943,#2944,#2945));
#599=EDGE_LOOP('',(#2946));
#600=EDGE_LOOP('',(#2947));
#601=EDGE_LOOP('',(#2948));
#602=EDGE_LOOP('',(#2949));
#603=EDGE_LOOP('',(#2950,#2951,#2952,#2953));
#604=EDGE_LOOP('',(#2954,#2955,#2956,#2957));
#605=EDGE_LOOP('',(#2958,#2959,#2960,#2961));
#606=EDGE_LOOP('',(#2962));
#607=EDGE_LOOP('',(#2963,#2964,#2965,#2966));
#608=EDGE_LOOP('',(#2967,#2968,#2969,#2970));
#609=EDGE_LOOP('',(#2971,#2972,#2973,#2974));
#610=EDGE_LOOP('',(#2975));
#611=EDGE_LOOP('',(#2976,#2977,#2978,#2979));
#612=EDGE_LOOP('',(#2980,#2981,#2982,#2983));
#613=EDGE_LOOP('',(#2984));
#614=EDGE_LOOP('',(#2985,#2986,#2987,#2988));
#615=EDGE_LOOP('',(#2989,#2990,#2991,#2992,#2993,#2994,#2995,#2996));
#616=EDGE_LOOP('',(#2997,#2998,#2999,#3000));
#617=EDGE_LOOP('',(#3001,#3002,#3003,#3004));
#618=EDGE_LOOP('',(#3005,#3006,#3007,#3008));
#619=EDGE_LOOP('',(#3009,#3010,#3011,#3012));
#620=EDGE_LOOP('',(#3013,#3014,#3015,#3016));
#621=EDGE_LOOP('',(#3017,#3018,#3019,#3020));
#622=EDGE_LOOP('',(#3021,#3022,#3023,#3024));
#623=EDGE_LOOP('',(#3025,#3026,#3027,#3028));
#624=EDGE_LOOP('',(#3029,#3030,#3031,#3032));
#625=LINE('',#4488,#993);
#626=LINE('',#4490,#994);
#627=LINE('',#4492,#995);
#628=LINE('',#4493,#996);
#629=LINE('',#4497,#997);
#630=LINE('',#4499,#998);
#631=LINE('',#4501,#999);
#632=LINE('',#4502,#1000);
#633=LINE('',#4504,#1001);
#634=LINE('',#4505,#1002);
#635=LINE('',#4507,#1003);
#636=LINE('',#4509,#1004);
#637=LINE('',#4514,#1005);
#638=LINE('',#4516,#1006);
#639=LINE('',#4518,#1007);
#640=LINE('',#4519,#1008);
#641=LINE('',#4523,#1009);
#642=LINE('',#4525,#1010);
#643=LINE('',#4527,#1011);
#644=LINE('',#4528,#1012);
#645=LINE('',#4530,#1013);
#646=LINE('',#4531,#1014);
#647=LINE('',#4533,#1015);
#648=LINE('',#4535,#1016);
#649=LINE('',#4541,#1017);
#650=LINE('',#4547,#1018);
#651=LINE('',#4553,#1019);
#652=LINE('',#4559,#1020);
#653=LINE('',#4564,#1021);
#654=LINE('',#4566,#1022);
#655=LINE('',#4568,#1023);
#656=LINE('',#4569,#1024);
#657=LINE('',#4573,#1025);
#658=LINE('',#4575,#1026);
#659=LINE('',#4577,#1027);
#660=LINE('',#4578,#1028);
#661=LINE('',#4580,#1029);
#662=LINE('',#4581,#1030);
#663=LINE('',#4583,#1031);
#664=LINE('',#4585,#1032);
#665=LINE('',#4590,#1033);
#666=LINE('',#4592,#1034);
#667=LINE('',#4594,#1035);
#668=LINE('',#4595,#1036);
#669=LINE('',#4598,#1037);
#670=LINE('',#4600,#1038);
#671=LINE('',#4601,#1039);
#672=LINE('',#4604,#1040);
#673=LINE('',#4606,#1041);
#674=LINE('',#4607,#1042);
#675=LINE('',#4609,#1043);
#676=LINE('',#4610,#1044);
#677=LINE('',#4614,#1045);
#678=LINE('',#4616,#1046);
#679=LINE('',#4618,#1047);
#680=LINE('',#4619,#1048);
#681=LINE('',#4622,#1049);
#682=LINE('',#4624,#1050);
#683=LINE('',#4625,#1051);
#684=LINE('',#4628,#1052);
#685=LINE('',#4630,#1053);
#686=LINE('',#4631,#1054);
#687=LINE('',#4633,#1055);
#688=LINE('',#4634,#1056);
#689=LINE('',#4638,#1057);
#690=LINE('',#4640,#1058);
#691=LINE('',#4642,#1059);
#692=LINE('',#4643,#1060);
#693=LINE('',#4646,#1061);
#694=LINE('',#4648,#1062);
#695=LINE('',#4649,#1063);
#696=LINE('',#4652,#1064);
#697=LINE('',#4654,#1065);
#698=LINE('',#4655,#1066);
#699=LINE('',#4657,#1067);
#700=LINE('',#4658,#1068);
#701=LINE('',#4662,#1069);
#702=LINE('',#4664,#1070);
#703=LINE('',#4666,#1071);
#704=LINE('',#4667,#1072);
#705=LINE('',#4670,#1073);
#706=LINE('',#4672,#1074);
#707=LINE('',#4673,#1075);
#708=LINE('',#4676,#1076);
#709=LINE('',#4678,#1077);
#710=LINE('',#4679,#1078);
#711=LINE('',#4681,#1079);
#712=LINE('',#4682,#1080);
#713=LINE('',#4686,#1081);
#714=LINE('',#4688,#1082);
#715=LINE('',#4690,#1083);
#716=LINE('',#4691,#1084);
#717=LINE('',#4694,#1085);
#718=LINE('',#4696,#1086);
#719=LINE('',#4697,#1087);
#720=LINE('',#4700,#1088);
#721=LINE('',#4702,#1089);
#722=LINE('',#4703,#1090);
#723=LINE('',#4705,#1091);
#724=LINE('',#4706,#1092);
#725=LINE('',#4710,#1093);
#726=LINE('',#4712,#1094);
#727=LINE('',#4714,#1095);
#728=LINE('',#4715,#1096);
#729=LINE('',#4718,#1097);
#730=LINE('',#4720,#1098);
#731=LINE('',#4721,#1099);
#732=LINE('',#4724,#1100);
#733=LINE('',#4726,#1101);
#734=LINE('',#4727,#1102);
#735=LINE('',#4729,#1103);
#736=LINE('',#4730,#1104);
#737=LINE('',#4734,#1105);
#738=LINE('',#4736,#1106);
#739=LINE('',#4738,#1107);
#740=LINE('',#4739,#1108);
#741=LINE('',#4742,#1109);
#742=LINE('',#4744,#1110);
#743=LINE('',#4745,#1111);
#744=LINE('',#4748,#1112);
#745=LINE('',#4750,#1113);
#746=LINE('',#4751,#1114);
#747=LINE('',#4753,#1115);
#748=LINE('',#4754,#1116);
#749=LINE('',#4758,#1117);
#750=LINE('',#4760,#1118);
#751=LINE('',#4762,#1119);
#752=LINE('',#4764,#1120);
#753=LINE('',#4766,#1121);
#754=LINE('',#4767,#1122);
#755=LINE('',#4770,#1123);
#756=LINE('',#4772,#1124);
#757=LINE('',#4773,#1125);
#758=LINE('',#4776,#1126);
#759=LINE('',#4778,#1127);
#760=LINE('',#4779,#1128);
#761=LINE('',#4781,#1129);
#762=LINE('',#4783,#1130);
#763=LINE('',#4785,#1131);
#764=LINE('',#4786,#1132);
#765=LINE('',#4790,#1133);
#766=LINE('',#4792,#1134);
#767=LINE('',#4794,#1135);
#768=LINE('',#4795,#1136);
#769=LINE('',#4798,#1137);
#770=LINE('',#4800,#1138);
#771=LINE('',#4801,#1139);
#772=LINE('',#4804,#1140);
#773=LINE('',#4806,#1141);
#774=LINE('',#4807,#1142);
#775=LINE('',#4809,#1143);
#776=LINE('',#4810,#1144);
#777=LINE('',#4814,#1145);
#778=LINE('',#4816,#1146);
#779=LINE('',#4818,#1147);
#780=LINE('',#4819,#1148);
#781=LINE('',#4822,#1149);
#782=LINE('',#4824,#1150);
#783=LINE('',#4825,#1151);
#784=LINE('',#4828,#1152);
#785=LINE('',#4830,#1153);
#786=LINE('',#4831,#1154);
#787=LINE('',#4833,#1155);
#788=LINE('',#4834,#1156);
#789=LINE('',#4838,#1157);
#790=LINE('',#4840,#1158);
#791=LINE('',#4842,#1159);
#792=LINE('',#4844,#1160);
#793=LINE('',#4846,#1161);
#794=LINE('',#4848,#1162);
#795=LINE('',#4850,#1163);
#796=LINE('',#4851,#1164);
#797=LINE('',#4854,#1165);
#798=LINE('',#4856,#1166);
#799=LINE('',#4858,#1167);
#800=LINE('',#4859,#1168);
#801=LINE('',#4861,#1169);
#802=LINE('',#4863,#1170);
#803=LINE('',#4865,#1171);
#804=LINE('',#4867,#1172);
#805=LINE('',#4869,#1173);
#806=LINE('',#4871,#1174);
#807=LINE('',#4873,#1175);
#808=LINE('',#4875,#1176);
#809=LINE('',#4876,#1177);
#810=LINE('',#4887,#1178);
#811=LINE('',#4888,#1179);
#812=LINE('',#4891,#1180);
#813=LINE('',#4892,#1181);
#814=LINE('',#4895,#1182);
#815=LINE('',#4899,#1183);
#816=LINE('',#4903,#1184);
#817=LINE('',#4907,#1185);
#818=LINE('',#4911,#1186);
#819=LINE('',#4913,#1187);
#820=LINE('',#4914,#1188);
#821=LINE('',#4917,#1189);
#822=LINE('',#4918,#1190);
#823=LINE('',#4921,#1191);
#824=LINE('',#4922,#1192);
#825=LINE('',#4924,#1193);
#826=LINE('',#4927,#1194);
#827=LINE('',#4929,#1195);
#828=LINE('',#4930,#1196);
#829=LINE('',#4933,#1197);
#830=LINE('',#4934,#1198);
#831=LINE('',#4937,#1199);
#832=LINE('',#4939,#1200);
#833=LINE('',#4940,#1201);
#834=LINE('',#4943,#1202);
#835=LINE('',#4944,#1203);
#836=LINE('',#4947,#1204);
#837=LINE('',#4948,#1205);
#838=LINE('',#4951,#1206);
#839=LINE('',#4952,#1207);
#840=LINE('',#4955,#1208);
#841=LINE('',#4956,#1209);
#842=LINE('',#4959,#1210);
#843=LINE('',#4960,#1211);
#844=LINE('',#4962,#1212);
#845=LINE('',#4966,#1213);
#846=LINE('',#4967,#1214);
#847=LINE('',#4969,#1215);
#848=LINE('',#4972,#1216);
#849=LINE('',#4973,#1217);
#850=LINE('',#4976,#1218);
#851=LINE('',#4977,#1219);
#852=LINE('',#4980,#1220);
#853=LINE('',#4981,#1221);
#854=LINE('',#4983,#1222);
#855=LINE('',#5151,#1223);
#856=LINE('',#5196,#1224);
#857=LINE('',#5199,#1225);
#858=LINE('',#5201,#1226);
#859=LINE('',#5202,#1227);
#860=LINE('',#5205,#1228);
#861=LINE('',#5207,#1229);
#862=LINE('',#5208,#1230);
#863=LINE('',#5211,#1231);
#864=LINE('',#5213,#1232);
#865=LINE('',#5214,#1233);
#866=LINE('',#5297,#1234);
#867=LINE('',#5300,#1235);
#868=LINE('',#5302,#1236);
#869=LINE('',#5303,#1237);
#870=LINE('',#5386,#1238);
#871=LINE('',#5389,#1239);
#872=LINE('',#5391,#1240);
#873=LINE('',#5392,#1241);
#874=LINE('',#5395,#1242);
#875=LINE('',#5397,#1243);
#876=LINE('',#5398,#1244);
#877=LINE('',#5401,#1245);
#878=LINE('',#5403,#1246);
#879=LINE('',#5404,#1247);
#880=LINE('',#5459,#1248);
#881=LINE('',#5462,#1249);
#882=LINE('',#5464,#1250);
#883=LINE('',#5465,#1251);
#884=LINE('',#5660,#1252);
#885=LINE('',#5663,#1253);
#886=LINE('',#5665,#1254);
#887=LINE('',#5666,#1255);
#888=LINE('',#5668,#1256);
#889=LINE('',#5669,#1257);
#890=LINE('',#5676,#1258);
#891=LINE('',#5683,#1259);
#892=LINE('',#5690,#1260);
#893=LINE('',#5697,#1261);
#894=LINE('',#5720,#1262);
#895=LINE('',#5724,#1263);
#896=LINE('',#5755,#1264);
#897=LINE('',#5756,#1265);
#898=LINE('',#5779,#1266);
#899=LINE('',#5782,#1267);
#900=LINE('',#5785,#1268);
#901=LINE('',#5789,#1269);
#902=LINE('',#5793,#1270);
#903=LINE('',#5797,#1271);
#904=LINE('',#5801,#1272);
#905=LINE('',#5806,#1273);
#906=LINE('',#5810,#1274);
#907=LINE('',#5814,#1275);
#908=LINE('',#5838,#1276);
#909=LINE('',#5866,#1277);
#910=LINE('',#5896,#1278);
#911=LINE('',#5899,#1279);
#912=LINE('',#5905,#1280);
#913=LINE('',#5908,#1281);
#914=LINE('',#5914,#1282);
#915=LINE('',#5920,#1283);
#916=LINE('',#5926,#1284);
#917=LINE('',#5933,#1285);
#918=LINE('',#5940,#1286);
#919=LINE('',#5947,#1287);
#920=LINE('',#5953,#1288);
#921=LINE('',#5955,#1289);
#922=LINE('',#5957,#1290);
#923=LINE('',#5959,#1291);
#924=LINE('',#5961,#1292);
#925=LINE('',#5963,#1293);
#926=LINE('',#5965,#1294);
#927=LINE('',#5966,#1295);
#928=LINE('',#5969,#1296);
#929=LINE('',#5971,#1297);
#930=LINE('',#5973,#1298);
#931=LINE('',#5975,#1299);
#932=LINE('',#5977,#1300);
#933=LINE('',#5979,#1301);
#934=LINE('',#5980,#1302);
#935=LINE('',#5983,#1303);
#936=LINE('',#5985,#1304);
#937=LINE('',#5987,#1305);
#938=LINE('',#5988,#1306);
#939=LINE('',#5991,#1307);
#940=LINE('',#5992,#1308);
#941=LINE('',#5995,#1309);
#942=LINE('',#5997,#1310);
#943=LINE('',#5998,#1311);
#944=LINE('',#6001,#1312);
#945=LINE('',#6003,#1313);
#946=LINE('',#6005,#1314);
#947=LINE('',#6007,#1315);
#948=LINE('',#6009,#1316);
#949=LINE('',#6011,#1317);
#950=LINE('',#6012,#1318);
#951=LINE('',#6014,#1319);
#952=LINE('',#6016,#1320);
#953=LINE('',#6019,#1321);
#954=LINE('',#6021,#1322);
#955=LINE('',#6022,#1323);
#956=LINE('',#6025,#1324);
#957=LINE('',#6027,#1325);
#958=LINE('',#6029,#1326);
#959=LINE('',#6031,#1327);
#960=LINE('',#6033,#1328);
#961=LINE('',#6034,#1329);
#962=LINE('',#6037,#1330);
#963=LINE('',#6038,#1331);
#964=LINE('',#6041,#1332);
#965=LINE('',#6043,#1333);
#966=LINE('',#6045,#1334);
#967=LINE('',#6047,#1335);
#968=LINE('',#6049,#1336);
#969=LINE('',#6050,#1337);
#970=LINE('',#6052,#1338);
#971=LINE('',#6054,#1339);
#972=LINE('',#6056,#1340);
#973=LINE('',#6058,#1341);
#974=LINE('',#6059,#1342);
#975=LINE('',#6062,#1343);
#976=LINE('',#6064,#1344);
#977=LINE('',#6066,#1345);
#978=LINE('',#6067,#1346);
#979=LINE('',#6069,#1347);
#980=LINE('',#6071,#1348);
#981=LINE('',#6075,#1349);
#982=LINE('',#6077,#1350);
#983=LINE('',#6078,#1351);
#984=LINE('',#6080,#1352);
#985=LINE('',#6082,#1353);
#986=LINE('',#6084,#1354);
#987=LINE('',#6088,#1355);
#988=LINE('',#6091,#1356);
#989=LINE('',#6094,#1357);
#990=LINE('',#6097,#1358);
#991=LINE('',#6099,#1359);
#992=LINE('',#6101,#1360);
#993=VECTOR('',#3626,0.235294117647059);
#994=VECTOR('',#3627,0.634090909090909);
#995=VECTOR('',#3628,0.235294117647059);
#996=VECTOR('',#3629,0.634090909090909);
#997=VECTOR('',#3632,0.235294117647059);
#998=VECTOR('',#3633,0.634090909090909);
#999=VECTOR('',#3634,0.235294117647059);
#1000=VECTOR('',#3635,0.634090909090909);
#1001=VECTOR('',#3638,0.825);
#1002=VECTOR('',#3639,0.825);
#1003=VECTOR('',#3642,0.825);
#1004=VECTOR('',#3645,0.825);
#1005=VECTOR('',#3650,0.235294117647059);
#1006=VECTOR('',#3651,0.675);
#1007=VECTOR('',#3652,0.235294117647059);
#1008=VECTOR('',#3653,0.675);
#1009=VECTOR('',#3656,0.235294117647059);
#1010=VECTOR('',#3657,0.675);
#1011=VECTOR('',#3658,0.235294117647059);
#1012=VECTOR('',#3659,0.675);
#1013=VECTOR('',#3662,0.875);
#1014=VECTOR('',#3663,0.875);
#1015=VECTOR('',#3666,0.875);
#1016=VECTOR('',#3669,0.875);
#1017=VECTOR('',#3676,0.5085);
#1018=VECTOR('',#3683,0.5085);
#1019=VECTOR('',#3690,0.5085);
#1020=VECTOR('',#3697,0.5085);
#1021=VECTOR('',#3702,0.1);
#1022=VECTOR('',#3703,0.9);
#1023=VECTOR('',#3704,0.1);
#1024=VECTOR('',#3705,0.9);
#1025=VECTOR('',#3708,0.1);
#1026=VECTOR('',#3709,0.9);
#1027=VECTOR('',#3710,0.1);
#1028=VECTOR('',#3711,0.9);
#1029=VECTOR('',#3714,1.);
#1030=VECTOR('',#3715,1.);
#1031=VECTOR('',#3718,1.);
#1032=VECTOR('',#3721,1.);
#1033=VECTOR('',#3726,1.);
#1034=VECTOR('',#3727,1.);
#1035=VECTOR('',#3728,1.);
#1036=VECTOR('',#3729,1.);
#1037=VECTOR('',#3732,1.);
#1038=VECTOR('',#3733,1.);
#1039=VECTOR('',#3734,1.);
#1040=VECTOR('',#3737,1.);
#1041=VECTOR('',#3738,1.);
#1042=VECTOR('',#3739,1.);
#1043=VECTOR('',#3742,1.);
#1044=VECTOR('',#3743,1.);
#1045=VECTOR('',#3746,1.);
#1046=VECTOR('',#3747,1.);
#1047=VECTOR('',#3748,1.);
#1048=VECTOR('',#3749,1.);
#1049=VECTOR('',#3752,1.);
#1050=VECTOR('',#3753,1.);
#1051=VECTOR('',#3754,1.);
#1052=VECTOR('',#3757,1.);
#1053=VECTOR('',#3758,1.);
#1054=VECTOR('',#3759,1.);
#1055=VECTOR('',#3762,1.);
#1056=VECTOR('',#3763,1.);
#1057=VECTOR('',#3766,1.);
#1058=VECTOR('',#3767,1.);
#1059=VECTOR('',#3768,1.);
#1060=VECTOR('',#3769,1.);
#1061=VECTOR('',#3772,1.);
#1062=VECTOR('',#3773,1.);
#1063=VECTOR('',#3774,1.);
#1064=VECTOR('',#3777,1.);
#1065=VECTOR('',#3778,1.);
#1066=VECTOR('',#3779,1.);
#1067=VECTOR('',#3782,1.);
#1068=VECTOR('',#3783,1.);
#1069=VECTOR('',#3786,1.);
#1070=VECTOR('',#3787,1.);
#1071=VECTOR('',#3788,1.);
#1072=VECTOR('',#3789,1.);
#1073=VECTOR('',#3792,1.);
#1074=VECTOR('',#3793,1.);
#1075=VECTOR('',#3794,1.);
#1076=VECTOR('',#3797,1.);
#1077=VECTOR('',#3798,1.);
#1078=VECTOR('',#3799,1.);
#1079=VECTOR('',#3802,1.);
#1080=VECTOR('',#3803,1.);
#1081=VECTOR('',#3806,1.);
#1082=VECTOR('',#3807,1.);
#1083=VECTOR('',#3808,1.);
#1084=VECTOR('',#3809,1.);
#1085=VECTOR('',#3812,1.);
#1086=VECTOR('',#3813,1.);
#1087=VECTOR('',#3814,1.);
#1088=VECTOR('',#3817,1.);
#1089=VECTOR('',#3818,1.);
#1090=VECTOR('',#3819,1.);
#1091=VECTOR('',#3822,1.);
#1092=VECTOR('',#3823,1.);
#1093=VECTOR('',#3826,1.);
#1094=VECTOR('',#3827,1.);
#1095=VECTOR('',#3828,1.);
#1096=VECTOR('',#3829,1.);
#1097=VECTOR('',#3832,1.);
#1098=VECTOR('',#3833,1.);
#1099=VECTOR('',#3834,1.);
#1100=VECTOR('',#3837,1.);
#1101=VECTOR('',#3838,1.);
#1102=VECTOR('',#3839,1.);
#1103=VECTOR('',#3842,1.);
#1104=VECTOR('',#3843,1.);
#1105=VECTOR('',#3846,1.);
#1106=VECTOR('',#3847,1.);
#1107=VECTOR('',#3848,1.);
#1108=VECTOR('',#3849,1.);
#1109=VECTOR('',#3852,1.);
#1110=VECTOR('',#3853,1.);
#1111=VECTOR('',#3854,1.);
#1112=VECTOR('',#3857,1.);
#1113=VECTOR('',#3858,1.);
#1114=VECTOR('',#3859,1.);
#1115=VECTOR('',#3862,1.);
#1116=VECTOR('',#3863,1.);
#1117=VECTOR('',#3866,1.);
#1118=VECTOR('',#3867,1.);
#1119=VECTOR('',#3868,1.);
#1120=VECTOR('',#3869,1.);
#1121=VECTOR('',#3870,1.);
#1122=VECTOR('',#3871,1.);
#1123=VECTOR('',#3874,1.);
#1124=VECTOR('',#3875,1.);
#1125=VECTOR('',#3876,1.);
#1126=VECTOR('',#3879,1.);
#1127=VECTOR('',#3880,1.);
#1128=VECTOR('',#3881,1.);
#1129=VECTOR('',#3884,1.);
#1130=VECTOR('',#3885,1.);
#1131=VECTOR('',#3886,1.);
#1132=VECTOR('',#3887,1.);
#1133=VECTOR('',#3890,1.);
#1134=VECTOR('',#3891,1.);
#1135=VECTOR('',#3892,1.);
#1136=VECTOR('',#3893,1.);
#1137=VECTOR('',#3896,1.);
#1138=VECTOR('',#3897,1.);
#1139=VECTOR('',#3898,1.);
#1140=VECTOR('',#3901,1.);
#1141=VECTOR('',#3902,1.);
#1142=VECTOR('',#3903,1.);
#1143=VECTOR('',#3906,1.);
#1144=VECTOR('',#3907,1.);
#1145=VECTOR('',#3910,1.);
#1146=VECTOR('',#3911,1.);
#1147=VECTOR('',#3912,1.);
#1148=VECTOR('',#3913,1.);
#1149=VECTOR('',#3916,1.);
#1150=VECTOR('',#3917,1.);
#1151=VECTOR('',#3918,1.);
#1152=VECTOR('',#3921,1.);
#1153=VECTOR('',#3922,1.);
#1154=VECTOR('',#3923,1.);
#1155=VECTOR('',#3926,1.);
#1156=VECTOR('',#3927,1.);
#1157=VECTOR('',#3930,1.);
#1158=VECTOR('',#3931,1.);
#1159=VECTOR('',#3932,1.);
#1160=VECTOR('',#3933,1.);
#1161=VECTOR('',#3934,1.);
#1162=VECTOR('',#3935,1.);
#1163=VECTOR('',#3936,1.);
#1164=VECTOR('',#3937,1.);
#1165=VECTOR('',#3938,1.);
#1166=VECTOR('',#3939,1.);
#1167=VECTOR('',#3940,1.);
#1168=VECTOR('',#3941,1.);
#1169=VECTOR('',#3942,1.);
#1170=VECTOR('',#3943,1.);
#1171=VECTOR('',#3944,1.);
#1172=VECTOR('',#3945,1.);
#1173=VECTOR('',#3946,1.);
#1174=VECTOR('',#3947,1.);
#1175=VECTOR('',#3948,1.);
#1176=VECTOR('',#3949,1.);
#1177=VECTOR('',#3950,1.);
#1178=VECTOR('',#3961,0.80085);
#1179=VECTOR('',#3962,1.);
#1180=VECTOR('',#3965,0.80085);
#1181=VECTOR('',#3966,0.80085);
#1182=VECTOR('',#3969,1.0085);
#1183=VECTOR('',#3974,1.0085);
#1184=VECTOR('',#3979,1.0085);
#1185=VECTOR('',#3984,1.0085);
#1186=VECTOR('',#3989,0.80085);
#1187=VECTOR('',#3990,1.15085);
#1188=VECTOR('',#3991,1.);
#1189=VECTOR('',#3994,0.80085);
#1190=VECTOR('',#3995,0.55085);
#1191=VECTOR('',#3998,0.80085);
#1192=VECTOR('',#3999,1.15085);
#1193=VECTOR('',#4002,0.55085);
#1194=VECTOR('',#4005,3.10085);
#1195=VECTOR('',#4006,1.);
#1196=VECTOR('',#4007,3.10085);
#1197=VECTOR('',#4010,3.10085);
#1198=VECTOR('',#4011,1.);
#1199=VECTOR('',#4014,1.);
#1200=VECTOR('',#4015,1.);
#1201=VECTOR('',#4016,1.);
#1202=VECTOR('',#4019,1.);
#1203=VECTOR('',#4020,3.7);
#1204=VECTOR('',#4023,1.);
#1205=VECTOR('',#4024,1.15);
#1206=VECTOR('',#4027,1.);
#1207=VECTOR('',#4028,1.15);
#1208=VECTOR('',#4031,4.50085);
#1209=VECTOR('',#4032,0.80085);
#1210=VECTOR('',#4035,0.80085);
#1211=VECTOR('',#4036,0.80085);
#1212=VECTOR('',#4039,4.50085);
#1213=VECTOR('',#4044,3.10085);
#1214=VECTOR('',#4045,1.);
#1215=VECTOR('',#4048,1.);
#1216=VECTOR('',#4051,3.7);
#1217=VECTOR('',#4052,1.);
#1218=VECTOR('',#4055,1.);
#1219=VECTOR('',#4056,1.);
#1220=VECTOR('',#4059,5.55000000000001);
#1221=VECTOR('',#4060,1.);
#1222=VECTOR('',#4063,1.);
#1223=VECTOR('',#4066,0.235294117647059);
#1224=VECTOR('',#4067,0.235294117647059);
#1225=VECTOR('',#4070,0.775071089413338);
#1226=VECTOR('',#4071,0.775071089413338);
#1227=VECTOR('',#4072,0.235294117647059);
#1228=VECTOR('',#4075,2.88162877099791);
#1229=VECTOR('',#4076,2.88162877099791);
#1230=VECTOR('',#4077,0.235294117647059);
#1231=VECTOR('',#4080,0.775071089413338);
#1232=VECTOR('',#4081,0.775071089413338);
#1233=VECTOR('',#4082,0.235294117647059);
#1234=VECTOR('',#4083,0.235294117647059);
#1235=VECTOR('',#4086,7.62502369044474);
#1236=VECTOR('',#4087,7.62502369044474);
#1237=VECTOR('',#4088,0.235294117647059);
#1238=VECTOR('',#4089,0.235294117647059);
#1239=VECTOR('',#4092,0.764597155772618);
#1240=VECTOR('',#4093,0.764597155772618);
#1241=VECTOR('',#4094,0.235294117647059);
#1242=VECTOR('',#4097,2.19003786595841);
#1243=VECTOR('',#4098,2.19003786595841);
#1244=VECTOR('',#4099,0.235294117647059);
#1245=VECTOR('',#4102,2.39853080372506);
#1246=VECTOR('',#4103,2.39853080372506);
#1247=VECTOR('',#4104,0.235294117647059);
#1248=VECTOR('',#4105,0.235294117647059);
#1249=VECTOR('',#4108,0.081363635887);
#1250=VECTOR('',#4109,0.081363635887);
#1251=VECTOR('',#4110,0.235294117647059);
#1252=VECTOR('',#4111,0.235294117647059);
#1253=VECTOR('',#4114,0.775071089413338);
#1254=VECTOR('',#4115,0.775071089413338);
#1255=VECTOR('',#4116,0.235294117647059);
#1256=VECTOR('',#4119,2.0747727151185);
#1257=VECTOR('',#4120,2.0747727151185);
#1258=VECTOR('',#4129,0.5085);
#1259=VECTOR('',#4138,0.5085);
#1260=VECTOR('',#4147,0.5085);
#1261=VECTOR('',#4156,0.5085);
#1262=VECTOR('',#4161,1.);
#1263=VECTOR('',#4164,1.);
#1264=VECTOR('',#4181,1.);
#1265=VECTOR('',#4182,1.);
#1266=VECTOR('',#4205,0.118764421189242);
#1267=VECTOR('',#4208,0.0951166938150474);
#1268=VECTOR('',#4211,0.0951166938150474);
#1269=VECTOR('',#4216,0.128114033118964);
#1270=VECTOR('',#4221,0.107240014212872);
#1271=VECTOR('',#4226,0.127420917511165);
#1272=VECTOR('',#4231,0.0956468201602564);
#1273=VECTOR('',#4238,0.128114033118964);
#1274=VECTOR('',#4243,0.107240014212872);
#1275=VECTOR('',#4248,0.127420917511165);
#1276=VECTOR('',#4255,3.36477139289181);
#1277=VECTOR('',#4268,3.70124847869939);
#1278=VECTOR('',#4283,1.);
#1279=VECTOR('',#4286,1.);
#1280=VECTOR('',#4295,2.5085);
#1281=VECTOR('',#4298,2.5085);
#1282=VECTOR('',#4305,0.35850000000032);
#1283=VECTOR('',#4312,0.35850000000032);
#1284=VECTOR('',#4319,1.0085);
#1285=VECTOR('',#4328,1.0085);
#1286=VECTOR('',#4337,1.0085);
#1287=VECTOR('',#4346,1.0085);
#1288=VECTOR('',#4353,1.);
#1289=VECTOR('',#4354,1.);
#1290=VECTOR('',#4355,1.);
#1291=VECTOR('',#4356,1.);
#1292=VECTOR('',#4357,1.);
#1293=VECTOR('',#4358,1.);
#1294=VECTOR('',#4359,1.);
#1295=VECTOR('',#4360,1.);
#1296=VECTOR('',#4363,3.7);
#1297=VECTOR('',#4364,1.);
#1298=VECTOR('',#4365,1.);
#1299=VECTOR('',#4366,5.55000000000001);
#1300=VECTOR('',#4367,1.15);
#1301=VECTOR('',#4368,1.15);
#1302=VECTOR('',#4369,3.7);
#1303=VECTOR('',#4370,1.);
#1304=VECTOR('',#4371,1.);
#1305=VECTOR('',#4372,1.);
#1306=VECTOR('',#4373,1.);
#1307=VECTOR('',#4376,1.);
#1308=VECTOR('',#4377,1.);
#1309=VECTOR('',#4380,1.60085);
#1310=VECTOR('',#4381,1.00085);
#1311=VECTOR('',#4382,1.);
#1312=VECTOR('',#4385,1.);
#1313=VECTOR('',#4386,0.65085);
#1314=VECTOR('',#4387,1.00085);
#1315=VECTOR('',#4388,1.);
#1316=VECTOR('',#4389,1.);
#1317=VECTOR('',#4390,1.);
#1318=VECTOR('',#4391,1.);
#1319=VECTOR('',#4394,1.60085);
#1320=VECTOR('',#4397,1.);
#1321=VECTOR('',#4400,1.15085);
#1322=VECTOR('',#4401,0.80085);
#1323=VECTOR('',#4402,1.);
#1324=VECTOR('',#4405,1.15085);
#1325=VECTOR('',#4406,4.50085);
#1326=VECTOR('',#4407,0.80085);
#1327=VECTOR('',#4408,4.50085);
#1328=VECTOR('',#4409,0.80085);
#1329=VECTOR('',#4410,0.55085);
#1330=VECTOR('',#4413,1.);
#1331=VECTOR('',#4414,1.);
#1332=VECTOR('',#4417,1.);
#1333=VECTOR('',#4418,1.);
#1334=VECTOR('',#4419,1.);
#1335=VECTOR('',#4420,1.);
#1336=VECTOR('',#4421,1.);
#1337=VECTOR('',#4422,1.);
#1338=VECTOR('',#4423,1.);
#1339=VECTOR('',#4424,1.);
#1340=VECTOR('',#4425,1.);
#1341=VECTOR('',#4426,1.);
#1342=VECTOR('',#4427,1.);
#1343=VECTOR('',#4428,1.);
#1344=VECTOR('',#4429,1.);
#1345=VECTOR('',#4430,1.);
#1346=VECTOR('',#4431,1.);
#1347=VECTOR('',#4434,0.80085);
#1348=VECTOR('',#4437,0.80085);
#1349=VECTOR('',#4442,0.80085);
#1350=VECTOR('',#4445,3.10085);
#1351=VECTOR('',#4446,3.10085);
#1352=VECTOR('',#4449,3.10085);
#1353=VECTOR('',#4452,1.);
#1354=VECTOR('',#4455,1.);
#1355=VECTOR('',#4460,3.5085);
#1356=VECTOR('',#4465,1.);
#1357=VECTOR('',#4470,3.10085);
#1358=VECTOR('',#4475,1.);
#1359=VECTOR('',#4478,1.);
#1360=VECTOR('',#4481,1.);
#1361=VERTEX_POINT('',#4486);
#1362=VERTEX_POINT('',#4487);
#1363=VERTEX_POINT('',#4489);
#1364=VERTEX_POINT('',#4491);
#1365=VERTEX_POINT('',#4495);
#1366=VERTEX_POINT('',#4496);
#1367=VERTEX_POINT('',#4498);
#1368=VERTEX_POINT('',#4500);
#1369=VERTEX_POINT('',#4512);
#1370=VERTEX_POINT('',#4513);
#1371=VERTEX_POINT('',#4515);
#1372=VERTEX_POINT('',#4517);
#1373=VERTEX_POINT('',#4521);
#1374=VERTEX_POINT('',#4522);
#1375=VERTEX_POINT('',#4524);
#1376=VERTEX_POINT('',#4526);
#1377=VERTEX_POINT('',#4538);
#1378=VERTEX_POINT('',#4540);
#1379=VERTEX_POINT('',#4544);
#1380=VERTEX_POINT('',#4546);
#1381=VERTEX_POINT('',#4550);
#1382=VERTEX_POINT('',#4552);
#1383=VERTEX_POINT('',#4556);
#1384=VERTEX_POINT('',#4558);
#1385=VERTEX_POINT('',#4562);
#1386=VERTEX_POINT('',#4563);
#1387=VERTEX_POINT('',#4565);
#1388=VERTEX_POINT('',#4567);
#1389=VERTEX_POINT('',#4571);
#1390=VERTEX_POINT('',#4572);
#1391=VERTEX_POINT('',#4574);
#1392=VERTEX_POINT('',#4576);
#1393=VERTEX_POINT('',#4588);
#1394=VERTEX_POINT('',#4589);
#1395=VERTEX_POINT('',#4591);
#1396=VERTEX_POINT('',#4593);
#1397=VERTEX_POINT('',#4597);
#1398=VERTEX_POINT('',#4599);
#1399=VERTEX_POINT('',#4603);
#1400=VERTEX_POINT('',#4605);
#1401=VERTEX_POINT('',#4612);
#1402=VERTEX_POINT('',#4613);
#1403=VERTEX_POINT('',#4615);
#1404=VERTEX_POINT('',#4617);
#1405=VERTEX_POINT('',#4621);
#1406=VERTEX_POINT('',#4623);
#1407=VERTEX_POINT('',#4627);
#1408=VERTEX_POINT('',#4629);
#1409=VERTEX_POINT('',#4636);
#1410=VERTEX_POINT('',#4637);
#1411=VERTEX_POINT('',#4639);
#1412=VERTEX_POINT('',#4641);
#1413=VERTEX_POINT('',#4645);
#1414=VERTEX_POINT('',#4647);
#1415=VERTEX_POINT('',#4651);
#1416=VERTEX_POINT('',#4653);
#1417=VERTEX_POINT('',#4660);
#1418=VERTEX_POINT('',#4661);
#1419=VERTEX_POINT('',#4663);
#1420=VERTEX_POINT('',#4665);
#1421=VERTEX_POINT('',#4669);
#1422=VERTEX_POINT('',#4671);
#1423=VERTEX_POINT('',#4675);
#1424=VERTEX_POINT('',#4677);
#1425=VERTEX_POINT('',#4684);
#1426=VERTEX_POINT('',#4685);
#1427=VERTEX_POINT('',#4687);
#1428=VERTEX_POINT('',#4689);
#1429=VERTEX_POINT('',#4693);
#1430=VERTEX_POINT('',#4695);
#1431=VERTEX_POINT('',#4699);
#1432=VERTEX_POINT('',#4701);
#1433=VERTEX_POINT('',#4708);
#1434=VERTEX_POINT('',#4709);
#1435=VERTEX_POINT('',#4711);
#1436=VERTEX_POINT('',#4713);
#1437=VERTEX_POINT('',#4717);
#1438=VERTEX_POINT('',#4719);
#1439=VERTEX_POINT('',#4723);
#1440=VERTEX_POINT('',#4725);
#1441=VERTEX_POINT('',#4732);
#1442=VERTEX_POINT('',#4733);
#1443=VERTEX_POINT('',#4735);
#1444=VERTEX_POINT('',#4737);
#1445=VERTEX_POINT('',#4741);
#1446=VERTEX_POINT('',#4743);
#1447=VERTEX_POINT('',#4747);
#1448=VERTEX_POINT('',#4749);
#1449=VERTEX_POINT('',#4756);
#1450=VERTEX_POINT('',#4757);
#1451=VERTEX_POINT('',#4759);
#1452=VERTEX_POINT('',#4761);
#1453=VERTEX_POINT('',#4763);
#1454=VERTEX_POINT('',#4765);
#1455=VERTEX_POINT('',#4769);
#1456=VERTEX_POINT('',#4771);
#1457=VERTEX_POINT('',#4775);
#1458=VERTEX_POINT('',#4777);
#1459=VERTEX_POINT('',#4782);
#1460=VERTEX_POINT('',#4784);
#1461=VERTEX_POINT('',#4788);
#1462=VERTEX_POINT('',#4789);
#1463=VERTEX_POINT('',#4791);
#1464=VERTEX_POINT('',#4793);
#1465=VERTEX_POINT('',#4797);
#1466=VERTEX_POINT('',#4799);
#1467=VERTEX_POINT('',#4803);
#1468=VERTEX_POINT('',#4805);
#1469=VERTEX_POINT('',#4812);
#1470=VERTEX_POINT('',#4813);
#1471=VERTEX_POINT('',#4815);
#1472=VERTEX_POINT('',#4817);
#1473=VERTEX_POINT('',#4821);
#1474=VERTEX_POINT('',#4823);
#1475=VERTEX_POINT('',#4827);
#1476=VERTEX_POINT('',#4829);
#1477=VERTEX_POINT('',#4836);
#1478=VERTEX_POINT('',#4837);
#1479=VERTEX_POINT('',#4839);
#1480=VERTEX_POINT('',#4841);
#1481=VERTEX_POINT('',#4843);
#1482=VERTEX_POINT('',#4845);
#1483=VERTEX_POINT('',#4847);
#1484=VERTEX_POINT('',#4849);
#1485=VERTEX_POINT('',#4852);
#1486=VERTEX_POINT('',#4853);
#1487=VERTEX_POINT('',#4855);
#1488=VERTEX_POINT('',#4857);
#1489=VERTEX_POINT('',#4860);
#1490=VERTEX_POINT('',#4862);
#1491=VERTEX_POINT('',#4864);
#1492=VERTEX_POINT('',#4866);
#1493=VERTEX_POINT('',#4868);
#1494=VERTEX_POINT('',#4870);
#1495=VERTEX_POINT('',#4872);
#1496=VERTEX_POINT('',#4874);
#1497=VERTEX_POINT('',#4877);
#1498=VERTEX_POINT('',#4879);
#1499=VERTEX_POINT('',#4881);
#1500=VERTEX_POINT('',#4883);
#1501=VERTEX_POINT('',#4886);
#1502=VERTEX_POINT('',#4890);
#1503=VERTEX_POINT('',#4894);
#1504=VERTEX_POINT('',#4898);
#1505=VERTEX_POINT('',#4902);
#1506=VERTEX_POINT('',#4906);
#1507=VERTEX_POINT('',#4910);
#1508=VERTEX_POINT('',#4912);
#1509=VERTEX_POINT('',#4916);
#1510=VERTEX_POINT('',#4920);
#1511=VERTEX_POINT('',#4926);
#1512=VERTEX_POINT('',#4928);
#1513=VERTEX_POINT('',#4932);
#1514=VERTEX_POINT('',#4936);
#1515=VERTEX_POINT('',#4938);
#1516=VERTEX_POINT('',#4942);
#1517=VERTEX_POINT('',#4946);
#1518=VERTEX_POINT('',#4950);
#1519=VERTEX_POINT('',#4954);
#1520=VERTEX_POINT('',#4958);
#1521=VERTEX_POINT('',#4965);
#1522=VERTEX_POINT('',#4971);
#1523=VERTEX_POINT('',#4975);
#1524=VERTEX_POINT('',#4979);
#1525=VERTEX_POINT('',#5105);
#1526=VERTEX_POINT('',#5106);
#1527=VERTEX_POINT('',#5150);
#1528=VERTEX_POINT('',#5152);
#1529=VERTEX_POINT('',#5198);
#1530=VERTEX_POINT('',#5200);
#1531=VERTEX_POINT('',#5204);
#1532=VERTEX_POINT('',#5206);
#1533=VERTEX_POINT('',#5210);
#1534=VERTEX_POINT('',#5212);
#1535=VERTEX_POINT('',#5263);
#1536=VERTEX_POINT('',#5280);
#1537=VERTEX_POINT('',#5299);
#1538=VERTEX_POINT('',#5301);
#1539=VERTEX_POINT('',#5352);
#1540=VERTEX_POINT('',#5369);
#1541=VERTEX_POINT('',#5388);
#1542=VERTEX_POINT('',#5390);
#1543=VERTEX_POINT('',#5394);
#1544=VERTEX_POINT('',#5396);
#1545=VERTEX_POINT('',#5400);
#1546=VERTEX_POINT('',#5402);
#1547=VERTEX_POINT('',#5437);
#1548=VERTEX_POINT('',#5448);
#1549=VERTEX_POINT('',#5461);
#1550=VERTEX_POINT('',#5463);
#1551=VERTEX_POINT('',#5578);
#1552=VERTEX_POINT('',#5619);
#1553=VERTEX_POINT('',#5662);
#1554=VERTEX_POINT('',#5664);
#1555=VERTEX_POINT('',#5673);
#1556=VERTEX_POINT('',#5675);
#1557=VERTEX_POINT('',#5680);
#1558=VERTEX_POINT('',#5682);
#1559=VERTEX_POINT('',#5687);
#1560=VERTEX_POINT('',#5689);
#1561=VERTEX_POINT('',#5694);
#1562=VERTEX_POINT('',#5696);
#1563=VERTEX_POINT('',#5718);
#1564=VERTEX_POINT('',#5719);
#1565=VERTEX_POINT('',#5721);
#1566=VERTEX_POINT('',#5723);
#1567=VERTEX_POINT('',#5727);
#1568=VERTEX_POINT('',#5729);
#1569=VERTEX_POINT('',#5733);
#1570=VERTEX_POINT('',#5734);
#1571=VERTEX_POINT('',#5757);
#1572=VERTEX_POINT('',#5758);
#1573=VERTEX_POINT('',#5760);
#1574=VERTEX_POINT('',#5762);
#1575=VERTEX_POINT('',#5764);
#1576=VERTEX_POINT('',#5766);
#1577=VERTEX_POINT('',#5768);
#1578=VERTEX_POINT('',#5770);
#1579=VERTEX_POINT('',#5772);
#1580=VERTEX_POINT('',#5774);
#1581=VERTEX_POINT('',#5778);
#1582=VERTEX_POINT('',#5780);
#1583=VERTEX_POINT('',#5784);
#1584=VERTEX_POINT('',#5788);
#1585=VERTEX_POINT('',#5792);
#1586=VERTEX_POINT('',#5796);
#1587=VERTEX_POINT('',#5800);
#1588=VERTEX_POINT('',#5804);
#1589=VERTEX_POINT('',#5808);
#1590=VERTEX_POINT('',#5812);
#1591=VERTEX_POINT('',#5835);
#1592=VERTEX_POINT('',#5837);
#1593=VERTEX_POINT('',#5841);
#1594=VERTEX_POINT('',#5844);
#1595=VERTEX_POINT('',#5864);
#1596=VERTEX_POINT('',#5868);
#1597=VERTEX_POINT('',#5873);
#1598=VERTEX_POINT('',#5874);
#1599=VERTEX_POINT('',#5895);
#1600=VERTEX_POINT('',#5897);
#1601=VERTEX_POINT('',#5903);
#1602=VERTEX_POINT('',#5907);
#1603=VERTEX_POINT('',#5911);
#1604=VERTEX_POINT('',#5913);
#1605=VERTEX_POINT('',#5917);
#1606=VERTEX_POINT('',#5919);
#1607=VERTEX_POINT('',#5923);
#1608=VERTEX_POINT('',#5925);
#1609=VERTEX_POINT('',#5930);
#1610=VERTEX_POINT('',#5932);
#1611=VERTEX_POINT('',#5937);
#1612=VERTEX_POINT('',#5939);
#1613=VERTEX_POINT('',#5944);
#1614=VERTEX_POINT('',#5946);
#1615=VERTEX_POINT('',#5951);
#1616=VERTEX_POINT('',#5952);
#1617=VERTEX_POINT('',#5954);
#1618=VERTEX_POINT('',#5956);
#1619=VERTEX_POINT('',#5958);
#1620=VERTEX_POINT('',#5960);
#1621=VERTEX_POINT('',#5962);
#1622=VERTEX_POINT('',#5964);
#1623=VERTEX_POINT('',#5968);
#1624=VERTEX_POINT('',#5970);
#1625=VERTEX_POINT('',#5972);
#1626=VERTEX_POINT('',#5974);
#1627=VERTEX_POINT('',#5976);
#1628=VERTEX_POINT('',#5978);
#1629=VERTEX_POINT('',#5981);
#1630=VERTEX_POINT('',#5982);
#1631=VERTEX_POINT('',#5984);
#1632=VERTEX_POINT('',#5986);
#1633=VERTEX_POINT('',#5990);
#1634=VERTEX_POINT('',#5994);
#1635=VERTEX_POINT('',#5996);
#1636=VERTEX_POINT('',#6000);
#1637=VERTEX_POINT('',#6002);
#1638=VERTEX_POINT('',#6004);
#1639=VERTEX_POINT('',#6006);
#1640=VERTEX_POINT('',#6008);
#1641=VERTEX_POINT('',#6010);
#1642=VERTEX_POINT('',#6018);
#1643=VERTEX_POINT('',#6020);
#1644=VERTEX_POINT('',#6024);
#1645=VERTEX_POINT('',#6026);
#1646=VERTEX_POINT('',#6028);
#1647=VERTEX_POINT('',#6030);
#1648=VERTEX_POINT('',#6032);
#1649=VERTEX_POINT('',#6036);
#1650=VERTEX_POINT('',#6040);
#1651=VERTEX_POINT('',#6042);
#1652=VERTEX_POINT('',#6044);
#1653=VERTEX_POINT('',#6046);
#1654=VERTEX_POINT('',#6048);
#1655=VERTEX_POINT('',#6051);
#1656=VERTEX_POINT('',#6053);
#1657=VERTEX_POINT('',#6055);
#1658=VERTEX_POINT('',#6057);
#1659=VERTEX_POINT('',#6060);
#1660=VERTEX_POINT('',#6061);
#1661=VERTEX_POINT('',#6063);
#1662=VERTEX_POINT('',#6065);
#1663=VERTEX_POINT('',#6072);
#1664=VERTEX_POINT('',#6085);
#1665=EDGE_CURVE('',#1361,#1362,#625,.T.);
#1666=EDGE_CURVE('',#1362,#1363,#626,.T.);
#1667=EDGE_CURVE('',#1363,#1364,#627,.T.);
#1668=EDGE_CURVE('',#1364,#1361,#628,.T.);
#1669=EDGE_CURVE('',#1365,#1366,#629,.T.);
#1670=EDGE_CURVE('',#1366,#1367,#630,.T.);
#1671=EDGE_CURVE('',#1367,#1368,#631,.T.);
#1672=EDGE_CURVE('',#1368,#1365,#632,.T.);
#1673=EDGE_CURVE('',#1364,#1367,#633,.T.);
#1674=EDGE_CURVE('',#1361,#1366,#634,.T.);
#1675=EDGE_CURVE('',#1363,#1368,#635,.T.);
#1676=EDGE_CURVE('',#1362,#1365,#636,.T.);
#1677=EDGE_CURVE('',#1369,#1370,#637,.T.);
#1678=EDGE_CURVE('',#1370,#1371,#638,.T.);
#1679=EDGE_CURVE('',#1371,#1372,#639,.T.);
#1680=EDGE_CURVE('',#1372,#1369,#640,.T.);
#1681=EDGE_CURVE('',#1373,#1374,#641,.T.);
#1682=EDGE_CURVE('',#1374,#1375,#642,.T.);
#1683=EDGE_CURVE('',#1375,#1376,#643,.T.);
#1684=EDGE_CURVE('',#1376,#1373,#644,.T.);
#1685=EDGE_CURVE('',#1372,#1375,#645,.T.);
#1686=EDGE_CURVE('',#1369,#1374,#646,.T.);
#1687=EDGE_CURVE('',#1371,#1376,#647,.T.);
#1688=EDGE_CURVE('',#1370,#1373,#648,.T.);
#1689=EDGE_CURVE('',#1377,#1377,#125,.T.);
#1690=EDGE_CURVE('',#1377,#1378,#649,.T.);
#1691=EDGE_CURVE('',#1378,#1378,#126,.T.);
#1692=EDGE_CURVE('',#1379,#1379,#127,.T.);
#1693=EDGE_CURVE('',#1379,#1380,#650,.T.);
#1694=EDGE_CURVE('',#1380,#1380,#128,.T.);
#1695=EDGE_CURVE('',#1381,#1381,#129,.T.);
#1696=EDGE_CURVE('',#1381,#1382,#651,.T.);
#1697=EDGE_CURVE('',#1382,#1382,#130,.T.);
#1698=EDGE_CURVE('',#1383,#1383,#131,.T.);
#1699=EDGE_CURVE('',#1383,#1384,#652,.T.);
#1700=EDGE_CURVE('',#1384,#1384,#132,.T.);
#1701=EDGE_CURVE('',#1385,#1386,#653,.T.);
#1702=EDGE_CURVE('',#1386,#1387,#654,.T.);
#1703=EDGE_CURVE('',#1387,#1388,#655,.T.);
#1704=EDGE_CURVE('',#1388,#1385,#656,.T.);
#1705=EDGE_CURVE('',#1389,#1390,#657,.T.);
#1706=EDGE_CURVE('',#1390,#1391,#658,.T.);
#1707=EDGE_CURVE('',#1391,#1392,#659,.T.);
#1708=EDGE_CURVE('',#1392,#1389,#660,.T.);
#1709=EDGE_CURVE('',#1388,#1391,#661,.T.);
#1710=EDGE_CURVE('',#1385,#1390,#662,.T.);
#1711=EDGE_CURVE('',#1387,#1392,#663,.T.);
#1712=EDGE_CURVE('',#1386,#1389,#664,.T.);
#1713=EDGE_CURVE('',#1393,#1394,#665,.T.);
#1714=EDGE_CURVE('',#1393,#1395,#666,.T.);
#1715=EDGE_CURVE('',#1396,#1395,#667,.T.);
#1716=EDGE_CURVE('',#1396,#1394,#668,.T.);
#1717=EDGE_CURVE('',#1394,#1397,#669,.T.);
#1718=EDGE_CURVE('',#1398,#1396,#670,.T.);
#1719=EDGE_CURVE('',#1397,#1398,#671,.T.);
#1720=EDGE_CURVE('',#1397,#1399,#672,.T.);
#1721=EDGE_CURVE('',#1400,#1398,#673,.T.);
#1722=EDGE_CURVE('',#1400,#1399,#674,.T.);
#1723=EDGE_CURVE('',#1399,#1393,#675,.T.);
#1724=EDGE_CURVE('',#1395,#1400,#676,.T.);
#1725=EDGE_CURVE('',#1401,#1402,#677,.T.);
#1726=EDGE_CURVE('',#1403,#1401,#678,.T.);
#1727=EDGE_CURVE('',#1404,#1403,#679,.T.);
#1728=EDGE_CURVE('',#1402,#1404,#680,.T.);
#1729=EDGE_CURVE('',#1402,#1405,#681,.T.);
#1730=EDGE_CURVE('',#1406,#1404,#682,.T.);
#1731=EDGE_CURVE('',#1406,#1405,#683,.T.);
#1732=EDGE_CURVE('',#1405,#1407,#684,.T.);
#1733=EDGE_CURVE('',#1408,#1406,#685,.T.);
#1734=EDGE_CURVE('',#1407,#1408,#686,.T.);
#1735=EDGE_CURVE('',#1407,#1401,#687,.T.);
#1736=EDGE_CURVE('',#1403,#1408,#688,.T.);
#1737=EDGE_CURVE('',#1409,#1410,#689,.T.);
#1738=EDGE_CURVE('',#1409,#1411,#690,.T.);
#1739=EDGE_CURVE('',#1412,#1411,#691,.T.);
#1740=EDGE_CURVE('',#1412,#1410,#692,.T.);
#1741=EDGE_CURVE('',#1410,#1413,#693,.T.);
#1742=EDGE_CURVE('',#1414,#1412,#694,.T.);
#1743=EDGE_CURVE('',#1413,#1414,#695,.T.);
#1744=EDGE_CURVE('',#1413,#1415,#696,.T.);
#1745=EDGE_CURVE('',#1416,#1414,#697,.T.);
#1746=EDGE_CURVE('',#1416,#1415,#698,.T.);
#1747=EDGE_CURVE('',#1415,#1409,#699,.T.);
#1748=EDGE_CURVE('',#1411,#1416,#700,.T.);
#1749=EDGE_CURVE('',#1417,#1418,#701,.T.);
#1750=EDGE_CURVE('',#1417,#1419,#702,.T.);
#1751=EDGE_CURVE('',#1420,#1419,#703,.T.);
#1752=EDGE_CURVE('',#1420,#1418,#704,.T.);
#1753=EDGE_CURVE('',#1418,#1421,#705,.T.);
#1754=EDGE_CURVE('',#1422,#1420,#706,.T.);
#1755=EDGE_CURVE('',#1421,#1422,#707,.T.);
#1756=EDGE_CURVE('',#1421,#1423,#708,.T.);
#1757=EDGE_CURVE('',#1424,#1422,#709,.T.);
#1758=EDGE_CURVE('',#1424,#1423,#710,.T.);
#1759=EDGE_CURVE('',#1423,#1417,#711,.T.);
#1760=EDGE_CURVE('',#1419,#1424,#712,.T.);
#1761=EDGE_CURVE('',#1425,#1426,#713,.T.);
#1762=EDGE_CURVE('',#1425,#1427,#714,.T.);
#1763=EDGE_CURVE('',#1428,#1427,#715,.T.);
#1764=EDGE_CURVE('',#1428,#1426,#716,.T.);
#1765=EDGE_CURVE('',#1426,#1429,#717,.T.);
#1766=EDGE_CURVE('',#1430,#1428,#718,.T.);
#1767=EDGE_CURVE('',#1429,#1430,#719,.T.);
#1768=EDGE_CURVE('',#1429,#1431,#720,.T.);
#1769=EDGE_CURVE('',#1432,#1430,#721,.T.);
#1770=EDGE_CURVE('',#1432,#1431,#722,.T.);
#1771=EDGE_CURVE('',#1431,#1425,#723,.T.);
#1772=EDGE_CURVE('',#1427,#1432,#724,.T.);
#1773=EDGE_CURVE('',#1433,#1434,#725,.T.);
#1774=EDGE_CURVE('',#1433,#1435,#726,.T.);
#1775=EDGE_CURVE('',#1436,#1435,#727,.T.);
#1776=EDGE_CURVE('',#1436,#1434,#728,.T.);
#1777=EDGE_CURVE('',#1434,#1437,#729,.T.);
#1778=EDGE_CURVE('',#1438,#1436,#730,.T.);
#1779=EDGE_CURVE('',#1437,#1438,#731,.T.);
#1780=EDGE_CURVE('',#1437,#1439,#732,.T.);
#1781=EDGE_CURVE('',#1440,#1438,#733,.T.);
#1782=EDGE_CURVE('',#1440,#1439,#734,.T.);
#1783=EDGE_CURVE('',#1439,#1433,#735,.T.);
#1784=EDGE_CURVE('',#1435,#1440,#736,.T.);
#1785=EDGE_CURVE('',#1441,#1442,#737,.T.);
#1786=EDGE_CURVE('',#1443,#1441,#738,.T.);
#1787=EDGE_CURVE('',#1444,#1443,#739,.T.);
#1788=EDGE_CURVE('',#1442,#1444,#740,.T.);
#1789=EDGE_CURVE('',#1442,#1445,#741,.T.);
#1790=EDGE_CURVE('',#1446,#1444,#742,.T.);
#1791=EDGE_CURVE('',#1446,#1445,#743,.T.);
#1792=EDGE_CURVE('',#1445,#1447,#744,.T.);
#1793=EDGE_CURVE('',#1448,#1446,#745,.T.);
#1794=EDGE_CURVE('',#1447,#1448,#746,.T.);
#1795=EDGE_CURVE('',#1447,#1441,#747,.T.);
#1796=EDGE_CURVE('',#1443,#1448,#748,.T.);
#1797=EDGE_CURVE('',#1449,#1450,#749,.T.);
#1798=EDGE_CURVE('',#1451,#1449,#750,.T.);
#1799=EDGE_CURVE('',#1452,#1451,#751,.T.);
#1800=EDGE_CURVE('',#1453,#1452,#752,.T.);
#1801=EDGE_CURVE('',#1454,#1453,#753,.T.);
#1802=EDGE_CURVE('',#1450,#1454,#754,.T.);
#1803=EDGE_CURVE('',#1455,#1449,#755,.T.);
#1804=EDGE_CURVE('',#1455,#1456,#756,.T.);
#1805=EDGE_CURVE('',#1451,#1456,#757,.T.);
#1806=EDGE_CURVE('',#1450,#1457,#758,.T.);
#1807=EDGE_CURVE('',#1458,#1454,#759,.T.);
#1808=EDGE_CURVE('',#1458,#1457,#760,.T.);
#1809=EDGE_CURVE('',#1457,#1455,#761,.T.);
#1810=EDGE_CURVE('',#1459,#1458,#762,.T.);
#1811=EDGE_CURVE('',#1460,#1459,#763,.T.);
#1812=EDGE_CURVE('',#1456,#1460,#764,.T.);
#1813=EDGE_CURVE('',#1461,#1462,#765,.T.);
#1814=EDGE_CURVE('',#1461,#1463,#766,.T.);
#1815=EDGE_CURVE('',#1464,#1463,#767,.T.);
#1816=EDGE_CURVE('',#1464,#1462,#768,.T.);
#1817=EDGE_CURVE('',#1462,#1465,#769,.T.);
#1818=EDGE_CURVE('',#1466,#1464,#770,.T.);
#1819=EDGE_CURVE('',#1465,#1466,#771,.T.);
#1820=EDGE_CURVE('',#1465,#1467,#772,.T.);
#1821=EDGE_CURVE('',#1468,#1466,#773,.T.);
#1822=EDGE_CURVE('',#1468,#1467,#774,.T.);
#1823=EDGE_CURVE('',#1467,#1461,#775,.T.);
#1824=EDGE_CURVE('',#1463,#1468,#776,.T.);
#1825=EDGE_CURVE('',#1469,#1470,#777,.T.);
#1826=EDGE_CURVE('',#1469,#1471,#778,.T.);
#1827=EDGE_CURVE('',#1472,#1471,#779,.T.);
#1828=EDGE_CURVE('',#1472,#1470,#780,.T.);
#1829=EDGE_CURVE('',#1470,#1473,#781,.T.);
#1830=EDGE_CURVE('',#1474,#1472,#782,.T.);
#1831=EDGE_CURVE('',#1473,#1474,#783,.T.);
#1832=EDGE_CURVE('',#1473,#1475,#784,.T.);
#1833=EDGE_CURVE('',#1476,#1474,#785,.T.);
#1834=EDGE_CURVE('',#1476,#1475,#786,.T.);
#1835=EDGE_CURVE('',#1475,#1469,#787,.T.);
#1836=EDGE_CURVE('',#1471,#1476,#788,.T.);
#1837=EDGE_CURVE('',#1477,#1478,#789,.T.);
#1838=EDGE_CURVE('',#1479,#1477,#790,.T.);
#1839=EDGE_CURVE('',#1480,#1479,#791,.T.);
#1840=EDGE_CURVE('',#1481,#1480,#792,.T.);
#1841=EDGE_CURVE('',#1482,#1481,#793,.T.);
#1842=EDGE_CURVE('',#1483,#1482,#794,.T.);
#1843=EDGE_CURVE('',#1484,#1483,#795,.T.);
#1844=EDGE_CURVE('',#1478,#1484,#796,.T.);
#1845=EDGE_CURVE('',#1485,#1486,#797,.T.);
#1846=EDGE_CURVE('',#1487,#1485,#798,.T.);
#1847=EDGE_CURVE('',#1488,#1487,#799,.T.);
#1848=EDGE_CURVE('',#1486,#1488,#800,.T.);
#1849=EDGE_CURVE('',#1489,#1460,#801,.T.);
#1850=EDGE_CURVE('',#1490,#1489,#802,.T.);
#1851=EDGE_CURVE('',#1491,#1490,#803,.T.);
#1852=EDGE_CURVE('',#1492,#1491,#804,.T.);
#1853=EDGE_CURVE('',#1493,#1492,#805,.T.);
#1854=EDGE_CURVE('',#1494,#1493,#806,.T.);
#1855=EDGE_CURVE('',#1495,#1494,#807,.T.);
#1856=EDGE_CURVE('',#1496,#1495,#808,.T.);
#1857=EDGE_CURVE('',#1452,#1496,#809,.T.);
#1858=EDGE_CURVE('',#1497,#1497,#133,.T.);
#1859=EDGE_CURVE('',#1498,#1498,#134,.T.);
#1860=EDGE_CURVE('',#1499,#1499,#135,.T.);
#1861=EDGE_CURVE('',#1500,#1500,#136,.T.);
#1862=EDGE_CURVE('',#1501,#1459,#810,.T.);
#1863=EDGE_CURVE('',#1489,#1501,#811,.T.);
#1864=EDGE_CURVE('',#1502,#1496,#812,.T.);
#1865=EDGE_CURVE('',#1453,#1502,#813,.T.);
#1866=EDGE_CURVE('',#1500,#1503,#814,.T.);
#1867=EDGE_CURVE('',#1503,#1503,#137,.T.);
#1868=EDGE_CURVE('',#1499,#1504,#815,.T.);
#1869=EDGE_CURVE('',#1504,#1504,#138,.T.);
#1870=EDGE_CURVE('',#1498,#1505,#816,.T.);
#1871=EDGE_CURVE('',#1505,#1505,#139,.T.);
#1872=EDGE_CURVE('',#1497,#1506,#817,.T.);
#1873=EDGE_CURVE('',#1506,#1506,#140,.T.);
#1874=EDGE_CURVE('',#1492,#1507,#818,.T.);
#1875=EDGE_CURVE('',#1507,#1508,#819,.T.);
#1876=EDGE_CURVE('',#1508,#1493,#820,.T.);
#1877=EDGE_CURVE('',#1509,#1491,#821,.T.);
#1878=EDGE_CURVE('',#1507,#1509,#822,.T.);
#1879=EDGE_CURVE('',#1490,#1510,#823,.T.);
#1880=EDGE_CURVE('',#1509,#1510,#824,.T.);
#1881=EDGE_CURVE('',#1510,#1501,#825,.T.);
#1882=EDGE_CURVE('',#1511,#1487,#826,.T.);
#1883=EDGE_CURVE('',#1512,#1511,#827,.T.);
#1884=EDGE_CURVE('',#1488,#1512,#828,.T.);
#1885=EDGE_CURVE('',#1485,#1513,#829,.T.);
#1886=EDGE_CURVE('',#1511,#1513,#830,.T.);
#1887=EDGE_CURVE('',#1481,#1514,#831,.T.);
#1888=EDGE_CURVE('',#1514,#1515,#832,.T.);
#1889=EDGE_CURVE('',#1515,#1482,#833,.T.);
#1890=EDGE_CURVE('',#1516,#1480,#834,.T.);
#1891=EDGE_CURVE('',#1514,#1516,#835,.T.);
#1892=EDGE_CURVE('',#1479,#1517,#836,.T.);
#1893=EDGE_CURVE('',#1517,#1516,#837,.T.);
#1894=EDGE_CURVE('',#1518,#1477,#838,.T.);
#1895=EDGE_CURVE('',#1517,#1518,#839,.T.);
#1896=EDGE_CURVE('',#1508,#1519,#840,.T.);
#1897=EDGE_CURVE('',#1519,#1494,#841,.T.);
#1898=EDGE_CURVE('',#1520,#1519,#842,.T.);
#1899=EDGE_CURVE('',#1495,#1520,#843,.T.);
#1900=EDGE_CURVE('',#1502,#1520,#844,.T.);
#1901=EDGE_CURVE('',#1521,#1486,#845,.T.);
#1902=EDGE_CURVE('',#1513,#1521,#846,.T.);
#1903=EDGE_CURVE('',#1521,#1512,#847,.T.);
#1904=EDGE_CURVE('',#1515,#1522,#848,.T.);
#1905=EDGE_CURVE('',#1483,#1522,#849,.T.);
#1906=EDGE_CURVE('',#1522,#1523,#850,.T.);
#1907=EDGE_CURVE('',#1484,#1523,#851,.T.);
#1908=EDGE_CURVE('',#1518,#1524,#852,.T.);
#1909=EDGE_CURVE('',#1523,#1524,#853,.T.);
#1910=EDGE_CURVE('',#1524,#1478,#854,.T.);
#1911=EDGE_CURVE('',#1525,#1526,#48,.T.);
#1912=EDGE_CURVE('',#1525,#1527,#855,.T.);
#1913=EDGE_CURVE('',#1528,#1527,#49,.T.);
#1914=EDGE_CURVE('',#1526,#1528,#856,.T.);
#1915=EDGE_CURVE('',#1526,#1529,#857,.T.);
#1916=EDGE_CURVE('',#1530,#1528,#858,.T.);
#1917=EDGE_CURVE('',#1529,#1530,#859,.T.);
#1918=EDGE_CURVE('',#1529,#1531,#860,.T.);
#1919=EDGE_CURVE('',#1532,#1530,#861,.T.);
#1920=EDGE_CURVE('',#1531,#1532,#862,.T.);
#1921=EDGE_CURVE('',#1531,#1533,#863,.T.);
#1922=EDGE_CURVE('',#1534,#1532,#864,.T.);
#1923=EDGE_CURVE('',#1533,#1534,#865,.T.);
#1924=EDGE_CURVE('',#1533,#1535,#50,.T.);
#1925=EDGE_CURVE('',#1536,#1534,#51,.T.);
#1926=EDGE_CURVE('',#1535,#1536,#866,.T.);
#1927=EDGE_CURVE('',#1535,#1537,#867,.T.);
#1928=EDGE_CURVE('',#1538,#1536,#868,.T.);
#1929=EDGE_CURVE('',#1537,#1538,#869,.T.);
#1930=EDGE_CURVE('',#1537,#1539,#52,.T.);
#1931=EDGE_CURVE('',#1540,#1538,#53,.T.);
#1932=EDGE_CURVE('',#1539,#1540,#870,.T.);
#1933=EDGE_CURVE('',#1539,#1541,#871,.T.);
#1934=EDGE_CURVE('',#1542,#1540,#872,.T.);
#1935=EDGE_CURVE('',#1541,#1542,#873,.T.);
#1936=EDGE_CURVE('',#1541,#1543,#874,.T.);
#1937=EDGE_CURVE('',#1544,#1542,#875,.T.);
#1938=EDGE_CURVE('',#1543,#1544,#876,.T.);
#1939=EDGE_CURVE('',#1543,#1545,#877,.T.);
#1940=EDGE_CURVE('',#1546,#1544,#878,.T.);
#1941=EDGE_CURVE('',#1545,#1546,#879,.T.);
#1942=EDGE_CURVE('',#1545,#1547,#54,.T.);
#1943=EDGE_CURVE('',#1548,#1546,#55,.T.);
#1944=EDGE_CURVE('',#1547,#1548,#880,.T.);
#1945=EDGE_CURVE('',#1547,#1549,#881,.T.);
#1946=EDGE_CURVE('',#1550,#1548,#882,.T.);
#1947=EDGE_CURVE('',#1549,#1550,#883,.T.);
#1948=EDGE_CURVE('',#1549,#1551,#56,.T.);
#1949=EDGE_CURVE('',#1552,#1550,#57,.T.);
#1950=EDGE_CURVE('',#1551,#1552,#884,.T.);
#1951=EDGE_CURVE('',#1551,#1553,#885,.T.);
#1952=EDGE_CURVE('',#1554,#1552,#886,.T.);
#1953=EDGE_CURVE('',#1553,#1554,#887,.T.);
#1954=EDGE_CURVE('',#1553,#1525,#888,.T.);
#1955=EDGE_CURVE('',#1527,#1554,#889,.T.);
#1956=EDGE_CURVE('',#1555,#1555,#141,.T.);
#1957=EDGE_CURVE('',#1555,#1556,#890,.T.);
#1958=EDGE_CURVE('',#1556,#1556,#142,.T.);
#1959=EDGE_CURVE('',#1557,#1557,#143,.T.);
#1960=EDGE_CURVE('',#1557,#1558,#891,.T.);
#1961=EDGE_CURVE('',#1558,#1558,#144,.T.);
#1962=EDGE_CURVE('',#1559,#1559,#145,.T.);
#1963=EDGE_CURVE('',#1559,#1560,#892,.T.);
#1964=EDGE_CURVE('',#1560,#1560,#146,.T.);
#1965=EDGE_CURVE('',#1561,#1561,#147,.T.);
#1966=EDGE_CURVE('',#1561,#1562,#893,.T.);
#1967=EDGE_CURVE('',#1562,#1562,#148,.T.);
#1968=EDGE_CURVE('',#1563,#1564,#894,.T.);
#1969=EDGE_CURVE('',#1563,#1565,#13,.T.);
#1970=EDGE_CURVE('',#1566,#1565,#895,.T.);
#1971=EDGE_CURVE('',#1564,#1566,#14,.T.);
#1972=EDGE_CURVE('',#1564,#1567,#149,.T.);
#1973=EDGE_CURVE('',#1568,#1566,#150,.T.);
#1974=EDGE_CURVE('',#1567,#1568,#15,.T.);
#1975=EDGE_CURVE('',#1569,#1570,#151,.T.);
#1976=EDGE_CURVE('',#1570,#1569,#16,.T.);
#1977=EDGE_CURVE('',#1567,#1569,#896,.T.);
#1978=EDGE_CURVE('',#1570,#1568,#897,.T.);
#1979=EDGE_CURVE('',#1571,#1572,#17,.T.);
#1980=EDGE_CURVE('',#1573,#1571,#18,.T.);
#1981=EDGE_CURVE('',#1574,#1573,#19,.T.);
#1982=EDGE_CURVE('',#1575,#1574,#20,.T.);
#1983=EDGE_CURVE('',#1576,#1575,#21,.T.);
#1984=EDGE_CURVE('',#1577,#1576,#22,.T.);
#1985=EDGE_CURVE('',#1578,#1577,#23,.T.);
#1986=EDGE_CURVE('',#1579,#1578,#24,.T.);
#1987=EDGE_CURVE('',#1580,#1579,#25,.T.);
#1988=EDGE_CURVE('',#1572,#1580,#26,.T.);
#1989=EDGE_CURVE('',#1581,#1576,#898,.T.);
#1990=EDGE_CURVE('',#1581,#1582,#27,.T.);
#1991=EDGE_CURVE('',#1582,#1577,#899,.T.);
#1992=EDGE_CURVE('',#1583,#1575,#900,.T.);
#1993=EDGE_CURVE('',#1583,#1581,#28,.T.);
#1994=EDGE_CURVE('',#1584,#1574,#901,.T.);
#1995=EDGE_CURVE('',#1584,#1583,#29,.T.);
#1996=EDGE_CURVE('',#1585,#1573,#902,.T.);
#1997=EDGE_CURVE('',#1585,#1584,#30,.T.);
#1998=EDGE_CURVE('',#1586,#1571,#903,.T.);
#1999=EDGE_CURVE('',#1586,#1585,#31,.T.);
#2000=EDGE_CURVE('',#1587,#1572,#904,.T.);
#2001=EDGE_CURVE('',#1587,#1586,#32,.T.);
#2002=EDGE_CURVE('',#1582,#1588,#33,.T.);
#2003=EDGE_CURVE('',#1588,#1578,#905,.T.);
#2004=EDGE_CURVE('',#1588,#1589,#34,.T.);
#2005=EDGE_CURVE('',#1589,#1579,#906,.T.);
#2006=EDGE_CURVE('',#1589,#1590,#35,.T.);
#2007=EDGE_CURVE('',#1590,#1580,#907,.T.);
#2008=EDGE_CURVE('',#1590,#1587,#36,.T.);
#2009=EDGE_CURVE('',#1591,#1591,#37,.T.);
#2010=EDGE_CURVE('',#1591,#1592,#908,.T.);
#2011=EDGE_CURVE('',#1592,#1592,#38,.T.);
#2012=EDGE_CURVE('',#1593,#1593,#152,.T.);
#2013=EDGE_CURVE('',#1594,#1594,#39,.T.);
#2014=EDGE_CURVE('',#1595,#1595,#40,.T.);
#2015=EDGE_CURVE('',#1595,#1594,#909,.T.);
#2016=EDGE_CURVE('',#1596,#1596,#153,.T.);
#2017=EDGE_CURVE('',#1565,#1563,#154,.T.);
#2018=EDGE_CURVE('',#1597,#1598,#155,.T.);
#2019=EDGE_CURVE('',#1598,#1597,#41,.T.);
#2020=EDGE_CURVE('',#1599,#1597,#910,.T.);
#2021=EDGE_CURVE('',#1600,#1599,#42,.T.);
#2022=EDGE_CURVE('',#1598,#1600,#911,.T.);
#2023=EDGE_CURVE('',#1600,#1599,#156,.T.);
#2024=EDGE_CURVE('',#1601,#1601,#157,.T.);
#2025=EDGE_CURVE('',#1601,#1596,#912,.T.);
#2026=EDGE_CURVE('',#1593,#1602,#913,.T.);
#2027=EDGE_CURVE('',#1602,#1602,#158,.T.);
#2028=EDGE_CURVE('',#1603,#1603,#159,.T.);
#2029=EDGE_CURVE('',#1603,#1604,#914,.T.);
#2030=EDGE_CURVE('',#1604,#1604,#160,.T.);
#2031=EDGE_CURVE('',#1605,#1605,#161,.T.);
#2032=EDGE_CURVE('',#1605,#1606,#915,.T.);
#2033=EDGE_CURVE('',#1606,#1606,#162,.T.);
#2034=EDGE_CURVE('',#1607,#1607,#163,.T.);
#2035=EDGE_CURVE('',#1607,#1608,#916,.T.);
#2036=EDGE_CURVE('',#1608,#1608,#164,.T.);
#2037=EDGE_CURVE('',#1609,#1609,#165,.T.);
#2038=EDGE_CURVE('',#1609,#1610,#917,.T.);
#2039=EDGE_CURVE('',#1610,#1610,#166,.T.);
#2040=EDGE_CURVE('',#1611,#1611,#167,.T.);
#2041=EDGE_CURVE('',#1611,#1612,#918,.T.);
#2042=EDGE_CURVE('',#1612,#1612,#168,.T.);
#2043=EDGE_CURVE('',#1613,#1613,#169,.T.);
#2044=EDGE_CURVE('',#1613,#1614,#919,.T.);
#2045=EDGE_CURVE('',#1614,#1614,#170,.T.);
#2046=EDGE_CURVE('',#1615,#1616,#920,.T.);
#2047=EDGE_CURVE('',#1617,#1615,#921,.T.);
#2048=EDGE_CURVE('',#1618,#1617,#922,.T.);
#2049=EDGE_CURVE('',#1619,#1618,#923,.T.);
#2050=EDGE_CURVE('',#1620,#1619,#924,.T.);
#2051=EDGE_CURVE('',#1621,#1620,#925,.T.);
#2052=EDGE_CURVE('',#1622,#1621,#926,.T.);
#2053=EDGE_CURVE('',#1616,#1622,#927,.T.);
#2054=EDGE_CURVE('',#1619,#1623,#928,.T.);
#2055=EDGE_CURVE('',#1624,#1623,#929,.T.);
#2056=EDGE_CURVE('',#1625,#1624,#930,.T.);
#2057=EDGE_CURVE('',#1626,#1625,#931,.T.);
#2058=EDGE_CURVE('',#1627,#1626,#932,.T.);
#2059=EDGE_CURVE('',#1628,#1627,#933,.T.);
#2060=EDGE_CURVE('',#1620,#1628,#934,.T.);
#2061=EDGE_CURVE('',#1629,#1630,#935,.T.);
#2062=EDGE_CURVE('',#1630,#1631,#936,.T.);
#2063=EDGE_CURVE('',#1631,#1632,#937,.T.);
#2064=EDGE_CURVE('',#1632,#1629,#938,.T.);
#2065=EDGE_CURVE('',#1618,#1633,#939,.T.);
#2066=EDGE_CURVE('',#1623,#1633,#940,.T.);
#2067=EDGE_CURVE('',#1615,#1634,#941,.T.);
#2068=EDGE_CURVE('',#1634,#1635,#942,.T.);
#2069=EDGE_CURVE('',#1617,#1635,#943,.T.);
#2070=EDGE_CURVE('',#1635,#1636,#944,.T.);
#2071=EDGE_CURVE('',#1637,#1634,#945,.T.);
#2072=EDGE_CURVE('',#1638,#1637,#946,.T.);
#2073=EDGE_CURVE('',#1639,#1638,#947,.T.);
#2074=EDGE_CURVE('',#1640,#1639,#948,.T.);
#2075=EDGE_CURVE('',#1641,#1640,#949,.T.);
#2076=EDGE_CURVE('',#1636,#1641,#950,.T.);
#2077=EDGE_CURVE('',#1616,#1637,#951,.T.);
#2078=EDGE_CURVE('',#1638,#1622,#952,.T.);
#2079=EDGE_CURVE('',#1641,#1642,#953,.T.);
#2080=EDGE_CURVE('',#1642,#1643,#954,.T.);
#2081=EDGE_CURVE('',#1643,#1636,#955,.T.);
#2082=EDGE_CURVE('',#1640,#1644,#956,.T.);
#2083=EDGE_CURVE('',#1644,#1645,#957,.T.);
#2084=EDGE_CURVE('',#1645,#1646,#958,.T.);
#2085=EDGE_CURVE('',#1647,#1646,#959,.T.);
#2086=EDGE_CURVE('',#1647,#1648,#960,.T.);
#2087=EDGE_CURVE('',#1648,#1642,#961,.T.);
#2088=EDGE_CURVE('',#1639,#1649,#962,.T.);
#2089=EDGE_CURVE('',#1649,#1644,#963,.T.);
#2090=EDGE_CURVE('',#1650,#1621,#964,.T.);
#2091=EDGE_CURVE('',#1651,#1650,#965,.T.);
#2092=EDGE_CURVE('',#1652,#1651,#966,.T.);
#2093=EDGE_CURVE('',#1653,#1652,#967,.T.);
#2094=EDGE_CURVE('',#1654,#1653,#968,.T.);
#2095=EDGE_CURVE('',#1633,#1654,#969,.T.);
#2096=EDGE_CURVE('',#1655,#1643,#970,.T.);
#2097=EDGE_CURVE('',#1656,#1655,#971,.T.);
#2098=EDGE_CURVE('',#1657,#1656,#972,.T.);
#2099=EDGE_CURVE('',#1658,#1657,#973,.T.);
#2100=EDGE_CURVE('',#1649,#1658,#974,.T.);
#2101=EDGE_CURVE('',#1659,#1660,#975,.T.);
#2102=EDGE_CURVE('',#1661,#1659,#976,.T.);
#2103=EDGE_CURVE('',#1662,#1661,#977,.T.);
#2104=EDGE_CURVE('',#1660,#1662,#978,.T.);
#2105=EDGE_CURVE('',#1658,#1645,#979,.T.);
#2106=EDGE_CURVE('',#1646,#1657,#980,.T.);
#2107=EDGE_CURVE('',#1663,#1663,#171,.T.);
#2108=EDGE_CURVE('',#1656,#1647,#981,.T.);
#2109=EDGE_CURVE('',#1630,#1661,#982,.T.);
#2110=EDGE_CURVE('',#1662,#1629,#983,.T.);
#2111=EDGE_CURVE('',#1659,#1631,#984,.T.);
#2112=EDGE_CURVE('',#1624,#1654,#985,.T.);
#2113=EDGE_CURVE('',#1653,#1625,#986,.T.);
#2114=EDGE_CURVE('',#1664,#1664,#172,.T.);
#2115=EDGE_CURVE('',#1663,#1664,#987,.T.);
#2116=EDGE_CURVE('',#1648,#1655,#988,.T.);
#2117=EDGE_CURVE('',#1632,#1660,#989,.T.);
#2118=EDGE_CURVE('',#1650,#1628,#990,.T.);
#2119=EDGE_CURVE('',#1652,#1626,#991,.T.);
#2120=EDGE_CURVE('',#1627,#1651,#992,.T.);
#2121=ORIENTED_EDGE('',*,*,#1665,.T.);
#2122=ORIENTED_EDGE('',*,*,#1666,.T.);
#2123=ORIENTED_EDGE('',*,*,#1667,.T.);
#2124=ORIENTED_EDGE('',*,*,#1668,.T.);
#2125=ORIENTED_EDGE('',*,*,#1669,.T.);
#2126=ORIENTED_EDGE('',*,*,#1670,.T.);
#2127=ORIENTED_EDGE('',*,*,#1671,.T.);
#2128=ORIENTED_EDGE('',*,*,#1672,.T.);
#2129=ORIENTED_EDGE('',*,*,#1673,.T.);
#2130=ORIENTED_EDGE('',*,*,#1670,.F.);
#2131=ORIENTED_EDGE('',*,*,#1674,.F.);
#2132=ORIENTED_EDGE('',*,*,#1668,.F.);
#2133=ORIENTED_EDGE('',*,*,#1675,.T.);
#2134=ORIENTED_EDGE('',*,*,#1671,.F.);
#2135=ORIENTED_EDGE('',*,*,#1673,.F.);
#2136=ORIENTED_EDGE('',*,*,#1667,.F.);
#2137=ORIENTED_EDGE('',*,*,#1676,.T.);
#2138=ORIENTED_EDGE('',*,*,#1672,.F.);
#2139=ORIENTED_EDGE('',*,*,#1675,.F.);
#2140=ORIENTED_EDGE('',*,*,#1666,.F.);
#2141=ORIENTED_EDGE('',*,*,#1674,.T.);
#2142=ORIENTED_EDGE('',*,*,#1669,.F.);
#2143=ORIENTED_EDGE('',*,*,#1676,.F.);
#2144=ORIENTED_EDGE('',*,*,#1665,.F.);
#2145=ORIENTED_EDGE('',*,*,#1677,.T.);
#2146=ORIENTED_EDGE('',*,*,#1678,.T.);
#2147=ORIENTED_EDGE('',*,*,#1679,.T.);
#2148=ORIENTED_EDGE('',*,*,#1680,.T.);
#2149=ORIENTED_EDGE('',*,*,#1681,.T.);
#2150=ORIENTED_EDGE('',*,*,#1682,.T.);
#2151=ORIENTED_EDGE('',*,*,#1683,.T.);
#2152=ORIENTED_EDGE('',*,*,#1684,.T.);
#2153=ORIENTED_EDGE('',*,*,#1685,.T.);
#2154=ORIENTED_EDGE('',*,*,#1682,.F.);
#2155=ORIENTED_EDGE('',*,*,#1686,.F.);
#2156=ORIENTED_EDGE('',*,*,#1680,.F.);
#2157=ORIENTED_EDGE('',*,*,#1687,.T.);
#2158=ORIENTED_EDGE('',*,*,#1683,.F.);
#2159=ORIENTED_EDGE('',*,*,#1685,.F.);
#2160=ORIENTED_EDGE('',*,*,#1679,.F.);
#2161=ORIENTED_EDGE('',*,*,#1688,.T.);
#2162=ORIENTED_EDGE('',*,*,#1684,.F.);
#2163=ORIENTED_EDGE('',*,*,#1687,.F.);
#2164=ORIENTED_EDGE('',*,*,#1678,.F.);
#2165=ORIENTED_EDGE('',*,*,#1686,.T.);
#2166=ORIENTED_EDGE('',*,*,#1681,.F.);
#2167=ORIENTED_EDGE('',*,*,#1688,.F.);
#2168=ORIENTED_EDGE('',*,*,#1677,.F.);
#2169=ORIENTED_EDGE('',*,*,#1689,.F.);
#2170=ORIENTED_EDGE('',*,*,#1690,.T.);
#2171=ORIENTED_EDGE('',*,*,#1691,.F.);
#2172=ORIENTED_EDGE('',*,*,#1690,.F.);
#2173=ORIENTED_EDGE('',*,*,#1692,.F.);
#2174=ORIENTED_EDGE('',*,*,#1693,.T.);
#2175=ORIENTED_EDGE('',*,*,#1694,.F.);
#2176=ORIENTED_EDGE('',*,*,#1693,.F.);
#2177=ORIENTED_EDGE('',*,*,#1695,.F.);
#2178=ORIENTED_EDGE('',*,*,#1696,.T.);
#2179=ORIENTED_EDGE('',*,*,#1697,.F.);
#2180=ORIENTED_EDGE('',*,*,#1696,.F.);
#2181=ORIENTED_EDGE('',*,*,#1698,.F.);
#2182=ORIENTED_EDGE('',*,*,#1699,.T.);
#2183=ORIENTED_EDGE('',*,*,#1700,.F.);
#2184=ORIENTED_EDGE('',*,*,#1699,.F.);
#2185=ORIENTED_EDGE('',*,*,#1701,.T.);
#2186=ORIENTED_EDGE('',*,*,#1702,.T.);
#2187=ORIENTED_EDGE('',*,*,#1703,.T.);
#2188=ORIENTED_EDGE('',*,*,#1704,.T.);
#2189=ORIENTED_EDGE('',*,*,#1705,.T.);
#2190=ORIENTED_EDGE('',*,*,#1706,.T.);
#2191=ORIENTED_EDGE('',*,*,#1707,.T.);
#2192=ORIENTED_EDGE('',*,*,#1708,.T.);
#2193=ORIENTED_EDGE('',*,*,#1709,.T.);
#2194=ORIENTED_EDGE('',*,*,#1706,.F.);
#2195=ORIENTED_EDGE('',*,*,#1710,.F.);
#2196=ORIENTED_EDGE('',*,*,#1704,.F.);
#2197=ORIENTED_EDGE('',*,*,#1689,.T.);
#2198=ORIENTED_EDGE('',*,*,#1692,.T.);
#2199=ORIENTED_EDGE('',*,*,#1695,.T.);
#2200=ORIENTED_EDGE('',*,*,#1698,.T.);
#2201=ORIENTED_EDGE('',*,*,#1711,.T.);
#2202=ORIENTED_EDGE('',*,*,#1707,.F.);
#2203=ORIENTED_EDGE('',*,*,#1709,.F.);
#2204=ORIENTED_EDGE('',*,*,#1703,.F.);
#2205=ORIENTED_EDGE('',*,*,#1712,.T.);
#2206=ORIENTED_EDGE('',*,*,#1708,.F.);
#2207=ORIENTED_EDGE('',*,*,#1711,.F.);
#2208=ORIENTED_EDGE('',*,*,#1702,.F.);
#2209=ORIENTED_EDGE('',*,*,#1691,.T.);
#2210=ORIENTED_EDGE('',*,*,#1694,.T.);
#2211=ORIENTED_EDGE('',*,*,#1697,.T.);
#2212=ORIENTED_EDGE('',*,*,#1700,.T.);
#2213=ORIENTED_EDGE('',*,*,#1710,.T.);
#2214=ORIENTED_EDGE('',*,*,#1705,.F.);
#2215=ORIENTED_EDGE('',*,*,#1712,.F.);
#2216=ORIENTED_EDGE('',*,*,#1701,.F.);
#2217=ORIENTED_EDGE('',*,*,#1713,.F.);
#2218=ORIENTED_EDGE('',*,*,#1714,.T.);
#2219=ORIENTED_EDGE('',*,*,#1715,.F.);
#2220=ORIENTED_EDGE('',*,*,#1716,.T.);
#2221=ORIENTED_EDGE('',*,*,#1717,.F.);
#2222=ORIENTED_EDGE('',*,*,#1716,.F.);
#2223=ORIENTED_EDGE('',*,*,#1718,.F.);
#2224=ORIENTED_EDGE('',*,*,#1719,.F.);
#2225=ORIENTED_EDGE('',*,*,#1720,.F.);
#2226=ORIENTED_EDGE('',*,*,#1719,.T.);
#2227=ORIENTED_EDGE('',*,*,#1721,.F.);
#2228=ORIENTED_EDGE('',*,*,#1722,.T.);
#2229=ORIENTED_EDGE('',*,*,#1723,.F.);
#2230=ORIENTED_EDGE('',*,*,#1722,.F.);
#2231=ORIENTED_EDGE('',*,*,#1724,.F.);
#2232=ORIENTED_EDGE('',*,*,#1714,.F.);
#2233=ORIENTED_EDGE('',*,*,#1725,.F.);
#2234=ORIENTED_EDGE('',*,*,#1726,.F.);
#2235=ORIENTED_EDGE('',*,*,#1727,.F.);
#2236=ORIENTED_EDGE('',*,*,#1728,.F.);
#2237=ORIENTED_EDGE('',*,*,#1729,.F.);
#2238=ORIENTED_EDGE('',*,*,#1728,.T.);
#2239=ORIENTED_EDGE('',*,*,#1730,.F.);
#2240=ORIENTED_EDGE('',*,*,#1731,.T.);
#2241=ORIENTED_EDGE('',*,*,#1732,.F.);
#2242=ORIENTED_EDGE('',*,*,#1731,.F.);
#2243=ORIENTED_EDGE('',*,*,#1733,.F.);
#2244=ORIENTED_EDGE('',*,*,#1734,.F.);
#2245=ORIENTED_EDGE('',*,*,#1735,.F.);
#2246=ORIENTED_EDGE('',*,*,#1734,.T.);
#2247=ORIENTED_EDGE('',*,*,#1736,.F.);
#2248=ORIENTED_EDGE('',*,*,#1726,.T.);
#2249=ORIENTED_EDGE('',*,*,#1737,.F.);
#2250=ORIENTED_EDGE('',*,*,#1738,.T.);
#2251=ORIENTED_EDGE('',*,*,#1739,.F.);
#2252=ORIENTED_EDGE('',*,*,#1740,.T.);
#2253=ORIENTED_EDGE('',*,*,#1741,.F.);
#2254=ORIENTED_EDGE('',*,*,#1740,.F.);
#2255=ORIENTED_EDGE('',*,*,#1742,.F.);
#2256=ORIENTED_EDGE('',*,*,#1743,.F.);
#2257=ORIENTED_EDGE('',*,*,#1744,.F.);
#2258=ORIENTED_EDGE('',*,*,#1743,.T.);
#2259=ORIENTED_EDGE('',*,*,#1745,.F.);
#2260=ORIENTED_EDGE('',*,*,#1746,.T.);
#2261=ORIENTED_EDGE('',*,*,#1747,.F.);
#2262=ORIENTED_EDGE('',*,*,#1746,.F.);
#2263=ORIENTED_EDGE('',*,*,#1748,.F.);
#2264=ORIENTED_EDGE('',*,*,#1738,.F.);
#2265=ORIENTED_EDGE('',*,*,#1749,.F.);
#2266=ORIENTED_EDGE('',*,*,#1750,.T.);
#2267=ORIENTED_EDGE('',*,*,#1751,.F.);
#2268=ORIENTED_EDGE('',*,*,#1752,.T.);
#2269=ORIENTED_EDGE('',*,*,#1753,.F.);
#2270=ORIENTED_EDGE('',*,*,#1752,.F.);
#2271=ORIENTED_EDGE('',*,*,#1754,.F.);
#2272=ORIENTED_EDGE('',*,*,#1755,.F.);
#2273=ORIENTED_EDGE('',*,*,#1756,.F.);
#2274=ORIENTED_EDGE('',*,*,#1755,.T.);
#2275=ORIENTED_EDGE('',*,*,#1757,.F.);
#2276=ORIENTED_EDGE('',*,*,#1758,.T.);
#2277=ORIENTED_EDGE('',*,*,#1759,.F.);
#2278=ORIENTED_EDGE('',*,*,#1758,.F.);
#2279=ORIENTED_EDGE('',*,*,#1760,.F.);
#2280=ORIENTED_EDGE('',*,*,#1750,.F.);
#2281=ORIENTED_EDGE('',*,*,#1761,.F.);
#2282=ORIENTED_EDGE('',*,*,#1762,.T.);
#2283=ORIENTED_EDGE('',*,*,#1763,.F.);
#2284=ORIENTED_EDGE('',*,*,#1764,.T.);
#2285=ORIENTED_EDGE('',*,*,#1765,.F.);
#2286=ORIENTED_EDGE('',*,*,#1764,.F.);
#2287=ORIENTED_EDGE('',*,*,#1766,.F.);
#2288=ORIENTED_EDGE('',*,*,#1767,.F.);
#2289=ORIENTED_EDGE('',*,*,#1768,.F.);
#2290=ORIENTED_EDGE('',*,*,#1767,.T.);
#2291=ORIENTED_EDGE('',*,*,#1769,.F.);
#2292=ORIENTED_EDGE('',*,*,#1770,.T.);
#2293=ORIENTED_EDGE('',*,*,#1771,.F.);
#2294=ORIENTED_EDGE('',*,*,#1770,.F.);
#2295=ORIENTED_EDGE('',*,*,#1772,.F.);
#2296=ORIENTED_EDGE('',*,*,#1762,.F.);
#2297=ORIENTED_EDGE('',*,*,#1773,.F.);
#2298=ORIENTED_EDGE('',*,*,#1774,.T.);
#2299=ORIENTED_EDGE('',*,*,#1775,.F.);
#2300=ORIENTED_EDGE('',*,*,#1776,.T.);
#2301=ORIENTED_EDGE('',*,*,#1777,.F.);
#2302=ORIENTED_EDGE('',*,*,#1776,.F.);
#2303=ORIENTED_EDGE('',*,*,#1778,.F.);
#2304=ORIENTED_EDGE('',*,*,#1779,.F.);
#2305=ORIENTED_EDGE('',*,*,#1780,.F.);
#2306=ORIENTED_EDGE('',*,*,#1779,.T.);
#2307=ORIENTED_EDGE('',*,*,#1781,.F.);
#2308=ORIENTED_EDGE('',*,*,#1782,.T.);
#2309=ORIENTED_EDGE('',*,*,#1783,.F.);
#2310=ORIENTED_EDGE('',*,*,#1782,.F.);
#2311=ORIENTED_EDGE('',*,*,#1784,.F.);
#2312=ORIENTED_EDGE('',*,*,#1774,.F.);
#2313=ORIENTED_EDGE('',*,*,#1785,.F.);
#2314=ORIENTED_EDGE('',*,*,#1786,.F.);
#2315=ORIENTED_EDGE('',*,*,#1787,.F.);
#2316=ORIENTED_EDGE('',*,*,#1788,.F.);
#2317=ORIENTED_EDGE('',*,*,#1789,.F.);
#2318=ORIENTED_EDGE('',*,*,#1788,.T.);
#2319=ORIENTED_EDGE('',*,*,#1790,.F.);
#2320=ORIENTED_EDGE('',*,*,#1791,.T.);
#2321=ORIENTED_EDGE('',*,*,#1792,.F.);
#2322=ORIENTED_EDGE('',*,*,#1791,.F.);
#2323=ORIENTED_EDGE('',*,*,#1793,.F.);
#2324=ORIENTED_EDGE('',*,*,#1794,.F.);
#2325=ORIENTED_EDGE('',*,*,#1795,.F.);
#2326=ORIENTED_EDGE('',*,*,#1794,.T.);
#2327=ORIENTED_EDGE('',*,*,#1796,.F.);
#2328=ORIENTED_EDGE('',*,*,#1786,.T.);
#2329=ORIENTED_EDGE('',*,*,#1797,.F.);
#2330=ORIENTED_EDGE('',*,*,#1798,.F.);
#2331=ORIENTED_EDGE('',*,*,#1799,.F.);
#2332=ORIENTED_EDGE('',*,*,#1800,.F.);
#2333=ORIENTED_EDGE('',*,*,#1801,.F.);
#2334=ORIENTED_EDGE('',*,*,#1802,.F.);
#2335=ORIENTED_EDGE('',*,*,#1803,.F.);
#2336=ORIENTED_EDGE('',*,*,#1804,.T.);
#2337=ORIENTED_EDGE('',*,*,#1805,.F.);
#2338=ORIENTED_EDGE('',*,*,#1798,.T.);
#2339=ORIENTED_EDGE('',*,*,#1806,.F.);
#2340=ORIENTED_EDGE('',*,*,#1802,.T.);
#2341=ORIENTED_EDGE('',*,*,#1807,.F.);
#2342=ORIENTED_EDGE('',*,*,#1808,.T.);
#2343=ORIENTED_EDGE('',*,*,#1809,.F.);
#2344=ORIENTED_EDGE('',*,*,#1808,.F.);
#2345=ORIENTED_EDGE('',*,*,#1810,.F.);
#2346=ORIENTED_EDGE('',*,*,#1811,.F.);
#2347=ORIENTED_EDGE('',*,*,#1812,.F.);
#2348=ORIENTED_EDGE('',*,*,#1804,.F.);
#2349=ORIENTED_EDGE('',*,*,#1813,.F.);
#2350=ORIENTED_EDGE('',*,*,#1814,.T.);
#2351=ORIENTED_EDGE('',*,*,#1815,.F.);
#2352=ORIENTED_EDGE('',*,*,#1816,.T.);
#2353=ORIENTED_EDGE('',*,*,#1817,.F.);
#2354=ORIENTED_EDGE('',*,*,#1816,.F.);
#2355=ORIENTED_EDGE('',*,*,#1818,.F.);
#2356=ORIENTED_EDGE('',*,*,#1819,.F.);
#2357=ORIENTED_EDGE('',*,*,#1820,.F.);
#2358=ORIENTED_EDGE('',*,*,#1819,.T.);
#2359=ORIENTED_EDGE('',*,*,#1821,.F.);
#2360=ORIENTED_EDGE('',*,*,#1822,.T.);
#2361=ORIENTED_EDGE('',*,*,#1823,.F.);
#2362=ORIENTED_EDGE('',*,*,#1822,.F.);
#2363=ORIENTED_EDGE('',*,*,#1824,.F.);
#2364=ORIENTED_EDGE('',*,*,#1814,.F.);
#2365=ORIENTED_EDGE('',*,*,#1825,.F.);
#2366=ORIENTED_EDGE('',*,*,#1826,.T.);
#2367=ORIENTED_EDGE('',*,*,#1827,.F.);
#2368=ORIENTED_EDGE('',*,*,#1828,.T.);
#2369=ORIENTED_EDGE('',*,*,#1829,.F.);
#2370=ORIENTED_EDGE('',*,*,#1828,.F.);
#2371=ORIENTED_EDGE('',*,*,#1830,.F.);
#2372=ORIENTED_EDGE('',*,*,#1831,.F.);
#2373=ORIENTED_EDGE('',*,*,#1832,.F.);
#2374=ORIENTED_EDGE('',*,*,#1831,.T.);
#2375=ORIENTED_EDGE('',*,*,#1833,.F.);
#2376=ORIENTED_EDGE('',*,*,#1834,.T.);
#2377=ORIENTED_EDGE('',*,*,#1835,.F.);
#2378=ORIENTED_EDGE('',*,*,#1834,.F.);
#2379=ORIENTED_EDGE('',*,*,#1836,.F.);
#2380=ORIENTED_EDGE('',*,*,#1826,.F.);
#2381=ORIENTED_EDGE('',*,*,#1837,.F.);
#2382=ORIENTED_EDGE('',*,*,#1838,.F.);
#2383=ORIENTED_EDGE('',*,*,#1839,.F.);
#2384=ORIENTED_EDGE('',*,*,#1840,.F.);
#2385=ORIENTED_EDGE('',*,*,#1841,.F.);
#2386=ORIENTED_EDGE('',*,*,#1842,.F.);
#2387=ORIENTED_EDGE('',*,*,#1843,.F.);
#2388=ORIENTED_EDGE('',*,*,#1844,.F.);
#2389=ORIENTED_EDGE('',*,*,#1845,.F.);
#2390=ORIENTED_EDGE('',*,*,#1846,.F.);
#2391=ORIENTED_EDGE('',*,*,#1847,.F.);
#2392=ORIENTED_EDGE('',*,*,#1848,.F.);
#2393=ORIENTED_EDGE('',*,*,#1799,.T.);
#2394=ORIENTED_EDGE('',*,*,#1805,.T.);
#2395=ORIENTED_EDGE('',*,*,#1812,.T.);
#2396=ORIENTED_EDGE('',*,*,#1849,.F.);
#2397=ORIENTED_EDGE('',*,*,#1850,.F.);
#2398=ORIENTED_EDGE('',*,*,#1851,.F.);
#2399=ORIENTED_EDGE('',*,*,#1852,.F.);
#2400=ORIENTED_EDGE('',*,*,#1853,.F.);
#2401=ORIENTED_EDGE('',*,*,#1854,.F.);
#2402=ORIENTED_EDGE('',*,*,#1855,.F.);
#2403=ORIENTED_EDGE('',*,*,#1856,.F.);
#2404=ORIENTED_EDGE('',*,*,#1857,.F.);
#2405=ORIENTED_EDGE('',*,*,#1858,.T.);
#2406=ORIENTED_EDGE('',*,*,#1859,.T.);
#2407=ORIENTED_EDGE('',*,*,#1860,.T.);
#2408=ORIENTED_EDGE('',*,*,#1861,.T.);
#2409=ORIENTED_EDGE('',*,*,#1811,.T.);
#2410=ORIENTED_EDGE('',*,*,#1862,.F.);
#2411=ORIENTED_EDGE('',*,*,#1863,.F.);
#2412=ORIENTED_EDGE('',*,*,#1849,.T.);
#2413=ORIENTED_EDGE('',*,*,#1800,.T.);
#2414=ORIENTED_EDGE('',*,*,#1857,.T.);
#2415=ORIENTED_EDGE('',*,*,#1864,.F.);
#2416=ORIENTED_EDGE('',*,*,#1865,.F.);
#2417=ORIENTED_EDGE('',*,*,#1861,.F.);
#2418=ORIENTED_EDGE('',*,*,#1866,.T.);
#2419=ORIENTED_EDGE('',*,*,#1867,.F.);
#2420=ORIENTED_EDGE('',*,*,#1866,.F.);
#2421=ORIENTED_EDGE('',*,*,#1860,.F.);
#2422=ORIENTED_EDGE('',*,*,#1868,.T.);
#2423=ORIENTED_EDGE('',*,*,#1869,.F.);
#2424=ORIENTED_EDGE('',*,*,#1868,.F.);
#2425=ORIENTED_EDGE('',*,*,#1859,.F.);
#2426=ORIENTED_EDGE('',*,*,#1870,.T.);
#2427=ORIENTED_EDGE('',*,*,#1871,.F.);
#2428=ORIENTED_EDGE('',*,*,#1870,.F.);
#2429=ORIENTED_EDGE('',*,*,#1858,.F.);
#2430=ORIENTED_EDGE('',*,*,#1872,.T.);
#2431=ORIENTED_EDGE('',*,*,#1873,.F.);
#2432=ORIENTED_EDGE('',*,*,#1872,.F.);
#2433=ORIENTED_EDGE('',*,*,#1853,.T.);
#2434=ORIENTED_EDGE('',*,*,#1874,.T.);
#2435=ORIENTED_EDGE('',*,*,#1875,.T.);
#2436=ORIENTED_EDGE('',*,*,#1876,.T.);
#2437=ORIENTED_EDGE('',*,*,#1852,.T.);
#2438=ORIENTED_EDGE('',*,*,#1877,.F.);
#2439=ORIENTED_EDGE('',*,*,#1878,.F.);
#2440=ORIENTED_EDGE('',*,*,#1874,.F.);
#2441=ORIENTED_EDGE('',*,*,#1851,.T.);
#2442=ORIENTED_EDGE('',*,*,#1879,.T.);
#2443=ORIENTED_EDGE('',*,*,#1880,.F.);
#2444=ORIENTED_EDGE('',*,*,#1877,.T.);
#2445=ORIENTED_EDGE('',*,*,#1850,.T.);
#2446=ORIENTED_EDGE('',*,*,#1863,.T.);
#2447=ORIENTED_EDGE('',*,*,#1881,.F.);
#2448=ORIENTED_EDGE('',*,*,#1879,.F.);
#2449=ORIENTED_EDGE('',*,*,#1847,.T.);
#2450=ORIENTED_EDGE('',*,*,#1882,.F.);
#2451=ORIENTED_EDGE('',*,*,#1883,.F.);
#2452=ORIENTED_EDGE('',*,*,#1884,.F.);
#2453=ORIENTED_EDGE('',*,*,#1846,.T.);
#2454=ORIENTED_EDGE('',*,*,#1885,.T.);
#2455=ORIENTED_EDGE('',*,*,#1886,.F.);
#2456=ORIENTED_EDGE('',*,*,#1882,.T.);
#2457=ORIENTED_EDGE('',*,*,#1841,.T.);
#2458=ORIENTED_EDGE('',*,*,#1887,.T.);
#2459=ORIENTED_EDGE('',*,*,#1888,.T.);
#2460=ORIENTED_EDGE('',*,*,#1889,.T.);
#2461=ORIENTED_EDGE('',*,*,#1840,.T.);
#2462=ORIENTED_EDGE('',*,*,#1890,.F.);
#2463=ORIENTED_EDGE('',*,*,#1891,.F.);
#2464=ORIENTED_EDGE('',*,*,#1887,.F.);
#2465=ORIENTED_EDGE('',*,*,#1839,.T.);
#2466=ORIENTED_EDGE('',*,*,#1892,.T.);
#2467=ORIENTED_EDGE('',*,*,#1893,.T.);
#2468=ORIENTED_EDGE('',*,*,#1890,.T.);
#2469=ORIENTED_EDGE('',*,*,#1838,.T.);
#2470=ORIENTED_EDGE('',*,*,#1894,.F.);
#2471=ORIENTED_EDGE('',*,*,#1895,.F.);
#2472=ORIENTED_EDGE('',*,*,#1892,.F.);
#2473=ORIENTED_EDGE('',*,*,#1854,.T.);
#2474=ORIENTED_EDGE('',*,*,#1876,.F.);
#2475=ORIENTED_EDGE('',*,*,#1896,.T.);
#2476=ORIENTED_EDGE('',*,*,#1897,.T.);
#2477=ORIENTED_EDGE('',*,*,#1855,.T.);
#2478=ORIENTED_EDGE('',*,*,#1897,.F.);
#2479=ORIENTED_EDGE('',*,*,#1898,.F.);
#2480=ORIENTED_EDGE('',*,*,#1899,.F.);
#2481=ORIENTED_EDGE('',*,*,#1856,.T.);
#2482=ORIENTED_EDGE('',*,*,#1899,.T.);
#2483=ORIENTED_EDGE('',*,*,#1900,.F.);
#2484=ORIENTED_EDGE('',*,*,#1864,.T.);
#2485=ORIENTED_EDGE('',*,*,#1801,.T.);
#2486=ORIENTED_EDGE('',*,*,#1865,.T.);
#2487=ORIENTED_EDGE('',*,*,#1900,.T.);
#2488=ORIENTED_EDGE('',*,*,#1898,.T.);
#2489=ORIENTED_EDGE('',*,*,#1896,.F.);
#2490=ORIENTED_EDGE('',*,*,#1875,.F.);
#2491=ORIENTED_EDGE('',*,*,#1878,.T.);
#2492=ORIENTED_EDGE('',*,*,#1880,.T.);
#2493=ORIENTED_EDGE('',*,*,#1881,.T.);
#2494=ORIENTED_EDGE('',*,*,#1862,.T.);
#2495=ORIENTED_EDGE('',*,*,#1810,.T.);
#2496=ORIENTED_EDGE('',*,*,#1807,.T.);
#2497=ORIENTED_EDGE('',*,*,#1720,.T.);
#2498=ORIENTED_EDGE('',*,*,#1723,.T.);
#2499=ORIENTED_EDGE('',*,*,#1713,.T.);
#2500=ORIENTED_EDGE('',*,*,#1717,.T.);
#2501=ORIENTED_EDGE('',*,*,#1732,.T.);
#2502=ORIENTED_EDGE('',*,*,#1735,.T.);
#2503=ORIENTED_EDGE('',*,*,#1725,.T.);
#2504=ORIENTED_EDGE('',*,*,#1729,.T.);
#2505=ORIENTED_EDGE('',*,*,#1744,.T.);
#2506=ORIENTED_EDGE('',*,*,#1747,.T.);
#2507=ORIENTED_EDGE('',*,*,#1737,.T.);
#2508=ORIENTED_EDGE('',*,*,#1741,.T.);
#2509=ORIENTED_EDGE('',*,*,#1756,.T.);
#2510=ORIENTED_EDGE('',*,*,#1759,.T.);
#2511=ORIENTED_EDGE('',*,*,#1749,.T.);
#2512=ORIENTED_EDGE('',*,*,#1753,.T.);
#2513=ORIENTED_EDGE('',*,*,#1768,.T.);
#2514=ORIENTED_EDGE('',*,*,#1771,.T.);
#2515=ORIENTED_EDGE('',*,*,#1761,.T.);
#2516=ORIENTED_EDGE('',*,*,#1765,.T.);
#2517=ORIENTED_EDGE('',*,*,#1780,.T.);
#2518=ORIENTED_EDGE('',*,*,#1783,.T.);
#2519=ORIENTED_EDGE('',*,*,#1773,.T.);
#2520=ORIENTED_EDGE('',*,*,#1777,.T.);
#2521=ORIENTED_EDGE('',*,*,#1792,.T.);
#2522=ORIENTED_EDGE('',*,*,#1795,.T.);
#2523=ORIENTED_EDGE('',*,*,#1785,.T.);
#2524=ORIENTED_EDGE('',*,*,#1789,.T.);
#2525=ORIENTED_EDGE('',*,*,#1820,.T.);
#2526=ORIENTED_EDGE('',*,*,#1823,.T.);
#2527=ORIENTED_EDGE('',*,*,#1813,.T.);
#2528=ORIENTED_EDGE('',*,*,#1817,.T.);
#2529=ORIENTED_EDGE('',*,*,#1832,.T.);
#2530=ORIENTED_EDGE('',*,*,#1835,.T.);
#2531=ORIENTED_EDGE('',*,*,#1825,.T.);
#2532=ORIENTED_EDGE('',*,*,#1829,.T.);
#2533=ORIENTED_EDGE('',*,*,#1845,.T.);
#2534=ORIENTED_EDGE('',*,*,#1901,.F.);
#2535=ORIENTED_EDGE('',*,*,#1902,.F.);
#2536=ORIENTED_EDGE('',*,*,#1885,.F.);
#2537=ORIENTED_EDGE('',*,*,#1848,.T.);
#2538=ORIENTED_EDGE('',*,*,#1884,.T.);
#2539=ORIENTED_EDGE('',*,*,#1903,.F.);
#2540=ORIENTED_EDGE('',*,*,#1901,.T.);
#2541=ORIENTED_EDGE('',*,*,#1842,.T.);
#2542=ORIENTED_EDGE('',*,*,#1889,.F.);
#2543=ORIENTED_EDGE('',*,*,#1904,.T.);
#2544=ORIENTED_EDGE('',*,*,#1905,.F.);
#2545=ORIENTED_EDGE('',*,*,#1843,.T.);
#2546=ORIENTED_EDGE('',*,*,#1905,.T.);
#2547=ORIENTED_EDGE('',*,*,#1906,.T.);
#2548=ORIENTED_EDGE('',*,*,#1907,.F.);
#2549=ORIENTED_EDGE('',*,*,#1893,.F.);
#2550=ORIENTED_EDGE('',*,*,#1895,.T.);
#2551=ORIENTED_EDGE('',*,*,#1908,.T.);
#2552=ORIENTED_EDGE('',*,*,#1909,.F.);
#2553=ORIENTED_EDGE('',*,*,#1906,.F.);
#2554=ORIENTED_EDGE('',*,*,#1904,.F.);
#2555=ORIENTED_EDGE('',*,*,#1888,.F.);
#2556=ORIENTED_EDGE('',*,*,#1891,.T.);
#2557=ORIENTED_EDGE('',*,*,#1721,.T.);
#2558=ORIENTED_EDGE('',*,*,#1718,.T.);
#2559=ORIENTED_EDGE('',*,*,#1715,.T.);
#2560=ORIENTED_EDGE('',*,*,#1724,.T.);
#2561=ORIENTED_EDGE('',*,*,#1733,.T.);
#2562=ORIENTED_EDGE('',*,*,#1730,.T.);
#2563=ORIENTED_EDGE('',*,*,#1727,.T.);
#2564=ORIENTED_EDGE('',*,*,#1736,.T.);
#2565=ORIENTED_EDGE('',*,*,#1745,.T.);
#2566=ORIENTED_EDGE('',*,*,#1742,.T.);
#2567=ORIENTED_EDGE('',*,*,#1739,.T.);
#2568=ORIENTED_EDGE('',*,*,#1748,.T.);
#2569=ORIENTED_EDGE('',*,*,#1757,.T.);
#2570=ORIENTED_EDGE('',*,*,#1754,.T.);
#2571=ORIENTED_EDGE('',*,*,#1751,.T.);
#2572=ORIENTED_EDGE('',*,*,#1760,.T.);
#2573=ORIENTED_EDGE('',*,*,#1769,.T.);
#2574=ORIENTED_EDGE('',*,*,#1766,.T.);
#2575=ORIENTED_EDGE('',*,*,#1763,.T.);
#2576=ORIENTED_EDGE('',*,*,#1772,.T.);
#2577=ORIENTED_EDGE('',*,*,#1781,.T.);
#2578=ORIENTED_EDGE('',*,*,#1778,.T.);
#2579=ORIENTED_EDGE('',*,*,#1775,.T.);
#2580=ORIENTED_EDGE('',*,*,#1784,.T.);
#2581=ORIENTED_EDGE('',*,*,#1793,.T.);
#2582=ORIENTED_EDGE('',*,*,#1790,.T.);
#2583=ORIENTED_EDGE('',*,*,#1787,.T.);
#2584=ORIENTED_EDGE('',*,*,#1796,.T.);
#2585=ORIENTED_EDGE('',*,*,#1806,.T.);
#2586=ORIENTED_EDGE('',*,*,#1809,.T.);
#2587=ORIENTED_EDGE('',*,*,#1803,.T.);
#2588=ORIENTED_EDGE('',*,*,#1797,.T.);
#2589=ORIENTED_EDGE('',*,*,#1821,.T.);
#2590=ORIENTED_EDGE('',*,*,#1818,.T.);
#2591=ORIENTED_EDGE('',*,*,#1815,.T.);
#2592=ORIENTED_EDGE('',*,*,#1824,.T.);
#2593=ORIENTED_EDGE('',*,*,#1833,.T.);
#2594=ORIENTED_EDGE('',*,*,#1830,.T.);
#2595=ORIENTED_EDGE('',*,*,#1827,.T.);
#2596=ORIENTED_EDGE('',*,*,#1836,.T.);
#2597=ORIENTED_EDGE('',*,*,#1867,.T.);
#2598=ORIENTED_EDGE('',*,*,#1869,.T.);
#2599=ORIENTED_EDGE('',*,*,#1871,.T.);
#2600=ORIENTED_EDGE('',*,*,#1873,.T.);
#2601=ORIENTED_EDGE('',*,*,#1883,.T.);
#2602=ORIENTED_EDGE('',*,*,#1886,.T.);
#2603=ORIENTED_EDGE('',*,*,#1902,.T.);
#2604=ORIENTED_EDGE('',*,*,#1903,.T.);
#2605=ORIENTED_EDGE('',*,*,#1837,.T.);
#2606=ORIENTED_EDGE('',*,*,#1910,.F.);
#2607=ORIENTED_EDGE('',*,*,#1908,.F.);
#2608=ORIENTED_EDGE('',*,*,#1894,.T.);
#2609=ORIENTED_EDGE('',*,*,#1844,.T.);
#2610=ORIENTED_EDGE('',*,*,#1907,.T.);
#2611=ORIENTED_EDGE('',*,*,#1909,.T.);
#2612=ORIENTED_EDGE('',*,*,#1910,.T.);
#2613=ORIENTED_EDGE('',*,*,#1911,.F.);
#2614=ORIENTED_EDGE('',*,*,#1912,.T.);
#2615=ORIENTED_EDGE('',*,*,#1913,.F.);
#2616=ORIENTED_EDGE('',*,*,#1914,.F.);
#2617=ORIENTED_EDGE('',*,*,#1915,.F.);
#2618=ORIENTED_EDGE('',*,*,#1914,.T.);
#2619=ORIENTED_EDGE('',*,*,#1916,.F.);
#2620=ORIENTED_EDGE('',*,*,#1917,.F.);
#2621=ORIENTED_EDGE('',*,*,#1918,.F.);
#2622=ORIENTED_EDGE('',*,*,#1917,.T.);
#2623=ORIENTED_EDGE('',*,*,#1919,.F.);
#2624=ORIENTED_EDGE('',*,*,#1920,.F.);
#2625=ORIENTED_EDGE('',*,*,#1921,.F.);
#2626=ORIENTED_EDGE('',*,*,#1920,.T.);
#2627=ORIENTED_EDGE('',*,*,#1922,.F.);
#2628=ORIENTED_EDGE('',*,*,#1923,.F.);
#2629=ORIENTED_EDGE('',*,*,#1924,.F.);
#2630=ORIENTED_EDGE('',*,*,#1923,.T.);
#2631=ORIENTED_EDGE('',*,*,#1925,.F.);
#2632=ORIENTED_EDGE('',*,*,#1926,.F.);
#2633=ORIENTED_EDGE('',*,*,#1927,.F.);
#2634=ORIENTED_EDGE('',*,*,#1926,.T.);
#2635=ORIENTED_EDGE('',*,*,#1928,.F.);
#2636=ORIENTED_EDGE('',*,*,#1929,.F.);
#2637=ORIENTED_EDGE('',*,*,#1930,.F.);
#2638=ORIENTED_EDGE('',*,*,#1929,.T.);
#2639=ORIENTED_EDGE('',*,*,#1931,.F.);
#2640=ORIENTED_EDGE('',*,*,#1932,.F.);
#2641=ORIENTED_EDGE('',*,*,#1933,.F.);
#2642=ORIENTED_EDGE('',*,*,#1932,.T.);
#2643=ORIENTED_EDGE('',*,*,#1934,.F.);
#2644=ORIENTED_EDGE('',*,*,#1935,.F.);
#2645=ORIENTED_EDGE('',*,*,#1936,.F.);
#2646=ORIENTED_EDGE('',*,*,#1935,.T.);
#2647=ORIENTED_EDGE('',*,*,#1937,.F.);
#2648=ORIENTED_EDGE('',*,*,#1938,.F.);
#2649=ORIENTED_EDGE('',*,*,#1939,.F.);
#2650=ORIENTED_EDGE('',*,*,#1938,.T.);
#2651=ORIENTED_EDGE('',*,*,#1940,.F.);
#2652=ORIENTED_EDGE('',*,*,#1941,.F.);
#2653=ORIENTED_EDGE('',*,*,#1942,.F.);
#2654=ORIENTED_EDGE('',*,*,#1941,.T.);
#2655=ORIENTED_EDGE('',*,*,#1943,.F.);
#2656=ORIENTED_EDGE('',*,*,#1944,.F.);
#2657=ORIENTED_EDGE('',*,*,#1945,.F.);
#2658=ORIENTED_EDGE('',*,*,#1944,.T.);
#2659=ORIENTED_EDGE('',*,*,#1946,.F.);
#2660=ORIENTED_EDGE('',*,*,#1947,.F.);
#2661=ORIENTED_EDGE('',*,*,#1948,.F.);
#2662=ORIENTED_EDGE('',*,*,#1947,.T.);
#2663=ORIENTED_EDGE('',*,*,#1949,.F.);
#2664=ORIENTED_EDGE('',*,*,#1950,.F.);
#2665=ORIENTED_EDGE('',*,*,#1951,.F.);
#2666=ORIENTED_EDGE('',*,*,#1950,.T.);
#2667=ORIENTED_EDGE('',*,*,#1952,.F.);
#2668=ORIENTED_EDGE('',*,*,#1953,.F.);
#2669=ORIENTED_EDGE('',*,*,#1954,.F.);
#2670=ORIENTED_EDGE('',*,*,#1953,.T.);
#2671=ORIENTED_EDGE('',*,*,#1955,.F.);
#2672=ORIENTED_EDGE('',*,*,#1912,.F.);
#2673=ORIENTED_EDGE('',*,*,#1955,.T.);
#2674=ORIENTED_EDGE('',*,*,#1952,.T.);
#2675=ORIENTED_EDGE('',*,*,#1949,.T.);
#2676=ORIENTED_EDGE('',*,*,#1946,.T.);
#2677=ORIENTED_EDGE('',*,*,#1943,.T.);
#2678=ORIENTED_EDGE('',*,*,#1940,.T.);
#2679=ORIENTED_EDGE('',*,*,#1937,.T.);
#2680=ORIENTED_EDGE('',*,*,#1934,.T.);
#2681=ORIENTED_EDGE('',*,*,#1931,.T.);
#2682=ORIENTED_EDGE('',*,*,#1928,.T.);
#2683=ORIENTED_EDGE('',*,*,#1925,.T.);
#2684=ORIENTED_EDGE('',*,*,#1922,.T.);
#2685=ORIENTED_EDGE('',*,*,#1919,.T.);
#2686=ORIENTED_EDGE('',*,*,#1916,.T.);
#2687=ORIENTED_EDGE('',*,*,#1913,.T.);
#2688=ORIENTED_EDGE('',*,*,#1954,.T.);
#2689=ORIENTED_EDGE('',*,*,#1911,.T.);
#2690=ORIENTED_EDGE('',*,*,#1915,.T.);
#2691=ORIENTED_EDGE('',*,*,#1918,.T.);
#2692=ORIENTED_EDGE('',*,*,#1921,.T.);
#2693=ORIENTED_EDGE('',*,*,#1924,.T.);
#2694=ORIENTED_EDGE('',*,*,#1927,.T.);
#2695=ORIENTED_EDGE('',*,*,#1930,.T.);
#2696=ORIENTED_EDGE('',*,*,#1933,.T.);
#2697=ORIENTED_EDGE('',*,*,#1936,.T.);
#2698=ORIENTED_EDGE('',*,*,#1939,.T.);
#2699=ORIENTED_EDGE('',*,*,#1942,.T.);
#2700=ORIENTED_EDGE('',*,*,#1945,.T.);
#2701=ORIENTED_EDGE('',*,*,#1948,.T.);
#2702=ORIENTED_EDGE('',*,*,#1951,.T.);
#2703=ORIENTED_EDGE('',*,*,#1956,.F.);
#2704=ORIENTED_EDGE('',*,*,#1957,.T.);
#2705=ORIENTED_EDGE('',*,*,#1958,.T.);
#2706=ORIENTED_EDGE('',*,*,#1957,.F.);
#2707=ORIENTED_EDGE('',*,*,#1958,.F.);
#2708=ORIENTED_EDGE('',*,*,#1959,.F.);
#2709=ORIENTED_EDGE('',*,*,#1960,.T.);
#2710=ORIENTED_EDGE('',*,*,#1961,.T.);
#2711=ORIENTED_EDGE('',*,*,#1960,.F.);
#2712=ORIENTED_EDGE('',*,*,#1961,.F.);
#2713=ORIENTED_EDGE('',*,*,#1962,.F.);
#2714=ORIENTED_EDGE('',*,*,#1963,.T.);
#2715=ORIENTED_EDGE('',*,*,#1964,.T.);
#2716=ORIENTED_EDGE('',*,*,#1963,.F.);
#2717=ORIENTED_EDGE('',*,*,#1964,.F.);
#2718=ORIENTED_EDGE('',*,*,#1965,.F.);
#2719=ORIENTED_EDGE('',*,*,#1966,.T.);
#2720=ORIENTED_EDGE('',*,*,#1967,.T.);
#2721=ORIENTED_EDGE('',*,*,#1966,.F.);
#2722=ORIENTED_EDGE('',*,*,#1967,.F.);
#2723=ORIENTED_EDGE('',*,*,#1968,.F.);
#2724=ORIENTED_EDGE('',*,*,#1969,.T.);
#2725=ORIENTED_EDGE('',*,*,#1970,.F.);
#2726=ORIENTED_EDGE('',*,*,#1971,.F.);
#2727=ORIENTED_EDGE('',*,*,#1972,.F.);
#2728=ORIENTED_EDGE('',*,*,#1971,.T.);
#2729=ORIENTED_EDGE('',*,*,#1973,.F.);
#2730=ORIENTED_EDGE('',*,*,#1974,.F.);
#2731=ORIENTED_EDGE('',*,*,#1975,.F.);
#2732=ORIENTED_EDGE('',*,*,#1976,.F.);
#2733=ORIENTED_EDGE('',*,*,#1977,.F.);
#2734=ORIENTED_EDGE('',*,*,#1974,.T.);
#2735=ORIENTED_EDGE('',*,*,#1978,.F.);
#2736=ORIENTED_EDGE('',*,*,#1976,.T.);
#2737=ORIENTED_EDGE('',*,*,#1979,.F.);
#2738=ORIENTED_EDGE('',*,*,#1980,.F.);
#2739=ORIENTED_EDGE('',*,*,#1981,.F.);
#2740=ORIENTED_EDGE('',*,*,#1982,.F.);
#2741=ORIENTED_EDGE('',*,*,#1983,.F.);
#2742=ORIENTED_EDGE('',*,*,#1984,.F.);
#2743=ORIENTED_EDGE('',*,*,#1985,.F.);
#2744=ORIENTED_EDGE('',*,*,#1986,.F.);
#2745=ORIENTED_EDGE('',*,*,#1987,.F.);
#2746=ORIENTED_EDGE('',*,*,#1988,.F.);
#2747=ORIENTED_EDGE('',*,*,#1984,.T.);
#2748=ORIENTED_EDGE('',*,*,#1989,.F.);
#2749=ORIENTED_EDGE('',*,*,#1990,.T.);
#2750=ORIENTED_EDGE('',*,*,#1991,.T.);
#2751=ORIENTED_EDGE('',*,*,#1983,.T.);
#2752=ORIENTED_EDGE('',*,*,#1992,.F.);
#2753=ORIENTED_EDGE('',*,*,#1993,.T.);
#2754=ORIENTED_EDGE('',*,*,#1989,.T.);
#2755=ORIENTED_EDGE('',*,*,#1982,.T.);
#2756=ORIENTED_EDGE('',*,*,#1994,.F.);
#2757=ORIENTED_EDGE('',*,*,#1995,.T.);
#2758=ORIENTED_EDGE('',*,*,#1992,.T.);
#2759=ORIENTED_EDGE('',*,*,#1981,.T.);
#2760=ORIENTED_EDGE('',*,*,#1996,.F.);
#2761=ORIENTED_EDGE('',*,*,#1997,.T.);
#2762=ORIENTED_EDGE('',*,*,#1994,.T.);
#2763=ORIENTED_EDGE('',*,*,#1980,.T.);
#2764=ORIENTED_EDGE('',*,*,#1998,.F.);
#2765=ORIENTED_EDGE('',*,*,#1999,.T.);
#2766=ORIENTED_EDGE('',*,*,#1996,.T.);
#2767=ORIENTED_EDGE('',*,*,#1979,.T.);
#2768=ORIENTED_EDGE('',*,*,#2000,.F.);
#2769=ORIENTED_EDGE('',*,*,#2001,.T.);
#2770=ORIENTED_EDGE('',*,*,#1998,.T.);
#2771=ORIENTED_EDGE('',*,*,#1985,.T.);
#2772=ORIENTED_EDGE('',*,*,#1991,.F.);
#2773=ORIENTED_EDGE('',*,*,#2002,.T.);
#2774=ORIENTED_EDGE('',*,*,#2003,.T.);
#2775=ORIENTED_EDGE('',*,*,#1986,.T.);
#2776=ORIENTED_EDGE('',*,*,#2003,.F.);
#2777=ORIENTED_EDGE('',*,*,#2004,.T.);
#2778=ORIENTED_EDGE('',*,*,#2005,.T.);
#2779=ORIENTED_EDGE('',*,*,#1987,.T.);
#2780=ORIENTED_EDGE('',*,*,#2005,.F.);
#2781=ORIENTED_EDGE('',*,*,#2006,.T.);
#2782=ORIENTED_EDGE('',*,*,#2007,.T.);
#2783=ORIENTED_EDGE('',*,*,#1988,.T.);
#2784=ORIENTED_EDGE('',*,*,#2007,.F.);
#2785=ORIENTED_EDGE('',*,*,#2008,.T.);
#2786=ORIENTED_EDGE('',*,*,#2000,.T.);
#2787=ORIENTED_EDGE('',*,*,#2009,.T.);
#2788=ORIENTED_EDGE('',*,*,#2010,.T.);
#2789=ORIENTED_EDGE('',*,*,#2011,.F.);
#2790=ORIENTED_EDGE('',*,*,#2010,.F.);
#2791=ORIENTED_EDGE('',*,*,#2001,.F.);
#2792=ORIENTED_EDGE('',*,*,#2008,.F.);
#2793=ORIENTED_EDGE('',*,*,#2006,.F.);
#2794=ORIENTED_EDGE('',*,*,#2004,.F.);
#2795=ORIENTED_EDGE('',*,*,#2002,.F.);
#2796=ORIENTED_EDGE('',*,*,#1990,.F.);
#2797=ORIENTED_EDGE('',*,*,#1993,.F.);
#2798=ORIENTED_EDGE('',*,*,#1995,.F.);
#2799=ORIENTED_EDGE('',*,*,#1997,.F.);
#2800=ORIENTED_EDGE('',*,*,#1999,.F.);
#2801=ORIENTED_EDGE('',*,*,#2011,.T.);
#2802=ORIENTED_EDGE('',*,*,#2012,.F.);
#2803=ORIENTED_EDGE('',*,*,#2013,.F.);
#2804=ORIENTED_EDGE('',*,*,#2009,.F.);
#2805=ORIENTED_EDGE('',*,*,#2014,.F.);
#2806=ORIENTED_EDGE('',*,*,#2015,.T.);
#2807=ORIENTED_EDGE('',*,*,#2013,.T.);
#2808=ORIENTED_EDGE('',*,*,#2015,.F.);
#2809=ORIENTED_EDGE('',*,*,#2014,.T.);
#2810=ORIENTED_EDGE('',*,*,#2016,.F.);
#2811=ORIENTED_EDGE('',*,*,#2017,.F.);
#2812=ORIENTED_EDGE('',*,*,#1969,.F.);
#2813=ORIENTED_EDGE('',*,*,#2018,.F.);
#2814=ORIENTED_EDGE('',*,*,#2019,.F.);
#2815=ORIENTED_EDGE('',*,*,#2020,.F.);
#2816=ORIENTED_EDGE('',*,*,#2021,.F.);
#2817=ORIENTED_EDGE('',*,*,#2022,.F.);
#2818=ORIENTED_EDGE('',*,*,#2019,.T.);
#2819=ORIENTED_EDGE('',*,*,#2023,.F.);
#2820=ORIENTED_EDGE('',*,*,#2021,.T.);
#2821=ORIENTED_EDGE('',*,*,#2024,.F.);
#2822=ORIENTED_EDGE('',*,*,#2025,.T.);
#2823=ORIENTED_EDGE('',*,*,#2016,.T.);
#2824=ORIENTED_EDGE('',*,*,#2025,.F.);
#2825=ORIENTED_EDGE('',*,*,#2012,.T.);
#2826=ORIENTED_EDGE('',*,*,#2026,.T.);
#2827=ORIENTED_EDGE('',*,*,#2027,.F.);
#2828=ORIENTED_EDGE('',*,*,#2026,.F.);
#2829=ORIENTED_EDGE('',*,*,#2028,.F.);
#2830=ORIENTED_EDGE('',*,*,#2029,.T.);
#2831=ORIENTED_EDGE('',*,*,#2030,.F.);
#2832=ORIENTED_EDGE('',*,*,#2029,.F.);
#2833=ORIENTED_EDGE('',*,*,#2031,.F.);
#2834=ORIENTED_EDGE('',*,*,#2032,.T.);
#2835=ORIENTED_EDGE('',*,*,#2033,.F.);
#2836=ORIENTED_EDGE('',*,*,#2032,.F.);
#2837=ORIENTED_EDGE('',*,*,#2034,.F.);
#2838=ORIENTED_EDGE('',*,*,#2035,.T.);
#2839=ORIENTED_EDGE('',*,*,#2036,.F.);
#2840=ORIENTED_EDGE('',*,*,#2035,.F.);
#2841=ORIENTED_EDGE('',*,*,#2034,.T.);
#2842=ORIENTED_EDGE('',*,*,#2037,.F.);
#2843=ORIENTED_EDGE('',*,*,#2038,.T.);
#2844=ORIENTED_EDGE('',*,*,#2039,.F.);
#2845=ORIENTED_EDGE('',*,*,#2038,.F.);
#2846=ORIENTED_EDGE('',*,*,#2037,.T.);
#2847=ORIENTED_EDGE('',*,*,#2040,.F.);
#2848=ORIENTED_EDGE('',*,*,#2041,.T.);
#2849=ORIENTED_EDGE('',*,*,#2042,.F.);
#2850=ORIENTED_EDGE('',*,*,#2041,.F.);
#2851=ORIENTED_EDGE('',*,*,#2040,.T.);
#2852=ORIENTED_EDGE('',*,*,#2043,.F.);
#2853=ORIENTED_EDGE('',*,*,#2044,.T.);
#2854=ORIENTED_EDGE('',*,*,#2045,.F.);
#2855=ORIENTED_EDGE('',*,*,#2044,.F.);
#2856=ORIENTED_EDGE('',*,*,#2043,.T.);
#2857=ORIENTED_EDGE('',*,*,#2046,.F.);
#2858=ORIENTED_EDGE('',*,*,#2047,.F.);
#2859=ORIENTED_EDGE('',*,*,#2048,.F.);
#2860=ORIENTED_EDGE('',*,*,#2049,.F.);
#2861=ORIENTED_EDGE('',*,*,#2050,.F.);
#2862=ORIENTED_EDGE('',*,*,#2051,.F.);
#2863=ORIENTED_EDGE('',*,*,#2052,.F.);
#2864=ORIENTED_EDGE('',*,*,#2053,.F.);
#2865=ORIENTED_EDGE('',*,*,#1956,.T.);
#2866=ORIENTED_EDGE('',*,*,#1959,.T.);
#2867=ORIENTED_EDGE('',*,*,#1962,.T.);
#2868=ORIENTED_EDGE('',*,*,#1965,.T.);
#2869=ORIENTED_EDGE('',*,*,#2050,.T.);
#2870=ORIENTED_EDGE('',*,*,#2054,.T.);
#2871=ORIENTED_EDGE('',*,*,#2055,.F.);
#2872=ORIENTED_EDGE('',*,*,#2056,.F.);
#2873=ORIENTED_EDGE('',*,*,#2057,.F.);
#2874=ORIENTED_EDGE('',*,*,#2058,.F.);
#2875=ORIENTED_EDGE('',*,*,#2059,.F.);
#2876=ORIENTED_EDGE('',*,*,#2060,.F.);
#2877=ORIENTED_EDGE('',*,*,#2030,.T.);
#2878=ORIENTED_EDGE('',*,*,#2033,.T.);
#2879=ORIENTED_EDGE('',*,*,#2061,.T.);
#2880=ORIENTED_EDGE('',*,*,#2062,.T.);
#2881=ORIENTED_EDGE('',*,*,#2063,.T.);
#2882=ORIENTED_EDGE('',*,*,#2064,.T.);
#2883=ORIENTED_EDGE('',*,*,#2049,.T.);
#2884=ORIENTED_EDGE('',*,*,#2065,.T.);
#2885=ORIENTED_EDGE('',*,*,#2066,.F.);
#2886=ORIENTED_EDGE('',*,*,#2054,.F.);
#2887=ORIENTED_EDGE('',*,*,#2047,.T.);
#2888=ORIENTED_EDGE('',*,*,#2067,.T.);
#2889=ORIENTED_EDGE('',*,*,#2068,.T.);
#2890=ORIENTED_EDGE('',*,*,#2069,.F.);
#2891=ORIENTED_EDGE('',*,*,#2070,.F.);
#2892=ORIENTED_EDGE('',*,*,#2068,.F.);
#2893=ORIENTED_EDGE('',*,*,#2071,.F.);
#2894=ORIENTED_EDGE('',*,*,#2072,.F.);
#2895=ORIENTED_EDGE('',*,*,#2073,.F.);
#2896=ORIENTED_EDGE('',*,*,#2074,.F.);
#2897=ORIENTED_EDGE('',*,*,#2075,.F.);
#2898=ORIENTED_EDGE('',*,*,#2076,.F.);
#2899=ORIENTED_EDGE('',*,*,#2046,.T.);
#2900=ORIENTED_EDGE('',*,*,#2077,.T.);
#2901=ORIENTED_EDGE('',*,*,#2071,.T.);
#2902=ORIENTED_EDGE('',*,*,#2067,.F.);
#2903=ORIENTED_EDGE('',*,*,#2028,.T.);
#2904=ORIENTED_EDGE('',*,*,#2031,.T.);
#2905=ORIENTED_EDGE('',*,*,#2053,.T.);
#2906=ORIENTED_EDGE('',*,*,#2078,.F.);
#2907=ORIENTED_EDGE('',*,*,#2072,.T.);
#2908=ORIENTED_EDGE('',*,*,#2077,.F.);
#2909=ORIENTED_EDGE('',*,*,#2076,.T.);
#2910=ORIENTED_EDGE('',*,*,#2079,.T.);
#2911=ORIENTED_EDGE('',*,*,#2080,.T.);
#2912=ORIENTED_EDGE('',*,*,#2081,.T.);
#2913=ORIENTED_EDGE('',*,*,#2075,.T.);
#2914=ORIENTED_EDGE('',*,*,#2082,.T.);
#2915=ORIENTED_EDGE('',*,*,#2083,.T.);
#2916=ORIENTED_EDGE('',*,*,#2084,.T.);
#2917=ORIENTED_EDGE('',*,*,#2085,.F.);
#2918=ORIENTED_EDGE('',*,*,#2086,.T.);
#2919=ORIENTED_EDGE('',*,*,#2087,.T.);
#2920=ORIENTED_EDGE('',*,*,#2079,.F.);
#2921=ORIENTED_EDGE('',*,*,#2074,.T.);
#2922=ORIENTED_EDGE('',*,*,#2088,.T.);
#2923=ORIENTED_EDGE('',*,*,#2089,.T.);
#2924=ORIENTED_EDGE('',*,*,#2082,.F.);
#2925=ORIENTED_EDGE('',*,*,#2024,.T.);
#2926=ORIENTED_EDGE('',*,*,#2052,.T.);
#2927=ORIENTED_EDGE('',*,*,#2090,.F.);
#2928=ORIENTED_EDGE('',*,*,#2091,.F.);
#2929=ORIENTED_EDGE('',*,*,#2092,.F.);
#2930=ORIENTED_EDGE('',*,*,#2093,.F.);
#2931=ORIENTED_EDGE('',*,*,#2094,.F.);
#2932=ORIENTED_EDGE('',*,*,#2095,.F.);
#2933=ORIENTED_EDGE('',*,*,#2065,.F.);
#2934=ORIENTED_EDGE('',*,*,#2048,.T.);
#2935=ORIENTED_EDGE('',*,*,#2069,.T.);
#2936=ORIENTED_EDGE('',*,*,#2070,.T.);
#2937=ORIENTED_EDGE('',*,*,#2081,.F.);
#2938=ORIENTED_EDGE('',*,*,#2096,.F.);
#2939=ORIENTED_EDGE('',*,*,#2097,.F.);
#2940=ORIENTED_EDGE('',*,*,#2098,.F.);
#2941=ORIENTED_EDGE('',*,*,#2099,.F.);
#2942=ORIENTED_EDGE('',*,*,#2100,.F.);
#2943=ORIENTED_EDGE('',*,*,#2088,.F.);
#2944=ORIENTED_EDGE('',*,*,#2073,.T.);
#2945=ORIENTED_EDGE('',*,*,#2078,.T.);
#2946=ORIENTED_EDGE('',*,*,#2036,.T.);
#2947=ORIENTED_EDGE('',*,*,#2039,.T.);
#2948=ORIENTED_EDGE('',*,*,#2042,.T.);
#2949=ORIENTED_EDGE('',*,*,#2045,.T.);
#2950=ORIENTED_EDGE('',*,*,#2101,.F.);
#2951=ORIENTED_EDGE('',*,*,#2102,.F.);
#2952=ORIENTED_EDGE('',*,*,#2103,.F.);
#2953=ORIENTED_EDGE('',*,*,#2104,.F.);
#2954=ORIENTED_EDGE('',*,*,#2100,.T.);
#2955=ORIENTED_EDGE('',*,*,#2105,.T.);
#2956=ORIENTED_EDGE('',*,*,#2083,.F.);
#2957=ORIENTED_EDGE('',*,*,#2089,.F.);
#2958=ORIENTED_EDGE('',*,*,#2099,.T.);
#2959=ORIENTED_EDGE('',*,*,#2106,.F.);
#2960=ORIENTED_EDGE('',*,*,#2084,.F.);
#2961=ORIENTED_EDGE('',*,*,#2105,.F.);
#2962=ORIENTED_EDGE('',*,*,#2107,.T.);
#2963=ORIENTED_EDGE('',*,*,#2098,.T.);
#2964=ORIENTED_EDGE('',*,*,#2108,.T.);
#2965=ORIENTED_EDGE('',*,*,#2085,.T.);
#2966=ORIENTED_EDGE('',*,*,#2106,.T.);
#2967=ORIENTED_EDGE('',*,*,#2103,.T.);
#2968=ORIENTED_EDGE('',*,*,#2109,.F.);
#2969=ORIENTED_EDGE('',*,*,#2061,.F.);
#2970=ORIENTED_EDGE('',*,*,#2110,.F.);
#2971=ORIENTED_EDGE('',*,*,#2102,.T.);
#2972=ORIENTED_EDGE('',*,*,#2111,.T.);
#2973=ORIENTED_EDGE('',*,*,#2062,.F.);
#2974=ORIENTED_EDGE('',*,*,#2109,.T.);
#2975=ORIENTED_EDGE('',*,*,#2027,.T.);
#2976=ORIENTED_EDGE('',*,*,#2095,.T.);
#2977=ORIENTED_EDGE('',*,*,#2112,.F.);
#2978=ORIENTED_EDGE('',*,*,#2055,.T.);
#2979=ORIENTED_EDGE('',*,*,#2066,.T.);
#2980=ORIENTED_EDGE('',*,*,#2094,.T.);
#2981=ORIENTED_EDGE('',*,*,#2113,.T.);
#2982=ORIENTED_EDGE('',*,*,#2056,.T.);
#2983=ORIENTED_EDGE('',*,*,#2112,.T.);
#2984=ORIENTED_EDGE('',*,*,#2114,.T.);
#2985=ORIENTED_EDGE('',*,*,#2107,.F.);
#2986=ORIENTED_EDGE('',*,*,#2115,.T.);
#2987=ORIENTED_EDGE('',*,*,#2114,.F.);
#2988=ORIENTED_EDGE('',*,*,#2115,.F.);
#2989=ORIENTED_EDGE('',*,*,#1978,.T.);
#2990=ORIENTED_EDGE('',*,*,#1973,.T.);
#2991=ORIENTED_EDGE('',*,*,#1970,.T.);
#2992=ORIENTED_EDGE('',*,*,#2017,.T.);
#2993=ORIENTED_EDGE('',*,*,#1968,.T.);
#2994=ORIENTED_EDGE('',*,*,#1972,.T.);
#2995=ORIENTED_EDGE('',*,*,#1977,.T.);
#2996=ORIENTED_EDGE('',*,*,#1975,.T.);
#2997=ORIENTED_EDGE('',*,*,#2022,.T.);
#2998=ORIENTED_EDGE('',*,*,#2023,.T.);
#2999=ORIENTED_EDGE('',*,*,#2020,.T.);
#3000=ORIENTED_EDGE('',*,*,#2018,.T.);
#3001=ORIENTED_EDGE('',*,*,#2097,.T.);
#3002=ORIENTED_EDGE('',*,*,#2116,.F.);
#3003=ORIENTED_EDGE('',*,*,#2086,.F.);
#3004=ORIENTED_EDGE('',*,*,#2108,.F.);
#3005=ORIENTED_EDGE('',*,*,#2096,.T.);
#3006=ORIENTED_EDGE('',*,*,#2080,.F.);
#3007=ORIENTED_EDGE('',*,*,#2087,.F.);
#3008=ORIENTED_EDGE('',*,*,#2116,.T.);
#3009=ORIENTED_EDGE('',*,*,#2101,.T.);
#3010=ORIENTED_EDGE('',*,*,#2117,.F.);
#3011=ORIENTED_EDGE('',*,*,#2063,.F.);
#3012=ORIENTED_EDGE('',*,*,#2111,.F.);
#3013=ORIENTED_EDGE('',*,*,#2104,.T.);
#3014=ORIENTED_EDGE('',*,*,#2110,.T.);
#3015=ORIENTED_EDGE('',*,*,#2064,.F.);
#3016=ORIENTED_EDGE('',*,*,#2117,.T.);
#3017=ORIENTED_EDGE('',*,*,#2051,.T.);
#3018=ORIENTED_EDGE('',*,*,#2060,.T.);
#3019=ORIENTED_EDGE('',*,*,#2118,.F.);
#3020=ORIENTED_EDGE('',*,*,#2090,.T.);
#3021=ORIENTED_EDGE('',*,*,#2093,.T.);
#3022=ORIENTED_EDGE('',*,*,#2119,.T.);
#3023=ORIENTED_EDGE('',*,*,#2057,.T.);
#3024=ORIENTED_EDGE('',*,*,#2113,.F.);
#3025=ORIENTED_EDGE('',*,*,#2091,.T.);
#3026=ORIENTED_EDGE('',*,*,#2118,.T.);
#3027=ORIENTED_EDGE('',*,*,#2059,.T.);
#3028=ORIENTED_EDGE('',*,*,#2120,.T.);
#3029=ORIENTED_EDGE('',*,*,#2092,.T.);
#3030=ORIENTED_EDGE('',*,*,#2120,.F.);
#3031=ORIENTED_EDGE('',*,*,#2058,.T.);
#3032=ORIENTED_EDGE('',*,*,#2119,.F.);
#3033=PLANE('',#3376);
#3034=PLANE('',#3377);
#3035=PLANE('',#3378);
#3036=PLANE('',#3379);
#3037=PLANE('',#3380);
#3038=PLANE('',#3381);
#3039=PLANE('',#3382);
#3040=PLANE('',#3383);
#3041=PLANE('',#3384);
#3042=PLANE('',#3385);
#3043=PLANE('',#3386);
#3044=PLANE('',#3387);
#3045=PLANE('',#3400);
#3046=PLANE('',#3401);
#3047=PLANE('',#3402);
#3048=PLANE('',#3403);
#3049=PLANE('',#3404);
#3050=PLANE('',#3405);
#3051=PLANE('',#3406);
#3052=PLANE('',#3407);
#3053=PLANE('',#3408);
#3054=PLANE('',#3409);
#3055=PLANE('',#3410);
#3056=PLANE('',#3411);
#3057=PLANE('',#3412);
#3058=PLANE('',#3413);
#3059=PLANE('',#3414);
#3060=PLANE('',#3415);
#3061=PLANE('',#3416);
#3062=PLANE('',#3417);
#3063=PLANE('',#3418);
#3064=PLANE('',#3419);
#3065=PLANE('',#3420);
#3066=PLANE('',#3421);
#3067=PLANE('',#3422);
#3068=PLANE('',#3423);
#3069=PLANE('',#3424);
#3070=PLANE('',#3425);
#3071=PLANE('',#3426);
#3072=PLANE('',#3427);
#3073=PLANE('',#3428);
#3074=PLANE('',#3429);
#3075=PLANE('',#3430);
#3076=PLANE('',#3431);
#3077=PLANE('',#3432);
#3078=PLANE('',#3433);
#3079=PLANE('',#3434);
#3080=PLANE('',#3435);
#3081=PLANE('',#3436);
#3082=PLANE('',#3437);
#3083=PLANE('',#3438);
#3084=PLANE('',#3439);
#3085=PLANE('',#3440);
#3086=PLANE('',#3441);
#3087=PLANE('',#3442);
#3088=PLANE('',#3443);
#3089=PLANE('',#3444);
#3090=PLANE('',#3445);
#3091=PLANE('',#3446);
#3092=PLANE('',#3451);
#3093=PLANE('',#3452);
#3094=PLANE('',#3461);
#3095=PLANE('',#3462);
#3096=PLANE('',#3463);
#3097=PLANE('',#3464);
#3098=PLANE('',#3465);
#3099=PLANE('',#3466);
#3100=PLANE('',#3467);
#3101=PLANE('',#3468);
#3102=PLANE('',#3469);
#3103=PLANE('',#3470);
#3104=PLANE('',#3471);
#3105=PLANE('',#3472);
#3106=PLANE('',#3473);
#3107=PLANE('',#3474);
#3108=PLANE('',#3475);
#3109=PLANE('',#3476);
#3110=PLANE('',#3477);
#3111=PLANE('',#3478);
#3112=PLANE('',#3479);
#3113=PLANE('',#3480);
#3114=PLANE('',#3481);
#3115=PLANE('',#3482);
#3116=PLANE('',#3483);
#3117=PLANE('',#3484);
#3118=PLANE('',#3485);
#3119=PLANE('',#3486);
#3120=PLANE('',#3487);
#3121=PLANE('',#3488);
#3122=PLANE('',#3489);
#3123=PLANE('',#3490);
#3124=PLANE('',#3491);
#3125=PLANE('',#3492);
#3126=PLANE('',#3493);
#3127=PLANE('',#3497);
#3128=PLANE('',#3501);
#3129=PLANE('',#3505);
#3130=PLANE('',#3509);
#3131=PLANE('',#3512);
#3132=PLANE('',#3516);
#3133=PLANE('',#3529);
#3134=PLANE('',#3531);
#3135=PLANE('',#3533);
#3136=PLANE('',#3535);
#3137=PLANE('',#3537);
#3138=PLANE('',#3539);
#3139=PLANE('',#3541);
#3140=PLANE('',#3543);
#3141=PLANE('',#3545);
#3142=PLANE('',#3547);
#3143=PLANE('',#3551);
#3144=PLANE('',#3553);
#3145=PLANE('',#3556);
#3146=PLANE('',#3558);
#3147=PLANE('',#3560);
#3148=PLANE('',#3564);
#3149=PLANE('',#3579);
#3150=PLANE('',#3583);
#3151=PLANE('',#3587);
#3152=PLANE('',#3591);
#3153=PLANE('',#3592);
#3154=PLANE('',#3593);
#3155=PLANE('',#3594);
#3156=PLANE('',#3595);
#3157=PLANE('',#3596);
#3158=PLANE('',#3597);
#3159=PLANE('',#3598);
#3160=PLANE('',#3599);
#3161=PLANE('',#3600);
#3162=PLANE('',#3601);
#3163=PLANE('',#3602);
#3164=PLANE('',#3603);
#3165=PLANE('',#3604);
#3166=PLANE('',#3606);
#3167=PLANE('',#3607);
#3168=PLANE('',#3608);
#3169=PLANE('',#3609);
#3170=PLANE('',#3610);
#3171=PLANE('',#3614);
#3172=PLANE('',#3615);
#3173=PLANE('',#3616);
#3174=PLANE('',#3617);
#3175=PLANE('',#3618);
#3176=PLANE('',#3619);
#3177=PLANE('',#3620);
#3178=PLANE('',#3621);
#3179=ADVANCED_FACE('',(#207),#3033,.T.);
#3180=ADVANCED_FACE('',(#208),#3034,.F.);
#3181=ADVANCED_FACE('',(#209),#3035,.F.);
#3182=ADVANCED_FACE('',(#210),#3036,.F.);
#3183=ADVANCED_FACE('',(#211),#3037,.F.);
#3184=ADVANCED_FACE('',(#212),#3038,.F.);
#3185=ADVANCED_FACE('',(#213),#3039,.T.);
#3186=ADVANCED_FACE('',(#214),#3040,.F.);
#3187=ADVANCED_FACE('',(#215),#3041,.F.);
#3188=ADVANCED_FACE('',(#216),#3042,.F.);
#3189=ADVANCED_FACE('',(#217),#3043,.F.);
#3190=ADVANCED_FACE('',(#218),#3044,.F.);
#3191=ADVANCED_FACE('',(#219),#173,.F.);
#3192=ADVANCED_FACE('',(#220),#174,.F.);
#3193=ADVANCED_FACE('',(#221),#175,.F.);
#3194=ADVANCED_FACE('',(#222),#176,.F.);
#3195=ADVANCED_FACE('',(#223),#3045,.T.);
#3196=ADVANCED_FACE('',(#224),#3046,.F.);
#3197=ADVANCED_FACE('',(#225,#63,#64,#65,#66),#3047,.F.);
#3198=ADVANCED_FACE('',(#226),#3048,.F.);
#3199=ADVANCED_FACE('',(#227,#67,#68,#69,#70),#3049,.F.);
#3200=ADVANCED_FACE('',(#228),#3050,.F.);
#3201=ADVANCED_FACE('',(#229),#3051,.F.);
#3202=ADVANCED_FACE('',(#230),#3052,.T.);
#3203=ADVANCED_FACE('',(#231),#3053,.F.);
#3204=ADVANCED_FACE('',(#232),#3054,.F.);
#3205=ADVANCED_FACE('',(#233),#3055,.F.);
#3206=ADVANCED_FACE('',(#234),#3056,.F.);
#3207=ADVANCED_FACE('',(#235),#3057,.T.);
#3208=ADVANCED_FACE('',(#236),#3058,.F.);
#3209=ADVANCED_FACE('',(#237),#3059,.F.);
#3210=ADVANCED_FACE('',(#238),#3060,.F.);
#3211=ADVANCED_FACE('',(#239),#3061,.F.);
#3212=ADVANCED_FACE('',(#240),#3062,.T.);
#3213=ADVANCED_FACE('',(#241),#3063,.F.);
#3214=ADVANCED_FACE('',(#242),#3064,.F.);
#3215=ADVANCED_FACE('',(#243),#3065,.F.);
#3216=ADVANCED_FACE('',(#244),#3066,.T.);
#3217=ADVANCED_FACE('',(#245),#3067,.F.);
#3218=ADVANCED_FACE('',(#246),#3068,.F.);
#3219=ADVANCED_FACE('',(#247),#3069,.F.);
#3220=ADVANCED_FACE('',(#248),#3070,.T.);
#3221=ADVANCED_FACE('',(#249),#3071,.F.);
#3222=ADVANCED_FACE('',(#250),#3072,.T.);
#3223=ADVANCED_FACE('',(#251),#3073,.F.);
#3224=ADVANCED_FACE('',(#252),#3074,.F.);
#3225=ADVANCED_FACE('',(#253),#3075,.F.);
#3226=ADVANCED_FACE('',(#254),#3076,.F.);
#3227=ADVANCED_FACE('',(#255),#3077,.T.);
#3228=ADVANCED_FACE('',(#256),#3078,.F.);
#3229=ADVANCED_FACE('',(#257),#3079,.T.);
#3230=ADVANCED_FACE('',(#258),#3080,.F.);
#3231=ADVANCED_FACE('',(#259),#3081,.F.);
#3232=ADVANCED_FACE('',(#260),#3082,.F.);
#3233=ADVANCED_FACE('',(#261),#3083,.F.);
#3234=ADVANCED_FACE('',(#262),#3084,.F.);
#3235=ADVANCED_FACE('',(#263),#3085,.F.);
#3236=ADVANCED_FACE('',(#264),#3086,.T.);
#3237=ADVANCED_FACE('',(#265),#3087,.F.);
#3238=ADVANCED_FACE('',(#266),#3088,.F.);
#3239=ADVANCED_FACE('',(#267),#3089,.F.);
#3240=ADVANCED_FACE('',(#268),#3090,.T.);
#3241=ADVANCED_FACE('',(#269,#71,#72,#73,#74,#75,#76),#3091,.T.);
#3242=ADVANCED_FACE('',(#270),#3092,.F.);
#3243=ADVANCED_FACE('',(#271),#3093,.F.);
#3244=ADVANCED_FACE('',(#272),#177,.F.);
#3245=ADVANCED_FACE('',(#273),#178,.F.);
#3246=ADVANCED_FACE('',(#274),#179,.F.);
#3247=ADVANCED_FACE('',(#275),#180,.F.);
#3248=ADVANCED_FACE('',(#276),#3094,.T.);
#3249=ADVANCED_FACE('',(#277),#3095,.F.);
#3250=ADVANCED_FACE('',(#278),#3096,.T.);
#3251=ADVANCED_FACE('',(#279),#3097,.T.);
#3252=ADVANCED_FACE('',(#280),#3098,.T.);
#3253=ADVANCED_FACE('',(#281),#3099,.T.);
#3254=ADVANCED_FACE('',(#282),#3100,.T.);
#3255=ADVANCED_FACE('',(#283),#3101,.F.);
#3256=ADVANCED_FACE('',(#284),#3102,.T.);
#3257=ADVANCED_FACE('',(#285),#3103,.F.);
#3258=ADVANCED_FACE('',(#286),#3104,.T.);
#3259=ADVANCED_FACE('',(#287),#3105,.T.);
#3260=ADVANCED_FACE('',(#288),#3106,.T.);
#3261=ADVANCED_FACE('',(#289,#77,#78,#79,#80,#81,#82,#83,#84,#85),#3107,
 .T.);
#3262=ADVANCED_FACE('',(#290),#3108,.F.);
#3263=ADVANCED_FACE('',(#291),#3109,.T.);
#3264=ADVANCED_FACE('',(#292),#3110,.F.);
#3265=ADVANCED_FACE('',(#293),#3111,.F.);
#3266=ADVANCED_FACE('',(#294,#86,#87,#88,#89,#90,#91,#92,#93,#94,#95,#96,
#97,#98,#99,#100),#3112,.F.);
#3267=ADVANCED_FACE('',(#295),#3113,.F.);
#3268=ADVANCED_FACE('',(#296),#3114,.F.);
#3269=ADVANCED_FACE('',(#297),#58,.T.);
#3270=ADVANCED_FACE('',(#298),#3115,.T.);
#3271=ADVANCED_FACE('',(#299),#3116,.T.);
#3272=ADVANCED_FACE('',(#300),#3117,.T.);
#3273=ADVANCED_FACE('',(#301),#59,.T.);
#3274=ADVANCED_FACE('',(#302),#3118,.T.);
#3275=ADVANCED_FACE('',(#303),#60,.T.);
#3276=ADVANCED_FACE('',(#304),#3119,.T.);
#3277=ADVANCED_FACE('',(#305),#3120,.T.);
#3278=ADVANCED_FACE('',(#306),#3121,.T.);
#3279=ADVANCED_FACE('',(#307),#61,.T.);
#3280=ADVANCED_FACE('',(#308),#3122,.T.);
#3281=ADVANCED_FACE('',(#309),#62,.T.);
#3282=ADVANCED_FACE('',(#310),#3123,.T.);
#3283=ADVANCED_FACE('',(#311),#3124,.T.);
#3284=ADVANCED_FACE('',(#312),#3125,.T.);
#3285=ADVANCED_FACE('',(#313),#3126,.F.);
#3286=ADVANCED_FACE('',(#314),#181,.F.);
#3287=ADVANCED_FACE('',(#315),#3127,.F.);
#3288=ADVANCED_FACE('',(#316),#182,.F.);
#3289=ADVANCED_FACE('',(#317),#3128,.F.);
#3290=ADVANCED_FACE('',(#318),#183,.F.);
#3291=ADVANCED_FACE('',(#319),#3129,.F.);
#3292=ADVANCED_FACE('',(#320),#184,.F.);
#3293=ADVANCED_FACE('',(#321),#3130,.F.);
#3294=ADVANCED_FACE('',(#322),#43,.T.);
#3295=ADVANCED_FACE('',(#323),#3131,.F.);
#3296=ADVANCED_FACE('',(#324),#3132,.F.);
#3297=ADVANCED_FACE('',(#325,#101),#44,.F.);
#3298=ADVANCED_FACE('',(#326),#3133,.T.);
#3299=ADVANCED_FACE('',(#327),#3134,.T.);
#3300=ADVANCED_FACE('',(#328),#3135,.T.);
#3301=ADVANCED_FACE('',(#329),#3136,.T.);
#3302=ADVANCED_FACE('',(#330),#3137,.T.);
#3303=ADVANCED_FACE('',(#331),#3138,.T.);
#3304=ADVANCED_FACE('',(#332),#3139,.T.);
#3305=ADVANCED_FACE('',(#333),#3140,.T.);
#3306=ADVANCED_FACE('',(#334),#3141,.T.);
#3307=ADVANCED_FACE('',(#335),#3142,.T.);
#3308=ADVANCED_FACE('',(#336,#102),#45,.T.);
#3309=ADVANCED_FACE('',(#337,#103),#3143,.T.);
#3310=ADVANCED_FACE('',(#338,#104),#3144,.F.);
#3311=ADVANCED_FACE('',(#339),#46,.T.);
#3312=ADVANCED_FACE('',(#340,#105),#3145,.T.);
#3313=ADVANCED_FACE('',(#341),#3146,.F.);
#3314=ADVANCED_FACE('',(#342),#3147,.F.);
#3315=ADVANCED_FACE('',(#343),#47,.T.);
#3316=ADVANCED_FACE('',(#344),#3148,.T.);
#3317=ADVANCED_FACE('',(#345),#185,.F.);
#3318=ADVANCED_FACE('',(#346),#186,.F.);
#3319=ADVANCED_FACE('',(#347),#187,.F.);
#3320=ADVANCED_FACE('',(#348),#188,.F.);
#3321=ADVANCED_FACE('',(#349),#189,.F.);
#3322=ADVANCED_FACE('',(#350),#3149,.T.);
#3323=ADVANCED_FACE('',(#351),#190,.F.);
#3324=ADVANCED_FACE('',(#352),#3150,.T.);
#3325=ADVANCED_FACE('',(#353),#191,.F.);
#3326=ADVANCED_FACE('',(#354),#3151,.T.);
#3327=ADVANCED_FACE('',(#355),#192,.F.);
#3328=ADVANCED_FACE('',(#356),#3152,.T.);
#3329=ADVANCED_FACE('',(#357,#106,#107,#108,#109),#3153,.T.);
#3330=ADVANCED_FACE('',(#358,#110,#111,#112),#3154,.F.);
#3331=ADVANCED_FACE('',(#359),#3155,.F.);
#3332=ADVANCED_FACE('',(#360),#3156,.T.);
#3333=ADVANCED_FACE('',(#361),#3157,.T.);
#3334=ADVANCED_FACE('',(#362,#113,#114),#3158,.T.);
#3335=ADVANCED_FACE('',(#363),#3159,.T.);
#3336=ADVANCED_FACE('',(#364),#3160,.T.);
#3337=ADVANCED_FACE('',(#365),#3161,.T.);
#3338=ADVANCED_FACE('',(#366,#115),#3162,.T.);
#3339=ADVANCED_FACE('',(#367,#116,#117,#118,#119,#120),#3163,.T.);
#3340=ADVANCED_FACE('',(#368),#3164,.T.);
#3341=ADVANCED_FACE('',(#369,#121),#3165,.T.);
#3342=ADVANCED_FACE('',(#370),#3166,.T.);
#3343=ADVANCED_FACE('',(#371),#3167,.T.);
#3344=ADVANCED_FACE('',(#372,#122),#3168,.T.);
#3345=ADVANCED_FACE('',(#373),#3169,.F.);
#3346=ADVANCED_FACE('',(#374,#123),#3170,.F.);
#3347=ADVANCED_FACE('',(#375),#193,.F.);
#3348=ADVANCED_FACE('',(#376,#124),#194,.F.);
#3349=ADVANCED_FACE('',(#377),#3171,.F.);
#3350=ADVANCED_FACE('',(#378),#3172,.T.);
#3351=ADVANCED_FACE('',(#379),#3173,.F.);
#3352=ADVANCED_FACE('',(#380),#3174,.T.);
#3353=ADVANCED_FACE('',(#381),#3175,.F.);
#3354=ADVANCED_FACE('',(#382),#3176,.F.);
#3355=ADVANCED_FACE('',(#383),#3177,.T.);
#3356=ADVANCED_FACE('',(#384),#3178,.F.);
#3357=CLOSED_SHELL('',(#3179,#3180,#3181,#3182,#3183,#3184));
#3358=CLOSED_SHELL('',(#3185,#3186,#3187,#3188,#3189,#3190));
#3359=CLOSED_SHELL('',(#3191,#3192,#3193,#3194,#3195,#3196,#3197,#3198,
#3199,#3200));
#3360=CLOSED_SHELL('',(#3201,#3202,#3203,#3204,#3205,#3206,#3207,#3208,
#3209,#3210,#3211,#3212,#3213,#3214,#3215,#3216,#3217,#3218,#3219,#3220,
#3221,#3222,#3223,#3224,#3225,#3226,#3227,#3228,#3229,#3230,#3231,#3232,
#3233,#3234,#3235,#3236,#3237,#3238,#3239,#3240,#3241,#3242,#3243,#3244,
#3245,#3246,#3247,#3248,#3249,#3250,#3251,#3252,#3253,#3254,#3255,#3256,
#3257,#3258,#3259,#3260,#3261,#3262,#3263,#3264,#3265,#3266,#3267,#3268));
#3361=CLOSED_SHELL('',(#3269,#3270,#3271,#3272,#3273,#3274,#3275,#3276,
#3277,#3278,#3279,#3280,#3281,#3282,#3283,#3284,#3285));
#3362=CLOSED_SHELL('',(#3286,#3287,#3288,#3289,#3290,#3291,#3292,#3293,
#3294,#3295,#3296,#3297,#3298,#3299,#3300,#3301,#3302,#3303,#3304,#3305,
#3306,#3307,#3308,#3309,#3310,#3311,#3312,#3313,#3314,#3315,#3316,#3317,
#3318,#3319,#3320,#3321,#3322,#3323,#3324,#3325,#3326,#3327,#3328,#3329,
#3330,#3331,#3332,#3333,#3334,#3335,#3336,#3337,#3338,#3339,#3340,#3341,
#3342,#3343,#3344,#3345,#3346,#3347,#3348,#3349,#3350,#3351,#3352,#3353,
#3354,#3355,#3356));
#3363=DERIVED_UNIT_ELEMENT(#3365,1.);
#3364=DERIVED_UNIT_ELEMENT(#6108,-3.);
#3365=(
MASS_UNIT()
NAMED_UNIT(*)
SI_UNIT(.KILO.,.GRAM.)
);
#3366=DERIVED_UNIT((#3363,#3364));
#3367=MEASURE_REPRESENTATION_ITEM('density measure',
POSITIVE_RATIO_MEASURE(7850.),#3366);
#3368=PROPERTY_DEFINITION_REPRESENTATION(#3373,#3370);
#3369=PROPERTY_DEFINITION_REPRESENTATION(#3374,#3371);
#3370=REPRESENTATION('material name',(#3372),#6105);
#3371=REPRESENTATION('density',(#3367),#6105);
#3372=DESCRIPTIVE_REPRESENTATION_ITEM('Steel','Steel');
#3373=PROPERTY_DEFINITION('material property','material name',#6115);
#3374=PROPERTY_DEFINITION('material property','density of part',#6115);
#3375=AXIS2_PLACEMENT_3D('',#4484,#3622,#3623);
#3376=AXIS2_PLACEMENT_3D('',#4485,#3624,#3625);
#3377=AXIS2_PLACEMENT_3D('',#4494,#3630,#3631);
#3378=AXIS2_PLACEMENT_3D('',#4503,#3636,#3637);
#3379=AXIS2_PLACEMENT_3D('',#4506,#3640,#3641);
#3380=AXIS2_PLACEMENT_3D('',#4508,#3643,#3644);
#3381=AXIS2_PLACEMENT_3D('',#4510,#3646,#3647);
#3382=AXIS2_PLACEMENT_3D('',#4511,#3648,#3649);
#3383=AXIS2_PLACEMENT_3D('',#4520,#3654,#3655);
#3384=AXIS2_PLACEMENT_3D('',#4529,#3660,#3661);
#3385=AXIS2_PLACEMENT_3D('',#4532,#3664,#3665);
#3386=AXIS2_PLACEMENT_3D('',#4534,#3667,#3668);
#3387=AXIS2_PLACEMENT_3D('',#4536,#3670,#3671);
#3388=AXIS2_PLACEMENT_3D('',#4537,#3672,#3673);
#3389=AXIS2_PLACEMENT_3D('',#4539,#3674,#3675);
#3390=AXIS2_PLACEMENT_3D('',#4542,#3677,#3678);
#3391=AXIS2_PLACEMENT_3D('',#4543,#3679,#3680);
#3392=AXIS2_PLACEMENT_3D('',#4545,#3681,#3682);
#3393=AXIS2_PLACEMENT_3D('',#4548,#3684,#3685);
#3394=AXIS2_PLACEMENT_3D('',#4549,#3686,#3687);
#3395=AXIS2_PLACEMENT_3D('',#4551,#3688,#3689);
#3396=AXIS2_PLACEMENT_3D('',#4554,#3691,#3692);
#3397=AXIS2_PLACEMENT_3D('',#4555,#3693,#3694);
#3398=AXIS2_PLACEMENT_3D('',#4557,#3695,#3696);
#3399=AXIS2_PLACEMENT_3D('',#4560,#3698,#3699);
#3400=AXIS2_PLACEMENT_3D('',#4561,#3700,#3701);
#3401=AXIS2_PLACEMENT_3D('',#4570,#3706,#3707);
#3402=AXIS2_PLACEMENT_3D('',#4579,#3712,#3713);
#3403=AXIS2_PLACEMENT_3D('',#4582,#3716,#3717);
#3404=AXIS2_PLACEMENT_3D('',#4584,#3719,#3720);
#3405=AXIS2_PLACEMENT_3D('',#4586,#3722,#3723);
#3406=AXIS2_PLACEMENT_3D('',#4587,#3724,#3725);
#3407=AXIS2_PLACEMENT_3D('',#4596,#3730,#3731);
#3408=AXIS2_PLACEMENT_3D('',#4602,#3735,#3736);
#3409=AXIS2_PLACEMENT_3D('',#4608,#3740,#3741);
#3410=AXIS2_PLACEMENT_3D('',#4611,#3744,#3745);
#3411=AXIS2_PLACEMENT_3D('',#4620,#3750,#3751);
#3412=AXIS2_PLACEMENT_3D('',#4626,#3755,#3756);
#3413=AXIS2_PLACEMENT_3D('',#4632,#3760,#3761);
#3414=AXIS2_PLACEMENT_3D('',#4635,#3764,#3765);
#3415=AXIS2_PLACEMENT_3D('',#4644,#3770,#3771);
#3416=AXIS2_PLACEMENT_3D('',#4650,#3775,#3776);
#3417=AXIS2_PLACEMENT_3D('',#4656,#3780,#3781);
#3418=AXIS2_PLACEMENT_3D('',#4659,#3784,#3785);
#3419=AXIS2_PLACEMENT_3D('',#4668,#3790,#3791);
#3420=AXIS2_PLACEMENT_3D('',#4674,#3795,#3796);
#3421=AXIS2_PLACEMENT_3D('',#4680,#3800,#3801);
#3422=AXIS2_PLACEMENT_3D('',#4683,#3804,#3805);
#3423=AXIS2_PLACEMENT_3D('',#4692,#3810,#3811);
#3424=AXIS2_PLACEMENT_3D('',#4698,#3815,#3816);
#3425=AXIS2_PLACEMENT_3D('',#4704,#3820,#3821);
#3426=AXIS2_PLACEMENT_3D('',#4707,#3824,#3825);
#3427=AXIS2_PLACEMENT_3D('',#4716,#3830,#3831);
#3428=AXIS2_PLACEMENT_3D('',#4722,#3835,#3836);
#3429=AXIS2_PLACEMENT_3D('',#4728,#3840,#3841);
#3430=AXIS2_PLACEMENT_3D('',#4731,#3844,#3845);
#3431=AXIS2_PLACEMENT_3D('',#4740,#3850,#3851);
#3432=AXIS2_PLACEMENT_3D('',#4746,#3855,#3856);
#3433=AXIS2_PLACEMENT_3D('',#4752,#3860,#3861);
#3434=AXIS2_PLACEMENT_3D('',#4755,#3864,#3865);
#3435=AXIS2_PLACEMENT_3D('',#4768,#3872,#3873);
#3436=AXIS2_PLACEMENT_3D('',#4774,#3877,#3878);
#3437=AXIS2_PLACEMENT_3D('',#4780,#3882,#3883);
#3438=AXIS2_PLACEMENT_3D('',#4787,#3888,#3889);
#3439=AXIS2_PLACEMENT_3D('',#4796,#3894,#3895);
#3440=AXIS2_PLACEMENT_3D('',#4802,#3899,#3900);
#3441=AXIS2_PLACEMENT_3D('',#4808,#3904,#3905);
#3442=AXIS2_PLACEMENT_3D('',#4811,#3908,#3909);
#3443=AXIS2_PLACEMENT_3D('',#4820,#3914,#3915);
#3444=AXIS2_PLACEMENT_3D('',#4826,#3919,#3920);
#3445=AXIS2_PLACEMENT_3D('',#4832,#3924,#3925);
#3446=AXIS2_PLACEMENT_3D('',#4835,#3928,#3929);
#3447=AXIS2_PLACEMENT_3D('',#4878,#3951,#3952);
#3448=AXIS2_PLACEMENT_3D('',#4880,#3953,#3954);
#3449=AXIS2_PLACEMENT_3D('',#4882,#3955,#3956);
#3450=AXIS2_PLACEMENT_3D('',#4884,#3957,#3958);
#3451=AXIS2_PLACEMENT_3D('',#4885,#3959,#3960);
#3452=AXIS2_PLACEMENT_3D('',#4889,#3963,#3964);
#3453=AXIS2_PLACEMENT_3D('',#4893,#3967,#3968);
#3454=AXIS2_PLACEMENT_3D('',#4896,#3970,#3971);
#3455=AXIS2_PLACEMENT_3D('',#4897,#3972,#3973);
#3456=AXIS2_PLACEMENT_3D('',#4900,#3975,#3976);
#3457=AXIS2_PLACEMENT_3D('',#4901,#3977,#3978);
#3458=AXIS2_PLACEMENT_3D('',#4904,#3980,#3981);
#3459=AXIS2_PLACEMENT_3D('',#4905,#3982,#3983);
#3460=AXIS2_PLACEMENT_3D('',#4908,#3985,#3986);
#3461=AXIS2_PLACEMENT_3D('',#4909,#3987,#3988);
#3462=AXIS2_PLACEMENT_3D('',#4915,#3992,#3993);
#3463=AXIS2_PLACEMENT_3D('',#4919,#3996,#3997);
#3464=AXIS2_PLACEMENT_3D('',#4923,#4000,#4001);
#3465=AXIS2_PLACEMENT_3D('',#4925,#4003,#4004);
#3466=AXIS2_PLACEMENT_3D('',#4931,#4008,#4009);
#3467=AXIS2_PLACEMENT_3D('',#4935,#4012,#4013);
#3468=AXIS2_PLACEMENT_3D('',#4941,#4017,#4018);
#3469=AXIS2_PLACEMENT_3D('',#4945,#4021,#4022);
#3470=AXIS2_PLACEMENT_3D('',#4949,#4025,#4026);
#3471=AXIS2_PLACEMENT_3D('',#4953,#4029,#4030);
#3472=AXIS2_PLACEMENT_3D('',#4957,#4033,#4034);
#3473=AXIS2_PLACEMENT_3D('',#4961,#4037,#4038);
#3474=AXIS2_PLACEMENT_3D('',#4963,#4040,#4041);
#3475=AXIS2_PLACEMENT_3D('',#4964,#4042,#4043);
#3476=AXIS2_PLACEMENT_3D('',#4968,#4046,#4047);
#3477=AXIS2_PLACEMENT_3D('',#4970,#4049,#4050);
#3478=AXIS2_PLACEMENT_3D('',#4974,#4053,#4054);
#3479=AXIS2_PLACEMENT_3D('',#4978,#4057,#4058);
#3480=AXIS2_PLACEMENT_3D('',#4982,#4061,#4062);
#3481=AXIS2_PLACEMENT_3D('',#4984,#4064,#4065);
#3482=AXIS2_PLACEMENT_3D('',#5197,#4068,#4069);
#3483=AXIS2_PLACEMENT_3D('',#5203,#4073,#4074);
#3484=AXIS2_PLACEMENT_3D('',#5209,#4078,#4079);
#3485=AXIS2_PLACEMENT_3D('',#5298,#4084,#4085);
#3486=AXIS2_PLACEMENT_3D('',#5387,#4090,#4091);
#3487=AXIS2_PLACEMENT_3D('',#5393,#4095,#4096);
#3488=AXIS2_PLACEMENT_3D('',#5399,#4100,#4101);
#3489=AXIS2_PLACEMENT_3D('',#5460,#4106,#4107);
#3490=AXIS2_PLACEMENT_3D('',#5661,#4112,#4113);
#3491=AXIS2_PLACEMENT_3D('',#5667,#4117,#4118);
#3492=AXIS2_PLACEMENT_3D('',#5670,#4121,#4122);
#3493=AXIS2_PLACEMENT_3D('',#5671,#4123,#4124);
#3494=AXIS2_PLACEMENT_3D('',#5672,#4125,#4126);
#3495=AXIS2_PLACEMENT_3D('',#5674,#4127,#4128);
#3496=AXIS2_PLACEMENT_3D('',#5677,#4130,#4131);
#3497=AXIS2_PLACEMENT_3D('',#5678,#4132,#4133);
#3498=AXIS2_PLACEMENT_3D('',#5679,#4134,#4135);
#3499=AXIS2_PLACEMENT_3D('',#5681,#4136,#4137);
#3500=AXIS2_PLACEMENT_3D('',#5684,#4139,#4140);
#3501=AXIS2_PLACEMENT_3D('',#5685,#4141,#4142);
#3502=AXIS2_PLACEMENT_3D('',#5686,#4143,#4144);
#3503=AXIS2_PLACEMENT_3D('',#5688,#4145,#4146);
#3504=AXIS2_PLACEMENT_3D('',#5691,#4148,#4149);
#3505=AXIS2_PLACEMENT_3D('',#5692,#4150,#4151);
#3506=AXIS2_PLACEMENT_3D('',#5693,#4152,#4153);
#3507=AXIS2_PLACEMENT_3D('',#5695,#4154,#4155);
#3508=AXIS2_PLACEMENT_3D('',#5698,#4157,#4158);
#3509=AXIS2_PLACEMENT_3D('',#5699,#4159,#4160);
#3510=AXIS2_PLACEMENT_3D('',#5722,#4162,#4163);
#3511=AXIS2_PLACEMENT_3D('',#5725,#4165,#4166);
#3512=AXIS2_PLACEMENT_3D('',#5726,#4167,#4168);
#3513=AXIS2_PLACEMENT_3D('',#5728,#4169,#4170);
#3514=AXIS2_PLACEMENT_3D('',#5730,#4171,#4172);
#3515=AXIS2_PLACEMENT_3D('',#5731,#4173,#4174);
#3516=AXIS2_PLACEMENT_3D('',#5732,#4175,#4176);
#3517=AXIS2_PLACEMENT_3D('',#5735,#4177,#4178);
#3518=AXIS2_PLACEMENT_3D('',#5736,#4179,#4180);
#3519=AXIS2_PLACEMENT_3D('',#5759,#4183,#4184);
#3520=AXIS2_PLACEMENT_3D('',#5761,#4185,#4186);
#3521=AXIS2_PLACEMENT_3D('',#5763,#4187,#4188);
#3522=AXIS2_PLACEMENT_3D('',#5765,#4189,#4190);
#3523=AXIS2_PLACEMENT_3D('',#5767,#4191,#4192);
#3524=AXIS2_PLACEMENT_3D('',#5769,#4193,#4194);
#3525=AXIS2_PLACEMENT_3D('',#5771,#4195,#4196);
#3526=AXIS2_PLACEMENT_3D('',#5773,#4197,#4198);
#3527=AXIS2_PLACEMENT_3D('',#5775,#4199,#4200);
#3528=AXIS2_PLACEMENT_3D('',#5776,#4201,#4202);
#3529=AXIS2_PLACEMENT_3D('',#5777,#4203,#4204);
#3530=AXIS2_PLACEMENT_3D('',#5781,#4206,#4207);
#3531=AXIS2_PLACEMENT_3D('',#5783,#4209,#4210);
#3532=AXIS2_PLACEMENT_3D('',#5786,#4212,#4213);
#3533=AXIS2_PLACEMENT_3D('',#5787,#4214,#4215);
#3534=AXIS2_PLACEMENT_3D('',#5790,#4217,#4218);
#3535=AXIS2_PLACEMENT_3D('',#5791,#4219,#4220);
#3536=AXIS2_PLACEMENT_3D('',#5794,#4222,#4223);
#3537=AXIS2_PLACEMENT_3D('',#5795,#4224,#4225);
#3538=AXIS2_PLACEMENT_3D('',#5798,#4227,#4228);
#3539=AXIS2_PLACEMENT_3D('',#5799,#4229,#4230);
#3540=AXIS2_PLACEMENT_3D('',#5802,#4232,#4233);
#3541=AXIS2_PLACEMENT_3D('',#5803,#4234,#4235);
#3542=AXIS2_PLACEMENT_3D('',#5805,#4236,#4237);
#3543=AXIS2_PLACEMENT_3D('',#5807,#4239,#4240);
#3544=AXIS2_PLACEMENT_3D('',#5809,#4241,#4242);
#3545=AXIS2_PLACEMENT_3D('',#5811,#4244,#4245);
#3546=AXIS2_PLACEMENT_3D('',#5813,#4246,#4247);
#3547=AXIS2_PLACEMENT_3D('',#5815,#4249,#4250);
#3548=AXIS2_PLACEMENT_3D('',#5816,#4251,#4252);
#3549=AXIS2_PLACEMENT_3D('',#5836,#4253,#4254);
#3550=AXIS2_PLACEMENT_3D('',#5839,#4256,#4257);
#3551=AXIS2_PLACEMENT_3D('',#5840,#4258,#4259);
#3552=AXIS2_PLACEMENT_3D('',#5842,#4260,#4261);
#3553=AXIS2_PLACEMENT_3D('',#5843,#4262,#4263);
#3554=AXIS2_PLACEMENT_3D('',#5845,#4264,#4265);
#3555=AXIS2_PLACEMENT_3D('',#5865,#4266,#4267);
#3556=AXIS2_PLACEMENT_3D('',#5867,#4269,#4270);
#3557=AXIS2_PLACEMENT_3D('',#5869,#4271,#4272);
#3558=AXIS2_PLACEMENT_3D('',#5870,#4273,#4274);
#3559=AXIS2_PLACEMENT_3D('',#5871,#4275,#4276);
#3560=AXIS2_PLACEMENT_3D('',#5872,#4277,#4278);
#3561=AXIS2_PLACEMENT_3D('',#5875,#4279,#4280);
#3562=AXIS2_PLACEMENT_3D('',#5876,#4281,#4282);
#3563=AXIS2_PLACEMENT_3D('',#5898,#4284,#4285);
#3564=AXIS2_PLACEMENT_3D('',#5900,#4287,#4288);
#3565=AXIS2_PLACEMENT_3D('',#5901,#4289,#4290);
#3566=AXIS2_PLACEMENT_3D('',#5902,#4291,#4292);
#3567=AXIS2_PLACEMENT_3D('',#5904,#4293,#4294);
#3568=AXIS2_PLACEMENT_3D('',#5906,#4296,#4297);
#3569=AXIS2_PLACEMENT_3D('',#5909,#4299,#4300);
#3570=AXIS2_PLACEMENT_3D('',#5910,#4301,#4302);
#3571=AXIS2_PLACEMENT_3D('',#5912,#4303,#4304);
#3572=AXIS2_PLACEMENT_3D('',#5915,#4306,#4307);
#3573=AXIS2_PLACEMENT_3D('',#5916,#4308,#4309);
#3574=AXIS2_PLACEMENT_3D('',#5918,#4310,#4311);
#3575=AXIS2_PLACEMENT_3D('',#5921,#4313,#4314);
#3576=AXIS2_PLACEMENT_3D('',#5922,#4315,#4316);
#3577=AXIS2_PLACEMENT_3D('',#5924,#4317,#4318);
#3578=AXIS2_PLACEMENT_3D('',#5927,#4320,#4321);
#3579=AXIS2_PLACEMENT_3D('',#5928,#4322,#4323);
#3580=AXIS2_PLACEMENT_3D('',#5929,#4324,#4325);
#3581=AXIS2_PLACEMENT_3D('',#5931,#4326,#4327);
#3582=AXIS2_PLACEMENT_3D('',#5934,#4329,#4330);
#3583=AXIS2_PLACEMENT_3D('',#5935,#4331,#4332);
#3584=AXIS2_PLACEMENT_3D('',#5936,#4333,#4334);
#3585=AXIS2_PLACEMENT_3D('',#5938,#4335,#4336);
#3586=AXIS2_PLACEMENT_3D('',#5941,#4338,#4339);
#3587=AXIS2_PLACEMENT_3D('',#5942,#4340,#4341);
#3588=AXIS2_PLACEMENT_3D('',#5943,#4342,#4343);
#3589=AXIS2_PLACEMENT_3D('',#5945,#4344,#4345);
#3590=AXIS2_PLACEMENT_3D('',#5948,#4347,#4348);
#3591=AXIS2_PLACEMENT_3D('',#5949,#4349,#4350);
#3592=AXIS2_PLACEMENT_3D('',#5950,#4351,#4352);
#3593=AXIS2_PLACEMENT_3D('',#5967,#4361,#4362);
#3594=AXIS2_PLACEMENT_3D('',#5989,#4374,#4375);
#3595=AXIS2_PLACEMENT_3D('',#5993,#4378,#4379);
#3596=AXIS2_PLACEMENT_3D('',#5999,#4383,#4384);
#3597=AXIS2_PLACEMENT_3D('',#6013,#4392,#4393);
#3598=AXIS2_PLACEMENT_3D('',#6015,#4395,#4396);
#3599=AXIS2_PLACEMENT_3D('',#6017,#4398,#4399);
#3600=AXIS2_PLACEMENT_3D('',#6023,#4403,#4404);
#3601=AXIS2_PLACEMENT_3D('',#6035,#4411,#4412);
#3602=AXIS2_PLACEMENT_3D('',#6039,#4415,#4416);
#3603=AXIS2_PLACEMENT_3D('',#6068,#4432,#4433);
#3604=AXIS2_PLACEMENT_3D('',#6070,#4435,#4436);
#3605=AXIS2_PLACEMENT_3D('',#6073,#4438,#4439);
#3606=AXIS2_PLACEMENT_3D('',#6074,#4440,#4441);
#3607=AXIS2_PLACEMENT_3D('',#6076,#4443,#4444);
#3608=AXIS2_PLACEMENT_3D('',#6079,#4447,#4448);
#3609=AXIS2_PLACEMENT_3D('',#6081,#4450,#4451);
#3610=AXIS2_PLACEMENT_3D('',#6083,#4453,#4454);
#3611=AXIS2_PLACEMENT_3D('',#6086,#4456,#4457);
#3612=AXIS2_PLACEMENT_3D('',#6087,#4458,#4459);
#3613=AXIS2_PLACEMENT_3D('',#6089,#4461,#4462);
#3614=AXIS2_PLACEMENT_3D('',#6090,#4463,#4464);
#3615=AXIS2_PLACEMENT_3D('',#6092,#4466,#4467);
#3616=AXIS2_PLACEMENT_3D('',#6093,#4468,#4469);
#3617=AXIS2_PLACEMENT_3D('',#6095,#4471,#4472);
#3618=AXIS2_PLACEMENT_3D('',#6096,#4473,#4474);
#3619=AXIS2_PLACEMENT_3D('',#6098,#4476,#4477);
#3620=AXIS2_PLACEMENT_3D('',#6100,#4479,#4480);
#3621=AXIS2_PLACEMENT_3D('',#6102,#4482,#4483);
#3622=DIRECTION('axis',(0.,0.,1.));
#3623=DIRECTION('refdir',(1.,0.,0.));
#3624=DIRECTION('center_axis',(0.,-1.,4.36740496900552E-16));
#3625=DIRECTION('ref_axis',(0.,-4.36740496900552E-16,-1.));
#3626=DIRECTION('',(0.,4.36740496900552E-16,1.));
#3627=DIRECTION('',(-1.,0.,0.));
#3628=DIRECTION('',(0.,-4.36740496900552E-16,-1.));
#3629=DIRECTION('',(1.,0.,0.));
#3630=DIRECTION('center_axis',(0.,-1.,4.36740496900552E-16));
#3631=DIRECTION('ref_axis',(0.,-4.36740496900552E-16,-1.));
#3632=DIRECTION('',(0.,-4.36740496900552E-16,-1.));
#3633=DIRECTION('',(-1.,0.,0.));
#3634=DIRECTION('',(0.,4.36740496900552E-16,1.));
#3635=DIRECTION('',(1.,0.,0.));
#3636=DIRECTION('center_axis',(0.,2.3950837389683E-16,1.));
#3637=DIRECTION('ref_axis',(1.,0.,0.));
#3638=DIRECTION('',(0.,1.,-2.3950837389683E-16));
#3639=DIRECTION('',(0.,1.,-2.3950837389683E-16));
#3640=DIRECTION('center_axis',(1.,0.,0.));
#3641=DIRECTION('ref_axis',(0.,0.,-1.));
#3642=DIRECTION('',(0.,1.,-2.3950837389683E-16));
#3643=DIRECTION('center_axis',(0.,-2.3950837389683E-16,-1.));
#3644=DIRECTION('ref_axis',(-1.,0.,0.));
#3645=DIRECTION('',(0.,1.,-2.3950837389683E-16));
#3646=DIRECTION('center_axis',(-1.,0.,0.));
#3647=DIRECTION('ref_axis',(0.,0.,1.));
#3648=DIRECTION('center_axis',(0.,-1.,4.49752369141492E-16));
#3649=DIRECTION('ref_axis',(0.,-4.49752369141492E-16,-1.));
#3650=DIRECTION('',(0.,4.49752369141492E-16,1.));
#3651=DIRECTION('',(-1.,0.,0.));
#3652=DIRECTION('',(0.,-4.49752369141492E-16,-1.));
#3653=DIRECTION('',(1.,0.,0.));
#3654=DIRECTION('center_axis',(0.,-1.,4.49752369141492E-16));
#3655=DIRECTION('ref_axis',(0.,-4.49752369141492E-16,-1.));
#3656=DIRECTION('',(0.,-4.49752369141492E-16,-1.));
#3657=DIRECTION('',(-1.,0.,0.));
#3658=DIRECTION('',(0.,4.49752369141492E-16,1.));
#3659=DIRECTION('',(1.,0.,0.));
#3660=DIRECTION('center_axis',(0.,2.38510444241298E-16,1.));
#3661=DIRECTION('ref_axis',(1.,0.,0.));
#3662=DIRECTION('',(0.,1.,-2.38510444241298E-16));
#3663=DIRECTION('',(0.,1.,-2.38510444241298E-16));
#3664=DIRECTION('center_axis',(1.,0.,0.));
#3665=DIRECTION('ref_axis',(0.,0.,-1.));
#3666=DIRECTION('',(0.,1.,-2.38510444241298E-16));
#3667=DIRECTION('center_axis',(0.,-2.38510444241298E-16,-1.));
#3668=DIRECTION('ref_axis',(-1.,0.,0.));
#3669=DIRECTION('',(0.,1.,-2.38510444241298E-16));
#3670=DIRECTION('center_axis',(-1.,0.,0.));
#3671=DIRECTION('ref_axis',(0.,0.,1.));
#3672=DIRECTION('center_axis',(-9.75980313396678E-33,1.,-2.21636515852716E-16));
#3673=DIRECTION('ref_axis',(1.,2.42501281681948E-32,-6.12323399573677E-17));
#3674=DIRECTION('center_axis',(6.12323399573675E-18,1.,-2.22044604925031E-16));
#3675=DIRECTION('ref_axis',(1.,2.42501281681948E-32,-6.12323399573677E-17));
#3676=DIRECTION('',(-9.75980313396678E-33,1.,-2.21636515852716E-16));
#3677=DIRECTION('center_axis',(-6.12323399573675E-18,-1.,2.22044604925031E-16));
#3678=DIRECTION('ref_axis',(1.,2.42501281681948E-32,-6.12323399573677E-17));
#3679=DIRECTION('center_axis',(-9.75980313396678E-33,1.,-2.21636515852716E-16));
#3680=DIRECTION('ref_axis',(1.,2.42501281681948E-32,-6.12323399573677E-17));
#3681=DIRECTION('center_axis',(6.12323399573675E-18,1.,-2.22044604925031E-16));
#3682=DIRECTION('ref_axis',(1.,2.42501281681948E-32,-6.12323399573677E-17));
#3683=DIRECTION('',(-9.75980313396678E-33,1.,-2.21636515852716E-16));
#3684=DIRECTION('center_axis',(-6.12323399573675E-18,-1.,2.22044604925031E-16));
#3685=DIRECTION('ref_axis',(1.,2.42501281681948E-32,-6.12323399573677E-17));
#3686=DIRECTION('center_axis',(-9.75980313396678E-33,1.,-2.21636515852716E-16));
#3687=DIRECTION('ref_axis',(1.,2.42501281681948E-32,-6.12323399573677E-17));
#3688=DIRECTION('center_axis',(6.12323399573675E-18,1.,-2.22044604925031E-16));
#3689=DIRECTION('ref_axis',(1.,2.42501281681948E-32,-6.12323399573677E-17));
#3690=DIRECTION('',(-9.75980313396678E-33,1.,-2.21636515852716E-16));
#3691=DIRECTION('center_axis',(-6.12323399573675E-18,-1.,2.22044604925031E-16));
#3692=DIRECTION('ref_axis',(1.,2.42501281681948E-32,-6.12323399573677E-17));
#3693=DIRECTION('center_axis',(-9.75980313396678E-33,1.,-2.21636515852716E-16));
#3694=DIRECTION('ref_axis',(1.,2.42501281681948E-32,-6.12323399573677E-17));
#3695=DIRECTION('center_axis',(6.12323399573675E-18,1.,-2.22044604925031E-16));
#3696=DIRECTION('ref_axis',(1.,2.42501281681948E-32,-6.12323399573677E-17));
#3697=DIRECTION('',(-9.75980313396678E-33,1.,-2.21636515852716E-16));
#3698=DIRECTION('center_axis',(-6.12323399573675E-18,-1.,2.22044604925031E-16));
#3699=DIRECTION('ref_axis',(1.,2.42501281681948E-32,-6.12323399573677E-17));
#3700=DIRECTION('center_axis',(-1.,6.12323399573677E-16,1.22464679914735E-16));
#3701=DIRECTION('ref_axis',(1.22464679914735E-16,0.,1.));
#3702=DIRECTION('',(6.12323399573677E-16,1.,-2.22044604925031E-16));
#3703=DIRECTION('',(-1.22464679914735E-16,-2.22044604925031E-16,-1.));
#3704=DIRECTION('',(-6.12323399573677E-16,-1.,2.22044604925031E-16));
#3705=DIRECTION('',(1.22464679914735E-16,2.22044604925031E-16,1.));
#3706=DIRECTION('center_axis',(-1.,6.12323399573677E-16,1.22464679914735E-16));
#3707=DIRECTION('ref_axis',(1.22464679914735E-16,0.,1.));
#3708=DIRECTION('',(-6.12323399573677E-16,-1.,2.22044604925031E-16));
#3709=DIRECTION('',(-1.22464679914735E-16,-2.22044604925031E-16,-1.));
#3710=DIRECTION('',(6.12323399573677E-16,1.,-2.22044604925031E-16));
#3711=DIRECTION('',(1.22464679914735E-16,2.22044604925031E-16,1.));
#3712=DIRECTION('center_axis',(6.12323399573675E-18,1.,-2.22044604925031E-16));
#3713=DIRECTION('ref_axis',(0.,2.22044604925031E-16,1.));
#3714=DIRECTION('',(1.,-6.12323399573678E-18,-1.22464679914735E-16));
#3715=DIRECTION('',(1.,-6.12323399573678E-18,-1.22464679914735E-16));
#3716=DIRECTION('center_axis',(1.22464679914735E-16,2.22044604925031E-16,
1.));
#3717=DIRECTION('ref_axis',(1.,0.,-1.22464679914735E-16));
#3718=DIRECTION('',(1.,-6.12323399573678E-18,-1.22464679914735E-16));
#3719=DIRECTION('center_axis',(-6.12323399573675E-18,-1.,2.22044604925031E-16));
#3720=DIRECTION('ref_axis',(0.,-2.22044604925031E-16,-1.));
#3721=DIRECTION('',(1.,-6.12323399573678E-18,-1.22464679914735E-16));
#3722=DIRECTION('center_axis',(-1.22464679914735E-16,-2.22044604925031E-16,
-1.));
#3723=DIRECTION('ref_axis',(-1.,0.,1.22464679914735E-16));
#3724=DIRECTION('center_axis',(6.13341532471732E-17,1.,-2.22419232896488E-16));
#3725=DIRECTION('ref_axis',(0.,2.22419232896488E-16,1.));
#3726=DIRECTION('',(-1.,6.13341532471732E-17,-1.62367774967133E-32));
#3727=DIRECTION('',(2.00975396458448E-18,2.22419232896488E-16,1.));
#3728=DIRECTION('',(1.,-6.13341532471732E-17,1.68846862806392E-32));
#3729=DIRECTION('',(-2.00975396458448E-18,-2.22419232896488E-16,-1.));
#3730=DIRECTION('center_axis',(0.888742391355287,-0.458406982721779,1.00172375906851E-16));
#3731=DIRECTION('ref_axis',(1.12712499011208E-16,0.,-1.));
#3732=DIRECTION('',(-0.458406982721779,-0.888742391355287,2.35273688415969E-16));
#3733=DIRECTION('',(0.458406982721779,0.888742391355287,-2.44661997726865E-16));
#3734=DIRECTION('',(2.00975396458448E-18,2.22419232896488E-16,1.));
#3735=DIRECTION('center_axis',(-6.13341532471732E-17,-1.,2.22419232896488E-16));
#3736=DIRECTION('ref_axis',(0.,-2.22419232896488E-16,-1.));
#3737=DIRECTION('',(1.,-6.13341532471732E-17,1.62367774967133E-32));
#3738=DIRECTION('',(-1.,6.13341532471732E-17,-1.68846862806392E-32));
#3739=DIRECTION('',(-2.00975396458448E-18,-2.22419232896488E-16,-1.));
#3740=DIRECTION('center_axis',(0.888742391355287,-0.458406982721779,1.00172375906851E-16));
#3741=DIRECTION('ref_axis',(1.12712499011208E-16,0.,-1.));
#3742=DIRECTION('',(0.458406982721779,0.888742391355287,-2.35273688415969E-16));
#3743=DIRECTION('',(-0.458406982721779,-0.888742391355287,2.44661997726865E-16));
#3744=DIRECTION('center_axis',(0.888742391355287,-0.458406982721779,1.00172375906851E-16));
#3745=DIRECTION('ref_axis',(1.12712499011208E-16,0.,-1.));
#3746=DIRECTION('',(0.458406982721779,0.888742391355287,-2.35273688415969E-16));
#3747=DIRECTION('',(-2.00975396458448E-18,-2.22419232896488E-16,-1.));
#3748=DIRECTION('',(-0.458406982721779,-0.888742391355287,2.44661997726865E-16));
#3749=DIRECTION('',(2.00975396458448E-18,2.22419232896488E-16,1.));
#3750=DIRECTION('center_axis',(6.13341532471732E-17,1.,-2.22419232896488E-16));
#3751=DIRECTION('ref_axis',(0.,2.22419232896488E-16,1.));
#3752=DIRECTION('',(-1.,6.13341532471732E-17,-1.62367774967133E-32));
#3753=DIRECTION('',(1.,-6.13341532471732E-17,1.68846862806392E-32));
#3754=DIRECTION('',(-2.00975396458448E-18,-2.22419232896488E-16,-1.));
#3755=DIRECTION('center_axis',(0.888742391355287,-0.458406982721779,1.00172375906851E-16));
#3756=DIRECTION('ref_axis',(1.12712499011208E-16,0.,-1.));
#3757=DIRECTION('',(-0.458406982721779,-0.888742391355287,2.35273688415969E-16));
#3758=DIRECTION('',(0.458406982721779,0.888742391355287,-2.44661997726865E-16));
#3759=DIRECTION('',(2.00975396458448E-18,2.22419232896488E-16,1.));
#3760=DIRECTION('center_axis',(-6.13341532471732E-17,-1.,2.22419232896488E-16));
#3761=DIRECTION('ref_axis',(0.,-2.22419232896488E-16,-1.));
#3762=DIRECTION('',(1.,-6.13341532471732E-17,1.62367774967133E-32));
#3763=DIRECTION('',(-1.,6.13341532471732E-17,-1.68846862806392E-32));
#3764=DIRECTION('center_axis',(-6.13341532471732E-17,-1.,2.22419232896488E-16));
#3765=DIRECTION('ref_axis',(0.,-2.22419232896488E-16,-1.));
#3766=DIRECTION('',(1.,-6.13341532471732E-17,1.62367774967133E-32));
#3767=DIRECTION('',(2.00975396458448E-18,2.22419232896488E-16,1.));
#3768=DIRECTION('',(-1.,6.13341532471732E-17,-1.68846862806392E-32));
#3769=DIRECTION('',(-2.00975396458448E-18,-2.22419232896488E-16,-1.));
#3770=DIRECTION('center_axis',(0.888742391355287,-0.458406982721779,1.00172375906851E-16));
#3771=DIRECTION('ref_axis',(1.12712499011208E-16,0.,-1.));
#3772=DIRECTION('',(0.458406982721779,0.888742391355287,-2.35273688415969E-16));
#3773=DIRECTION('',(-0.458406982721779,-0.888742391355287,2.44661997726865E-16));
#3774=DIRECTION('',(2.00975396458448E-18,2.22419232896488E-16,1.));
#3775=DIRECTION('center_axis',(6.13341532471732E-17,1.,-2.22419232896488E-16));
#3776=DIRECTION('ref_axis',(0.,2.22419232896488E-16,1.));
#3777=DIRECTION('',(-1.,6.13341532471732E-17,-1.62367774967133E-32));
#3778=DIRECTION('',(1.,-6.13341532471732E-17,1.68846862806392E-32));
#3779=DIRECTION('',(-2.00975396458448E-18,-2.22419232896488E-16,-1.));
#3780=DIRECTION('center_axis',(0.888742391355287,-0.458406982721779,1.00172375906851E-16));
#3781=DIRECTION('ref_axis',(1.12712499011208E-16,0.,-1.));
#3782=DIRECTION('',(-0.458406982721779,-0.888742391355287,2.35273688415969E-16));
#3783=DIRECTION('',(0.458406982721779,0.888742391355287,-2.44661997726865E-16));
#3784=DIRECTION('center_axis',(-6.13341532471732E-17,-1.,2.22419232896488E-16));
#3785=DIRECTION('ref_axis',(0.,-2.22419232896488E-16,-1.));
#3786=DIRECTION('',(1.,-6.13341532471732E-17,1.62367774967133E-32));
#3787=DIRECTION('',(2.00975396458448E-18,2.22419232896488E-16,1.));
#3788=DIRECTION('',(-1.,6.13341532471732E-17,-1.68846862806392E-32));
#3789=DIRECTION('',(-2.00975396458448E-18,-2.22419232896488E-16,-1.));
#3790=DIRECTION('center_axis',(0.888742391355287,-0.458406982721779,1.00172375906851E-16));
#3791=DIRECTION('ref_axis',(1.12712499011208E-16,0.,-1.));
#3792=DIRECTION('',(0.458406982721779,0.888742391355287,-2.35273688415969E-16));
#3793=DIRECTION('',(-0.458406982721779,-0.888742391355287,2.44661997726865E-16));
#3794=DIRECTION('',(2.00975396458448E-18,2.22419232896488E-16,1.));
#3795=DIRECTION('center_axis',(6.13341532471732E-17,1.,-2.22419232896488E-16));
#3796=DIRECTION('ref_axis',(0.,2.22419232896488E-16,1.));
#3797=DIRECTION('',(-1.,6.13341532471732E-17,-1.62367774967133E-32));
#3798=DIRECTION('',(1.,-6.13341532471732E-17,1.68846862806392E-32));
#3799=DIRECTION('',(-2.00975396458448E-18,-2.22419232896488E-16,-1.));
#3800=DIRECTION('center_axis',(0.888742391355287,-0.458406982721779,1.00172375906851E-16));
#3801=DIRECTION('ref_axis',(1.12712499011208E-16,0.,-1.));
#3802=DIRECTION('',(-0.458406982721779,-0.888742391355287,2.35273688415969E-16));
#3803=DIRECTION('',(0.458406982721779,0.888742391355287,-2.44661997726865E-16));
#3804=DIRECTION('center_axis',(-6.13341532471732E-17,-1.,2.22419232896488E-16));
#3805=DIRECTION('ref_axis',(0.,-2.22419232896488E-16,-1.));
#3806=DIRECTION('',(1.,-6.13341532471732E-17,1.62367774967133E-32));
#3807=DIRECTION('',(2.00975396458448E-18,2.22419232896488E-16,1.));
#3808=DIRECTION('',(-1.,6.13341532471732E-17,-1.68846862806392E-32));
#3809=DIRECTION('',(-2.00975396458448E-18,-2.22419232896488E-16,-1.));
#3810=DIRECTION('center_axis',(0.888742391355287,-0.458406982721779,1.00172375906851E-16));
#3811=DIRECTION('ref_axis',(1.12712499011208E-16,0.,-1.));
#3812=DIRECTION('',(0.458406982721779,0.888742391355287,-2.35273688415969E-16));
#3813=DIRECTION('',(-0.458406982721779,-0.888742391355287,2.44661997726865E-16));
#3814=DIRECTION('',(2.00975396458448E-18,2.22419232896488E-16,1.));
#3815=DIRECTION('center_axis',(6.13341532471732E-17,1.,-2.22419232896488E-16));
#3816=DIRECTION('ref_axis',(0.,2.22419232896488E-16,1.));
#3817=DIRECTION('',(-1.,6.13341532471732E-17,-1.62367774967133E-32));
#3818=DIRECTION('',(1.,-6.13341532471732E-17,1.68846862806392E-32));
#3819=DIRECTION('',(-2.00975396458448E-18,-2.22419232896488E-16,-1.));
#3820=DIRECTION('center_axis',(0.888742391355287,-0.458406982721779,1.00172375906851E-16));
#3821=DIRECTION('ref_axis',(1.12712499011208E-16,0.,-1.));
#3822=DIRECTION('',(-0.458406982721779,-0.888742391355287,2.35273688415969E-16));
#3823=DIRECTION('',(0.458406982721779,0.888742391355287,-2.44661997726865E-16));
#3824=DIRECTION('center_axis',(6.13341532471732E-17,1.,-2.22419232896488E-16));
#3825=DIRECTION('ref_axis',(0.,2.22419232896488E-16,1.));
#3826=DIRECTION('',(-1.,6.13341532471732E-17,-1.62367774967133E-32));
#3827=DIRECTION('',(2.00975396458448E-18,2.22419232896488E-16,1.));
#3828=DIRECTION('',(1.,-6.13341532471732E-17,1.68846862806392E-32));
#3829=DIRECTION('',(-2.00975396458448E-18,-2.22419232896488E-16,-1.));
#3830=DIRECTION('center_axis',(0.888742391355287,-0.458406982721779,1.00172375906851E-16));
#3831=DIRECTION('ref_axis',(1.12712499011208E-16,0.,-1.));
#3832=DIRECTION('',(-0.458406982721779,-0.888742391355287,2.35273688415969E-16));
#3833=DIRECTION('',(0.458406982721779,0.888742391355287,-2.44661997726865E-16));
#3834=DIRECTION('',(2.00975396458448E-18,2.22419232896488E-16,1.));
#3835=DIRECTION('center_axis',(-6.13341532471732E-17,-1.,2.22419232896488E-16));
#3836=DIRECTION('ref_axis',(0.,-2.22419232896488E-16,-1.));
#3837=DIRECTION('',(1.,-6.13341532471732E-17,1.62367774967133E-32));
#3838=DIRECTION('',(-1.,6.13341532471732E-17,-1.68846862806392E-32));
#3839=DIRECTION('',(-2.00975396458448E-18,-2.22419232896488E-16,-1.));
#3840=DIRECTION('center_axis',(0.888742391355287,-0.458406982721779,1.00172375906851E-16));
#3841=DIRECTION('ref_axis',(1.12712499011208E-16,0.,-1.));
#3842=DIRECTION('',(0.458406982721779,0.888742391355287,-2.35273688415969E-16));
#3843=DIRECTION('',(-0.458406982721779,-0.888742391355287,2.44661997726865E-16));
#3844=DIRECTION('center_axis',(0.888742391355287,-0.458406982721779,1.00172375906851E-16));
#3845=DIRECTION('ref_axis',(1.12712499011208E-16,0.,-1.));
#3846=DIRECTION('',(0.458406982721779,0.888742391355287,-2.35273688415969E-16));
#3847=DIRECTION('',(-2.00975396458448E-18,-2.22419232896488E-16,-1.));
#3848=DIRECTION('',(-0.458406982721779,-0.888742391355287,2.44661997726865E-16));
#3849=DIRECTION('',(2.00975396458448E-18,2.22419232896488E-16,1.));
#3850=DIRECTION('center_axis',(6.13341532471732E-17,1.,-2.22419232896488E-16));
#3851=DIRECTION('ref_axis',(0.,2.22419232896488E-16,1.));
#3852=DIRECTION('',(-1.,6.13341532471732E-17,-1.62367774967133E-32));
#3853=DIRECTION('',(1.,-6.13341532471732E-17,1.68846862806392E-32));
#3854=DIRECTION('',(-2.00975396458448E-18,-2.22419232896488E-16,-1.));
#3855=DIRECTION('center_axis',(0.888742391355287,-0.458406982721779,1.00172375906851E-16));
#3856=DIRECTION('ref_axis',(1.12712499011208E-16,0.,-1.));
#3857=DIRECTION('',(-0.458406982721779,-0.888742391355287,2.35273688415969E-16));
#3858=DIRECTION('',(0.458406982721779,0.888742391355287,-2.44661997726865E-16));
#3859=DIRECTION('',(2.00975396458448E-18,2.22419232896488E-16,1.));
#3860=DIRECTION('center_axis',(-6.13341532471732E-17,-1.,2.22419232896488E-16));
#3861=DIRECTION('ref_axis',(0.,-2.22419232896488E-16,-1.));
#3862=DIRECTION('',(1.,-6.13341532471732E-17,1.62367774967133E-32));
#3863=DIRECTION('',(-1.,6.13341532471732E-17,-1.68846862806392E-32));
#3864=DIRECTION('center_axis',(0.888742391355287,-0.458406982721779,1.00172375906851E-16));
#3865=DIRECTION('ref_axis',(1.12712499011208E-16,0.,-1.));
#3866=DIRECTION('',(0.458406982721779,0.888742391355287,-2.44661997726865E-16));
#3867=DIRECTION('',(2.00975396458448E-18,2.22419232896488E-16,1.));
#3868=DIRECTION('',(-0.458406982721779,-0.888742391355287,1.93260084012652E-15));
#3869=DIRECTION('',(-3.44131332081062E-16,-8.85711811172995E-16,-1.));
#3870=DIRECTION('',(-0.458406982721779,-0.888742391355287,2.35273688415969E-16));
#3871=DIRECTION('',(-2.00975396458448E-18,-2.22419232896488E-16,-1.));
#3872=DIRECTION('center_axis',(-6.13341532471732E-17,-1.,2.22419232896488E-16));
#3873=DIRECTION('ref_axis',(0.,-2.22419232896488E-16,-1.));
#3874=DIRECTION('',(-1.,6.13341532471732E-17,-1.68846862806392E-32));
#3875=DIRECTION('',(-2.00975396458448E-18,-2.22419232896488E-16,-1.));
#3876=DIRECTION('',(1.,-6.13341532471732E-17,1.33373221809727E-31));
#3877=DIRECTION('center_axis',(6.13341532471732E-17,1.,-2.22419232896488E-16));
#3878=DIRECTION('ref_axis',(0.,2.22419232896488E-16,1.));
#3879=DIRECTION('',(1.,-6.13341532471732E-17,1.68846862806392E-32));
#3880=DIRECTION('',(-1.,6.13341532471732E-17,-1.62367774967133E-32));
#3881=DIRECTION('',(2.00975396458448E-18,2.22419232896488E-16,1.));
#3882=DIRECTION('center_axis',(0.888742391355287,-0.458406982721779,1.00172375906851E-16));
#3883=DIRECTION('ref_axis',(1.12712499011208E-16,0.,-1.));
#3884=DIRECTION('',(-0.458406982721779,-0.888742391355287,2.44661997726865E-16));
#3885=DIRECTION('',(0.458406982721779,0.888742391355287,-2.35273688415969E-16));
#3886=DIRECTION('',(3.44131332081062E-16,8.85711811172995E-16,1.));
#3887=DIRECTION('',(0.458406982721779,0.888742391355287,-1.93260084012652E-15));
#3888=DIRECTION('center_axis',(-6.13341532471732E-17,-1.,2.22419232896488E-16));
#3889=DIRECTION('ref_axis',(0.,-2.22419232896488E-16,-1.));
#3890=DIRECTION('',(1.,-6.13341532471732E-17,1.62367774967133E-32));
#3891=DIRECTION('',(2.00975396458448E-18,2.22419232896488E-16,1.));
#3892=DIRECTION('',(-1.,6.13341532471732E-17,-1.68846862806392E-32));
#3893=DIRECTION('',(-2.00975396458448E-18,-2.22419232896488E-16,-1.));
#3894=DIRECTION('center_axis',(0.888742391355287,-0.458406982721779,1.00172375906851E-16));
#3895=DIRECTION('ref_axis',(1.12712499011208E-16,0.,-1.));
#3896=DIRECTION('',(0.458406982721779,0.888742391355287,-2.35273688415969E-16));
#3897=DIRECTION('',(-0.458406982721779,-0.888742391355287,2.44661997726865E-16));
#3898=DIRECTION('',(2.00975396458448E-18,2.22419232896488E-16,1.));
#3899=DIRECTION('center_axis',(6.13341532471732E-17,1.,-2.22419232896488E-16));
#3900=DIRECTION('ref_axis',(0.,2.22419232896488E-16,1.));
#3901=DIRECTION('',(-1.,6.13341532471732E-17,-1.62367774967133E-32));
#3902=DIRECTION('',(1.,-6.13341532471732E-17,1.68846862806392E-32));
#3903=DIRECTION('',(-2.00975396458448E-18,-2.22419232896488E-16,-1.));
#3904=DIRECTION('center_axis',(0.888742391355287,-0.458406982721779,1.00172375906851E-16));
#3905=DIRECTION('ref_axis',(1.12712499011208E-16,0.,-1.));
#3906=DIRECTION('',(-0.458406982721779,-0.888742391355287,2.35273688415969E-16));
#3907=DIRECTION('',(0.458406982721779,0.888742391355287,-2.44661997726865E-16));
#3908=DIRECTION('center_axis',(-6.13341532471732E-17,-1.,2.22419232896488E-16));
#3909=DIRECTION('ref_axis',(0.,-2.22419232896488E-16,-1.));
#3910=DIRECTION('',(1.,-6.13341532471732E-17,1.62367774967133E-32));
#3911=DIRECTION('',(2.00975396458448E-18,2.22419232896488E-16,1.));
#3912=DIRECTION('',(-1.,6.13341532471732E-17,-1.68846862806392E-32));
#3913=DIRECTION('',(-2.00975396458448E-18,-2.22419232896488E-16,-1.));
#3914=DIRECTION('center_axis',(0.888742391355287,-0.458406982721779,1.00172375906851E-16));
#3915=DIRECTION('ref_axis',(1.12712499011208E-16,0.,-1.));
#3916=DIRECTION('',(0.458406982721779,0.888742391355287,-2.35273688415969E-16));
#3917=DIRECTION('',(-0.458406982721779,-0.888742391355287,2.44661997726865E-16));
#3918=DIRECTION('',(2.00975396458448E-18,2.22419232896488E-16,1.));
#3919=DIRECTION('center_axis',(6.13341532471732E-17,1.,-2.22419232896488E-16));
#3920=DIRECTION('ref_axis',(0.,2.22419232896488E-16,1.));
#3921=DIRECTION('',(-1.,6.13341532471732E-17,-1.62367774967133E-32));
#3922=DIRECTION('',(1.,-6.13341532471732E-17,1.68846862806392E-32));
#3923=DIRECTION('',(-2.00975396458448E-18,-2.22419232896488E-16,-1.));
#3924=DIRECTION('center_axis',(0.888742391355287,-0.458406982721779,1.00172375906851E-16));
#3925=DIRECTION('ref_axis',(1.12712499011208E-16,0.,-1.));
#3926=DIRECTION('',(-0.458406982721779,-0.888742391355287,2.35273688415969E-16));
#3927=DIRECTION('',(0.458406982721779,0.888742391355287,-2.44661997726865E-16));
#3928=DIRECTION('center_axis',(1.1903437559603E-62,-2.17453432954785E-15,
-1.));
#3929=DIRECTION('ref_axis',(-1.,0.,-1.1903437559603E-62));
#3930=DIRECTION('',(1.,3.54970086709377E-17,-7.71894639512118E-32));
#3931=DIRECTION('',(5.47382212626882E-48,1.,-2.17453432954785E-15));
#3932=DIRECTION('',(1.,5.47382212626882E-48,4.23432192809499E-67));
#3933=DIRECTION('',(5.47382212626882E-48,1.,-2.17453432954785E-15));
#3934=DIRECTION('',(1.,5.47382212626882E-48,4.23432192809499E-67));
#3935=DIRECTION('',(-5.47382212626882E-48,-1.,2.17453432954785E-15));
#3936=DIRECTION('',(-1.,-3.54970086709377E-17,7.71894639512118E-32));
#3937=DIRECTION('',(-1.0562578642646E-16,1.,-2.17453432954785E-15));
#3938=DIRECTION('',(-1.,-5.47382212626882E-48,-4.23432192809499E-67));
#3939=DIRECTION('',(-5.47382212626882E-48,-1.,2.17453432954785E-15));
#3940=DIRECTION('',(1.,5.47382212626882E-48,4.23432192809499E-67));
#3941=DIRECTION('',(5.47382212626882E-48,1.,-2.17453432954785E-15));
#3942=DIRECTION('',(-1.0695973834952E-16,1.,-2.17453432954785E-15));
#3943=DIRECTION('',(1.,5.46941526211911E-48,1.00063095720023E-65));
#3944=DIRECTION('',(5.47823254115488E-48,1.,-2.17453432954785E-15));
#3945=DIRECTION('',(-1.,-5.46941526211911E-48,-1.00063095720023E-65));
#3946=DIRECTION('',(-5.47823254115488E-48,-1.,2.17453432954785E-15));
#3947=DIRECTION('',(-1.,-3.50543065504002E-17,7.62267929923394E-32));
#3948=DIRECTION('',(1.0695973834952E-16,-1.,2.17453432954785E-15));
#3949=DIRECTION('',(1.,3.50543065504002E-17,-7.62267929923394E-32));
#3950=DIRECTION('',(-1.0695973834952E-16,1.,-2.17453432954785E-15));
#3951=DIRECTION('center_axis',(-1.1903437559603E-62,2.17453432954785E-15,
1.));
#3952=DIRECTION('ref_axis',(1.,5.47382212626882E-48,0.));
#3953=DIRECTION('center_axis',(-1.1903437559603E-62,2.17453432954785E-15,
1.));
#3954=DIRECTION('ref_axis',(1.,5.47382212626882E-48,0.));
#3955=DIRECTION('center_axis',(-1.1903437559603E-62,2.17453432954785E-15,
1.));
#3956=DIRECTION('ref_axis',(1.,5.47382212626882E-48,0.));
#3957=DIRECTION('center_axis',(-1.1903437559603E-62,2.17453432954785E-15,
1.));
#3958=DIRECTION('ref_axis',(1.,5.47382212626882E-48,0.));
#3959=DIRECTION('center_axis',(-1.,-1.06959738349519E-16,3.44131332081062E-16));
#3960=DIRECTION('ref_axis',(3.44131332081062E-16,0.,1.));
#3961=DIRECTION('',(-1.06959738349519E-16,1.,-2.22044604925031E-16));
#3962=DIRECTION('',(3.44131332081062E-16,3.09965934095355E-16,1.));
#3963=DIRECTION('center_axis',(-1.,-1.06959738349519E-16,3.44131332081062E-16));
#3964=DIRECTION('ref_axis',(3.44131332081062E-16,0.,1.));
#3965=DIRECTION('',(-3.44131332081062E-16,-2.22044604925031E-16,-1.));
#3966=DIRECTION('',(-1.06959738349519E-16,1.,-2.22044604925031E-16));
#3967=DIRECTION('center_axis',(1.18087498105291E-63,2.1573133978649E-16,
1.));
#3968=DIRECTION('ref_axis',(1.,5.47382212626882E-48,0.));
#3969=DIRECTION('',(1.18087498105291E-63,2.1573133978649E-16,1.));
#3970=DIRECTION('center_axis',(1.50688913867626E-63,-2.75290117931438E-16,
-1.));
#3971=DIRECTION('ref_axis',(1.,5.47382212626882E-48,0.));
#3972=DIRECTION('center_axis',(1.18087498105291E-63,2.1573133978649E-16,
1.));
#3973=DIRECTION('ref_axis',(1.,5.47382212626882E-48,0.));
#3974=DIRECTION('',(1.18087498105291E-63,2.1573133978649E-16,1.));
#3975=DIRECTION('center_axis',(1.50688913867626E-63,-2.75290117931438E-16,
-1.));
#3976=DIRECTION('ref_axis',(1.,5.47382212626882E-48,0.));
#3977=DIRECTION('center_axis',(1.18087498105291E-63,2.1573133978649E-16,
1.));
#3978=DIRECTION('ref_axis',(1.,5.47382212626882E-48,0.));
#3979=DIRECTION('',(1.18087498105291E-63,2.1573133978649E-16,1.));
#3980=DIRECTION('center_axis',(1.50688913867626E-63,-2.75290117931438E-16,
-1.));
#3981=DIRECTION('ref_axis',(1.,5.47382212626882E-48,0.));
#3982=DIRECTION('center_axis',(1.18087498105291E-63,2.1573133978649E-16,
1.));
#3983=DIRECTION('ref_axis',(1.,5.47382212626882E-48,0.));
#3984=DIRECTION('',(1.18087498105291E-63,2.1573133978649E-16,1.));
#3985=DIRECTION('center_axis',(1.50688913867626E-63,-2.75290117931438E-16,
-1.));
#3986=DIRECTION('ref_axis',(1.,5.47382212626882E-48,0.));
#3987=DIRECTION('center_axis',(-1.,5.47823254115488E-48,5.85640665396877E-79));
#3988=DIRECTION('ref_axis',(5.85640665396877E-79,0.,1.));
#3989=DIRECTION('',(1.69806546681064E-63,3.09965934095355E-16,1.));
#3990=DIRECTION('',(5.47823254115488E-48,1.,-2.64726528974486E-16));
#3991=DIRECTION('',(-1.21641198028819E-63,-2.22044604925031E-16,-1.));
#3992=DIRECTION('center_axis',(5.46941526211911E-48,-1.,3.09965934095355E-16));
#3993=DIRECTION('ref_axis',(0.,-3.09965934095355E-16,-1.));
#3994=DIRECTION('',(-1.69806546681064E-63,-3.09965934095355E-16,-1.));
#3995=DIRECTION('',(-1.,-5.46941526211911E-48,0.));
#3996=DIRECTION('center_axis',(1.,-5.47823254115488E-48,-5.85640665396877E-79));
#3997=DIRECTION('ref_axis',(-5.85640665396877E-79,0.,-1.));
#3998=DIRECTION('',(1.69806546681064E-63,3.09965934095355E-16,1.));
#3999=DIRECTION('',(5.47823254115488E-48,1.,-2.64726528974486E-16));
#4000=DIRECTION('center_axis',(5.46941526211911E-48,-1.,3.09965934095355E-16));
#4001=DIRECTION('ref_axis',(0.,-3.09965934095355E-16,-1.));
#4002=DIRECTION('',(1.,5.46941526211911E-48,0.));
#4003=DIRECTION('center_axis',(5.47382212626882E-48,-1.,2.41936162745023E-16));
#4004=DIRECTION('ref_axis',(0.,-2.41936162745023E-16,-1.));
#4005=DIRECTION('',(-1.32431552077828E-63,-2.41936162745023E-16,-1.));
#4006=DIRECTION('',(1.,5.47382212626882E-48,0.));
#4007=DIRECTION('',(1.32431552077828E-63,2.41936162745023E-16,1.));
#4008=DIRECTION('center_axis',(-1.,5.47382212626882E-48,0.));
#4009=DIRECTION('ref_axis',(0.,0.,1.));
#4010=DIRECTION('',(1.32431552077828E-63,2.41936162745023E-16,1.));
#4011=DIRECTION('',(-5.47382212626882E-48,-1.,2.75290117931438E-16));
#4012=DIRECTION('center_axis',(5.47382212626882E-48,-1.,4.48604262767292E-16));
#4013=DIRECTION('ref_axis',(0.,-4.48604262767292E-16,-1.));
#4014=DIRECTION('',(2.45557993947411E-63,4.48604262767292E-16,1.));
#4015=DIRECTION('',(-1.,-5.47382212626882E-48,0.));
#4016=DIRECTION('',(-2.45557993947411E-63,-4.48604262767292E-16,-1.));
#4017=DIRECTION('center_axis',(-1.,5.47382212626882E-48,0.));
#4018=DIRECTION('ref_axis',(0.,0.,1.));
#4019=DIRECTION('',(-1.60088384935439E-63,-2.92461795876004E-16,-1.));
#4020=DIRECTION('',(5.47382212626882E-48,1.,-2.3859388599459E-16));
#4021=DIRECTION('center_axis',(5.47382212626882E-48,-1.,2.92461795876004E-16));
#4022=DIRECTION('ref_axis',(0.,-2.92461795876004E-16,-1.));
#4023=DIRECTION('',(1.60088384935439E-63,2.92461795876004E-16,1.));
#4024=DIRECTION('',(-1.,-5.47382212626882E-48,0.));
#4025=DIRECTION('center_axis',(-1.,5.47382212626882E-48,0.));
#4026=DIRECTION('ref_axis',(0.,0.,1.));
#4027=DIRECTION('',(-1.60088384935439E-63,-2.92461795876004E-16,-1.));
#4028=DIRECTION('',(5.47382212626882E-48,1.,-2.75290117931438E-16));
#4029=DIRECTION('center_axis',(-3.50543065504002E-17,1.,-2.22044604925031E-16));
#4030=DIRECTION('ref_axis',(0.,2.22044604925031E-16,1.));
#4031=DIRECTION('',(1.,3.50543065504002E-17,-1.08952574413406E-17));
#4032=DIRECTION('',(-3.44131332081062E-16,-2.22044604925031E-16,-1.));
#4033=DIRECTION('center_axis',(-1.,-1.06959738349519E-16,3.44131332081062E-16));
#4034=DIRECTION('ref_axis',(3.44131332081062E-16,0.,1.));
#4035=DIRECTION('',(1.06959738349519E-16,-1.,2.22044604925031E-16));
#4036=DIRECTION('',(3.44131332081062E-16,2.22044604925031E-16,1.));
#4037=DIRECTION('center_axis',(3.50543065504002E-17,-1.,2.22044604925031E-16));
#4038=DIRECTION('ref_axis',(0.,-2.22044604925031E-16,-1.));
#4039=DIRECTION('',(1.,3.50543065504002E-17,-1.08952574413406E-17));
#4040=DIRECTION('center_axis',(1.44789931786087E-63,-2.64726528974485E-16,
-1.));
#4041=DIRECTION('ref_axis',(-1.,0.,-1.44789931786087E-63));
#4042=DIRECTION('center_axis',(5.47382212626882E-48,-1.,2.41936162745023E-16));
#4043=DIRECTION('ref_axis',(0.,-2.41936162745023E-16,-1.));
#4044=DIRECTION('',(-1.32431552077828E-63,-2.41936162745023E-16,-1.));
#4045=DIRECTION('',(-1.,-5.47382212626882E-48,0.));
#4046=DIRECTION('center_axis',(1.,-5.47382212626882E-48,0.));
#4047=DIRECTION('ref_axis',(0.,0.,-1.));
#4048=DIRECTION('',(5.47382212626882E-48,1.,-2.75290117931438E-16));
#4049=DIRECTION('center_axis',(1.,-5.47382212626882E-48,0.));
#4050=DIRECTION('ref_axis',(0.,0.,-1.));
#4051=DIRECTION('',(5.47382212626882E-48,1.,-2.3859388599459E-16));
#4052=DIRECTION('',(2.45557993947411E-63,4.48604262767292E-16,1.));
#4053=DIRECTION('center_axis',(3.54970086709377E-17,-1.,2.22044604925031E-16));
#4054=DIRECTION('ref_axis',(0.,-2.22044604925031E-16,-1.));
#4055=DIRECTION('',(1.,5.47382212626882E-48,0.));
#4056=DIRECTION('',(3.39839486763392E-16,2.22044604925031E-16,1.));
#4057=DIRECTION('center_axis',(1.50688913867626E-63,-2.75290117931438E-16,
-1.));
#4058=DIRECTION('ref_axis',(-1.,0.,-1.50688913867626E-63));
#4059=DIRECTION('',(1.,3.54970086709377E-17,-1.10328540463725E-17));
#4060=DIRECTION('',(1.05625786426459E-16,-1.,2.22044604925031E-16));
#4061=DIRECTION('center_axis',(-3.54970086709377E-17,1.,-2.22044604925031E-16));
#4062=DIRECTION('ref_axis',(0.,2.22044604925031E-16,1.));
#4063=DIRECTION('',(-3.39839486763392E-16,-2.22044604925031E-16,-1.));
#4064=DIRECTION('center_axis',(-1.,-1.05625786426459E-16,3.39839486763392E-16));
#4065=DIRECTION('ref_axis',(3.39839486763392E-16,0.,1.));
#4066=DIRECTION('',(0.,2.22044604925031E-16,1.));
#4067=DIRECTION('',(0.,2.22044604925031E-16,1.));
#4068=DIRECTION('center_axis',(1.,0.,0.));
#4069=DIRECTION('ref_axis',(0.,0.,-1.));
#4070=DIRECTION('',(0.,-1.,2.22044604925031E-16));
#4071=DIRECTION('',(0.,1.,-2.22044604925031E-16));
#4072=DIRECTION('',(0.,2.22044604925031E-16,1.));
#4073=DIRECTION('center_axis',(0.,-1.,2.22044604925031E-16));
#4074=DIRECTION('ref_axis',(0.,-2.22044604925031E-16,-1.));
#4075=DIRECTION('',(-1.,0.,0.));
#4076=DIRECTION('',(1.,0.,0.));
#4077=DIRECTION('',(0.,2.22044604925031E-16,1.));
#4078=DIRECTION('center_axis',(-1.,0.,0.));
#4079=DIRECTION('ref_axis',(0.,0.,1.));
#4080=DIRECTION('',(0.,1.,-2.22044604925031E-16));
#4081=DIRECTION('',(0.,-1.,2.22044604925031E-16));
#4082=DIRECTION('',(0.,2.22044604925031E-16,1.));
#4083=DIRECTION('',(0.,2.22044604925031E-16,1.));
#4084=DIRECTION('center_axis',(-1.,0.,0.));
#4085=DIRECTION('ref_axis',(0.,0.,1.));
#4086=DIRECTION('',(0.,1.,-2.22044604925031E-16));
#4087=DIRECTION('',(0.,-1.,2.22044604925031E-16));
#4088=DIRECTION('',(0.,2.22044604925031E-16,1.));
#4089=DIRECTION('',(0.,2.22044604925031E-16,1.));
#4090=DIRECTION('center_axis',(-1.,0.,0.));
#4091=DIRECTION('ref_axis',(0.,0.,1.));
#4092=DIRECTION('',(0.,1.,-2.22044604925031E-16));
#4093=DIRECTION('',(0.,-1.,2.22044604925031E-16));
#4094=DIRECTION('',(0.,2.22044604925031E-16,1.));
#4095=DIRECTION('center_axis',(0.,1.,-2.22044604925031E-16));
#4096=DIRECTION('ref_axis',(0.,2.22044604925031E-16,1.));
#4097=DIRECTION('',(1.,0.,0.));
#4098=DIRECTION('',(-1.,0.,0.));
#4099=DIRECTION('',(0.,2.22044604925031E-16,1.));
#4100=DIRECTION('center_axis',(1.,0.,0.));
#4101=DIRECTION('ref_axis',(0.,0.,-1.));
#4102=DIRECTION('',(0.,-1.,2.22044604925031E-16));
#4103=DIRECTION('',(0.,1.,-2.22044604925031E-16));
#4104=DIRECTION('',(0.,2.22044604925031E-16,1.));
#4105=DIRECTION('',(0.,2.22044604925031E-16,1.));
#4106=DIRECTION('center_axis',(0.,1.,-2.22044604925031E-16));
#4107=DIRECTION('ref_axis',(0.,2.22044604925031E-16,1.));
#4108=DIRECTION('',(1.,0.,0.));
#4109=DIRECTION('',(-1.,0.,0.));
#4110=DIRECTION('',(0.,2.22044604925031E-16,1.));
#4111=DIRECTION('',(0.,2.22044604925031E-16,1.));
#4112=DIRECTION('center_axis',(1.,0.,0.));
#4113=DIRECTION('ref_axis',(0.,0.,-1.));
#4114=DIRECTION('',(0.,-1.,2.22044604925031E-16));
#4115=DIRECTION('',(0.,1.,-2.22044604925031E-16));
#4116=DIRECTION('',(0.,2.22044604925031E-16,1.));
#4117=DIRECTION('center_axis',(0.,-1.,2.22044604925031E-16));
#4118=DIRECTION('ref_axis',(0.,-2.22044604925031E-16,-1.));
#4119=DIRECTION('',(-1.,0.,0.));
#4120=DIRECTION('',(1.,0.,0.));
#4121=DIRECTION('center_axis',(0.,2.22044604925031E-16,1.));
#4122=DIRECTION('ref_axis',(1.,0.,0.));
#4123=DIRECTION('center_axis',(0.,2.22044604925031E-16,1.));
#4124=DIRECTION('ref_axis',(1.,0.,0.));
#4125=DIRECTION('center_axis',(0.,1.,-1.59389681020877E-16));
#4126=DIRECTION('ref_axis',(1.,0.,0.));
#4127=DIRECTION('center_axis',(0.,1.,-2.89377835129227E-16));
#4128=DIRECTION('ref_axis',(1.,0.,0.));
#4129=DIRECTION('',(0.,1.,-1.59389681020877E-16));
#4130=DIRECTION('center_axis',(0.,1.,6.16946292726718E-15));
#4131=DIRECTION('ref_axis',(1.,0.,0.));
#4132=DIRECTION('center_axis',(0.,1.,6.16946292726718E-15));
#4133=DIRECTION('ref_axis',(0.,-6.16946292726718E-15,1.));
#4134=DIRECTION('center_axis',(0.,1.,-1.59389681020877E-16));
#4135=DIRECTION('ref_axis',(1.,0.,0.));
#4136=DIRECTION('center_axis',(0.,1.,-2.89377835129227E-16));
#4137=DIRECTION('ref_axis',(1.,0.,0.));
#4138=DIRECTION('',(0.,1.,-1.59389681020877E-16));
#4139=DIRECTION('center_axis',(0.,1.,6.16946292726718E-15));
#4140=DIRECTION('ref_axis',(1.,0.,0.));
#4141=DIRECTION('center_axis',(0.,1.,6.16946292726718E-15));
#4142=DIRECTION('ref_axis',(0.,-6.16946292726718E-15,1.));
#4143=DIRECTION('center_axis',(0.,1.,-1.59389681020877E-16));
#4144=DIRECTION('ref_axis',(1.,0.,0.));
#4145=DIRECTION('center_axis',(0.,1.,-2.89377835129227E-16));
#4146=DIRECTION('ref_axis',(1.,0.,0.));
#4147=DIRECTION('',(0.,1.,-1.59389681020877E-16));
#4148=DIRECTION('center_axis',(0.,1.,6.16946292726718E-15));
#4149=DIRECTION('ref_axis',(1.,0.,0.));
#4150=DIRECTION('center_axis',(0.,1.,6.16946292726718E-15));
#4151=DIRECTION('ref_axis',(0.,-6.16946292726718E-15,1.));
#4152=DIRECTION('center_axis',(0.,1.,-1.59389681020877E-16));
#4153=DIRECTION('ref_axis',(1.,0.,0.));
#4154=DIRECTION('center_axis',(0.,1.,-2.89377835129227E-16));
#4155=DIRECTION('ref_axis',(1.,0.,0.));
#4156=DIRECTION('',(0.,1.,-1.59389681020877E-16));
#4157=DIRECTION('center_axis',(0.,1.,6.16946292726718E-15));
#4158=DIRECTION('ref_axis',(1.,0.,0.));
#4159=DIRECTION('center_axis',(0.,1.,6.16946292726718E-15));
#4160=DIRECTION('ref_axis',(0.,-6.16946292726718E-15,1.));
#4161=DIRECTION('',(-1.,3.39711740835859E-17,7.33499260180902E-17));
#4162=DIRECTION('center_axis',(1.,-1.61633164749464E-17,-4.36307545576373E-17));
#4163=DIRECTION('ref_axis',(-4.14647164367094E-17,-0.734996808291286,-0.678070565503048));
#4164=DIRECTION('',(1.,-3.39711740835859E-17,-7.33499260180902E-17));
#4165=DIRECTION('center_axis',(1.,-1.61633164749464E-17,-4.36307545576373E-17));
#4166=DIRECTION('ref_axis',(-4.14647164367094E-17,-0.734996808291286,-0.678070565503048));
#4167=DIRECTION('center_axis',(1.,-1.0834911827122E-17,-2.92474245193153E-17));
#4168=DIRECTION('ref_axis',(-2.92474245193153E-17,0.,-1.));
#4169=DIRECTION('center_axis',(-1.,1.0834911827122E-17,2.92474245193153E-17));
#4170=DIRECTION('ref_axis',(9.46997965719755E-16,1.,-1.22464679914735E-16));
#4171=DIRECTION('center_axis',(-1.,1.0834911827122E-17,2.92474245193153E-17));
#4172=DIRECTION('ref_axis',(9.46997965719755E-16,1.,-1.22464679914735E-16));
#4173=DIRECTION('center_axis',(1.,-1.0834911827122E-17,-2.92474245193153E-17));
#4174=DIRECTION('ref_axis',(2.26330437720074E-16,0.734591120455895,0.678510048376111));
#4175=DIRECTION('center_axis',(-1.,-4.91006164328413E-17,2.96532753016712E-16));
#4176=DIRECTION('ref_axis',(2.96532753016712E-16,0.,1.));
#4177=DIRECTION('center_axis',(1.,4.91006164328413E-17,-2.96532753016712E-16));
#4178=DIRECTION('ref_axis',(9.46997965719755E-16,1.,-1.22464679914735E-16));
#4179=DIRECTION('center_axis',(-1.,-4.91006164328413E-17,2.96532753016712E-16));
#4180=DIRECTION('ref_axis',(-1.65131575753995E-16,-0.734591120455895,-0.678510048376111));
#4181=DIRECTION('',(1.,-4.21453935608747E-17,-3.296971798254E-16));
#4182=DIRECTION('',(-1.,4.21453935608747E-17,3.296971798254E-16));
#4183=DIRECTION('center_axis',(-0.737496334775871,-0.315760115487235,0.596988028070617));
#4184=DIRECTION('ref_axis',(0.670695296177494,-0.23882089111473,0.702233865355802));
#4185=DIRECTION('center_axis',(-0.0955777031688066,-0.713305019550599,0.694306021679846));
#4186=DIRECTION('ref_axis',(-0.995421270453344,0.069317749288864,-0.0658144662105209));
#4187=DIRECTION('center_axis',(-0.543836376253952,0.838255239129713,0.0396251174705945));
#4188=DIRECTION('ref_axis',(0.836779105368316,0.538090771399223,0.101286971294385));
#4189=DIRECTION('center_axis',(-0.866459915280258,-0.0345652317020394,0.498048652211721));
#4190=DIRECTION('ref_axis',(0.469270295003959,0.28408717597736,0.836109960873632));
#4191=DIRECTION('center_axis',(0.339381885758511,0.940007127465102,-0.0347352261228361));
#4192=DIRECTION('ref_axis',(-0.939907462053594,0.34034882379016,0.0271411296859071));
#4193=DIRECTION('center_axis',(-0.339381885758511,0.940007127465102,-0.0347352261228361));
#4194=DIRECTION('ref_axis',(0.939907462053594,0.34034882379016,0.0271411296859064));
#4195=DIRECTION('center_axis',(0.866459915280258,-0.0345652317020394,0.498048652211721));
#4196=DIRECTION('ref_axis',(-0.469270295003959,0.284087175977359,0.836109960873632));
#4197=DIRECTION('center_axis',(0.543836376253952,0.838255239129713,0.0396251174705945));
#4198=DIRECTION('ref_axis',(-0.836779105368316,0.538090771399223,0.101286971294386));
#4199=DIRECTION('center_axis',(0.0955777031688066,-0.713305019550599,0.694306021679846));
#4200=DIRECTION('ref_axis',(0.995421270453344,0.0693177492888637,-0.0658144662105213));
#4201=DIRECTION('center_axis',(0.737496334775871,-0.315760115487235,0.596988028070617));
#4202=DIRECTION('ref_axis',(-0.670695296177494,-0.23882089111473,0.702233865355802));
#4203=DIRECTION('center_axis',(0.339381885758511,-0.940007127465102,0.0347352261228361));
#4204=DIRECTION('ref_axis',(0.,-0.0369268855964861,-0.999317969977596));
#4205=DIRECTION('',(5.43173563055177E-17,-0.0369268855964862,-0.999317969977596));
#4206=DIRECTION('center_axis',(0.339381885758511,-0.940007127465102,0.0347352261228361));
#4207=DIRECTION('ref_axis',(0.939907563763007,0.340348759939505,0.0271384079991977));
#4208=DIRECTION('',(0.497291612571911,0.147953664303302,-0.85487470736059));
#4209=DIRECTION('center_axis',(-0.339381885758511,-0.940007127465102,0.0347352261228361));
#4210=DIRECTION('ref_axis',(0.,-0.0369268855964861,-0.999317969977596));
#4211=DIRECTION('',(-0.497291612571911,0.147953664303302,-0.85487470736059));
#4212=DIRECTION('center_axis',(-0.339381885758511,-0.940007127465102,0.0347352261228361));
#4213=DIRECTION('ref_axis',(-0.939907563763007,0.340348759939504,0.0271384079991987));
#4214=DIRECTION('center_axis',(0.866459915280258,0.0345652317020394,-0.498048652211721));
#4215=DIRECTION('ref_axis',(-0.498346442197068,0.,-0.866977983313028));
#4216=DIRECTION('',(-0.472279202057837,-0.266687366186289,-0.840137015028045));
#4217=DIRECTION('center_axis',(0.866459915280258,0.0345652317020394,-0.498048652211721));
#4218=DIRECTION('ref_axis',(0.469234296867597,0.284289544074306,0.836061379190066));
#4219=DIRECTION('center_axis',(0.543836376253952,-0.838255239129713,-0.0396251174705945));
#4220=DIRECTION('ref_axis',(-0.0726695624737012,0.,-0.997356072167749));
#4221=DIRECTION('',(-0.713671998439037,-0.437136891708755,-0.547342321176829));
#4222=DIRECTION('center_axis',(0.543836376253952,-0.838255239129713,-0.0396251174705945));
#4223=DIRECTION('ref_axis',(0.836780704127406,0.538092990387391,0.101261971618166));
#4224=DIRECTION('center_axis',(0.0955777031688066,0.713305019550599,-0.694306021679846));
#4225=DIRECTION('ref_axis',(-0.990657526972849,0.,-0.136373253433506));
#4226=DIRECTION('',(-0.293472330059697,-0.646304629833958,-0.704389321997802));
#4227=DIRECTION('center_axis',(0.0955777031688066,0.713305019550599,-0.694306021679846));
#4228=DIRECTION('ref_axis',(-0.995421254506323,0.0693271061314971,-0.0658048511318835));
#4229=DIRECTION('center_axis',(0.737496334775871,0.315760115487235,-0.596988028070617));
#4230=DIRECTION('ref_axis',(-0.629177336094704,0.,-0.777261783278177));
#4231=DIRECTION('',(-8.8616385865789E-18,-0.883966868061312,-0.467549544080492));
#4232=DIRECTION('center_axis',(0.737496334775871,0.315760115487235,-0.596988028070617));
#4233=DIRECTION('ref_axis',(0.670710184915334,-0.238993731586226,0.702160839205185));
#4234=DIRECTION('center_axis',(-0.866459915280258,0.0345652317020394,-0.498048652211721));
#4235=DIRECTION('ref_axis',(-0.498346442197068,0.,0.866977983313028));
#4236=DIRECTION('center_axis',(-0.866459915280258,0.0345652317020394,-0.498048652211721));
#4237=DIRECTION('ref_axis',(-0.469234296867597,0.284289544074306,0.836061379190066));
#4238=DIRECTION('',(0.472279202057837,-0.266687366186289,-0.840137015028045));
#4239=DIRECTION('center_axis',(-0.543836376253952,-0.838255239129713,-0.0396251174705945));
#4240=DIRECTION('ref_axis',(-0.0726695624737011,0.,0.997356072167749));
#4241=DIRECTION('center_axis',(-0.543836376253952,-0.838255239129713,-0.0396251174705945));
#4242=DIRECTION('ref_axis',(-0.836780704127406,0.538092990387391,0.101261971618167));
#4243=DIRECTION('',(0.713671998439037,-0.437136891708755,-0.547342321176829));
#4244=DIRECTION('center_axis',(-0.0955777031688066,0.713305019550599,-0.694306021679846));
#4245=DIRECTION('ref_axis',(-0.990657526972849,0.,0.136373253433506));
#4246=DIRECTION('center_axis',(-0.0955777031688066,0.713305019550599,-0.694306021679846));
#4247=DIRECTION('ref_axis',(0.995421254506323,0.0693271061314965,-0.065804851131884));
#4248=DIRECTION('',(0.293472330059697,-0.646304629833958,-0.704389321997802));
#4249=DIRECTION('center_axis',(-0.737496334775871,0.315760115487235,-0.596988028070617));
#4250=DIRECTION('ref_axis',(-0.629177336094704,0.,0.777261783278177));
#4251=DIRECTION('center_axis',(-0.737496334775871,0.315760115487235,-0.596988028070617));
#4252=DIRECTION('ref_axis',(-0.670710184915333,-0.238993731586225,0.702160839205186));
#4253=DIRECTION('center_axis',(-1.,1.0834911827122E-17,2.92474245193153E-17));
#4254=DIRECTION('ref_axis',(3.35655633238263E-16,0.734996808291285,0.678070565503048));
#4255=DIRECTION('',(1.,-9.3516706784E-17,-4.40818552279418E-16));
#4256=DIRECTION('center_axis',(-1.,-7.24957598710718E-17,2.32982067445482E-16));
#4257=DIRECTION('ref_axis',(-1.04694130104938E-16,-0.734996808291285,-0.678070565503048));
#4258=DIRECTION('center_axis',(-1.,-7.24957598710718E-17,2.32982067445482E-16));
#4259=DIRECTION('ref_axis',(2.32982067445482E-16,0.,1.));
#4260=DIRECTION('center_axis',(-1.,-7.24957598710718E-17,2.32982067445482E-16));
#4261=DIRECTION('ref_axis',(9.46997965719755E-16,1.,-1.22464679914735E-16));
#4262=DIRECTION('center_axis',(1.,-1.0834911827122E-17,-2.92474245193153E-17));
#4263=DIRECTION('ref_axis',(-2.92474245193153E-17,0.,-1.));
#4264=DIRECTION('center_axis',(1.,-1.0834911827122E-17,-2.92474245193153E-17));
#4265=DIRECTION('ref_axis',(-2.7795443294372E-17,-0.734996808291286,-0.678070565503048));
#4266=DIRECTION('center_axis',(1.,-1.0834911827122E-17,-2.92474245193153E-17));
#4267=DIRECTION('ref_axis',(-2.7795443294372E-17,-0.734996808291286,-0.678070565503048));
#4268=DIRECTION('',(1.,1.32110144445092E-15,2.85249761973015E-15));
#4269=DIRECTION('center_axis',(1.,-1.0834911827122E-17,-2.92474245193153E-17));
#4270=DIRECTION('ref_axis',(-2.92474245193153E-17,0.,-1.));
#4271=DIRECTION('center_axis',(1.,-1.0834911827122E-17,-2.92474245193153E-17));
#4272=DIRECTION('ref_axis',(9.46997965719755E-16,1.,-1.22464679914735E-16));
#4273=DIRECTION('center_axis',(1.,-1.61633164749464E-17,-4.36307545576373E-17));
#4274=DIRECTION('ref_axis',(-4.36307545576373E-17,0.,-1.));
#4275=DIRECTION('center_axis',(-1.,1.61633164749464E-17,4.36307545576373E-17));
#4276=DIRECTION('ref_axis',(9.46997965719755E-16,1.,-1.22464679914735E-16));
#4277=DIRECTION('center_axis',(-1.,1.73243466857074E-16,3.89731656277099E-17));
#4278=DIRECTION('ref_axis',(3.89731656277099E-17,0.,1.));
#4279=DIRECTION('center_axis',(1.,-1.73243466857074E-16,-3.89731656277099E-17));
#4280=DIRECTION('ref_axis',(9.46997965719755E-16,1.,-1.22464679914735E-16));
#4281=DIRECTION('center_axis',(-1.,1.73243466857074E-16,3.89731656277099E-17));
#4282=DIRECTION('ref_axis',(-1.53759951653892E-16,-0.734996808291286,-0.678070565503047));
#4283=DIRECTION('',(-1.,4.63757451896087E-16,7.62437421557859E-16));
#4284=DIRECTION('center_axis',(-1.,1.73243466857074E-16,3.89731656277099E-17));
#4285=DIRECTION('ref_axis',(-1.53759951653892E-16,-0.734996808291286,-0.678070565503047));
#4286=DIRECTION('',(1.,-4.63757451896087E-16,-7.62437421557859E-16));
#4287=DIRECTION('center_axis',(-1.,1.73243466857074E-16,3.89731656277099E-17));
#4288=DIRECTION('ref_axis',(3.89731656277099E-17,0.,1.));
#4289=DIRECTION('center_axis',(-1.,1.73243466857074E-16,3.89731656277099E-17));
#4290=DIRECTION('ref_axis',(9.46997965719755E-16,1.,-1.22464679914735E-16));
#4291=DIRECTION('center_axis',(1.,-1.17040934264542E-16,5.73576536721646E-18));
#4292=DIRECTION('ref_axis',(9.46997965719755E-16,1.,-1.22464679914735E-16));
#4293=DIRECTION('center_axis',(1.,0.,0.));
#4294=DIRECTION('ref_axis',(9.46997965719755E-16,1.,-1.22464679914735E-16));
#4295=DIRECTION('',(1.,-1.17040934264542E-16,5.73576536721646E-18));
#4296=DIRECTION('center_axis',(1.,-1.17040934264542E-16,5.73576536721646E-18));
#4297=DIRECTION('ref_axis',(9.46997965719755E-16,1.,-1.22464679914735E-16));
#4298=DIRECTION('',(1.,-1.17040934264542E-16,5.73576536721646E-18));
#4299=DIRECTION('center_axis',(-1.,0.,0.));
#4300=DIRECTION('ref_axis',(9.46997965719755E-16,1.,-1.22464679914735E-16));
#4301=DIRECTION('center_axis',(0.,-2.45077763109552E-16,-1.));
#4302=DIRECTION('ref_axis',(1.,0.,0.));
#4303=DIRECTION('center_axis',(0.,-2.60397748689184E-16,-1.));
#4304=DIRECTION('ref_axis',(1.,0.,0.));
#4305=DIRECTION('',(0.,-2.45077763109552E-16,-1.));
#4306=DIRECTION('center_axis',(0.,2.75290117931438E-16,1.));
#4307=DIRECTION('ref_axis',(1.,0.,0.));
#4308=DIRECTION('center_axis',(0.,-2.45077763109552E-16,-1.));
#4309=DIRECTION('ref_axis',(1.,0.,0.));
#4310=DIRECTION('center_axis',(0.,-2.60397748689184E-16,-1.));
#4311=DIRECTION('ref_axis',(1.,0.,0.));
#4312=DIRECTION('',(0.,-2.45077763109552E-16,-1.));
#4313=DIRECTION('center_axis',(0.,2.75290117931438E-16,1.));
#4314=DIRECTION('ref_axis',(1.,0.,0.));
#4315=DIRECTION('center_axis',(0.,2.1573133978649E-16,1.));
#4316=DIRECTION('ref_axis',(1.,0.,0.));
#4317=DIRECTION('center_axis',(0.,-2.97022630612134E-15,1.));
#4318=DIRECTION('ref_axis',(1.,0.,0.));
#4319=DIRECTION('',(0.,2.1573133978649E-16,1.));
#4320=DIRECTION('center_axis',(0.,-4.23325751153998E-15,-1.));
#4321=DIRECTION('ref_axis',(1.,0.,0.));
#4322=DIRECTION('center_axis',(0.,-2.97022630612134E-15,1.));
#4323=DIRECTION('ref_axis',(1.,0.,0.));
#4324=DIRECTION('center_axis',(0.,2.1573133978649E-16,1.));
#4325=DIRECTION('ref_axis',(1.,0.,0.));
#4326=DIRECTION('center_axis',(0.,-2.97022630612134E-15,1.));
#4327=DIRECTION('ref_axis',(1.,0.,0.));
#4328=DIRECTION('',(0.,2.1573133978649E-16,1.));
#4329=DIRECTION('center_axis',(0.,-4.23325751153998E-15,-1.));
#4330=DIRECTION('ref_axis',(1.,0.,0.));
#4331=DIRECTION('center_axis',(0.,-2.97022630612134E-15,1.));
#4332=DIRECTION('ref_axis',(1.,0.,0.));
#4333=DIRECTION('center_axis',(0.,2.1573133978649E-16,1.));
#4334=DIRECTION('ref_axis',(1.,0.,0.));
#4335=DIRECTION('center_axis',(0.,-2.97022630612134E-15,1.));
#4336=DIRECTION('ref_axis',(1.,0.,0.));
#4337=DIRECTION('',(0.,2.1573133978649E-16,1.));
#4338=DIRECTION('center_axis',(0.,-4.23325751153998E-15,-1.));
#4339=DIRECTION('ref_axis',(1.,0.,0.));
#4340=DIRECTION('center_axis',(0.,-2.97022630612134E-15,1.));
#4341=DIRECTION('ref_axis',(1.,0.,0.));
#4342=DIRECTION('center_axis',(0.,2.1573133978649E-16,1.));
#4343=DIRECTION('ref_axis',(1.,0.,0.));
#4344=DIRECTION('center_axis',(0.,-2.97022630612134E-15,1.));
#4345=DIRECTION('ref_axis',(1.,0.,0.));
#4346=DIRECTION('',(0.,2.1573133978649E-16,1.));
#4347=DIRECTION('center_axis',(0.,-4.23325751153998E-15,-1.));
#4348=DIRECTION('ref_axis',(1.,0.,0.));
#4349=DIRECTION('center_axis',(0.,-2.97022630612134E-15,1.));
#4350=DIRECTION('ref_axis',(1.,0.,0.));
#4351=DIRECTION('center_axis',(0.,-1.,2.89377835129227E-16));
#4352=DIRECTION('ref_axis',(0.,-2.89377835129227E-16,-1.));
#4353=DIRECTION('',(1.,0.,0.));
#4354=DIRECTION('',(0.,-2.89377835129227E-16,-1.));
#4355=DIRECTION('',(1.,0.,0.));
#4356=DIRECTION('',(0.,2.89377835129227E-16,1.));
#4357=DIRECTION('',(-1.,0.,0.));
#4358=DIRECTION('',(0.,-2.89377835129227E-16,-1.));
#4359=DIRECTION('',(1.,0.,0.));
#4360=DIRECTION('',(0.,2.89377835129227E-16,1.));
#4361=DIRECTION('center_axis',(0.,2.75290117931438E-16,1.));
#4362=DIRECTION('ref_axis',(1.,0.,0.));
#4363=DIRECTION('',(0.,1.,-2.3859388599459E-16));
#4364=DIRECTION('',(-1.,0.,0.));
#4365=DIRECTION('',(-1.05625786426459E-16,1.,-2.22044604925031E-16));
#4366=DIRECTION('',(1.,3.54970086709377E-17,-1.10328540463725E-17));
#4367=DIRECTION('',(0.,1.,-2.75290117931438E-16));
#4368=DIRECTION('',(1.,0.,0.));
#4369=DIRECTION('',(0.,1.,-2.3859388599459E-16));
#4370=DIRECTION('',(-1.,0.,0.));
#4371=DIRECTION('',(0.,-1.,2.75290117931438E-16));
#4372=DIRECTION('',(1.,0.,0.));
#4373=DIRECTION('',(0.,1.,-2.75290117931438E-16));
#4374=DIRECTION('center_axis',(1.,0.,0.));
#4375=DIRECTION('ref_axis',(0.,0.,-1.));
#4376=DIRECTION('',(0.,1.,-4.23325751153998E-15));
#4377=DIRECTION('',(0.,4.48604262767292E-16,1.));
#4378=DIRECTION('center_axis',(1.,0.,0.));
#4379=DIRECTION('ref_axis',(0.,0.,-1.));
#4380=DIRECTION('',(0.,1.,-2.60397748689184E-16));
#4381=DIRECTION('',(0.,3.19914430276415E-16,1.));
#4382=DIRECTION('',(0.,1.,-4.23325751153998E-15));
#4383=DIRECTION('center_axis',(0.,-1.,3.19914430276415E-16));
#4384=DIRECTION('ref_axis',(0.,-3.19914430276415E-16,-1.));
#4385=DIRECTION('',(1.,0.,0.));
#4386=DIRECTION('',(-1.,0.,0.));
#4387=DIRECTION('',(0.,-3.19914430276415E-16,-1.));
#4388=DIRECTION('',(1.,0.,0.));
#4389=DIRECTION('',(0.,3.19914430276415E-16,1.));
#4390=DIRECTION('',(1.,0.,0.));
#4391=DIRECTION('',(0.,-3.19914430276415E-16,-1.));
#4392=DIRECTION('center_axis',(0.,2.60397748689184E-16,1.));
#4393=DIRECTION('ref_axis',(1.,0.,0.));
#4394=DIRECTION('',(0.,1.,-2.60397748689184E-16));
#4395=DIRECTION('center_axis',(-1.,0.,0.));
#4396=DIRECTION('ref_axis',(0.,0.,1.));
#4397=DIRECTION('',(0.,-1.,4.23325751153998E-15));
#4398=DIRECTION('center_axis',(1.,0.,0.));
#4399=DIRECTION('ref_axis',(0.,0.,-1.));
#4400=DIRECTION('',(0.,1.,-2.64726528974486E-16));
#4401=DIRECTION('',(0.,3.09965934095355E-16,1.));
#4402=DIRECTION('',(0.,-1.,4.23325751153998E-15));
#4403=DIRECTION('center_axis',(0.,2.64726528974485E-16,1.));
#4404=DIRECTION('ref_axis',(1.,0.,0.));
#4405=DIRECTION('',(0.,1.,-2.64726528974486E-16));
#4406=DIRECTION('',(1.,3.50543065504002E-17,-1.08952574413406E-17));
#4407=DIRECTION('',(-1.06959738349519E-16,1.,-2.22044604925031E-16));
#4408=DIRECTION('',(1.,3.50543065504002E-17,-1.08952574413406E-17));
#4409=DIRECTION('',(1.06959738349519E-16,-1.,2.22044604925031E-16));
#4410=DIRECTION('',(-1.,0.,0.));
#4411=DIRECTION('center_axis',(-1.,0.,0.));
#4412=DIRECTION('ref_axis',(0.,0.,1.));
#4413=DIRECTION('',(0.,1.,-4.23325751153998E-15));
#4414=DIRECTION('',(0.,-2.22044604925031E-16,-1.));
#4415=DIRECTION('center_axis',(0.,4.23325751153998E-15,1.));
#4416=DIRECTION('ref_axis',(1.,0.,0.));
#4417=DIRECTION('',(0.,-1.,4.23325751153998E-15));
#4418=DIRECTION('',(-1.,0.,0.));
#4419=DIRECTION('',(0.,-1.,4.23325751153998E-15));
#4420=DIRECTION('',(-1.,-3.54970086709377E-17,1.50267978593447E-31));
#4421=DIRECTION('',(1.05625786426461E-16,-1.,4.23325751153998E-15));
#4422=DIRECTION('',(1.,3.54970086709377E-17,-1.50267978593447E-31));
#4423=DIRECTION('',(-1.,0.,0.));
#4424=DIRECTION('',(1.06959738349521E-16,-1.,4.23325751153998E-15));
#4425=DIRECTION('',(-1.,-3.50543065504002E-17,1.48393906516307E-31));
#4426=DIRECTION('',(-1.06959738349521E-16,1.,-4.23325751153998E-15));
#4427=DIRECTION('',(1.,3.50543065504002E-17,-1.48393906516307E-31));
#4428=DIRECTION('',(1.,0.,0.));
#4429=DIRECTION('',(0.,-1.,4.23325751153998E-15));
#4430=DIRECTION('',(-1.,0.,0.));
#4431=DIRECTION('',(0.,1.,-4.23325751153998E-15));
#4432=DIRECTION('center_axis',(-3.50543065504002E-17,1.,-2.22044604925031E-16));
#4433=DIRECTION('ref_axis',(0.,2.22044604925031E-16,1.));
#4434=DIRECTION('',(-3.44131332081062E-16,-2.22044604925031E-16,-1.));
#4435=DIRECTION('center_axis',(-1.,-1.06959738349519E-16,3.44131332081062E-16));
#4436=DIRECTION('ref_axis',(3.44131332081062E-16,0.,1.));
#4437=DIRECTION('',(3.44131332081062E-16,2.22044604925031E-16,1.));
#4438=DIRECTION('center_axis',(1.,1.06959738349519E-16,-3.44131332081062E-16));
#4439=DIRECTION('ref_axis',(1.52761904186501E-16,2.22044604925031E-16,1.));
#4440=DIRECTION('center_axis',(3.50543065504002E-17,-1.,2.22044604925031E-16));
#4441=DIRECTION('ref_axis',(0.,-2.22044604925031E-16,-1.));
#4442=DIRECTION('',(-3.44131332081062E-16,-2.22044604925031E-16,-1.));
#4443=DIRECTION('center_axis',(0.,-1.,2.41936162745023E-16));
#4444=DIRECTION('ref_axis',(0.,-2.41936162745023E-16,-1.));
#4445=DIRECTION('',(0.,2.41936162745023E-16,1.));
#4446=DIRECTION('',(0.,-2.41936162745023E-16,-1.));
#4447=DIRECTION('center_axis',(1.,0.,0.));
#4448=DIRECTION('ref_axis',(0.,0.,-1.));
#4449=DIRECTION('',(0.,-2.41936162745023E-16,-1.));
#4450=DIRECTION('center_axis',(3.54970086709377E-17,-1.,2.22044604925031E-16));
#4451=DIRECTION('ref_axis',(0.,-2.22044604925031E-16,-1.));
#4452=DIRECTION('',(3.39839486763392E-16,2.22044604925031E-16,1.));
#4453=DIRECTION('center_axis',(-1.,-1.05625786426459E-16,3.39839486763392E-16));
#4454=DIRECTION('ref_axis',(3.39839486763392E-16,0.,1.));
#4455=DIRECTION('',(-3.39839486763392E-16,-2.22044604925031E-16,-1.));
#4456=DIRECTION('center_axis',(-1.,-1.05625786426459E-16,3.39839486763392E-16));
#4457=DIRECTION('ref_axis',(1.52761904186501E-16,2.22044604925031E-16,1.));
#4458=DIRECTION('center_axis',(1.,2.25607226198711E-17,-2.45440738423707E-17));
#4459=DIRECTION('ref_axis',(1.52761904186501E-16,2.22044604925031E-16,1.));
#4460=DIRECTION('',(1.,2.25607226198711E-17,-2.45440738423707E-17));
#4461=DIRECTION('center_axis',(1.,-1.17040934264542E-16,5.73576536721646E-18));
#4462=DIRECTION('ref_axis',(7.47339576642687E-16,-0.669481708096582,0.742828541807653));
#4463=DIRECTION('center_axis',(-1.,-1.06959738349519E-16,3.44131332081062E-16));
#4464=DIRECTION('ref_axis',(3.44131332081062E-16,0.,1.));
#4465=DIRECTION('',(3.44131332081062E-16,3.09965934095355E-16,1.));
#4466=DIRECTION('center_axis',(0.,-1.,3.09965934095355E-16));
#4467=DIRECTION('ref_axis',(0.,-3.09965934095355E-16,-1.));
#4468=DIRECTION('center_axis',(0.,-1.,2.41936162745023E-16));
#4469=DIRECTION('ref_axis',(0.,-2.41936162745023E-16,-1.));
#4470=DIRECTION('',(0.,2.41936162745023E-16,1.));
#4471=DIRECTION('center_axis',(-1.,0.,0.));
#4472=DIRECTION('ref_axis',(0.,0.,1.));
#4473=DIRECTION('center_axis',(-1.,0.,0.));
#4474=DIRECTION('ref_axis',(0.,0.,1.));
#4475=DIRECTION('',(0.,-2.92461795876004E-16,-1.));
#4476=DIRECTION('center_axis',(-3.54970086709377E-17,1.,-2.22044604925031E-16));
#4477=DIRECTION('ref_axis',(0.,2.22044604925031E-16,1.));
#4478=DIRECTION('',(0.,-2.92461795876004E-16,-1.));
#4479=DIRECTION('center_axis',(0.,-1.,2.92461795876004E-16));
#4480=DIRECTION('ref_axis',(0.,-2.92461795876004E-16,-1.));
#4481=DIRECTION('',(0.,2.92461795876004E-16,1.));
#4482=DIRECTION('center_axis',(-1.,0.,0.));
#4483=DIRECTION('ref_axis',(0.,0.,1.));
#4484=CARTESIAN_POINT('',(0.,0.,0.));
#4485=CARTESIAN_POINT('Origin',(16.727451669655,14.4943636248363,19.9110587624943));
#4486=CARTESIAN_POINT('',(23.0683607605641,14.4943636248363,17.5581175860237));
#4487=CARTESIAN_POINT('',(23.0683607605641,14.4943636248363,22.2639999389649));
#4488=CARTESIAN_POINT('',(23.0683607605641,14.4943636248363,19.9110587624943));
#4489=CARTESIAN_POINT('',(10.386542578746,14.4943636248363,22.2639999389649));
#4490=CARTESIAN_POINT('',(16.727451669655,14.4943636248363,22.2639999389649));
#4491=CARTESIAN_POINT('',(10.386542578746,14.4943636248363,17.5581175860237));
#4492=CARTESIAN_POINT('',(10.386542578746,14.4943636248363,19.9110587624943));
#4493=CARTESIAN_POINT('',(16.727451669655,14.4943636248363,17.5581175860237));
#4494=CARTESIAN_POINT('Origin',(16.727451669655,30.9943636248363,19.9110587624943));
#4495=CARTESIAN_POINT('',(23.0683607605641,30.9943636248363,22.2639999389649));
#4496=CARTESIAN_POINT('',(23.0683607605641,30.9943636248363,17.5581175860237));
#4497=CARTESIAN_POINT('',(23.0683607605641,30.9943636248363,19.9110587624943));
#4498=CARTESIAN_POINT('',(10.386542578746,30.9943636248363,17.5581175860237));
#4499=CARTESIAN_POINT('',(16.727451669655,30.9943636248363,17.5581175860237));
#4500=CARTESIAN_POINT('',(10.386542578746,30.9943636248363,22.2639999389649));
#4501=CARTESIAN_POINT('',(10.386542578746,30.9943636248363,19.9110587624943));
#4502=CARTESIAN_POINT('',(16.727451669655,30.9943636248363,22.2639999389649));
#4503=CARTESIAN_POINT('Origin',(16.727451669655,22.7443636248363,17.5581175860237));
#4504=CARTESIAN_POINT('',(10.386542578746,22.7443636248363,17.5581175860237));
#4505=CARTESIAN_POINT('',(23.0683607605641,22.7443636248363,17.5581175860237));
#4506=CARTESIAN_POINT('Origin',(10.386542578746,22.7443636248363,19.9110587624943));
#4507=CARTESIAN_POINT('',(10.386542578746,22.7443636248363,22.2639999389649));
#4508=CARTESIAN_POINT('Origin',(16.727451669655,22.7443636248363,22.2639999389649));
#4509=CARTESIAN_POINT('',(23.0683607605641,22.7443636248363,22.2639999389649));
#4510=CARTESIAN_POINT('Origin',(23.0683607605641,22.7443636248363,19.9110587624943));
#4511=CARTESIAN_POINT('Origin',(16.727451669655,13.9943636248363,19.8529411764706));
#4512=CARTESIAN_POINT('',(23.4774516696551,13.9943636248363,17.5));
#4513=CARTESIAN_POINT('',(23.4774516696551,13.9943636248363,22.2058823529412));
#4514=CARTESIAN_POINT('',(23.4774516696551,13.9943636248363,19.8529411764706));
#4515=CARTESIAN_POINT('',(9.97745166965505,13.9943636248363,22.2058823529412));
#4516=CARTESIAN_POINT('',(16.727451669655,13.9943636248363,22.2058823529412));
#4517=CARTESIAN_POINT('',(9.97745166965505,13.9943636248363,17.5));
#4518=CARTESIAN_POINT('',(9.97745166965505,13.9943636248363,19.8529411764706));
#4519=CARTESIAN_POINT('',(16.727451669655,13.9943636248363,17.5));
#4520=CARTESIAN_POINT('Origin',(16.727451669655,31.4943636248363,19.8529411764706));
#4521=CARTESIAN_POINT('',(23.4774516696551,31.4943636248363,22.2058823529412));
#4522=CARTESIAN_POINT('',(23.4774516696551,31.4943636248363,17.5));
#4523=CARTESIAN_POINT('',(23.4774516696551,31.4943636248363,19.8529411764706));
#4524=CARTESIAN_POINT('',(9.97745166965505,31.4943636248363,17.5));
#4525=CARTESIAN_POINT('',(16.727451669655,31.4943636248363,17.5));
#4526=CARTESIAN_POINT('',(9.97745166965505,31.4943636248363,22.2058823529412));
#4527=CARTESIAN_POINT('',(9.97745166965505,31.4943636248363,19.8529411764706));
#4528=CARTESIAN_POINT('',(16.727451669655,31.4943636248363,22.2058823529412));
#4529=CARTESIAN_POINT('Origin',(16.727451669655,22.7443636248363,17.5));
#4530=CARTESIAN_POINT('',(9.97745166965505,22.7443636248363,17.5));
#4531=CARTESIAN_POINT('',(23.4774516696551,22.7443636248363,17.5));
#4532=CARTESIAN_POINT('Origin',(9.97745166965505,22.7443636248363,19.8529411764706));
#4533=CARTESIAN_POINT('',(9.97745166965505,22.7443636248363,22.2058823529412));
#4534=CARTESIAN_POINT('Origin',(16.727451669655,22.7443636248363,22.2058823529412));
#4535=CARTESIAN_POINT('',(23.4774516696551,22.7443636248363,22.2058823529412));
#4536=CARTESIAN_POINT('Origin',(23.4774516696551,22.7443636248363,19.8529411764706));
#4537=CARTESIAN_POINT('Origin',(-38.9660717053692,-60.9931717206803,14.5));
#4538=CARTESIAN_POINT('',(-39.4745717053692,-40.9793434413605,14.5));
#4539=CARTESIAN_POINT('Origin',(-38.9660717053692,-40.9793434413605,14.5));
#4540=CARTESIAN_POINT('',(-39.4745717053692,-38.9793434413605,14.5));
#4541=CARTESIAN_POINT('',(-39.4745717053692,-60.9931717206803,14.5));
#4542=CARTESIAN_POINT('Origin',(-38.9660717053692,-38.9793434413605,14.5));
#4543=CARTESIAN_POINT('Origin',(-39.4660717053692,-65.9931717206803,3.50000000000003));
#4544=CARTESIAN_POINT('',(-39.9745717053692,-40.9793434413605,3.50000000000002));
#4545=CARTESIAN_POINT('Origin',(-39.4660717053692,-40.9793434413605,3.50000000000002));
#4546=CARTESIAN_POINT('',(-39.9745717053692,-38.9793434413605,3.50000000000002));
#4547=CARTESIAN_POINT('',(-39.9745717053692,-65.9931717206803,3.50000000000003));
#4548=CARTESIAN_POINT('Origin',(-39.4660717053692,-38.9793434413605,3.50000000000002));
#4549=CARTESIAN_POINT('Origin',(-54.9660717053692,-64.9931717206803,3.50000000000003));
#4550=CARTESIAN_POINT('',(-55.4745717053692,-40.9793434413605,3.50000000000003));
#4551=CARTESIAN_POINT('Origin',(-54.9660717053692,-40.9793434413605,3.50000000000003));
#4552=CARTESIAN_POINT('',(-55.4745717053692,-38.9793434413605,3.50000000000002));
#4553=CARTESIAN_POINT('',(-55.4745717053692,-64.9931717206803,3.50000000000003));
#4554=CARTESIAN_POINT('Origin',(-54.9660717053692,-38.9793434413605,3.50000000000002));
#4555=CARTESIAN_POINT('Origin',(-55.4660717053692,-64.9931717206803,14.5));
#4556=CARTESIAN_POINT('',(-55.9745717053692,-40.9793434413605,14.5));
#4557=CARTESIAN_POINT('Origin',(-55.4660717053692,-40.9793434413605,14.5));
#4558=CARTESIAN_POINT('',(-55.9745717053692,-38.9793434413605,14.5));
#4559=CARTESIAN_POINT('',(-55.9745717053692,-64.9931717206803,14.5));
#4560=CARTESIAN_POINT('Origin',(-55.4660717053692,-38.9793434413605,14.5));
#4561=CARTESIAN_POINT('Origin',(-56.5,-39.9793434413605,9.00000000000002));
#4562=CARTESIAN_POINT('',(-56.5,-40.9793434413605,18.));
#4563=CARTESIAN_POINT('',(-56.5,-38.9793434413605,18.));
#4564=CARTESIAN_POINT('',(-56.5,-39.9793434413605,18.));
#4565=CARTESIAN_POINT('',(-56.5,-38.9793434413605,1.95399252334028E-14));
#4566=CARTESIAN_POINT('',(-56.5,-38.9793434413605,9.00000000000002));
#4567=CARTESIAN_POINT('',(-56.5,-40.9793434413605,1.95399252334028E-14));
#4568=CARTESIAN_POINT('',(-56.5,-39.9793434413605,1.95399252334028E-14));
#4569=CARTESIAN_POINT('',(-56.5,-40.9793434413605,9.00000000000002));
#4570=CARTESIAN_POINT('Origin',(-36.5,-39.9793434413605,9.00000000000002));
#4571=CARTESIAN_POINT('',(-36.5,-38.9793434413605,18.));
#4572=CARTESIAN_POINT('',(-36.5,-40.9793434413605,18.));
#4573=CARTESIAN_POINT('',(-36.5,-39.9793434413605,18.));
#4574=CARTESIAN_POINT('',(-36.5,-40.9793434413605,1.59872115546023E-14));
#4575=CARTESIAN_POINT('',(-36.5,-40.9793434413605,9.00000000000002));
#4576=CARTESIAN_POINT('',(-36.5,-38.9793434413605,1.59872115546023E-14));
#4577=CARTESIAN_POINT('',(-36.5,-39.9793434413605,1.59872115546023E-14));
#4578=CARTESIAN_POINT('',(-36.5,-38.9793434413605,9.00000000000002));
#4579=CARTESIAN_POINT('Origin',(-46.5,-40.9793434413605,9.00000000000002));
#4580=CARTESIAN_POINT('',(-46.5,-40.9793434413605,1.77635683940025E-14));
#4581=CARTESIAN_POINT('',(-46.5,-40.9793434413605,18.));
#4582=CARTESIAN_POINT('Origin',(-46.5,-39.9793434413605,1.77635683940025E-14));
#4583=CARTESIAN_POINT('',(-46.5,-38.9793434413605,1.77635683940025E-14));
#4584=CARTESIAN_POINT('Origin',(-46.5,-38.9793434413605,9.00000000000002));
#4585=CARTESIAN_POINT('',(-46.5,-38.9793434413605,18.));
#4586=CARTESIAN_POINT('Origin',(-46.5,-39.9793434413605,18.));
#4587=CARTESIAN_POINT('Origin',(-23.6750853697564,27.6876096193751,18.));
#4588=CARTESIAN_POINT('',(-14.1298327331048,27.6876096193751,19.0054997406006));
#4589=CARTESIAN_POINT('',(-14.7433434285489,27.6876096193751,19.0054997406006));
#4590=CARTESIAN_POINT('',(-35.5988168500507,27.6876096193751,19.0054997406006));
#4591=CARTESIAN_POINT('',(-14.1298327331048,27.6876096193751,20.9969997406006));
#4592=CARTESIAN_POINT('',(-14.1298327331048,27.6876096193751,18.));
#4593=CARTESIAN_POINT('',(-14.7433434285489,27.6876096193751,20.9969997406006));
#4594=CARTESIAN_POINT('',(-24.5988168500507,27.6876096193751,20.9969997406006));
#4595=CARTESIAN_POINT('',(-14.7433434285489,27.6876096193751,18.));
#4596=CARTESIAN_POINT('Origin',(-17.3940042302926,22.548607142523,18.));
#4597=CARTESIAN_POINT('',(-19.8997312144937,17.6905969551566,19.0054997406006));
#4598=CARTESIAN_POINT('',(-24.4409684717337,8.8862152335963,19.0054997406006));
#4599=CARTESIAN_POINT('',(-19.8997312144937,17.6905969551566,20.9969997406006));
#4600=CARTESIAN_POINT('',(-22.5368676098829,12.5778150938237,20.9969997406006));
#4601=CARTESIAN_POINT('',(-19.8997312144937,17.6905969551566,18.));
#4602=CARTESIAN_POINT('Origin',(-25.9423252677468,17.6905969551566,18.));
#4603=CARTESIAN_POINT('',(-19.2862205190496,17.6905969551566,19.0054997406006));
#4604=CARTESIAN_POINT('',(-36.7324367990459,17.6905969551566,19.0054997406006));
#4605=CARTESIAN_POINT('',(-19.2862205190496,17.6905969551566,20.9969997406006));
#4606=CARTESIAN_POINT('',(-25.7324367990459,17.6905969551566,20.9969997406006));
#4607=CARTESIAN_POINT('',(-19.2862205190496,17.6905969551566,18.));
#4608=CARTESIAN_POINT('Origin',(-16.8703400960311,22.3744159747395,18.));
#4609=CARTESIAN_POINT('',(-23.9368416936696,8.6741457670038,19.0054997406006));
#4610=CARTESIAN_POINT('',(-22.0327408318188,12.3657456272312,20.9969997406006));
#4611=CARTESIAN_POINT('Origin',(-27.0913685118919,22.3744159747395,18.));
#4612=CARTESIAN_POINT('',(-29.5072489349104,17.6905969551566,19.0054997406006));
#4613=CARTESIAN_POINT('',(-24.3508611489655,27.6876096193751,19.0054997406006));
#4614=CARTESIAN_POINT('',(-33.0839621805988,10.7561984774297,19.0054997406006));
#4615=CARTESIAN_POINT('',(-29.5072489349104,17.6905969551566,20.9969997406006));
#4616=CARTESIAN_POINT('',(-29.5072489349104,17.6905969551566,18.));
#4617=CARTESIAN_POINT('',(-24.3508611489655,27.6876096193751,20.9969997406006));
#4618=CARTESIAN_POINT('',(-31.179861318748,14.447798337657,20.9969997406006));
#4619=CARTESIAN_POINT('',(-24.3508611489655,27.6876096193751,18.));
#4620=CARTESIAN_POINT('Origin',(-23.6750853697564,27.6876096193751,18.));
#4621=CARTESIAN_POINT('',(-24.9643718444097,27.6876096193751,19.0054997406006));
#4622=CARTESIAN_POINT('',(-35.5988168500507,27.6876096193751,19.0054997406006));
#4623=CARTESIAN_POINT('',(-24.9643718444097,27.6876096193751,20.9969997406006));
#4624=CARTESIAN_POINT('',(-24.5988168500507,27.6876096193751,20.9969997406006));
#4625=CARTESIAN_POINT('',(-24.9643718444097,27.6876096193751,18.));
#4626=CARTESIAN_POINT('Origin',(-27.6150326461534,22.548607142523,18.));
#4627=CARTESIAN_POINT('',(-30.1207596303545,17.6905969551566,19.0054997406006));
#4628=CARTESIAN_POINT('',(-33.588088958663,10.9682679440222,19.0054997406006));
#4629=CARTESIAN_POINT('',(-30.1207596303545,17.6905969551566,20.9969997406006));
#4630=CARTESIAN_POINT('',(-31.6839880968122,14.6598678042495,20.9969997406006));
#4631=CARTESIAN_POINT('',(-30.1207596303545,17.6905969551566,18.));
#4632=CARTESIAN_POINT('Origin',(-25.9423252677468,17.6905969551566,18.));
#4633=CARTESIAN_POINT('',(-36.7324367990459,17.6905969551566,19.0054997406006));
#4634=CARTESIAN_POINT('',(-25.7324367990459,17.6905969551566,20.9969997406006));
#4635=CARTESIAN_POINT('Origin',(-25.9423252677468,17.6905969551566,18.));
#4636=CARTESIAN_POINT('',(-33.5277691023081,17.6905969551566,19.0054997406006));
#4637=CARTESIAN_POINT('',(-32.914258406864,17.6905969551566,19.0054997406006));
#4638=CARTESIAN_POINT('',(-36.7324367990459,17.6905969551566,19.0054997406006));
#4639=CARTESIAN_POINT('',(-33.5277691023081,17.6905969551566,20.9969997406006));
#4640=CARTESIAN_POINT('',(-33.5277691023081,17.6905969551566,18.));
#4641=CARTESIAN_POINT('',(-32.914258406864,17.6905969551566,20.9969997406006));
#4642=CARTESIAN_POINT('',(-25.7324367990459,17.6905969551566,20.9969997406006));
#4643=CARTESIAN_POINT('',(-32.914258406864,17.6905969551566,18.));
#4644=CARTESIAN_POINT('Origin',(-30.4983779838455,22.3744159747395,18.));
#4645=CARTESIAN_POINT('',(-27.7578706209191,27.6876096193751,19.0054997406006));
#4646=CARTESIAN_POINT('',(-36.1330023429086,11.4502160475716,19.0054997406006));
#4647=CARTESIAN_POINT('',(-27.7578706209191,27.6876096193751,20.9969997406006));
#4648=CARTESIAN_POINT('',(-34.2289014810578,15.141815907799,20.9969997406006));
#4649=CARTESIAN_POINT('',(-27.7578706209191,27.6876096193751,18.));
#4650=CARTESIAN_POINT('Origin',(-23.6750853697564,27.6876096193751,18.));
#4651=CARTESIAN_POINT('',(-28.3713813163633,27.6876096193751,19.0054997406006));
#4652=CARTESIAN_POINT('',(-35.5988168500507,27.6876096193751,19.0054997406006));
#4653=CARTESIAN_POINT('',(-28.3713813163633,27.6876096193751,20.9969997406006));
#4654=CARTESIAN_POINT('',(-24.5988168500507,27.6876096193751,20.9969997406006));
#4655=CARTESIAN_POINT('',(-28.3713813163633,27.6876096193751,18.));
#4656=CARTESIAN_POINT('Origin',(-31.022042118107,22.548607142523,18.));
#4657=CARTESIAN_POINT('',(-36.6371291209727,11.6622855141641,19.0054997406006));
#4658=CARTESIAN_POINT('',(-34.7330282591219,15.3538853743915,20.9969997406006));
#4659=CARTESIAN_POINT('Origin',(-25.9423252677468,17.6905969551566,18.));
#4660=CARTESIAN_POINT('',(-23.3067406864473,17.6905969551566,19.0054997406006));
#4661=CARTESIAN_POINT('',(-22.6932299910032,17.6905969551566,19.0054997406006));
#4662=CARTESIAN_POINT('',(-36.7324367990459,17.6905969551566,19.0054997406006));
#4663=CARTESIAN_POINT('',(-23.3067406864473,17.6905969551566,20.9969997406006));
#4664=CARTESIAN_POINT('',(-23.3067406864473,17.6905969551566,18.));
#4665=CARTESIAN_POINT('',(-22.6932299910032,17.6905969551566,20.9969997406006));
#4666=CARTESIAN_POINT('',(-25.7324367990459,17.6905969551566,20.9969997406006));
#4667=CARTESIAN_POINT('',(-22.6932299910032,17.6905969551566,18.));
#4668=CARTESIAN_POINT('Origin',(-20.2773495679847,22.3744159747395,18.));
#4669=CARTESIAN_POINT('',(-17.5368422050584,27.6876096193751,19.0054997406006));
#4670=CARTESIAN_POINT('',(-26.9858818559793,9.36816333714576,19.0054997406006));
#4671=CARTESIAN_POINT('',(-17.5368422050584,27.6876096193751,20.9969997406006));
#4672=CARTESIAN_POINT('',(-25.0817809941285,13.0597631973731,20.9969997406006));
#4673=CARTESIAN_POINT('',(-17.5368422050584,27.6876096193751,18.));
#4674=CARTESIAN_POINT('Origin',(-23.6750853697564,27.6876096193751,18.));
#4675=CARTESIAN_POINT('',(-18.1503529005025,27.6876096193751,19.0054997406006));
#4676=CARTESIAN_POINT('',(-35.5988168500507,27.6876096193751,19.0054997406006));
#4677=CARTESIAN_POINT('',(-18.1503529005025,27.6876096193751,20.9969997406006));
#4678=CARTESIAN_POINT('',(-24.5988168500507,27.6876096193751,20.9969997406006));
#4679=CARTESIAN_POINT('',(-18.1503529005025,27.6876096193751,18.));
#4680=CARTESIAN_POINT('Origin',(-20.8010137022462,22.548607142523,18.));
#4681=CARTESIAN_POINT('',(-27.4900086340435,9.58023280373826,19.0054997406006));
#4682=CARTESIAN_POINT('',(-25.5859077721927,13.2718326639656,20.9969997406006));
#4683=CARTESIAN_POINT('Origin',(-25.9423252677468,17.6905969551566,18.));
#4684=CARTESIAN_POINT('',(-26.7137501584009,17.6905969551566,19.0054997406006));
#4685=CARTESIAN_POINT('',(-26.1002394629568,17.6905969551566,19.0054997406006));
#4686=CARTESIAN_POINT('',(-36.7324367990459,17.6905969551566,19.0054997406006));
#4687=CARTESIAN_POINT('',(-26.7137501584009,17.6905969551566,20.9969997406006));
#4688=CARTESIAN_POINT('',(-26.7137501584009,17.6905969551566,18.));
#4689=CARTESIAN_POINT('',(-26.1002394629568,17.6905969551566,20.9969997406006));
#4690=CARTESIAN_POINT('',(-25.7324367990459,17.6905969551566,20.9969997406006));
#4691=CARTESIAN_POINT('',(-26.1002394629568,17.6905969551566,18.));
#4692=CARTESIAN_POINT('Origin',(-23.6843590399383,22.3744159747395,18.));
#4693=CARTESIAN_POINT('',(-20.9438516770119,27.6876096193751,19.0054997406006));
#4694=CARTESIAN_POINT('',(-30.0349220182891,10.0621809072877,19.0054997406006));
#4695=CARTESIAN_POINT('',(-20.9438516770119,27.6876096193751,20.9969997406006));
#4696=CARTESIAN_POINT('',(-28.1308211564383,13.7537807675151,20.9969997406006));
#4697=CARTESIAN_POINT('',(-20.9438516770119,27.6876096193751,18.));
#4698=CARTESIAN_POINT('Origin',(-23.6750853697564,27.6876096193751,18.));
#4699=CARTESIAN_POINT('',(-21.5573623724561,27.6876096193751,19.0054997406006));
#4700=CARTESIAN_POINT('',(-35.5988168500507,27.6876096193751,19.0054997406006));
#4701=CARTESIAN_POINT('',(-21.5573623724561,27.6876096193751,20.9969997406006));
#4702=CARTESIAN_POINT('',(-24.5988168500507,27.6876096193751,20.9969997406006));
#4703=CARTESIAN_POINT('',(-21.5573623724561,27.6876096193751,18.));
#4704=CARTESIAN_POINT('Origin',(-24.2080231741998,22.548607142523,18.));
#4705=CARTESIAN_POINT('',(-30.5390487963532,10.2742503738802,19.0054997406006));
#4706=CARTESIAN_POINT('',(-28.6349479345024,13.9658502341076,20.9969997406006));
#4707=CARTESIAN_POINT('Origin',(-40.8697398344781,27.6876096193751,18.));
#4708=CARTESIAN_POINT('',(-31.3244871978264,27.6876096193751,19.0054997406006));
#4709=CARTESIAN_POINT('',(-31.9379978932706,27.6876096193751,19.0054997406006));
#4710=CARTESIAN_POINT('',(-44.1961440824115,27.6876096193751,19.0054997406006));
#4711=CARTESIAN_POINT('',(-31.3244871978264,27.6876096193751,20.9969997406006));
#4712=CARTESIAN_POINT('',(-31.3244871978264,27.6876096193751,18.));
#4713=CARTESIAN_POINT('',(-31.9379978932706,27.6876096193751,20.9969997406006));
#4714=CARTESIAN_POINT('',(-33.1961440824115,27.6876096193751,20.9969997406006));
#4715=CARTESIAN_POINT('',(-31.9379978932706,27.6876096193751,18.));
#4716=CARTESIAN_POINT('Origin',(-34.5886586950143,22.548607142523,18.));
#4717=CARTESIAN_POINT('',(-37.0943856792154,17.6905969551566,19.0054997406006));
#4718=CARTESIAN_POINT('',(-39.8290067121772,12.3888155079049,19.0054997406006));
#4719=CARTESIAN_POINT('',(-37.0943856792154,17.6905969551566,20.9969997406006));
#4720=CARTESIAN_POINT('',(-37.9249058503264,16.0804153681323,20.9969997406006));
#4721=CARTESIAN_POINT('',(-37.0943856792154,17.6905969551566,18.));
#4722=CARTESIAN_POINT('Origin',(-43.1369797324685,17.6905969551566,18.));
#4723=CARTESIAN_POINT('',(-36.4808749837713,17.6905969551566,19.0054997406006));
#4724=CARTESIAN_POINT('',(-45.3297640314067,17.6905969551566,19.0054997406006));
#4725=CARTESIAN_POINT('',(-36.4808749837713,17.6905969551566,20.9969997406006));
#4726=CARTESIAN_POINT('',(-34.3297640314067,17.6905969551566,20.9969997406006));
#4727=CARTESIAN_POINT('',(-36.4808749837713,17.6905969551566,18.));
#4728=CARTESIAN_POINT('Origin',(-34.0649945607528,22.3744159747395,18.));
#4729=CARTESIAN_POINT('',(-39.3248799341131,12.1767460413124,19.0054997406006));
#4730=CARTESIAN_POINT('',(-37.4207790722622,15.8683459015398,20.9969997406006));
#4731=CARTESIAN_POINT('Origin',(-44.2860229766136,22.3744159747395,18.));
#4732=CARTESIAN_POINT('',(-46.7019033996321,17.6905969551566,19.0054997406006));
#4733=CARTESIAN_POINT('',(-41.5455156136872,27.6876096193751,19.0054997406006));
#4734=CARTESIAN_POINT('',(-48.4720004210423,14.2587987517383,19.0054997406006));
#4735=CARTESIAN_POINT('',(-46.7019033996321,17.6905969551566,20.9969997406006));
#4736=CARTESIAN_POINT('',(-46.7019033996321,17.6905969551566,18.));
#4737=CARTESIAN_POINT('',(-41.5455156136872,27.6876096193751,20.9969997406006));
#4738=CARTESIAN_POINT('',(-46.5678995591915,17.9503986119656,20.9969997406006));
#4739=CARTESIAN_POINT('',(-41.5455156136872,27.6876096193751,18.));
#4740=CARTESIAN_POINT('Origin',(-40.8697398344781,27.6876096193751,18.));
#4741=CARTESIAN_POINT('',(-42.1590263091313,27.6876096193751,19.0054997406006));
#4742=CARTESIAN_POINT('',(-44.1961440824115,27.6876096193751,19.0054997406006));
#4743=CARTESIAN_POINT('',(-42.1590263091313,27.6876096193751,20.9969997406006));
#4744=CARTESIAN_POINT('',(-33.1961440824115,27.6876096193751,20.9969997406006));
#4745=CARTESIAN_POINT('',(-42.1590263091313,27.6876096193751,18.));
#4746=CARTESIAN_POINT('Origin',(-44.8096871108751,22.548607142523,18.));
#4747=CARTESIAN_POINT('',(-47.3154140950762,17.6905969551566,19.0054997406006));
#4748=CARTESIAN_POINT('',(-48.9761271991064,14.4708682183308,19.0054997406006));
#4749=CARTESIAN_POINT('',(-47.3154140950762,17.6905969551566,20.9969997406006));
#4750=CARTESIAN_POINT('',(-47.0720263372556,18.1624680785581,20.9969997406006));
#4751=CARTESIAN_POINT('',(-47.3154140950762,17.6905969551566,18.));
#4752=CARTESIAN_POINT('Origin',(-43.1369797324685,17.6905969551566,18.));
#4753=CARTESIAN_POINT('',(-45.3297640314067,17.6905969551566,19.0054997406006));
#4754=CARTESIAN_POINT('',(-34.3297640314067,17.6905969551566,20.9969997406006));
#4755=CARTESIAN_POINT('Origin',(-48.2166965828287,22.548607142523,18.));
#4756=CARTESIAN_POINT('',(-50.7224235670298,17.6905969551566,20.9969997406006));
#4757=CARTESIAN_POINT('',(-45.5660357810849,27.6876096193751,20.9969997406006));
#4758=CARTESIAN_POINT('',(-50.1210664995654,18.8564856487001,20.9969997406006));
#4759=CARTESIAN_POINT('',(-50.7224235670298,17.6905969551566,18.0054994722529));
#4760=CARTESIAN_POINT('',(-50.7224235670298,17.6905969551566,18.));
#4761=CARTESIAN_POINT('',(-47.5310483303449,23.8779164473746,18.0054994722529));
#4762=CARTESIAN_POINT('',(-44.7936830692645,29.1850183019335,18.0054994722528));
#4763=CARTESIAN_POINT('',(-47.5310483303449,23.8779164473746,19.0054997406006));
#4764=CARTESIAN_POINT('',(-47.5310483303449,23.8779164473746,14.4984998703003));
#4765=CARTESIAN_POINT('',(-45.5660357810849,27.6876096193751,19.0054997406006));
#4766=CARTESIAN_POINT('',(-52.0251673614162,15.1648857884728,19.0054997406006));
#4767=CARTESIAN_POINT('',(-45.5660357810849,27.6876096193751,18.));
#4768=CARTESIAN_POINT('Origin',(-43.1369797324685,17.6905969551566,18.));
#4769=CARTESIAN_POINT('',(-50.1089128715857,17.6905969551566,20.9969997406006));
#4770=CARTESIAN_POINT('',(-34.3297640314067,17.6905969551566,20.9969997406006));
#4771=CARTESIAN_POINT('',(-50.1089128715857,17.6905969551566,18.0054994722529));
#4772=CARTESIAN_POINT('',(-50.1089128715857,17.6905969551566,18.));
#4773=CARTESIAN_POINT('',(-21.5797640314067,17.6905969551566,18.0054994722529));
#4774=CARTESIAN_POINT('Origin',(-40.8697398344781,27.6876096193751,18.));
#4775=CARTESIAN_POINT('',(-44.9525250856408,27.6876096193751,20.9969997406006));
#4776=CARTESIAN_POINT('',(-33.1961440824115,27.6876096193751,20.9969997406006));
#4777=CARTESIAN_POINT('',(-44.9525250856408,27.6876096193751,19.0054997406006));
#4778=CARTESIAN_POINT('',(-44.1961440824115,27.6876096193751,19.0054997406006));
#4779=CARTESIAN_POINT('',(-44.9525250856408,27.6876096193751,18.));
#4780=CARTESIAN_POINT('Origin',(-47.6930324485671,22.3744159747395,18.));
#4781=CARTESIAN_POINT('',(-49.6169397215012,18.6444161821076,20.9969997406006));
#4782=CARTESIAN_POINT('',(-47.5310483303449,22.6884647523903,19.0054997406006));
#4783=CARTESIAN_POINT('',(-51.521040583352,14.9528163218802,19.0054997406006));
#4784=CARTESIAN_POINT('',(-47.5310483303449,22.6884647523903,18.0054994722529));
#4785=CARTESIAN_POINT('',(-47.5310483303449,22.6884647523903,14.4984998703003));
#4786=CARTESIAN_POINT('',(-44.2895562912004,28.972948835341,18.0054994722528));
#4787=CARTESIAN_POINT('Origin',(-43.1369797324685,17.6905969551566,18.));
#4788=CARTESIAN_POINT('',(-40.501395151169,17.6905969551566,19.0054997406006));
#4789=CARTESIAN_POINT('',(-39.8878844557249,17.6905969551566,19.0054997406006));
#4790=CARTESIAN_POINT('',(-45.3297640314067,17.6905969551566,19.0054997406006));
#4791=CARTESIAN_POINT('',(-40.501395151169,17.6905969551566,20.9969997406006));
#4792=CARTESIAN_POINT('',(-40.501395151169,17.6905969551566,18.));
#4793=CARTESIAN_POINT('',(-39.8878844557249,17.6905969551566,20.9969997406006));
#4794=CARTESIAN_POINT('',(-34.3297640314067,17.6905969551566,20.9969997406006));
#4795=CARTESIAN_POINT('',(-39.8878844557249,17.6905969551566,18.));
#4796=CARTESIAN_POINT('Origin',(-37.4720040327064,22.3744159747395,18.));
#4797=CARTESIAN_POINT('',(-34.73149666978,27.6876096193751,19.0054997406006));
#4798=CARTESIAN_POINT('',(-42.3739200964228,12.8707636114544,19.0054997406006));
#4799=CARTESIAN_POINT('',(-34.73149666978,27.6876096193751,20.9969997406006));
#4800=CARTESIAN_POINT('',(-40.469819234572,16.5623634716817,20.9969997406006));
#4801=CARTESIAN_POINT('',(-34.73149666978,27.6876096193751,18.));
#4802=CARTESIAN_POINT('Origin',(-40.8697398344781,27.6876096193751,18.));
#4803=CARTESIAN_POINT('',(-35.3450073652242,27.6876096193751,19.0054997406006));
#4804=CARTESIAN_POINT('',(-44.1961440824115,27.6876096193751,19.0054997406006));
#4805=CARTESIAN_POINT('',(-35.3450073652242,27.6876096193751,20.9969997406006));
#4806=CARTESIAN_POINT('',(-33.1961440824115,27.6876096193751,20.9969997406006));
#4807=CARTESIAN_POINT('',(-35.3450073652242,27.6876096193751,18.));
#4808=CARTESIAN_POINT('Origin',(-37.9956681669679,22.548607142523,18.));
#4809=CARTESIAN_POINT('',(-42.8780468744869,13.0828330780469,19.0054997406006));
#4810=CARTESIAN_POINT('',(-40.9739460126361,16.7744329382742,20.9969997406006));
#4811=CARTESIAN_POINT('Origin',(-43.1369797324685,17.6905969551566,18.));
#4812=CARTESIAN_POINT('',(-43.9084046231226,17.6905969551566,19.0054997406006));
#4813=CARTESIAN_POINT('',(-43.2948939276785,17.6905969551566,19.0054997406006));
#4814=CARTESIAN_POINT('',(-45.3297640314067,17.6905969551566,19.0054997406006));
#4815=CARTESIAN_POINT('',(-43.9084046231226,17.6905969551566,20.9969997406006));
#4816=CARTESIAN_POINT('',(-43.9084046231226,17.6905969551566,18.));
#4817=CARTESIAN_POINT('',(-43.2948939276785,17.6905969551566,20.9969997406006));
#4818=CARTESIAN_POINT('',(-34.3297640314067,17.6905969551566,20.9969997406006));
#4819=CARTESIAN_POINT('',(-43.2948939276785,17.6905969551566,18.));
#4820=CARTESIAN_POINT('Origin',(-40.87901350466,22.3744159747395,18.));
#4821=CARTESIAN_POINT('',(-38.1385061417336,27.6876096193751,19.0054997406006));
#4822=CARTESIAN_POINT('',(-45.4229602587325,13.5647811815963,19.0054997406006));
#4823=CARTESIAN_POINT('',(-38.1385061417336,27.6876096193751,20.9969997406006));
#4824=CARTESIAN_POINT('',(-43.5188593968817,17.2563810418237,20.9969997406006));
#4825=CARTESIAN_POINT('',(-38.1385061417336,27.6876096193751,18.));
#4826=CARTESIAN_POINT('Origin',(-40.8697398344781,27.6876096193751,18.));
#4827=CARTESIAN_POINT('',(-38.7520168371777,27.6876096193751,19.0054997406006));
#4828=CARTESIAN_POINT('',(-44.1961440824115,27.6876096193751,19.0054997406006));
#4829=CARTESIAN_POINT('',(-38.7520168371777,27.6876096193751,20.9969997406006));
#4830=CARTESIAN_POINT('',(-33.1961440824115,27.6876096193751,20.9969997406006));
#4831=CARTESIAN_POINT('',(-38.7520168371777,27.6876096193751,18.));
#4832=CARTESIAN_POINT('Origin',(-41.4026776389215,22.548607142523,18.));
#4833=CARTESIAN_POINT('',(-45.9270870367967,13.7768506481888,19.0054997406006));
#4834=CARTESIAN_POINT('',(-44.0229861749459,17.4684505084162,20.9969997406006));
#4835=CARTESIAN_POINT('Origin',(-0.0225483303449607,14.4943636248363,18.0054994722529));
#4836=CARTESIAN_POINT('',(-14.022548330345,12.9943636248363,18.0054994722529));
#4837=CARTESIAN_POINT('',(61.9774516696552,12.9943636248363,18.0054994722529));
#4838=CARTESIAN_POINT('',(3.22745166965505,12.9943636248363,18.0054994722529));
#4839=CARTESIAN_POINT('',(-14.022548330345,-10.0056363751637,18.0054994722529));
#4840=CARTESIAN_POINT('',(-14.022548330345,7.99436362483632,18.0054994722529));
#4841=CARTESIAN_POINT('',(-37.022548330345,-10.0056363751637,18.0054994722529));
#4842=CARTESIAN_POINT('',(-12.772548330345,-10.0056363751637,18.0054994722529));
#4843=CARTESIAN_POINT('',(-37.022548330345,-41.0056363751637,18.005499472253));
#4844=CARTESIAN_POINT('',(-37.022548330345,5.24436362483632,18.0054994722529));
#4845=CARTESIAN_POINT('',(-57.022548330345,-41.0056363751637,18.005499472253));
#4846=CARTESIAN_POINT('',(-23.522548330345,-41.0056363751637,18.005499472253));
#4847=CARTESIAN_POINT('',(-57.022548330345,32.9943636248363,18.0054994722528));
#4848=CARTESIAN_POINT('',(-57.022548330345,5.24436362483632,18.0054994722529));
#4849=CARTESIAN_POINT('',(61.9774516696552,32.9943636248363,18.0054994722528));
#4850=CARTESIAN_POINT('',(3.22745166965504,32.9943636248363,18.0054994722528));
#4851=CARTESIAN_POINT('',(61.9774516696552,18.7443636248363,18.0054994722529));
#4852=CARTESIAN_POINT('',(-16.6936980615544,-7.37771536892,18.0054994722529));
#4853=CARTESIAN_POINT('',(-36.7106980615544,-7.37771536892,18.0054994722529));
#4854=CARTESIAN_POINT('',(-13.3623731959497,-7.37771536892,18.0054994722529));
#4855=CARTESIAN_POINT('',(-16.6936980615544,12.63928463108,18.0054994722529));
#4856=CARTESIAN_POINT('',(-16.6936980615544,8.56257412795816,18.0054994722529));
#4857=CARTESIAN_POINT('',(-36.7106980615544,12.63928463108,18.0054994722529));
#4858=CARTESIAN_POINT('',(-13.3623731959497,12.63928463108,18.0054994722529));
#4859=CARTESIAN_POINT('',(-36.7106980615544,8.56257412795816,18.0054994722529));
#4860=CARTESIAN_POINT('',(-47.5310483303449,15.0028636248363,18.0054994722529));
#4861=CARTESIAN_POINT('',(-47.5310483303449,18.7443636248363,18.0054994722529));
#4862=CARTESIAN_POINT('',(-53.031048330345,15.0028636248363,18.0054994722529));
#4863=CARTESIAN_POINT('',(-23.772548330345,15.0028636248363,18.0054994722529));
#4864=CARTESIAN_POINT('',(-53.031048330345,-8.01413637516368,18.0054994722529));
#4865=CARTESIAN_POINT('',(-53.031048330345,8.99436362483632,18.0054994722529));
#4866=CARTESIAN_POINT('',(-42.014048330345,-8.01413637516368,18.0054994722529));
#4867=CARTESIAN_POINT('',(-23.772548330345,-8.01413637516368,18.0054994722529));
#4868=CARTESIAN_POINT('',(-42.014048330345,14.9858636248363,18.0054994722529));
#4869=CARTESIAN_POINT('',(-42.014048330345,8.99436362483632,18.0054994722529));
#4870=CARTESIAN_POINT('',(42.4859516696551,14.9858636248363,18.0054994722529));
#4871=CARTESIAN_POINT('',(-1.27254833034495,14.9858636248363,18.0054994722529));
#4872=CARTESIAN_POINT('',(42.4859516696551,31.0028636248363,18.0054994722528));
#4873=CARTESIAN_POINT('',(42.4859516696551,18.7443636248363,18.0054994722529));
#4874=CARTESIAN_POINT('',(-47.5310483303449,31.0028636248363,18.0054994722528));
#4875=CARTESIAN_POINT('',(-1.27254833034495,31.0028636248363,18.0054994722528));
#4876=CARTESIAN_POINT('',(-47.5310483303449,18.7443636248363,18.0054994722529));
#4877=CARTESIAN_POINT('',(-55.9971200357142,4.48903534551653,18.0054994722529));
#4878=CARTESIAN_POINT('Origin',(-54.9886200357142,4.48903534551653,18.0054994722529));
#4879=CARTESIAN_POINT('',(-55.9971200357142,28.4890353455165,18.0054994722529));
#4880=CARTESIAN_POINT('Origin',(-54.9886200357142,28.4890353455165,18.0054994722529));
#4881=CARTESIAN_POINT('',(55.0028799642858,29.4890353455165,18.0054994722529));
#4882=CARTESIAN_POINT('Origin',(56.0113799642858,29.4890353455165,18.0054994722529));
#4883=CARTESIAN_POINT('',(55.0028799642858,16.4890353455165,18.0054994722529));
#4884=CARTESIAN_POINT('Origin',(56.0113799642858,16.4890353455165,18.0054994722529));
#4885=CARTESIAN_POINT('Origin',(-47.5310483303449,22.9943636248363,10.9969997406006));
#4886=CARTESIAN_POINT('',(-47.5310483303449,15.0028636248363,19.0054997406006));
#4887=CARTESIAN_POINT('',(-47.5310483303449,22.9943636248363,19.0054997406006));
#4888=CARTESIAN_POINT('',(-47.5310483303449,15.0028636248363,10.9969997406006));
#4889=CARTESIAN_POINT('Origin',(-47.5310483303449,22.9943636248363,10.9969997406006));
#4890=CARTESIAN_POINT('',(-47.5310483303449,31.0028636248363,19.0054997406006));
#4891=CARTESIAN_POINT('',(-47.5310483303449,31.0028636248363,10.9969997406006));
#4892=CARTESIAN_POINT('',(-47.5310483303449,22.9943636248363,19.0054997406006));
#4893=CARTESIAN_POINT('Origin',(56.0113799642858,16.4890353455165,-4.00850000000001));
#4894=CARTESIAN_POINT('',(55.0028799642858,16.4890353455165,20.9969997406006));
#4895=CARTESIAN_POINT('',(55.0028799642858,16.4890353455165,-4.00850000000001));
#4896=CARTESIAN_POINT('Origin',(56.0113799642858,16.4890353455165,20.9969997406006));
#4897=CARTESIAN_POINT('Origin',(56.0113799642858,29.4890353455165,-1.00850000000001));
#4898=CARTESIAN_POINT('',(55.0028799642858,29.4890353455165,20.9969997406006));
#4899=CARTESIAN_POINT('',(55.0028799642858,29.4890353455165,-1.00850000000001));
#4900=CARTESIAN_POINT('Origin',(56.0113799642858,29.4890353455165,20.9969997406006));
#4901=CARTESIAN_POINT('Origin',(-54.9886200357142,28.4890353455165,-6.00850000000001));
#4902=CARTESIAN_POINT('',(-55.9971200357142,28.4890353455165,20.9969997406006));
#4903=CARTESIAN_POINT('',(-55.9971200357142,28.4890353455165,-6.00850000000001));
#4904=CARTESIAN_POINT('Origin',(-54.9886200357142,28.4890353455165,20.9969997406006));
#4905=CARTESIAN_POINT('Origin',(-54.9886200357142,4.48903534551653,-4.00850000000001));
#4906=CARTESIAN_POINT('',(-55.9971200357142,4.48903534551653,20.9969997406006));
#4907=CARTESIAN_POINT('',(-55.9971200357142,4.48903534551653,-4.00850000000001));
#4908=CARTESIAN_POINT('Origin',(-54.9886200357142,4.48903534551653,20.9969997406006));
#4909=CARTESIAN_POINT('Origin',(-42.014048330345,3.49436362483632,10.9969997406006));
#4910=CARTESIAN_POINT('',(-42.014048330345,-8.01413637516368,19.0054997406006));
#4911=CARTESIAN_POINT('',(-42.014048330345,-8.01413637516368,10.9969997406006));
#4912=CARTESIAN_POINT('',(-42.014048330345,14.9858636248363,19.0054997406006));
#4913=CARTESIAN_POINT('',(-42.014048330345,3.49436362483632,19.0054997406006));
#4914=CARTESIAN_POINT('',(-42.014048330345,14.9858636248363,10.9969997406006));
#4915=CARTESIAN_POINT('Origin',(-47.522548330345,-8.01413637516368,10.9969997406006));
#4916=CARTESIAN_POINT('',(-53.031048330345,-8.01413637516368,19.0054997406006));
#4917=CARTESIAN_POINT('',(-53.031048330345,-8.01413637516368,10.9969997406006));
#4918=CARTESIAN_POINT('',(-47.522548330345,-8.01413637516368,19.0054997406006));
#4919=CARTESIAN_POINT('Origin',(-53.031048330345,3.49436362483632,10.9969997406006));
#4920=CARTESIAN_POINT('',(-53.031048330345,15.0028636248363,19.0054997406006));
#4921=CARTESIAN_POINT('',(-53.031048330345,15.0028636248363,10.9969997406006));
#4922=CARTESIAN_POINT('',(-53.031048330345,3.49436362483632,19.0054997406006));
#4923=CARTESIAN_POINT('Origin',(-47.522548330345,15.0028636248363,10.9969997406006));
#4924=CARTESIAN_POINT('',(-47.522548330345,15.0028636248363,19.0054997406006));
#4925=CARTESIAN_POINT('Origin',(-26.7021980615544,12.63928463108,14.9969997406006));
#4926=CARTESIAN_POINT('',(-16.6936980615544,12.63928463108,20.9969997406006));
#4927=CARTESIAN_POINT('',(-16.6936980615544,12.63928463108,14.9969997406006));
#4928=CARTESIAN_POINT('',(-36.7106980615544,12.63928463108,20.9969997406006));
#4929=CARTESIAN_POINT('',(-26.1123731959497,12.63928463108,20.9969997406006));
#4930=CARTESIAN_POINT('',(-36.7106980615544,12.63928463108,14.9969997406006));
#4931=CARTESIAN_POINT('Origin',(-16.6936980615544,2.63078463108,14.9969997406006));
#4932=CARTESIAN_POINT('',(-16.6936980615544,-7.37771536892,20.9969997406006));
#4933=CARTESIAN_POINT('',(-16.6936980615544,-7.37771536892,14.9969997406006));
#4934=CARTESIAN_POINT('',(-16.6936980615544,2.06257412795816,20.9969997406006));
#4935=CARTESIAN_POINT('Origin',(-47.022548330345,-41.0056363751637,10.9969997406006));
#4936=CARTESIAN_POINT('',(-37.022548330345,-41.0056363751637,20.9969997406006));
#4937=CARTESIAN_POINT('',(-37.022548330345,-41.0056363751637,10.9969997406006));
#4938=CARTESIAN_POINT('',(-57.022548330345,-41.0056363751637,20.9969997406006));
#4939=CARTESIAN_POINT('',(-47.022548330345,-41.0056363751637,20.9969997406006));
#4940=CARTESIAN_POINT('',(-57.022548330345,-41.0056363751637,10.9969997406006));
#4941=CARTESIAN_POINT('Origin',(-37.022548330345,-4.00563637516368,10.9969997406006));
#4942=CARTESIAN_POINT('',(-37.022548330345,-10.0056363751637,20.9969997406006));
#4943=CARTESIAN_POINT('',(-37.022548330345,-10.0056363751637,10.9969997406006));
#4944=CARTESIAN_POINT('',(-37.022548330345,-4.00563637516368,20.9969997406006));
#4945=CARTESIAN_POINT('Origin',(-25.522548330345,-10.0056363751637,10.9969997406006));
#4946=CARTESIAN_POINT('',(-14.022548330345,-10.0056363751637,20.9969997406006));
#4947=CARTESIAN_POINT('',(-14.022548330345,-10.0056363751637,10.9969997406006));
#4948=CARTESIAN_POINT('',(-25.522548330345,-10.0056363751637,20.9969997406006));
#4949=CARTESIAN_POINT('Origin',(-14.022548330345,1.49436362483632,10.9969997406006));
#4950=CARTESIAN_POINT('',(-14.022548330345,12.9943636248363,20.9969997406006));
#4951=CARTESIAN_POINT('',(-14.022548330345,12.9943636248363,10.9969997406006));
#4952=CARTESIAN_POINT('',(-14.022548330345,1.49436362483632,20.9969997406006));
#4953=CARTESIAN_POINT('Origin',(-2.52254833034495,14.9858636248363,10.9969997406006));
#4954=CARTESIAN_POINT('',(42.4859516696551,14.9858636248363,19.0054997406006));
#4955=CARTESIAN_POINT('',(-2.52254833034494,14.9858636248363,19.0054997406006));
#4956=CARTESIAN_POINT('',(42.4859516696551,14.9858636248363,10.9969997406006));
#4957=CARTESIAN_POINT('Origin',(42.4859516696551,22.9943636248363,10.9969997406006));
#4958=CARTESIAN_POINT('',(42.4859516696551,31.0028636248363,19.0054997406006));
#4959=CARTESIAN_POINT('',(42.4859516696551,22.9943636248363,19.0054997406006));
#4960=CARTESIAN_POINT('',(42.4859516696551,31.0028636248363,10.9969997406006));
#4961=CARTESIAN_POINT('Origin',(-2.52254833034495,31.0028636248363,10.9969997406006));
#4962=CARTESIAN_POINT('',(-2.52254833034495,31.0028636248363,19.0054997406006));
#4963=CARTESIAN_POINT('Origin',(-47.522548330345,3.49436362483632,19.0054997406006));
#4964=CARTESIAN_POINT('Origin',(-26.7021980615544,-7.37771536892,14.9969997406006));
#4965=CARTESIAN_POINT('',(-36.7106980615544,-7.37771536892,20.9969997406006));
#4966=CARTESIAN_POINT('',(-36.7106980615544,-7.37771536892,14.9969997406006));
#4967=CARTESIAN_POINT('',(-26.1123731959497,-7.37771536892,20.9969997406006));
#4968=CARTESIAN_POINT('Origin',(-36.7106980615544,2.63078463108,14.9969997406006));
#4969=CARTESIAN_POINT('',(-36.7106980615544,2.06257412795816,20.9969997406006));
#4970=CARTESIAN_POINT('Origin',(-57.022548330345,-4.00563637516368,10.9969997406006));
#4971=CARTESIAN_POINT('',(-57.022548330345,32.9943636248363,20.9969997406006));
#4972=CARTESIAN_POINT('',(-57.022548330345,-4.00563637516368,20.9969997406006));
#4973=CARTESIAN_POINT('',(-57.022548330345,32.9943636248363,10.9969997406006));
#4974=CARTESIAN_POINT('Origin',(6.47745166965505,32.9943636248363,10.9969997406006));
#4975=CARTESIAN_POINT('',(61.9774516696552,32.9943636248363,20.9969997406006));
#4976=CARTESIAN_POINT('',(-47.022548330345,32.9943636248363,20.9969997406006));
#4977=CARTESIAN_POINT('',(61.9774516696552,32.9943636248363,10.9969997406006));
#4978=CARTESIAN_POINT('Origin',(-25.522548330345,1.49436362483632,20.9969997406006));
#4979=CARTESIAN_POINT('',(61.9774516696552,12.9943636248363,20.9969997406006));
#4980=CARTESIAN_POINT('',(6.47745166965505,12.9943636248363,20.9969997406006));
#4981=CARTESIAN_POINT('',(61.9774516696552,22.9943636248363,20.9969997406006));
#4982=CARTESIAN_POINT('Origin',(6.47745166965505,12.9943636248363,10.9969997406006));
#4983=CARTESIAN_POINT('',(61.9774516696552,12.9943636248363,10.9969997406006));
#4984=CARTESIAN_POINT('Origin',(61.9774516696552,22.9943636248363,10.9969997406006));
#4985=CARTESIAN_POINT('Ctrl Pts',(16.568019742088,18.7194345235148,20.1470588235294));
#4986=CARTESIAN_POINT('Ctrl Pts',(16.568019742088,18.7194345235148,20.9313725490196));
#4987=CARTESIAN_POINT('Ctrl Pts',(16.568019742088,18.7194345235148,21.7156862745098));
#4988=CARTESIAN_POINT('Ctrl Pts',(16.568019742088,18.7194345235148,22.5));
#4989=CARTESIAN_POINT('Ctrl Pts',(16.4595348942387,18.7194345235148,20.1470588235294));
#4990=CARTESIAN_POINT('Ctrl Pts',(16.4595348942387,18.7194345235148,20.9313725490196));
#4991=CARTESIAN_POINT('Ctrl Pts',(16.4595348942387,18.7194345235148,21.7156862745098));
#4992=CARTESIAN_POINT('Ctrl Pts',(16.4595348942387,18.7194345235148,22.5));
#4993=CARTESIAN_POINT('Ctrl Pts',(16.3623505513737,18.7299084571555,20.1470588235294));
#4994=CARTESIAN_POINT('Ctrl Pts',(16.3623505513737,18.7299084571555,20.9313725490196));
#4995=CARTESIAN_POINT('Ctrl Pts',(16.3623505513737,18.7299084571555,21.7156862745098));
#4996=CARTESIAN_POINT('Ctrl Pts',(16.3623505513737,18.7299084571555,22.5));
#4997=CARTESIAN_POINT('Ctrl Pts',(16.1905828756122,18.7718041917184,20.1470588235294));
#4998=CARTESIAN_POINT('Ctrl Pts',(16.1905828756122,18.7718041917184,20.9313725490196));
#4999=CARTESIAN_POINT('Ctrl Pts',(16.1905828756122,18.7718041917184,21.7156862745098));
#5000=CARTESIAN_POINT('Ctrl Pts',(16.1905828756122,18.7718041917184,22.5));
#5001=CARTESIAN_POINT('Ctrl Pts',(16.1123467326534,18.805686602748,20.1470588235294));
#5002=CARTESIAN_POINT('Ctrl Pts',(16.1123467326534,18.805686602748,20.9313725490196));
#5003=CARTESIAN_POINT('Ctrl Pts',(16.1123467326534,18.805686602748,21.7156862745098));
#5004=CARTESIAN_POINT('Ctrl Pts',(16.1123467326534,18.805686602748,22.5));
#5005=CARTESIAN_POINT('Ctrl Pts',(15.9939540888853,18.9463697523971,20.1470588235294));
#5006=CARTESIAN_POINT('Ctrl Pts',(15.9939540888853,18.9463697523971,20.9313725490196));
#5007=CARTESIAN_POINT('Ctrl Pts',(15.9939540888853,18.9463697523971,21.7156862745098));
#5008=CARTESIAN_POINT('Ctrl Pts',(15.9939540888853,18.9463697523971,22.5));
#5009=CARTESIAN_POINT('Ctrl Pts',(15.9487520689481,19.0441264663771,20.1470588235294));
#5010=CARTESIAN_POINT('Ctrl Pts',(15.9487520689481,19.0441264663771,20.9313725490196));
#5011=CARTESIAN_POINT('Ctrl Pts',(15.9487520689481,19.0441264663771,21.7156862745098));
#5012=CARTESIAN_POINT('Ctrl Pts',(15.9487520689481,19.0441264663771,22.5));
#5013=CARTESIAN_POINT('Ctrl Pts',(15.885469241036,19.2955008737544,20.1470588235294));
#5014=CARTESIAN_POINT('Ctrl Pts',(15.885469241036,19.2955008737544,20.9313725490196));
#5015=CARTESIAN_POINT('Ctrl Pts',(15.885469241036,19.2955008737544,21.7156862745098));
#5016=CARTESIAN_POINT('Ctrl Pts',(15.885469241036,19.2955008737544,22.5));
#5017=CARTESIAN_POINT('Ctrl Pts',(15.869648534058,19.4595925007924,20.1470588235294));
#5018=CARTESIAN_POINT('Ctrl Pts',(15.869648534058,19.4595925007924,20.9313725490196));
#5019=CARTESIAN_POINT('Ctrl Pts',(15.869648534058,19.4595925007924,21.7156862745098));
#5020=CARTESIAN_POINT('Ctrl Pts',(15.869648534058,19.4595925007924,22.5));
#5021=CARTESIAN_POINT('Ctrl Pts',(15.869648534058,20.5872860227766,20.1470588235294));
#5022=CARTESIAN_POINT('Ctrl Pts',(15.869648534058,20.5872860227766,20.9313725490196));
#5023=CARTESIAN_POINT('Ctrl Pts',(15.869648534058,20.5872860227766,21.7156862745098));
#5024=CARTESIAN_POINT('Ctrl Pts',(15.869648534058,20.5872860227766,22.5));
#5025=CARTESIAN_POINT('Ctrl Pts',(15.869648534058,21.5124834943737,20.1470588235294));
#5026=CARTESIAN_POINT('Ctrl Pts',(15.869648534058,21.5124834943737,20.9313725490196));
#5027=CARTESIAN_POINT('Ctrl Pts',(15.869648534058,21.5124834943737,21.7156862745098));
#5028=CARTESIAN_POINT('Ctrl Pts',(15.869648534058,21.5124834943737,22.5));
#5029=CARTESIAN_POINT('Ctrl Pts',(15.869648534058,22.737933730338,20.1470588235294));
#5030=CARTESIAN_POINT('Ctrl Pts',(15.869648534058,22.737933730338,20.9313725490196));
#5031=CARTESIAN_POINT('Ctrl Pts',(15.869648534058,22.737933730338,21.7156862745098));
#5032=CARTESIAN_POINT('Ctrl Pts',(15.869648534058,22.737933730338,22.5));
#5033=CARTESIAN_POINT('Ctrl Pts',(15.8832091400391,23.024221249851,20.1470588235294));
#5034=CARTESIAN_POINT('Ctrl Pts',(15.8832091400391,23.024221249851,20.9313725490196));
#5035=CARTESIAN_POINT('Ctrl Pts',(15.8832091400391,23.024221249851,21.7156862745098));
#5036=CARTESIAN_POINT('Ctrl Pts',(15.8832091400391,23.024221249851,22.5));
#5037=CARTESIAN_POINT('Ctrl Pts',(15.9374515639638,23.5688657991685,20.1470588235294));
#5038=CARTESIAN_POINT('Ctrl Pts',(15.9374515639638,23.5688657991685,20.9313725490196));
#5039=CARTESIAN_POINT('Ctrl Pts',(15.9374515639638,23.5688657991685,21.7156862745098));
#5040=CARTESIAN_POINT('Ctrl Pts',(15.9374515639638,23.5688657991685,22.5));
#5041=CARTESIAN_POINT('Ctrl Pts',(15.9843804701622,23.8050086742329,20.1470588235294));
#5042=CARTESIAN_POINT('Ctrl Pts',(15.9843804701622,23.8050086742329,20.9313725490196));
#5043=CARTESIAN_POINT('Ctrl Pts',(15.9843804701622,23.8050086742329,21.7156862745098));
#5044=CARTESIAN_POINT('Ctrl Pts',(15.9843804701622,23.8050086742329,22.5));
#5045=CARTESIAN_POINT('Ctrl Pts',(16.1092192397252,24.2182496848932,20.1470588235294));
#5046=CARTESIAN_POINT('Ctrl Pts',(16.1092192397252,24.2182496848932,20.9313725490196));
#5047=CARTESIAN_POINT('Ctrl Pts',(16.1092192397252,24.2182496848932,21.7156862745098));
#5048=CARTESIAN_POINT('Ctrl Pts',(16.1092192397252,24.2182496848932,22.5));
#5049=CARTESIAN_POINT('Ctrl Pts',(16.1949982372845,24.3779642741745,20.1470588235294));
#5050=CARTESIAN_POINT('Ctrl Pts',(16.1949982372845,24.3779642741745,20.9313725490196));
#5051=CARTESIAN_POINT('Ctrl Pts',(16.1949982372845,24.3779642741745,21.7156862745098));
#5052=CARTESIAN_POINT('Ctrl Pts',(16.1949982372845,24.3779642741745,22.5));
#5053=CARTESIAN_POINT('Ctrl Pts',(16.4007722683203,24.6267330968813,20.1470588235294));
#5054=CARTESIAN_POINT('Ctrl Pts',(16.4007722683203,24.6267330968813,20.9313725490196));
#5055=CARTESIAN_POINT('Ctrl Pts',(16.4007722683203,24.6267330968813,21.7156862745098));
#5056=CARTESIAN_POINT('Ctrl Pts',(16.4007722683203,24.6267330968813,22.5));
#5057=CARTESIAN_POINT('Ctrl Pts',(16.5295980251414,24.6895766987256,20.1470588235294));
#5058=CARTESIAN_POINT('Ctrl Pts',(16.5295980251414,24.6895766987256,20.9313725490196));
#5059=CARTESIAN_POINT('Ctrl Pts',(16.5295980251414,24.6895766987256,21.7156862745098));
#5060=CARTESIAN_POINT('Ctrl Pts',(16.5295980251414,24.6895766987256,22.5));
#5061=CARTESIAN_POINT('Ctrl Pts',(16.8234111547333,24.6895766987256,20.1470588235294));
#5062=CARTESIAN_POINT('Ctrl Pts',(16.8234111547333,24.6895766987256,20.9313725490196));
#5063=CARTESIAN_POINT('Ctrl Pts',(16.8234111547333,24.6895766987256,21.7156862745098));
#5064=CARTESIAN_POINT('Ctrl Pts',(16.8234111547333,24.6895766987256,22.5));
#5065=CARTESIAN_POINT('Ctrl Pts',(16.9409364065701,24.6441896529492,20.1470588235294));
#5066=CARTESIAN_POINT('Ctrl Pts',(16.9409364065701,24.6441896529492,20.9313725490196));
#5067=CARTESIAN_POINT('Ctrl Pts',(16.9409364065701,24.6441896529492,21.7156862745098));
#5068=CARTESIAN_POINT('Ctrl Pts',(16.9409364065701,24.6441896529492,22.5));
#5069=CARTESIAN_POINT('Ctrl Pts',(17.1321752298717,24.4613119168387,20.1470588235294));
#5070=CARTESIAN_POINT('Ctrl Pts',(17.1321752298717,24.4613119168387,20.9313725490196));
#5071=CARTESIAN_POINT('Ctrl Pts',(17.1321752298717,24.4613119168387,21.7156862745098));
#5072=CARTESIAN_POINT('Ctrl Pts',(17.1321752298717,24.4613119168387,22.5));
#5073=CARTESIAN_POINT('Ctrl Pts',(17.2144086271903,24.3439368885818,20.1470588235294));
#5074=CARTESIAN_POINT('Ctrl Pts',(17.2144086271903,24.3439368885818,20.9313725490196));
#5075=CARTESIAN_POINT('Ctrl Pts',(17.2144086271903,24.3439368885818,21.7156862745098));
#5076=CARTESIAN_POINT('Ctrl Pts',(17.2144086271903,24.3439368885818,22.5));
#5077=CARTESIAN_POINT('Ctrl Pts',(17.3319338790271,24.0087710120788,20.1470588235294));
#5078=CARTESIAN_POINT('Ctrl Pts',(17.3319338790271,24.0087710120788,20.9313725490196));
#5079=CARTESIAN_POINT('Ctrl Pts',(17.3319338790271,24.0087710120788,21.7156862745098));
#5080=CARTESIAN_POINT('Ctrl Pts',(17.3319338790271,24.0087710120788,22.5));
#5081=CARTESIAN_POINT('Ctrl Pts',(17.3748757979675,23.8027836504779,20.1470588235294));
#5082=CARTESIAN_POINT('Ctrl Pts',(17.3748757979675,23.8027836504779,20.9313725490196));
#5083=CARTESIAN_POINT('Ctrl Pts',(17.3748757979675,23.8027836504779,21.7156862745098));
#5084=CARTESIAN_POINT('Ctrl Pts',(17.3748757979675,23.8027836504779,22.5));
#5085=CARTESIAN_POINT('Ctrl Pts',(17.4291182218921,23.3140000805776,20.1470588235294));
#5086=CARTESIAN_POINT('Ctrl Pts',(17.4291182218921,23.3140000805776,20.9313725490196));
#5087=CARTESIAN_POINT('Ctrl Pts',(17.4291182218921,23.3140000805776,21.7156862745098));
#5088=CARTESIAN_POINT('Ctrl Pts',(17.4291182218921,23.3140000805776,22.5));
#5089=CARTESIAN_POINT('Ctrl Pts',(17.4426788278733,23.0381864947053,20.1470588235294));
#5090=CARTESIAN_POINT('Ctrl Pts',(17.4426788278733,23.0381864947053,20.9313725490196));
#5091=CARTESIAN_POINT('Ctrl Pts',(17.4426788278733,23.0381864947053,21.7156862745098));
#5092=CARTESIAN_POINT('Ctrl Pts',(17.4426788278733,23.0381864947053,22.5));
#5093=CARTESIAN_POINT('Ctrl Pts',(17.4426788278733,21.1354218833077,20.1470588235294));
#5094=CARTESIAN_POINT('Ctrl Pts',(17.4426788278733,21.1354218833077,20.9313725490196));
#5095=CARTESIAN_POINT('Ctrl Pts',(17.4426788278733,21.1354218833077,21.7156862745098));
#5096=CARTESIAN_POINT('Ctrl Pts',(17.4426788278733,21.1354218833077,22.5));
#5097=CARTESIAN_POINT('Ctrl Pts',(17.4426788278733,19.5398926587046,20.1470588235294));
#5098=CARTESIAN_POINT('Ctrl Pts',(17.4426788278733,19.5398926587046,20.9313725490196));
#5099=CARTESIAN_POINT('Ctrl Pts',(17.4426788278733,19.5398926587046,21.7156862745098));
#5100=CARTESIAN_POINT('Ctrl Pts',(17.4426788278733,19.5398926587046,22.5));
#5101=CARTESIAN_POINT('Ctrl Pts',(17.4426788278733,17.9443634341014,20.1470588235294));
#5102=CARTESIAN_POINT('Ctrl Pts',(17.4426788278733,17.9443634341014,20.9313725490196));
#5103=CARTESIAN_POINT('Ctrl Pts',(17.4426788278733,17.9443634341014,21.7156862745098));
#5104=CARTESIAN_POINT('Ctrl Pts',(17.4426788278733,17.9443634341014,22.5));
#5105=CARTESIAN_POINT('',(17.4426788278733,17.9443634341014,20.1470588235294));
#5106=CARTESIAN_POINT('',(16.568019742088,18.7194345235148,20.1470588235294));
#5107=CARTESIAN_POINT('Ctrl Pts',(17.4426788278733,17.9443634341014,20.1470588235294));
#5108=CARTESIAN_POINT('Ctrl Pts',(17.4426788278733,19.5398926587046,20.1470588235294));
#5109=CARTESIAN_POINT('Ctrl Pts',(17.4426788278733,21.1354218833077,20.1470588235294));
#5110=CARTESIAN_POINT('Ctrl Pts',(17.4426788278733,22.7309511079108,20.1470588235294));
#5111=CARTESIAN_POINT('Ctrl Pts',(17.4426788278733,23.0381864947053,20.1470588235294));
#5112=CARTESIAN_POINT('Ctrl Pts',(17.4291182218921,23.3140000805776,20.1470588235294));
#5113=CARTESIAN_POINT('Ctrl Pts',(17.4019970099298,23.5583918655278,20.1470588235294));
#5114=CARTESIAN_POINT('Ctrl Pts',(17.3748757979675,23.8027836504779,20.1470588235294));
#5115=CARTESIAN_POINT('Ctrl Pts',(17.3319338790271,24.0087710120788,20.1470588235294));
#5116=CARTESIAN_POINT('Ctrl Pts',(17.2731712531087,24.1763539503303,20.1470588235294));
#5117=CARTESIAN_POINT('Ctrl Pts',(17.2144086271903,24.3439368885818,20.1470588235294));
#5118=CARTESIAN_POINT('Ctrl Pts',(17.1321752298717,24.4613119168387,20.1470588235294));
#5119=CARTESIAN_POINT('Ctrl Pts',(17.0358606484383,24.5534155613963,20.1470588235294));
#5120=CARTESIAN_POINT('Ctrl Pts',(16.9409364065701,24.6441896529492,20.1470588235294));
#5121=CARTESIAN_POINT('Ctrl Pts',(16.8234111547333,24.6895766987256,20.1470588235294));
#5122=CARTESIAN_POINT('Ctrl Pts',(16.683284892928,24.6895766987256,20.1470588235294));
#5123=CARTESIAN_POINT('Ctrl Pts',(16.5295980251414,24.6895766987256,20.1470588235294));
#5124=CARTESIAN_POINT('Ctrl Pts',(16.4007722683203,24.6267330968813,20.1470588235294));
#5125=CARTESIAN_POINT('Ctrl Pts',(16.2968076224647,24.5010458931927,20.1470588235294));
#5126=CARTESIAN_POINT('Ctrl Pts',(16.1949982372845,24.3779642741745,20.1470588235294));
#5127=CARTESIAN_POINT('Ctrl Pts',(16.1092192397252,24.2182496848932,20.1470588235294));
#5128=CARTESIAN_POINT('Ctrl Pts',(16.0459364118131,24.0087710120788,20.1470588235294));
#5129=CARTESIAN_POINT('Ctrl Pts',(15.9843804701622,23.8050086742329,20.1470588235294));
#5130=CARTESIAN_POINT('Ctrl Pts',(15.9374515639638,23.5688657991685,20.1470588235294));
#5131=CARTESIAN_POINT('Ctrl Pts',(15.9103303520015,23.2965435245098,20.1470588235294));
#5132=CARTESIAN_POINT('Ctrl Pts',(15.8832091400391,23.024221249851,20.1470588235294));
#5133=CARTESIAN_POINT('Ctrl Pts',(15.869648534058,22.737933730338,20.1470588235294));
#5134=CARTESIAN_POINT('Ctrl Pts',(15.869648534058,22.4376809659707,20.1470588235294));
#5135=CARTESIAN_POINT('Ctrl Pts',(15.869648534058,21.5124834943737,20.1470588235294));
#5136=CARTESIAN_POINT('Ctrl Pts',(15.869648534058,20.5872860227766,20.1470588235294));
#5137=CARTESIAN_POINT('Ctrl Pts',(15.869648534058,19.6620885511797,20.1470588235294));
#5138=CARTESIAN_POINT('Ctrl Pts',(15.869648534058,19.4595925007924,20.1470588235294));
#5139=CARTESIAN_POINT('Ctrl Pts',(15.885469241036,19.2955008737544,20.1470588235294));
#5140=CARTESIAN_POINT('Ctrl Pts',(15.917110654992,19.1698136700658,20.1470588235294));
#5141=CARTESIAN_POINT('Ctrl Pts',(15.9487520689481,19.0441264663771,20.1470588235294));
#5142=CARTESIAN_POINT('Ctrl Pts',(15.9939540888853,18.9463697523971,20.1470588235294));
#5143=CARTESIAN_POINT('Ctrl Pts',(16.0527167148037,18.8765435281256,20.1470588235294));
#5144=CARTESIAN_POINT('Ctrl Pts',(16.1123467326534,18.805686602748,20.1470588235294));
#5145=CARTESIAN_POINT('Ctrl Pts',(16.1905828756122,18.7718041917184,20.1470588235294));
#5146=CARTESIAN_POINT('Ctrl Pts',(16.276466713493,18.7508563244369,20.1470588235294));
#5147=CARTESIAN_POINT('Ctrl Pts',(16.3623505513737,18.7299084571555,20.1470588235294));
#5148=CARTESIAN_POINT('Ctrl Pts',(16.4595348942387,18.7194345235148,20.1470588235294));
#5149=CARTESIAN_POINT('Ctrl Pts',(16.568019742088,18.7194345235148,20.1470588235294));
#5150=CARTESIAN_POINT('',(17.4426788278733,17.9443634341014,22.5));
#5151=CARTESIAN_POINT('',(17.4426788278733,17.9443634341014,20.1470588235294));
#5152=CARTESIAN_POINT('',(16.568019742088,18.7194345235148,22.5));
#5153=CARTESIAN_POINT('Ctrl Pts',(16.568019742088,18.7194345235148,22.5));
#5154=CARTESIAN_POINT('Ctrl Pts',(16.4595348942387,18.7194345235148,22.5));
#5155=CARTESIAN_POINT('Ctrl Pts',(16.3623505513737,18.7299084571555,22.5));
#5156=CARTESIAN_POINT('Ctrl Pts',(16.276466713493,18.7508563244369,22.5));
#5157=CARTESIAN_POINT('Ctrl Pts',(16.1905828756122,18.7718041917184,22.5));
#5158=CARTESIAN_POINT('Ctrl Pts',(16.1123467326534,18.805686602748,22.5));
#5159=CARTESIAN_POINT('Ctrl Pts',(16.0527167148037,18.8765435281256,22.5));
#5160=CARTESIAN_POINT('Ctrl Pts',(15.9939540888853,18.9463697523971,22.5));
#5161=CARTESIAN_POINT('Ctrl Pts',(15.9487520689481,19.0441264663771,22.5));
#5162=CARTESIAN_POINT('Ctrl Pts',(15.917110654992,19.1698136700658,22.5));
#5163=CARTESIAN_POINT('Ctrl Pts',(15.885469241036,19.2955008737544,22.5));
#5164=CARTESIAN_POINT('Ctrl Pts',(15.869648534058,19.4595925007924,22.5));
#5165=CARTESIAN_POINT('Ctrl Pts',(15.869648534058,19.6620885511797,22.5));
#5166=CARTESIAN_POINT('Ctrl Pts',(15.869648534058,20.5872860227766,22.5));
#5167=CARTESIAN_POINT('Ctrl Pts',(15.869648534058,21.5124834943737,22.5));
#5168=CARTESIAN_POINT('Ctrl Pts',(15.869648534058,22.4376809659707,22.5));
#5169=CARTESIAN_POINT('Ctrl Pts',(15.869648534058,22.737933730338,22.5));
#5170=CARTESIAN_POINT('Ctrl Pts',(15.8832091400391,23.024221249851,22.5));
#5171=CARTESIAN_POINT('Ctrl Pts',(15.9103303520015,23.2965435245098,22.5));
#5172=CARTESIAN_POINT('Ctrl Pts',(15.9374515639638,23.5688657991685,22.5));
#5173=CARTESIAN_POINT('Ctrl Pts',(15.9843804701622,23.8050086742329,22.5));
#5174=CARTESIAN_POINT('Ctrl Pts',(16.0459364118131,24.0087710120788,22.5));
#5175=CARTESIAN_POINT('Ctrl Pts',(16.1092192397252,24.2182496848932,22.5));
#5176=CARTESIAN_POINT('Ctrl Pts',(16.1949982372845,24.3779642741745,22.5));
#5177=CARTESIAN_POINT('Ctrl Pts',(16.2968076224647,24.5010458931927,22.5));
#5178=CARTESIAN_POINT('Ctrl Pts',(16.4007722683203,24.6267330968813,22.5));
#5179=CARTESIAN_POINT('Ctrl Pts',(16.5295980251414,24.6895766987256,22.5));
#5180=CARTESIAN_POINT('Ctrl Pts',(16.683284892928,24.6895766987256,22.5));
#5181=CARTESIAN_POINT('Ctrl Pts',(16.8234111547333,24.6895766987256,22.5));
#5182=CARTESIAN_POINT('Ctrl Pts',(16.9409364065701,24.6441896529492,22.5));
#5183=CARTESIAN_POINT('Ctrl Pts',(17.0358606484383,24.5534155613963,22.5));
#5184=CARTESIAN_POINT('Ctrl Pts',(17.1321752298717,24.4613119168387,22.5));
#5185=CARTESIAN_POINT('Ctrl Pts',(17.2144086271903,24.3439368885818,22.5));
#5186=CARTESIAN_POINT('Ctrl Pts',(17.2731712531087,24.1763539503303,22.5));
#5187=CARTESIAN_POINT('Ctrl Pts',(17.3319338790271,24.0087710120788,22.5));
#5188=CARTESIAN_POINT('Ctrl Pts',(17.3748757979675,23.8027836504779,22.5));
#5189=CARTESIAN_POINT('Ctrl Pts',(17.4019970099298,23.5583918655278,22.5));
#5190=CARTESIAN_POINT('Ctrl Pts',(17.4291182218921,23.3140000805776,22.5));
#5191=CARTESIAN_POINT('Ctrl Pts',(17.4426788278733,23.0381864947053,22.5));
#5192=CARTESIAN_POINT('Ctrl Pts',(17.4426788278733,22.7309511079108,22.5));
#5193=CARTESIAN_POINT('Ctrl Pts',(17.4426788278733,21.1354218833077,22.5));
#5194=CARTESIAN_POINT('Ctrl Pts',(17.4426788278733,19.5398926587046,22.5));
#5195=CARTESIAN_POINT('Ctrl Pts',(17.4426788278733,17.9443634341014,22.5));
#5196=CARTESIAN_POINT('',(16.568019742088,18.7194345235148,20.1470588235294));
#5197=CARTESIAN_POINT('Origin',(16.568019742088,17.9443634341014,20.1470588235294));
#5198=CARTESIAN_POINT('',(16.568019742088,17.9443634341014,20.1470588235294));
#5199=CARTESIAN_POINT('',(16.568019742088,18.7194345235148,20.1470588235294));
#5200=CARTESIAN_POINT('',(16.568019742088,17.9443634341014,22.5));
#5201=CARTESIAN_POINT('',(16.568019742088,18.7194345235148,22.5));
#5202=CARTESIAN_POINT('',(16.568019742088,17.9443634341014,20.1470588235294));
#5203=CARTESIAN_POINT('Origin',(13.6863909710901,17.9443634341014,20.1470588235294));
#5204=CARTESIAN_POINT('',(13.6863909710901,17.9443634341014,20.1470588235294));
#5205=CARTESIAN_POINT('',(16.568019742088,17.9443634341014,20.1470588235294));
#5206=CARTESIAN_POINT('',(13.6863909710901,17.9443634341014,22.5));
#5207=CARTESIAN_POINT('',(16.568019742088,17.9443634341014,22.5));
#5208=CARTESIAN_POINT('',(13.6863909710901,17.9443634341014,20.1470588235294));
#5209=CARTESIAN_POINT('Origin',(13.6863909710901,18.7194345235148,20.1470588235294));
#5210=CARTESIAN_POINT('',(13.6863909710901,18.7194345235148,20.1470588235294));
#5211=CARTESIAN_POINT('',(13.6863909710901,17.9443634341014,20.1470588235294));
#5212=CARTESIAN_POINT('',(13.6863909710901,18.7194345235148,22.5));
#5213=CARTESIAN_POINT('',(13.6863909710901,17.9443634341014,22.5));
#5214=CARTESIAN_POINT('',(13.6863909710901,18.7194345235148,20.1470588235294));
#5215=CARTESIAN_POINT('Ctrl Pts',(14.4390046030449,19.7144582193832,20.1470588235294));
#5216=CARTESIAN_POINT('Ctrl Pts',(14.4390046030449,19.7144582193832,20.9313725490196));
#5217=CARTESIAN_POINT('Ctrl Pts',(14.4390046030449,19.7144582193832,21.7156862745098));
#5218=CARTESIAN_POINT('Ctrl Pts',(14.4390046030449,19.7144582193832,22.5));
#5219=CARTESIAN_POINT('Ctrl Pts',(14.4390046030449,19.4979969241417,20.1470588235294));
#5220=CARTESIAN_POINT('Ctrl Pts',(14.4390046030449,19.4979969241417,20.9313725490196));
#5221=CARTESIAN_POINT('Ctrl Pts',(14.4390046030449,19.4979969241417,21.7156862745098));
#5222=CARTESIAN_POINT('Ctrl Pts',(14.4390046030449,19.4979969241417,22.5));
#5223=CARTESIAN_POINT('Ctrl Pts',(14.4186636940731,19.323431363463,20.1470588235294));
#5224=CARTESIAN_POINT('Ctrl Pts',(14.4186636940731,19.323431363463,20.9313725490196));
#5225=CARTESIAN_POINT('Ctrl Pts',(14.4186636940731,19.323431363463,21.7156862745098));
#5226=CARTESIAN_POINT('Ctrl Pts',(14.4186636940731,19.323431363463,22.5));
#5227=CARTESIAN_POINT('Ctrl Pts',(14.3380900716023,19.0606680696108,20.1470588235294));
#5228=CARTESIAN_POINT('Ctrl Pts',(14.3380900716023,19.0606680696108,20.9313725490196));
#5229=CARTESIAN_POINT('Ctrl Pts',(14.3380900716023,19.0606680696108,21.7156862745098));
#5230=CARTESIAN_POINT('Ctrl Pts',(14.3380900716023,19.0606680696108,22.5));
#5231=CARTESIAN_POINT('Ctrl Pts',(14.2920980382489,18.9568436860378,20.1470588235294));
#5232=CARTESIAN_POINT('Ctrl Pts',(14.2920980382489,18.9568436860378,20.9313725490196));
#5233=CARTESIAN_POINT('Ctrl Pts',(14.2920980382489,18.9568436860378,21.7156862745098));
#5234=CARTESIAN_POINT('Ctrl Pts',(14.2920980382489,18.9568436860378,22.5));
#5235=CARTESIAN_POINT('Ctrl Pts',(14.1625048018687,18.8138506074079,20.1470588235294));
#5236=CARTESIAN_POINT('Ctrl Pts',(14.1625048018687,18.8138506074079,20.9313725490196));
#5237=CARTESIAN_POINT('Ctrl Pts',(14.1625048018687,18.8138506074079,21.7156862745098));
#5238=CARTESIAN_POINT('Ctrl Pts',(14.1625048018687,18.8138506074079,22.5));
#5239=CARTESIAN_POINT('Ctrl Pts',(14.0841687465377,18.7718041917184,20.1470588235294));
#5240=CARTESIAN_POINT('Ctrl Pts',(14.0841687465377,18.7718041917184,20.9313725490196));
#5241=CARTESIAN_POINT('Ctrl Pts',(14.0841687465377,18.7718041917184,21.7156862745098));
#5242=CARTESIAN_POINT('Ctrl Pts',(14.0841687465377,18.7718041917184,22.5));
#5243=CARTESIAN_POINT('Ctrl Pts',(13.9079881345066,18.7288321009331,20.1470588235294));
#5244=CARTESIAN_POINT('Ctrl Pts',(13.9079881345066,18.7288321009331,20.9313725490196));
#5245=CARTESIAN_POINT('Ctrl Pts',(13.9079881345066,18.7288321009331,21.7156862745098));
#5246=CARTESIAN_POINT('Ctrl Pts',(13.9079881345066,18.7288321009331,22.5));
#5247=CARTESIAN_POINT('Ctrl Pts',(13.8084364249206,18.7194345235148,20.1470588235294));
#5248=CARTESIAN_POINT('Ctrl Pts',(13.8084364249206,18.7194345235148,20.9313725490196));
#5249=CARTESIAN_POINT('Ctrl Pts',(13.8084364249206,18.7194345235148,21.7156862745098));
#5250=CARTESIAN_POINT('Ctrl Pts',(13.8084364249206,18.7194345235148,22.5));
#5251=CARTESIAN_POINT('Ctrl Pts',(13.6954313750776,18.7194345235148,20.1470588235294));
#5252=CARTESIAN_POINT('Ctrl Pts',(13.6954313750776,18.7194345235148,20.9313725490196));
#5253=CARTESIAN_POINT('Ctrl Pts',(13.6954313750776,18.7194345235148,21.7156862745098));
#5254=CARTESIAN_POINT('Ctrl Pts',(13.6954313750776,18.7194345235148,22.5));
#5255=CARTESIAN_POINT('Ctrl Pts',(13.6909111730839,18.7194345235148,20.1470588235294));
#5256=CARTESIAN_POINT('Ctrl Pts',(13.6909111730839,18.7194345235148,20.9313725490196));
#5257=CARTESIAN_POINT('Ctrl Pts',(13.6909111730839,18.7194345235148,21.7156862745098));
#5258=CARTESIAN_POINT('Ctrl Pts',(13.6909111730839,18.7194345235148,22.5));
#5259=CARTESIAN_POINT('Ctrl Pts',(13.6863909710901,18.7194345235148,20.1470588235294));
#5260=CARTESIAN_POINT('Ctrl Pts',(13.6863909710901,18.7194345235148,20.9313725490196));
#5261=CARTESIAN_POINT('Ctrl Pts',(13.6863909710901,18.7194345235148,21.7156862745098));
#5262=CARTESIAN_POINT('Ctrl Pts',(13.6863909710901,18.7194345235148,22.5));
#5263=CARTESIAN_POINT('',(14.4390046030449,19.7144582193832,20.1470588235294));
#5264=CARTESIAN_POINT('Ctrl Pts',(13.6863909710901,18.7194345235148,20.1470588235294));
#5265=CARTESIAN_POINT('Ctrl Pts',(13.6909111730839,18.7194345235148,20.1470588235294));
#5266=CARTESIAN_POINT('Ctrl Pts',(13.6954313750776,18.7194345235148,20.1470588235294));
#5267=CARTESIAN_POINT('Ctrl Pts',(13.6999515770713,18.7194345235148,20.1470588235294));
#5268=CARTESIAN_POINT('Ctrl Pts',(13.8084364249206,18.7194345235148,20.1470588235294));
#5269=CARTESIAN_POINT('Ctrl Pts',(13.9079881345065,18.7288321009332,20.1470588235294));
#5270=CARTESIAN_POINT('Ctrl Pts',(13.998284908657,18.7508563244369,20.1470588235294));
#5271=CARTESIAN_POINT('Ctrl Pts',(14.0841687465377,18.7718041917184,20.1470588235294));
#5272=CARTESIAN_POINT('Ctrl Pts',(14.1625048018686,18.8138506074079,20.1470588235294));
#5273=CARTESIAN_POINT('Ctrl Pts',(14.2288152103368,18.8870174617663,20.1470588235294));
#5274=CARTESIAN_POINT('Ctrl Pts',(14.2920980382489,18.9568436860378,20.1470588235294));
#5275=CARTESIAN_POINT('Ctrl Pts',(14.3380900716023,19.0606680696108,20.1470588235294));
#5276=CARTESIAN_POINT('Ctrl Pts',(14.3779818761296,19.1907615373472,20.1470588235294));
#5277=CARTESIAN_POINT('Ctrl Pts',(14.4186636940731,19.323431363463,20.1470588235294));
#5278=CARTESIAN_POINT('Ctrl Pts',(14.4390046030449,19.4979969241417,20.1470588235294));
#5279=CARTESIAN_POINT('Ctrl Pts',(14.4390046030449,19.7144582193832,20.1470588235294));
#5280=CARTESIAN_POINT('',(14.4390046030449,19.7144582193832,22.5));
#5281=CARTESIAN_POINT('Ctrl Pts',(14.4390046030449,19.7144582193832,22.5));
#5282=CARTESIAN_POINT('Ctrl Pts',(14.4390046030449,19.4979969241417,22.5));
#5283=CARTESIAN_POINT('Ctrl Pts',(14.4186636940731,19.323431363463,22.5));
#5284=CARTESIAN_POINT('Ctrl Pts',(14.3779818761296,19.1907615373472,22.5));
#5285=CARTESIAN_POINT('Ctrl Pts',(14.3380900716023,19.0606680696108,22.5));
#5286=CARTESIAN_POINT('Ctrl Pts',(14.2920980382489,18.9568436860378,22.5));
#5287=CARTESIAN_POINT('Ctrl Pts',(14.2288152103368,18.8870174617663,22.5));
#5288=CARTESIAN_POINT('Ctrl Pts',(14.1625048018686,18.8138506074079,22.5));
#5289=CARTESIAN_POINT('Ctrl Pts',(14.0841687465377,18.7718041917184,22.5));
#5290=CARTESIAN_POINT('Ctrl Pts',(13.998284908657,18.7508563244369,22.5));
#5291=CARTESIAN_POINT('Ctrl Pts',(13.9079881345065,18.7288321009332,22.5));
#5292=CARTESIAN_POINT('Ctrl Pts',(13.8084364249206,18.7194345235148,22.5));
#5293=CARTESIAN_POINT('Ctrl Pts',(13.6999515770713,18.7194345235148,22.5));
#5294=CARTESIAN_POINT('Ctrl Pts',(13.6954313750776,18.7194345235148,22.5));
#5295=CARTESIAN_POINT('Ctrl Pts',(13.6909111730839,18.7194345235148,22.5));
#5296=CARTESIAN_POINT('Ctrl Pts',(13.6863909710901,18.7194345235148,22.5));
#5297=CARTESIAN_POINT('',(14.4390046030449,19.7144582193832,20.1470588235294));
#5298=CARTESIAN_POINT('Origin',(14.4390046030449,27.339481909828,20.1470588235294));
#5299=CARTESIAN_POINT('',(14.4390046030449,27.339481909828,20.1470588235294));
#5300=CARTESIAN_POINT('',(14.4390046030449,19.7144582193833,20.1470588235294));
#5301=CARTESIAN_POINT('',(14.4390046030449,27.339481909828,22.5));
#5302=CARTESIAN_POINT('',(14.4390046030449,19.7144582193833,22.5));
#5303=CARTESIAN_POINT('',(14.4390046030449,27.339481909828,20.1470588235294));
#5304=CARTESIAN_POINT('Ctrl Pts',(13.6592697591278,28.2297662692893,20.1470588235294));
#5305=CARTESIAN_POINT('Ctrl Pts',(13.6592697591278,28.2297662692893,20.9313725490196));
#5306=CARTESIAN_POINT('Ctrl Pts',(13.6592697591278,28.2297662692893,21.7156862745098));
#5307=CARTESIAN_POINT('Ctrl Pts',(13.6592697591278,28.2297662692893,22.5));
#5308=CARTESIAN_POINT('Ctrl Pts',(13.6954313750776,28.2297662692893,20.1470588235294));
#5309=CARTESIAN_POINT('Ctrl Pts',(13.6954313750776,28.2297662692893,20.9313725490196));
#5310=CARTESIAN_POINT('Ctrl Pts',(13.6954313750776,28.2297662692893,21.7156862745098));
#5311=CARTESIAN_POINT('Ctrl Pts',(13.6954313750776,28.2297662692893,22.5));
#5312=CARTESIAN_POINT('Ctrl Pts',(13.7315929910274,28.2297662692893,20.1470588235294));
#5313=CARTESIAN_POINT('Ctrl Pts',(13.7315929910274,28.2297662692893,20.9313725490196));
#5314=CARTESIAN_POINT('Ctrl Pts',(13.7315929910274,28.2297662692893,21.7156862745098));
#5315=CARTESIAN_POINT('Ctrl Pts',(13.7315929910274,28.2297662692893,22.5));
#5316=CARTESIAN_POINT('Ctrl Pts',(13.835557636883,28.2297662692893,20.1470588235294));
#5317=CARTESIAN_POINT('Ctrl Pts',(13.835557636883,28.2297662692893,20.9313725490196));
#5318=CARTESIAN_POINT('Ctrl Pts',(13.835557636883,28.2297662692893,21.7156862745098));
#5319=CARTESIAN_POINT('Ctrl Pts',(13.835557636883,28.2297662692893,22.5));
#5320=CARTESIAN_POINT('Ctrl Pts',(13.9078808687825,28.2192923356485,20.1470588235294));
#5321=CARTESIAN_POINT('Ctrl Pts',(13.9078808687825,28.2192923356485,20.9313725490196));
#5322=CARTESIAN_POINT('Ctrl Pts',(13.9078808687825,28.2192923356485,21.7156862745098));
#5323=CARTESIAN_POINT('Ctrl Pts',(13.9078808687825,28.2192923356485,22.5));
#5324=CARTESIAN_POINT('Ctrl Pts',(14.0615677365691,28.1773966010856,20.1470588235294));
#5325=CARTESIAN_POINT('Ctrl Pts',(14.0615677365691,28.1773966010856,20.9313725490196));
#5326=CARTESIAN_POINT('Ctrl Pts',(14.0615677365691,28.1773966010857,21.7156862745098));
#5327=CARTESIAN_POINT('Ctrl Pts',(14.0615677365691,28.1773966010857,22.5));
#5328=CARTESIAN_POINT('Ctrl Pts',(14.1338909684686,28.1355008665228,20.1470588235294));
#5329=CARTESIAN_POINT('Ctrl Pts',(14.1338909684686,28.1355008665228,20.9313725490196));
#5330=CARTESIAN_POINT('Ctrl Pts',(14.1338909684686,28.1355008665228,21.7156862745098));
#5331=CARTESIAN_POINT('Ctrl Pts',(14.1338909684686,28.1355008665228,22.5));
#5332=CARTESIAN_POINT('Ctrl Pts',(14.2694970282803,28.0098136628341,20.1470588235294));
#5333=CARTESIAN_POINT('Ctrl Pts',(14.2694970282803,28.0098136628341,20.9313725490196));
#5334=CARTESIAN_POINT('Ctrl Pts',(14.2694970282803,28.0098136628341,21.7156862745098));
#5335=CARTESIAN_POINT('Ctrl Pts',(14.2694970282803,28.0098136628341,22.5));
#5336=CARTESIAN_POINT('Ctrl Pts',(14.3239509387015,27.9171203337468,20.1470588235294));
#5337=CARTESIAN_POINT('Ctrl Pts',(14.3239509387015,27.9171203337468,20.9313725490196));
#5338=CARTESIAN_POINT('Ctrl Pts',(14.3239509387015,27.9171203337468,21.7156862745098));
#5339=CARTESIAN_POINT('Ctrl Pts',(14.3239509387015,27.9171203337468,22.5));
#5340=CARTESIAN_POINT('Ctrl Pts',(14.4164035930763,27.6886130311853,20.1470588235294));
#5341=CARTESIAN_POINT('Ctrl Pts',(14.4164035930763,27.6886130311853,20.9313725490196));
#5342=CARTESIAN_POINT('Ctrl Pts',(14.4164035930763,27.6886130311853,21.7156862745098));
#5343=CARTESIAN_POINT('Ctrl Pts',(14.4164035930763,27.6886130311853,22.5));
#5344=CARTESIAN_POINT('Ctrl Pts',(14.4390046030449,27.5349953377881,20.1470588235294));
#5345=CARTESIAN_POINT('Ctrl Pts',(14.4390046030449,27.5349953377881,20.9313725490196));
#5346=CARTESIAN_POINT('Ctrl Pts',(14.4390046030449,27.5349953377881,21.7156862745098));
#5347=CARTESIAN_POINT('Ctrl Pts',(14.4390046030449,27.5349953377881,22.5));
#5348=CARTESIAN_POINT('Ctrl Pts',(14.4390046030449,27.339481909828,20.1470588235294));
#5349=CARTESIAN_POINT('Ctrl Pts',(14.4390046030449,27.339481909828,20.9313725490196));
#5350=CARTESIAN_POINT('Ctrl Pts',(14.4390046030449,27.339481909828,21.7156862745098));
#5351=CARTESIAN_POINT('Ctrl Pts',(14.4390046030449,27.339481909828,22.5));
#5352=CARTESIAN_POINT('',(13.6592697591278,28.2297662692893,20.1470588235294));
#5353=CARTESIAN_POINT('Ctrl Pts',(14.4390046030449,27.339481909828,20.1470588235294));
#5354=CARTESIAN_POINT('Ctrl Pts',(14.4390046030449,27.5349953377881,20.1470588235294));
#5355=CARTESIAN_POINT('Ctrl Pts',(14.4164035930763,27.6886130311853,20.1470588235294));
#5356=CARTESIAN_POINT('Ctrl Pts',(14.371201573139,27.8003349900197,20.1470588235294));
#5357=CARTESIAN_POINT('Ctrl Pts',(14.3239509387015,27.9171203337468,20.1470588235294));
#5358=CARTESIAN_POINT('Ctrl Pts',(14.2694970282803,28.0098136628341,20.1470588235294));
#5359=CARTESIAN_POINT('Ctrl Pts',(14.2016939983745,28.0726572646784,20.1470588235294));
#5360=CARTESIAN_POINT('Ctrl Pts',(14.1338909684686,28.1355008665228,20.1470588235294));
#5361=CARTESIAN_POINT('Ctrl Pts',(14.0615677365691,28.1773966010856,20.1470588235294));
#5362=CARTESIAN_POINT('Ctrl Pts',(13.9847243026758,28.1983444683671,20.1470588235294));
#5363=CARTESIAN_POINT('Ctrl Pts',(13.9078808687825,28.2192923356485,20.1470588235294));
#5364=CARTESIAN_POINT('Ctrl Pts',(13.835557636883,28.2297662692893,20.1470588235294));
#5365=CARTESIAN_POINT('Ctrl Pts',(13.7677546069771,28.2297662692893,20.1470588235294));
#5366=CARTESIAN_POINT('Ctrl Pts',(13.7315929910274,28.2297662692893,20.1470588235294));
#5367=CARTESIAN_POINT('Ctrl Pts',(13.6954313750776,28.2297662692893,20.1470588235294));
#5368=CARTESIAN_POINT('Ctrl Pts',(13.6592697591278,28.2297662692893,20.1470588235294));
#5369=CARTESIAN_POINT('',(13.6592697591278,28.2297662692893,22.5));
#5370=CARTESIAN_POINT('Ctrl Pts',(13.6592697591278,28.2297662692893,22.5));
#5371=CARTESIAN_POINT('Ctrl Pts',(13.6954313750776,28.2297662692893,22.5));
#5372=CARTESIAN_POINT('Ctrl Pts',(13.7315929910274,28.2297662692893,22.5));
#5373=CARTESIAN_POINT('Ctrl Pts',(13.7677546069771,28.2297662692893,22.5));
#5374=CARTESIAN_POINT('Ctrl Pts',(13.835557636883,28.2297662692893,22.5));
#5375=CARTESIAN_POINT('Ctrl Pts',(13.9078808687825,28.2192923356485,22.5));
#5376=CARTESIAN_POINT('Ctrl Pts',(13.9847243026758,28.1983444683671,22.5));
#5377=CARTESIAN_POINT('Ctrl Pts',(14.0615677365691,28.1773966010856,22.5));
#5378=CARTESIAN_POINT('Ctrl Pts',(14.1338909684686,28.1355008665228,22.5));
#5379=CARTESIAN_POINT('Ctrl Pts',(14.2016939983745,28.0726572646784,22.5));
#5380=CARTESIAN_POINT('Ctrl Pts',(14.2694970282803,28.0098136628341,22.5));
#5381=CARTESIAN_POINT('Ctrl Pts',(14.3239509387015,27.9171203337468,22.5));
#5382=CARTESIAN_POINT('Ctrl Pts',(14.371201573139,27.8003349900197,22.5));
#5383=CARTESIAN_POINT('Ctrl Pts',(14.4164035930763,27.6886130311853,22.5));
#5384=CARTESIAN_POINT('Ctrl Pts',(14.4390046030449,27.5349953377881,22.5));
#5385=CARTESIAN_POINT('Ctrl Pts',(14.4390046030449,27.339481909828,22.5));
#5386=CARTESIAN_POINT('',(13.6592697591278,28.2297662692893,20.1470588235294));
#5387=CARTESIAN_POINT('Origin',(13.6592697591278,28.9943634250619,20.1470588235294));
#5388=CARTESIAN_POINT('',(13.6592697591278,28.9943634250619,20.1470588235294));
#5389=CARTESIAN_POINT('',(13.6592697591278,28.2297662692893,20.1470588235294));
#5390=CARTESIAN_POINT('',(13.6592697591278,28.9943634250619,22.5));
#5391=CARTESIAN_POINT('',(13.6592697591278,28.2297662692893,22.5));
#5392=CARTESIAN_POINT('',(13.6592697591278,28.9943634250619,20.1470588235294));
#5393=CARTESIAN_POINT('Origin',(15.8493076250862,28.9943634250619,20.1470588235294));
#5394=CARTESIAN_POINT('',(15.8493076250862,28.9943634250619,20.1470588235294));
#5395=CARTESIAN_POINT('',(13.6592697591278,28.9943634250619,20.1470588235294));
#5396=CARTESIAN_POINT('',(15.8493076250862,28.9943634250619,22.5));
#5397=CARTESIAN_POINT('',(13.6592697591278,28.9943634250619,22.5));
#5398=CARTESIAN_POINT('',(15.8493076250862,28.9943634250619,20.1470588235294));
#5399=CARTESIAN_POINT('Origin',(15.8493076250862,26.5958326213368,20.1470588235294));
#5400=CARTESIAN_POINT('',(15.8493076250862,26.5958326213368,20.1470588235294));
#5401=CARTESIAN_POINT('',(15.8493076250862,28.9943634250619,20.1470588235294));
#5402=CARTESIAN_POINT('',(15.8493076250862,26.5958326213368,22.5));
#5403=CARTESIAN_POINT('',(15.8493076250862,28.9943634250619,22.5));
#5404=CARTESIAN_POINT('',(15.8493076250862,26.5958326213368,20.1470588235294));
#5405=CARTESIAN_POINT('Ctrl Pts',(15.7950652011615,24.7419463669292,20.1470588235294));
#5406=CARTESIAN_POINT('Ctrl Pts',(15.7950652011615,24.7419463669292,20.9313725490196));
#5407=CARTESIAN_POINT('Ctrl Pts',(15.7950652011615,24.7419463669292,21.7156862745098));
#5408=CARTESIAN_POINT('Ctrl Pts',(15.7950652011615,24.7419463669292,22.5));
#5409=CARTESIAN_POINT('Ctrl Pts',(15.8086258071427,24.9514250397436,20.1470588235294));
#5410=CARTESIAN_POINT('Ctrl Pts',(15.8086258071427,24.9514250397436,20.9313725490196));
#5411=CARTESIAN_POINT('Ctrl Pts',(15.8086258071427,24.9514250397436,21.7156862745098));
#5412=CARTESIAN_POINT('Ctrl Pts',(15.8086258071427,24.9514250397436,22.5));
#5413=CARTESIAN_POINT('Ctrl Pts',(15.8253472973956,25.1639779677875,20.1470588235294));
#5414=CARTESIAN_POINT('Ctrl Pts',(15.8253472973956,25.1639779677875,20.9313725490196));
#5415=CARTESIAN_POINT('Ctrl Pts',(15.8253472973956,25.1639779677875,21.7156862745098));
#5416=CARTESIAN_POINT('Ctrl Pts',(15.8253472973956,25.1639779677875,22.5));
#5417=CARTESIAN_POINT('Ctrl Pts',(15.8447874230925,25.5693871245462,20.1470588235294));
#5418=CARTESIAN_POINT('Ctrl Pts',(15.8447874230925,25.5693871245462,20.9313725490196));
#5419=CARTESIAN_POINT('Ctrl Pts',(15.8447874230925,25.5693871245462,21.7156862745098));
#5420=CARTESIAN_POINT('Ctrl Pts',(15.8447874230925,25.5693871245462,22.5));
#5421=CARTESIAN_POINT('Ctrl Pts',(15.8493076250862,25.7718831749334,20.1470588235294));
#5422=CARTESIAN_POINT('Ctrl Pts',(15.8493076250862,25.7718831749334,20.9313725490196));
#5423=CARTESIAN_POINT('Ctrl Pts',(15.8493076250862,25.7718831749334,21.7156862745098));
#5424=CARTESIAN_POINT('Ctrl Pts',(15.8493076250862,25.7718831749334,22.5));
#5425=CARTESIAN_POINT('Ctrl Pts',(15.8493076250862,26.2048057654166,20.1470588235294));
#5426=CARTESIAN_POINT('Ctrl Pts',(15.8493076250862,26.2048057654166,20.9313725490196));
#5427=CARTESIAN_POINT('Ctrl Pts',(15.8493076250862,26.2048057654166,21.7156862745098));
#5428=CARTESIAN_POINT('Ctrl Pts',(15.8493076250862,26.2048057654166,22.5));
#5429=CARTESIAN_POINT('Ctrl Pts',(15.8493076250862,26.4073018158038,20.1470588235294));
#5430=CARTESIAN_POINT('Ctrl Pts',(15.8493076250862,26.4073018158038,20.9313725490196));
#5431=CARTESIAN_POINT('Ctrl Pts',(15.8493076250862,26.4073018158038,21.7156862745098));
#5432=CARTESIAN_POINT('Ctrl Pts',(15.8493076250862,26.4073018158038,22.5));
#5433=CARTESIAN_POINT('Ctrl Pts',(15.8493076250862,26.5958326213368,20.1470588235294));
#5434=CARTESIAN_POINT('Ctrl Pts',(15.8493076250862,26.5958326213368,20.9313725490196));
#5435=CARTESIAN_POINT('Ctrl Pts',(15.8493076250862,26.5958326213368,21.7156862745098));
#5436=CARTESIAN_POINT('Ctrl Pts',(15.8493076250862,26.5958326213368,22.5));
#5437=CARTESIAN_POINT('',(15.7950652011615,24.7419463669292,20.1470588235294));
#5438=CARTESIAN_POINT('Ctrl Pts',(15.8493076250862,26.5958326213368,20.1470588235294));
#5439=CARTESIAN_POINT('Ctrl Pts',(15.8493076250862,26.4073018158038,20.1470588235294));
#5440=CARTESIAN_POINT('Ctrl Pts',(15.8493076250862,26.2048057654166,20.1470588235294));
#5441=CARTESIAN_POINT('Ctrl Pts',(15.8493076250862,25.988344470175,20.1470588235294));
#5442=CARTESIAN_POINT('Ctrl Pts',(15.8493076250862,25.7718831749334,20.1470588235294));
#5443=CARTESIAN_POINT('Ctrl Pts',(15.8447874230925,25.5693871245462,20.1470588235294));
#5444=CARTESIAN_POINT('Ctrl Pts',(15.835747019105,25.3808563190132,20.1470588235294));
#5445=CARTESIAN_POINT('Ctrl Pts',(15.8253472973955,25.1639779677875,20.1470588235294));
#5446=CARTESIAN_POINT('Ctrl Pts',(15.8086258071427,24.9514250397436,20.1470588235294));
#5447=CARTESIAN_POINT('Ctrl Pts',(15.7950652011615,24.7419463669292,20.1470588235294));
#5448=CARTESIAN_POINT('',(15.7950652011615,24.7419463669292,22.5));
#5449=CARTESIAN_POINT('Ctrl Pts',(15.7950652011615,24.7419463669292,22.5));
#5450=CARTESIAN_POINT('Ctrl Pts',(15.8086258071427,24.9514250397436,22.5));
#5451=CARTESIAN_POINT('Ctrl Pts',(15.8253472973955,25.1639779677875,22.5));
#5452=CARTESIAN_POINT('Ctrl Pts',(15.835747019105,25.3808563190132,22.5));
#5453=CARTESIAN_POINT('Ctrl Pts',(15.8447874230925,25.5693871245462,22.5));
#5454=CARTESIAN_POINT('Ctrl Pts',(15.8493076250862,25.7718831749334,22.5));
#5455=CARTESIAN_POINT('Ctrl Pts',(15.8493076250862,25.988344470175,22.5));
#5456=CARTESIAN_POINT('Ctrl Pts',(15.8493076250862,26.2048057654166,22.5));
#5457=CARTESIAN_POINT('Ctrl Pts',(15.8493076250862,26.4073018158038,22.5));
#5458=CARTESIAN_POINT('Ctrl Pts',(15.8493076250862,26.5958326213368,22.5));
#5459=CARTESIAN_POINT('',(15.7950652011615,24.7419463669292,20.1470588235294));
#5460=CARTESIAN_POINT('Origin',(15.8764288370485,24.7419463669292,20.1470588235294));
#5461=CARTESIAN_POINT('',(15.8764288370485,24.7419463669292,20.1470588235294));
#5462=CARTESIAN_POINT('',(15.7950652011615,24.7419463669292,20.1470588235294));
#5463=CARTESIAN_POINT('',(15.8764288370485,24.7419463669292,22.5));
#5464=CARTESIAN_POINT('',(15.7950652011615,24.7419463669292,22.5));
#5465=CARTESIAN_POINT('',(15.8764288370485,24.7419463669292,20.1470588235294));
#5466=CARTESIAN_POINT('Ctrl Pts',(19.5174515429918,18.7194345235148,20.1470588235294));
#5467=CARTESIAN_POINT('Ctrl Pts',(19.5174515429918,18.7194345235148,20.9313725490196));
#5468=CARTESIAN_POINT('Ctrl Pts',(19.5174515429918,18.7194345235148,21.7156862745098));
#5469=CARTESIAN_POINT('Ctrl Pts',(19.5174515429918,18.7194345235148,22.5));
#5470=CARTESIAN_POINT('Ctrl Pts',(19.4089666951425,18.7194345235148,20.1470588235294));
#5471=CARTESIAN_POINT('Ctrl Pts',(19.4089666951425,18.7194345235148,20.9313725490196));
#5472=CARTESIAN_POINT('Ctrl Pts',(19.4089666951425,18.7194345235148,21.7156862745098));
#5473=CARTESIAN_POINT('Ctrl Pts',(19.4089666951425,18.7194345235148,22.5));
#5474=CARTESIAN_POINT('Ctrl Pts',(19.3140424532743,18.7299084571555,20.1470588235294));
#5475=CARTESIAN_POINT('Ctrl Pts',(19.3140424532743,18.7299084571555,20.9313725490196));
#5476=CARTESIAN_POINT('Ctrl Pts',(19.3140424532743,18.7299084571555,21.7156862745098));
#5477=CARTESIAN_POINT('Ctrl Pts',(19.3140424532743,18.7299084571555,22.5));
#5478=CARTESIAN_POINT('Ctrl Pts',(19.1513151815003,18.7718041917184,20.1470588235294));
#5479=CARTESIAN_POINT('Ctrl Pts',(19.1513151815003,18.7718041917184,20.9313725490196));
#5480=CARTESIAN_POINT('Ctrl Pts',(19.1513151815003,18.7718041917184,21.7156862745098));
#5481=CARTESIAN_POINT('Ctrl Pts',(19.1513151815003,18.7718041917184,22.5));
#5482=CARTESIAN_POINT('Ctrl Pts',(19.0835121515945,18.8171912374948,20.1470588235294));
#5483=CARTESIAN_POINT('Ctrl Pts',(19.0835121515945,18.8171912374948,20.9313725490196));
#5484=CARTESIAN_POINT('Ctrl Pts',(19.0835121515945,18.8171912374948,21.7156862745098));
#5485=CARTESIAN_POINT('Ctrl Pts',(19.0835121515945,18.8171912374948,22.5));
#5486=CARTESIAN_POINT('Ctrl Pts',(18.9727412731128,18.9597864912459,20.1470588235294));
#5487=CARTESIAN_POINT('Ctrl Pts',(18.9727412731128,18.9597864912459,20.9313725490196));
#5488=CARTESIAN_POINT('Ctrl Pts',(18.9727412731128,18.9597864912459,21.7156862745098));
#5489=CARTESIAN_POINT('Ctrl Pts',(18.9727412731128,18.9597864912459,22.5));
#5490=CARTESIAN_POINT('Ctrl Pts',(18.9301450567522,19.0666885508406,20.1470588235294));
#5491=CARTESIAN_POINT('Ctrl Pts',(18.9301450567522,19.0666885508406,20.9313725490196));
#5492=CARTESIAN_POINT('Ctrl Pts',(18.9301450567522,19.0666885508406,21.7156862745098));
#5493=CARTESIAN_POINT('Ctrl Pts',(18.9301450567522,19.0666885508406,22.5));
#5494=CARTESIAN_POINT('Ctrl Pts',(18.8846232638707,19.3339052971037,20.1470588235294));
#5495=CARTESIAN_POINT('Ctrl Pts',(18.8846232638707,19.3339052971037,20.9313725490196));
#5496=CARTESIAN_POINT('Ctrl Pts',(18.8846232638707,19.3339052971037,21.7156862745098));
#5497=CARTESIAN_POINT('Ctrl Pts',(18.8846232638707,19.3339052971037,22.5));
#5498=CARTESIAN_POINT('Ctrl Pts',(18.8733227588864,19.5154534802096,20.1470588235294));
#5499=CARTESIAN_POINT('Ctrl Pts',(18.8733227588864,19.5154534802096,20.9313725490196));
#5500=CARTESIAN_POINT('Ctrl Pts',(18.8733227588864,19.5154534802096,21.7156862745098));
#5501=CARTESIAN_POINT('Ctrl Pts',(18.8733227588864,19.5154534802096,22.5));
#5502=CARTESIAN_POINT('Ctrl Pts',(18.8733227588864,20.8700822310761,20.1470588235294));
#5503=CARTESIAN_POINT('Ctrl Pts',(18.8733227588864,20.8700822310761,20.9313725490196));
#5504=CARTESIAN_POINT('Ctrl Pts',(18.8733227588864,20.8700822310761,21.7156862745098));
#5505=CARTESIAN_POINT('Ctrl Pts',(18.8733227588864,20.8700822310761,22.5));
#5506=CARTESIAN_POINT('Ctrl Pts',(18.8733227588864,21.9942844418468,20.1470588235294));
#5507=CARTESIAN_POINT('Ctrl Pts',(18.8733227588864,21.9942844418468,20.9313725490196));
#5508=CARTESIAN_POINT('Ctrl Pts',(18.8733227588864,21.9942844418468,21.7156862745098));
#5509=CARTESIAN_POINT('Ctrl Pts',(18.8733227588864,21.9942844418468,22.5));
#5510=CARTESIAN_POINT('Ctrl Pts',(18.8733227588864,23.6072702225178,20.1470588235294));
#5511=CARTESIAN_POINT('Ctrl Pts',(18.8733227588864,23.6072702225178,20.9313725490196));
#5512=CARTESIAN_POINT('Ctrl Pts',(18.8733227588864,23.6072702225178,21.7156862745098));
#5513=CARTESIAN_POINT('Ctrl Pts',(18.8733227588864,23.6072702225178,22.5));
#5514=CARTESIAN_POINT('Ctrl Pts',(18.8371611429366,24.0297188793602,20.1470588235294));
#5515=CARTESIAN_POINT('Ctrl Pts',(18.8371611429366,24.0297188793602,20.9313725490196));
#5516=CARTESIAN_POINT('Ctrl Pts',(18.8371611429366,24.0297188793602,21.7156862745098));
#5517=CARTESIAN_POINT('Ctrl Pts',(18.8371611429366,24.0297188793602,22.5));
#5518=CARTESIAN_POINT('Ctrl Pts',(18.6925146791375,24.7419463669292,20.1470588235294));
#5519=CARTESIAN_POINT('Ctrl Pts',(18.6925146791375,24.7419463669292,20.9313725490196));
#5520=CARTESIAN_POINT('Ctrl Pts',(18.6925146791375,24.7419463669292,21.7156862745098));
#5521=CARTESIAN_POINT('Ctrl Pts',(18.6925146791375,24.7419463669292,22.5));
#5522=CARTESIAN_POINT('Ctrl Pts',(18.5910352810026,25.0320408827433,20.1470588235294));
#5523=CARTESIAN_POINT('Ctrl Pts',(18.5910352810026,25.0320408827433,20.9313725490196));
#5524=CARTESIAN_POINT('Ctrl Pts',(18.5910352810026,25.0320408827433,21.7156862745098));
#5525=CARTESIAN_POINT('Ctrl Pts',(18.5910352810026,25.0320408827433,22.5));
#5526=CARTESIAN_POINT('Ctrl Pts',(18.3241182166491,25.4855956554204,20.1470588235294));
#5527=CARTESIAN_POINT('Ctrl Pts',(18.3241182166491,25.4855956554204,20.9313725490196));
#5528=CARTESIAN_POINT('Ctrl Pts',(18.3241182166491,25.4855956554204,21.7156862745098));
#5529=CARTESIAN_POINT('Ctrl Pts',(18.3241182166491,25.4855956554204,22.5));
#5530=CARTESIAN_POINT('Ctrl Pts',(18.1604797327598,25.6493179156116,20.1470588235294));
#5531=CARTESIAN_POINT('Ctrl Pts',(18.1604797327598,25.6493179156116,20.9313725490196));
#5532=CARTESIAN_POINT('Ctrl Pts',(18.1604797327598,25.6493179156116,21.7156862745098));
#5533=CARTESIAN_POINT('Ctrl Pts',(18.1604797327598,25.6493179156116,22.5));
#5534=CARTESIAN_POINT('Ctrl Pts',(17.7771737754087,25.8696398889135,20.1470588235294));
#5535=CARTESIAN_POINT('Ctrl Pts',(17.7771737754087,25.8696398889135,20.9313725490196));
#5536=CARTESIAN_POINT('Ctrl Pts',(17.7771737754087,25.8696398889135,21.7156862745098));
#5537=CARTESIAN_POINT('Ctrl Pts',(17.7771737754087,25.8696398889135,22.5));
#5538=CARTESIAN_POINT('Ctrl Pts',(17.5579439787132,25.9255008683307,20.1470588235294));
#5539=CARTESIAN_POINT('Ctrl Pts',(17.5579439787132,25.9255008683307,20.9313725490196));
#5540=CARTESIAN_POINT('Ctrl Pts',(17.5579439787132,25.9255008683307,21.7156862745098));
#5541=CARTESIAN_POINT('Ctrl Pts',(17.5579439787132,25.9255008683307,22.5));
#5542=CARTESIAN_POINT('Ctrl Pts',(17.1692066072531,25.9255008683307,20.1470588235294));
#5543=CARTESIAN_POINT('Ctrl Pts',(17.1692066072531,25.9255008683307,20.9313725490196));
#5544=CARTESIAN_POINT('Ctrl Pts',(17.1692066072531,25.9255008683307,21.7156862745098));
#5545=CARTESIAN_POINT('Ctrl Pts',(17.1692066072531,25.9255008683307,22.5));
#5546=CARTESIAN_POINT('Ctrl Pts',(17.0290332739984,25.9157417527988,20.1470588235294));
#5547=CARTESIAN_POINT('Ctrl Pts',(17.0290332739984,25.9157417527988,20.9313725490196));
#5548=CARTESIAN_POINT('Ctrl Pts',(17.0290332739984,25.9157417527988,21.7156862745098));
#5549=CARTESIAN_POINT('Ctrl Pts',(17.0290332739984,25.9157417527988,22.5));
#5550=CARTESIAN_POINT('Ctrl Pts',(16.7623884278181,25.8731312001271,20.1470588235294));
#5551=CARTESIAN_POINT('Ctrl Pts',(16.7623884278181,25.8731312001271,20.9313725490196));
#5552=CARTESIAN_POINT('Ctrl Pts',(16.7623884278181,25.8731312001271,21.7156862745098));
#5553=CARTESIAN_POINT('Ctrl Pts',(16.7623884278181,25.8731312001271,22.5));
#5554=CARTESIAN_POINT('Ctrl Pts',(16.6367784624249,25.8173576891647,20.1470588235294));
#5555=CARTESIAN_POINT('Ctrl Pts',(16.6367784624249,25.8173576891647,20.9313725490196));
#5556=CARTESIAN_POINT('Ctrl Pts',(16.6367784624249,25.8173576891647,21.7156862745098));
#5557=CARTESIAN_POINT('Ctrl Pts',(16.6367784624249,25.8173576891647,22.5));
#5558=CARTESIAN_POINT('Ctrl Pts',(16.3962520663266,25.6601612160991,20.1470588235294));
#5559=CARTESIAN_POINT('Ctrl Pts',(16.3962520663266,25.6601612160991,20.9313725490196));
#5560=CARTESIAN_POINT('Ctrl Pts',(16.3962520663266,25.6601612160991,21.7156862745098));
#5561=CARTESIAN_POINT('Ctrl Pts',(16.3962520663266,25.6601612160991,22.5));
#5562=CARTESIAN_POINT('Ctrl Pts',(16.28111128566,25.548471229934,20.1470588235294));
#5563=CARTESIAN_POINT('Ctrl Pts',(16.28111128566,25.548471229934,20.9313725490196));
#5564=CARTESIAN_POINT('Ctrl Pts',(16.28111128566,25.548471229934,21.7156862745098));
#5565=CARTESIAN_POINT('Ctrl Pts',(16.28111128566,25.548471229934,22.5));
#5566=CARTESIAN_POINT('Ctrl Pts',(16.0707975227786,25.2377125592567,20.1470588235294));
#5567=CARTESIAN_POINT('Ctrl Pts',(16.0707975227786,25.2377125592567,20.9313725490196));
#5568=CARTESIAN_POINT('Ctrl Pts',(16.0707975227786,25.2377125592567,21.7156862745098));
#5569=CARTESIAN_POINT('Ctrl Pts',(16.0707975227786,25.2377125592567,22.5));
#5570=CARTESIAN_POINT('Ctrl Pts',(15.9713530789167,25.0212512640151,20.1470588235294));
#5571=CARTESIAN_POINT('Ctrl Pts',(15.9713530789167,25.0212512640151,20.9313725490196));
#5572=CARTESIAN_POINT('Ctrl Pts',(15.9713530789167,25.0212512640151,21.7156862745098));
#5573=CARTESIAN_POINT('Ctrl Pts',(15.9713530789167,25.0212512640151,22.5));
#5574=CARTESIAN_POINT('Ctrl Pts',(15.8764288370485,24.7419463669292,20.1470588235294));
#5575=CARTESIAN_POINT('Ctrl Pts',(15.8764288370485,24.7419463669292,20.9313725490196));
#5576=CARTESIAN_POINT('Ctrl Pts',(15.8764288370485,24.7419463669292,21.7156862745098));
#5577=CARTESIAN_POINT('Ctrl Pts',(15.8764288370485,24.7419463669292,22.5));
#5578=CARTESIAN_POINT('',(19.5174515429918,18.7194345235148,20.1470588235294));
#5579=CARTESIAN_POINT('Ctrl Pts',(15.8764288370485,24.7419463669292,20.1470588235294));
#5580=CARTESIAN_POINT('Ctrl Pts',(15.9713530789167,25.0212512640151,20.1470588235294));
#5581=CARTESIAN_POINT('Ctrl Pts',(16.0707975227786,25.2377125592567,20.1470588235294));
#5582=CARTESIAN_POINT('Ctrl Pts',(16.1747621686342,25.3913302526539,20.1470588235294));
#5583=CARTESIAN_POINT('Ctrl Pts',(16.28111128566,25.548471229934,20.1470588235294));
#5584=CARTESIAN_POINT('Ctrl Pts',(16.3962520663266,25.6601612160991,20.1470588235294));
#5585=CARTESIAN_POINT('Ctrl Pts',(16.5137773181634,25.7369700627977,20.1470588235294));
#5586=CARTESIAN_POINT('Ctrl Pts',(16.6367784624249,25.8173576891647,20.1470588235294));
#5587=CARTESIAN_POINT('Ctrl Pts',(16.7623884278181,25.8731312001271,20.1470588235294));
#5588=CARTESIAN_POINT('Ctrl Pts',(16.893474285636,25.8940790674085,20.1470588235294));
#5589=CARTESIAN_POINT('Ctrl Pts',(17.0290332739984,25.9157417527988,20.1470588235294));
#5590=CARTESIAN_POINT('Ctrl Pts',(17.1692066072531,25.9255008683307,20.1470588235294));
#5591=CARTESIAN_POINT('Ctrl Pts',(17.3138530710522,25.9255008683307,20.1470588235294));
#5592=CARTESIAN_POINT('Ctrl Pts',(17.5579439787132,25.9255008683307,20.1470588235294));
#5593=CARTESIAN_POINT('Ctrl Pts',(17.7771737754087,25.8696398889135,20.1470588235294));
#5594=CARTESIAN_POINT('Ctrl Pts',(17.9715424611388,25.7579179300791,20.1470588235294));
#5595=CARTESIAN_POINT('Ctrl Pts',(18.1604797327598,25.6493179156117,20.1470588235294));
#5596=CARTESIAN_POINT('Ctrl Pts',(18.3241182166491,25.4855956554204,20.1470588235294));
#5597=CARTESIAN_POINT('Ctrl Pts',(18.4597242764608,25.2551691153245,20.1470588235294));
#5598=CARTESIAN_POINT('Ctrl Pts',(18.5910352810026,25.0320408827433,20.1470588235294));
#5599=CARTESIAN_POINT('Ctrl Pts',(18.6925146791375,24.7419463669292,20.1470588235294));
#5600=CARTESIAN_POINT('Ctrl Pts',(18.764837911037,24.3858326231447,20.1470588235294));
#5601=CARTESIAN_POINT('Ctrl Pts',(18.8371611429366,24.0297188793602,20.1470588235294));
#5602=CARTESIAN_POINT('Ctrl Pts',(18.8733227588864,23.6072702225178,20.1470588235294));
#5603=CARTESIAN_POINT('Ctrl Pts',(18.8733227588864,23.1184866526175,20.1470588235294));
#5604=CARTESIAN_POINT('Ctrl Pts',(18.8733227588864,21.9942844418468,20.1470588235294));
#5605=CARTESIAN_POINT('Ctrl Pts',(18.8733227588864,20.8700822310761,20.1470588235294));
#5606=CARTESIAN_POINT('Ctrl Pts',(18.8733227588864,19.7458800203054,20.1470588235294));
#5607=CARTESIAN_POINT('Ctrl Pts',(18.8733227588864,19.5154534802096,20.1470588235294));
#5608=CARTESIAN_POINT('Ctrl Pts',(18.8846232638707,19.3339052971037,20.1470588235294));
#5609=CARTESIAN_POINT('Ctrl Pts',(18.9072242738393,19.2012354709879,20.1470588235294));
#5610=CARTESIAN_POINT('Ctrl Pts',(18.9301450567522,19.0666885508406,20.1470588235294));
#5611=CARTESIAN_POINT('Ctrl Pts',(18.9727412731128,18.9597864912459,20.1470588235294));
#5612=CARTESIAN_POINT('Ctrl Pts',(19.0292697276698,18.8870174617663,20.1470588235294));
#5613=CARTESIAN_POINT('Ctrl Pts',(19.0835121515945,18.8171912374948,20.1470588235294));
#5614=CARTESIAN_POINT('Ctrl Pts',(19.1513151815003,18.7718041917184,20.1470588235294));
#5615=CARTESIAN_POINT('Ctrl Pts',(19.2326788173873,18.7508563244369,20.1470588235294));
#5616=CARTESIAN_POINT('Ctrl Pts',(19.3140424532743,18.7299084571555,20.1470588235294));
#5617=CARTESIAN_POINT('Ctrl Pts',(19.4089666951425,18.7194345235148,20.1470588235294));
#5618=CARTESIAN_POINT('Ctrl Pts',(19.5174515429918,18.7194345235148,20.1470588235294));
#5619=CARTESIAN_POINT('',(19.5174515429918,18.7194345235148,22.5));
#5620=CARTESIAN_POINT('Ctrl Pts',(19.5174515429918,18.7194345235148,22.5));
#5621=CARTESIAN_POINT('Ctrl Pts',(19.4089666951425,18.7194345235148,22.5));
#5622=CARTESIAN_POINT('Ctrl Pts',(19.3140424532743,18.7299084571555,22.5));
#5623=CARTESIAN_POINT('Ctrl Pts',(19.2326788173873,18.7508563244369,22.5));
#5624=CARTESIAN_POINT('Ctrl Pts',(19.1513151815003,18.7718041917184,22.5));
#5625=CARTESIAN_POINT('Ctrl Pts',(19.0835121515945,18.8171912374948,22.5));
#5626=CARTESIAN_POINT('Ctrl Pts',(19.0292697276698,18.8870174617663,22.5));
#5627=CARTESIAN_POINT('Ctrl Pts',(18.9727412731128,18.9597864912459,22.5));
#5628=CARTESIAN_POINT('Ctrl Pts',(18.9301450567522,19.0666885508406,22.5));
#5629=CARTESIAN_POINT('Ctrl Pts',(18.9072242738393,19.2012354709879,22.5));
#5630=CARTESIAN_POINT('Ctrl Pts',(18.8846232638707,19.3339052971037,22.5));
#5631=CARTESIAN_POINT('Ctrl Pts',(18.8733227588864,19.5154534802096,22.5));
#5632=CARTESIAN_POINT('Ctrl Pts',(18.8733227588864,19.7458800203054,22.5));
#5633=CARTESIAN_POINT('Ctrl Pts',(18.8733227588864,20.8700822310761,22.5));
#5634=CARTESIAN_POINT('Ctrl Pts',(18.8733227588864,21.9942844418468,22.5));
#5635=CARTESIAN_POINT('Ctrl Pts',(18.8733227588864,23.1184866526175,22.5));
#5636=CARTESIAN_POINT('Ctrl Pts',(18.8733227588864,23.6072702225178,22.5));
#5637=CARTESIAN_POINT('Ctrl Pts',(18.8371611429366,24.0297188793602,22.5));
#5638=CARTESIAN_POINT('Ctrl Pts',(18.764837911037,24.3858326231447,22.5));
#5639=CARTESIAN_POINT('Ctrl Pts',(18.6925146791375,24.7419463669292,22.5));
#5640=CARTESIAN_POINT('Ctrl Pts',(18.5910352810026,25.0320408827433,22.5));
#5641=CARTESIAN_POINT('Ctrl Pts',(18.4597242764608,25.2551691153245,22.5));
#5642=CARTESIAN_POINT('Ctrl Pts',(18.3241182166491,25.4855956554204,22.5));
#5643=CARTESIAN_POINT('Ctrl Pts',(18.1604797327598,25.6493179156117,22.5));
#5644=CARTESIAN_POINT('Ctrl Pts',(17.9715424611388,25.7579179300791,22.5));
#5645=CARTESIAN_POINT('Ctrl Pts',(17.7771737754087,25.8696398889135,22.5));
#5646=CARTESIAN_POINT('Ctrl Pts',(17.5579439787132,25.9255008683307,22.5));
#5647=CARTESIAN_POINT('Ctrl Pts',(17.3138530710522,25.9255008683307,22.5));
#5648=CARTESIAN_POINT('Ctrl Pts',(17.1692066072531,25.9255008683307,22.5));
#5649=CARTESIAN_POINT('Ctrl Pts',(17.0290332739984,25.9157417527988,22.5));
#5650=CARTESIAN_POINT('Ctrl Pts',(16.893474285636,25.8940790674085,22.5));
#5651=CARTESIAN_POINT('Ctrl Pts',(16.7623884278181,25.8731312001271,22.5));
#5652=CARTESIAN_POINT('Ctrl Pts',(16.6367784624249,25.8173576891647,22.5));
#5653=CARTESIAN_POINT('Ctrl Pts',(16.5137773181634,25.7369700627977,22.5));
#5654=CARTESIAN_POINT('Ctrl Pts',(16.3962520663266,25.6601612160991,22.5));
#5655=CARTESIAN_POINT('Ctrl Pts',(16.28111128566,25.548471229934,22.5));
#5656=CARTESIAN_POINT('Ctrl Pts',(16.1747621686342,25.3913302526539,22.5));
#5657=CARTESIAN_POINT('Ctrl Pts',(16.0707975227786,25.2377125592567,22.5));
#5658=CARTESIAN_POINT('Ctrl Pts',(15.9713530789167,25.0212512640151,22.5));
#5659=CARTESIAN_POINT('Ctrl Pts',(15.8764288370485,24.7419463669292,22.5));
#5660=CARTESIAN_POINT('',(19.5174515429918,18.7194345235148,20.1470588235294));
#5661=CARTESIAN_POINT('Origin',(19.5174515429918,17.9443634341014,20.1470588235294));
#5662=CARTESIAN_POINT('',(19.5174515429918,17.9443634341014,20.1470588235294));
#5663=CARTESIAN_POINT('',(19.5174515429918,18.7194345235148,20.1470588235294));
#5664=CARTESIAN_POINT('',(19.5174515429918,17.9443634341014,22.5));
#5665=CARTESIAN_POINT('',(19.5174515429918,18.7194345235148,22.5));
#5666=CARTESIAN_POINT('',(19.5174515429918,17.9443634341014,20.1470588235294));
#5667=CARTESIAN_POINT('Origin',(17.4426788278733,17.9443634341014,20.1470588235294));
#5668=CARTESIAN_POINT('',(19.5174515429918,17.9443634341014,20.1470588235294));
#5669=CARTESIAN_POINT('',(19.5174515429918,17.9443634341014,22.5));
#5670=CARTESIAN_POINT('Origin',(17.4426788278733,17.9443634341014,22.5));
#5671=CARTESIAN_POINT('Origin',(17.4426788278733,17.9443634341014,20.1470588235294));
#5672=CARTESIAN_POINT('Origin',(-54.9660717053692,-73.0085,3.50000000000003));
#5673=CARTESIAN_POINT('',(-55.4745717053692,-38.9861717206802,3.50000000000003));
#5674=CARTESIAN_POINT('Origin',(-54.9660717053692,-38.9861717206802,3.50000000000003));
#5675=CARTESIAN_POINT('',(-55.4745717053692,-32.9915,3.50000000000003));
#5676=CARTESIAN_POINT('',(-55.4745717053692,-73.0085,3.50000000000003));
#5677=CARTESIAN_POINT('Origin',(-54.9660717053692,-32.9915,3.50000000000003));
#5678=CARTESIAN_POINT('Origin',(-54.9660717053692,-32.9915,3.50000000000003));
#5679=CARTESIAN_POINT('Origin',(-39.4660717053692,-73.0085,3.50000000000003));
#5680=CARTESIAN_POINT('',(-39.9745717053692,-38.9861717206802,3.50000000000003));
#5681=CARTESIAN_POINT('Origin',(-39.4660717053692,-38.9861717206802,3.50000000000003));
#5682=CARTESIAN_POINT('',(-39.9745717053692,-32.9915,3.50000000000003));
#5683=CARTESIAN_POINT('',(-39.9745717053692,-73.0085,3.50000000000003));
#5684=CARTESIAN_POINT('Origin',(-39.4660717053692,-32.9915,3.50000000000003));
#5685=CARTESIAN_POINT('Origin',(-39.4660717053692,-32.9915,3.50000000000003));
#5686=CARTESIAN_POINT('Origin',(-38.9660717053692,-73.0085,14.5));
#5687=CARTESIAN_POINT('',(-39.4745717053692,-38.9861717206802,14.5));
#5688=CARTESIAN_POINT('Origin',(-38.9660717053692,-38.9861717206802,14.5));
#5689=CARTESIAN_POINT('',(-39.4745717053692,-32.9915,14.5));
#5690=CARTESIAN_POINT('',(-39.4745717053692,-73.0085,14.5));
#5691=CARTESIAN_POINT('Origin',(-38.9660717053692,-32.9915,14.5));
#5692=CARTESIAN_POINT('Origin',(-38.9660717053692,-32.9915,14.5));
#5693=CARTESIAN_POINT('Origin',(-55.4660717053692,-73.0085,14.5));
#5694=CARTESIAN_POINT('',(-55.9745717053692,-38.9861717206802,14.5));
#5695=CARTESIAN_POINT('Origin',(-55.4660717053692,-38.9861717206802,14.5));
#5696=CARTESIAN_POINT('',(-55.9745717053692,-32.9915,14.5));
#5697=CARTESIAN_POINT('',(-55.9745717053692,-73.0085,14.5));
#5698=CARTESIAN_POINT('Origin',(-55.4660717053692,-32.9915,14.5));
#5699=CARTESIAN_POINT('Origin',(-55.4660717053692,-32.9915,14.5));
#5700=CARTESIAN_POINT('Ctrl Pts',(-40.7313889269488,5.64392042831607,9.03959596301584));
#5701=CARTESIAN_POINT('Ctrl Pts',(-40.7313889269488,6.18037823247217,10.9378935997722));
#5702=CARTESIAN_POINT('Ctrl Pts',(-40.7313889269488,4.56007251206385,11.8314776105537));
#5703=CARTESIAN_POINT('Ctrl Pts',(-40.7313889269488,2.93976679165553,12.7250616213351));
#5704=CARTESIAN_POINT('Ctrl Pts',(-40.7313889269488,1.42704241247162,11.3651662075157));
#5705=CARTESIAN_POINT('Ctrl Pts',(-40.7313889269488,-0.0856819667122828,
10.0052707936963));
#5706=CARTESIAN_POINT('Ctrl Pts',(-40.7313889269488,0.623177086548073,8.29232262137194));
#5707=CARTESIAN_POINT('Ctrl Pts',(-40.7313889269488,1.33203613980843,6.57937444904757));
#5708=CARTESIAN_POINT('Ctrl Pts',(-40.7313889269488,3.27186226367392,6.90718435929064));
#5709=CARTESIAN_POINT('Ctrl Pts',(-40.230028875649,5.64392042831607,9.03959596301584));
#5710=CARTESIAN_POINT('Ctrl Pts',(-40.230028875649,6.18037823247217,10.9378935997722));
#5711=CARTESIAN_POINT('Ctrl Pts',(-40.230028875649,4.56007251206385,11.8314776105537));
#5712=CARTESIAN_POINT('Ctrl Pts',(-40.230028875649,2.93976679165553,12.7250616213351));
#5713=CARTESIAN_POINT('Ctrl Pts',(-40.230028875649,1.42704241247162,11.3651662075157));
#5714=CARTESIAN_POINT('Ctrl Pts',(-40.230028875649,-0.0856819667122828,
10.0052707936963));
#5715=CARTESIAN_POINT('Ctrl Pts',(-40.230028875649,0.623177086548073,8.29232262137194));
#5716=CARTESIAN_POINT('Ctrl Pts',(-40.230028875649,1.33203613980843,6.57937444904757));
#5717=CARTESIAN_POINT('Ctrl Pts',(-40.230028875649,3.27186226367392,6.90718435929064));
#5718=CARTESIAN_POINT('',(-40.230028875649,5.64392042831607,9.03959596301584));
#5719=CARTESIAN_POINT('',(-40.7313889269488,5.64392042831607,9.03959596301584));
#5720=CARTESIAN_POINT('',(-40.4807089012989,5.64392042831607,9.03959596301584));
#5721=CARTESIAN_POINT('',(-40.230028875649,3.27186226367392,6.90718435929064));
#5722=CARTESIAN_POINT('Origin',(-40.230028875649,3.09373155667765,9.50000022925671));
#5723=CARTESIAN_POINT('',(-40.7313889269488,3.27186226367392,6.90718435929064));
#5724=CARTESIAN_POINT('',(-40.4807089012989,3.27186226367392,6.90718435929064));
#5725=CARTESIAN_POINT('Origin',(-40.7313889269488,3.09373155667765,9.50000022925671));
#5726=CARTESIAN_POINT('Origin',(-40.731388919478,3.09373155667765,9.50000022925672));
#5727=CARTESIAN_POINT('',(-40.731388919478,5.58959834966699,8.77598128942683));
#5728=CARTESIAN_POINT('Origin',(-40.731388919478,3.16341882273441,9.41333923681058));
#5729=CARTESIAN_POINT('',(-40.731388919478,3.54602367694217,6.93418902443202));
#5730=CARTESIAN_POINT('Origin',(-40.731388919478,3.16341882273441,9.41333923681058));
#5731=CARTESIAN_POINT('Origin',(-40.731388919478,3.09373179728139,9.50000009294203));
#5732=CARTESIAN_POINT('Origin',(-37.2133453341273,3.09373179728139,9.50000009294203));
#5733=CARTESIAN_POINT('',(-37.2133453341273,5.58959834966698,8.77598128942682));
#5734=CARTESIAN_POINT('',(-37.2133453341273,3.54602367694219,6.93418902443202));
#5735=CARTESIAN_POINT('Origin',(-37.2133453341273,3.16341882273441,9.41333923681058));
#5736=CARTESIAN_POINT('Origin',(-37.2133453341273,3.09373179728139,9.50000009294203));
#5737=CARTESIAN_POINT('Ctrl Pts',(-40.731388919478,5.58959834966699,8.77598128942682));
#5738=CARTESIAN_POINT('Ctrl Pts',(-40.731388919478,6.35684733060325,10.7559608751175));
#5739=CARTESIAN_POINT('Ctrl Pts',(-40.731388919478,4.68626498446713,11.7976284368864));
#5740=CARTESIAN_POINT('Ctrl Pts',(-40.731388919478,3.01568263833101,12.8392959986553));
#5741=CARTESIAN_POINT('Ctrl Pts',(-40.731388919478,1.40340980737997,11.3862188643867));
#5742=CARTESIAN_POINT('Ctrl Pts',(-40.731388919478,-0.208863023571074,9.93314173011808));
#5743=CARTESIAN_POINT('Ctrl Pts',(-40.731388919478,0.646189936638293,8.15647009195143));
#5744=CARTESIAN_POINT('Ctrl Pts',(-40.731388919478,1.50124289684766,6.37979845378478));
#5745=CARTESIAN_POINT('Ctrl Pts',(-40.731388919478,3.54602367694219,6.93418902443202));
#5746=CARTESIAN_POINT('Ctrl Pts',(-37.2133453341273,5.58959834966698,8.77598128942682));
#5747=CARTESIAN_POINT('Ctrl Pts',(-37.2133453341273,6.35684733060325,10.7559608751175));
#5748=CARTESIAN_POINT('Ctrl Pts',(-37.2133453341273,4.68626498446713,11.7976284368864));
#5749=CARTESIAN_POINT('Ctrl Pts',(-37.2133453341273,3.01568263833101,12.8392959986553));
#5750=CARTESIAN_POINT('Ctrl Pts',(-37.2133453341273,1.40340980737997,11.3862188643867));
#5751=CARTESIAN_POINT('Ctrl Pts',(-37.2133453341273,-0.208863023571073,
9.93314173011809));
#5752=CARTESIAN_POINT('Ctrl Pts',(-37.2133453341273,0.646189936638293,8.15647009195143));
#5753=CARTESIAN_POINT('Ctrl Pts',(-37.2133453341273,1.50124289684766,6.37979845378478));
#5754=CARTESIAN_POINT('Ctrl Pts',(-37.2133453341273,3.54602367694219,6.93418902443202));
#5755=CARTESIAN_POINT('',(-37.2133453341273,5.58959834966698,8.77598128942682));
#5756=CARTESIAN_POINT('',(-37.2133453341273,3.54602367694219,6.93418902443202));
#5757=CARTESIAN_POINT('',(-38.4846226988612,4.27340504908976,12.0019426083131));
#5758=CARTESIAN_POINT('',(-38.6346234687364,4.46653837752142,11.9187898253889));
#5759=CARTESIAN_POINT('Origin',(-40.0048146150826,3.09373179728139,9.50000009294203));
#5760=CARTESIAN_POINT('',(-38.1492043323521,4.24039112264508,12.014198756694));
#5761=CARTESIAN_POINT('Origin',(-47.8554997201741,3.09373179728139,9.50000009294203));
#5762=CARTESIAN_POINT('',(-38.3957703281457,4.07793916930882,12.0668078961547));
#5763=CARTESIAN_POINT('Origin',(-40.0998252372753,3.09373179728139,9.50000009294203));
#5764=CARTESIAN_POINT('',(-38.3573890727007,3.86058072186291,12.1184951643133));
#5765=CARTESIAN_POINT('Origin',(-39.8319311811462,3.09373179728139,9.50000009294203));
#5766=CARTESIAN_POINT('',(-38.6346234687364,3.95989532777169,12.0974244879485));
#5767=CARTESIAN_POINT('Origin',(-36.5013989246638,3.09373179728139,9.50000009294203));
#5768=CARTESIAN_POINT('',(-38.9118578647721,3.86058072186291,12.1184951643133));
#5769=CARTESIAN_POINT('Origin',(-40.767848012809,3.09373179728139,9.50000009294203));
#5770=CARTESIAN_POINT('',(-38.8734766093271,4.07793916930882,12.0668078961547));
#5771=CARTESIAN_POINT('Origin',(-37.4373157563266,3.09373179728139,9.50000009294203));
#5772=CARTESIAN_POINT('',(-39.1200426051207,4.24039112264508,12.014198756694));
#5773=CARTESIAN_POINT('Origin',(-37.1694217001975,3.09373179728139,9.50000009294203));
#5774=CARTESIAN_POINT('',(-38.7846242386116,4.27340504908976,12.0019426083131));
#5775=CARTESIAN_POINT('Origin',(-29.4137472172987,3.09373179728139,9.50000009294203));
#5776=CARTESIAN_POINT('Origin',(-37.2644323223902,3.09373179728139,9.50000009294203));
#5777=CARTESIAN_POINT('Origin',(-38.6346234687364,4.00508495314524,13.3203493017497));
#5778=CARTESIAN_POINT('',(-38.6346234687364,3.97995362120676,12.6402434328166));
#5779=CARTESIAN_POINT('',(-38.6346234687364,4.00508495314524,13.3203493017497));
#5780=CARTESIAN_POINT('',(-39.2333393688446,3.76493389145035,12.6711415387301));
#5781=CARTESIAN_POINT('Origin',(-40.767848012809,3.09373179728139,9.50000009294203));
#5782=CARTESIAN_POINT('',(-39.692300029274,3.62838441069316,13.4601229941893));
#5783=CARTESIAN_POINT('Origin',(-37.5769469081988,3.62838441069316,13.4601229941893));
#5784=CARTESIAN_POINT('',(-38.0359075686282,3.76493389145035,12.6711415387301));
#5785=CARTESIAN_POINT('',(-37.5769469081988,3.62838441069316,13.4601229941893));
#5786=CARTESIAN_POINT('Origin',(-36.5013989246638,3.09373179728139,9.50000009294203));
#5787=CARTESIAN_POINT('Origin',(-37.7789451769085,4.42624897051146,13.1640775601514));
#5788=CARTESIAN_POINT('',(-38.1066711936197,4.24118812547188,12.5810860665029));
#5789=CARTESIAN_POINT('',(-37.7789451769085,4.42624897051146,13.1640775601514));
#5790=CARTESIAN_POINT('Origin',(-39.8319311811462,3.09373179728139,9.50000009294203));
#5791=CARTESIAN_POINT('Origin',(-36.9232668850806,4.99129978418958,12.9544170214919));
#5792=CARTESIAN_POINT('',(-37.5691626345698,4.5956770598608,12.4590548950011));
#5793=CARTESIAN_POINT('',(-36.9232668850806,4.99129978418958,12.9544170214919));
#5794=CARTESIAN_POINT('Origin',(-40.0998252372753,3.09373179728139,9.50000009294203));
#5795=CARTESIAN_POINT('Origin',(-38.1057851884676,5.10770665725967,12.9112245738027));
#5796=CARTESIAN_POINT('',(-38.3067365591653,4.66515794669818,12.4289031238334));
#5797=CARTESIAN_POINT('',(-38.1057851884676,5.10770665725967,12.9112245738027));
#5798=CARTESIAN_POINT('Origin',(-47.8554997201741,3.09373179728139,9.50000009294203));
#5799=CARTESIAN_POINT('Origin',(-38.6346234687364,5.83362781892202,12.6418735382954));
#5800=CARTESIAN_POINT('',(-38.6346234687364,5.04245580175596,12.2234052344702));
#5801=CARTESIAN_POINT('',(-38.6346234687364,5.83362781892202,12.6418735382954));
#5802=CARTESIAN_POINT('Origin',(-40.0048146150826,3.09373179728139,9.50000009294203));
#5803=CARTESIAN_POINT('Origin',(-39.692300029274,3.62838441069316,13.4601229941893));
#5804=CARTESIAN_POINT('',(-39.1625757438531,4.24118812547188,12.5810860665029));
#5805=CARTESIAN_POINT('Origin',(-37.4373157563266,3.09373179728139,9.50000009294203));
#5806=CARTESIAN_POINT('',(-39.4903017605643,4.42624897051146,13.1640775601514));
#5807=CARTESIAN_POINT('Origin',(-39.4903017605643,4.42624897051146,13.1640775601514));
#5808=CARTESIAN_POINT('',(-39.700084302903,4.59567705986081,12.4590548950012));
#5809=CARTESIAN_POINT('Origin',(-37.1694217001975,3.09373179728139,9.50000009294203));
#5810=CARTESIAN_POINT('',(-40.3459800523922,4.99129978418958,12.9544170214919));
#5811=CARTESIAN_POINT('Origin',(-40.3459800523922,4.99129978418958,12.9544170214919));
#5812=CARTESIAN_POINT('',(-38.9625103783075,4.66515794669818,12.4289031238334));
#5813=CARTESIAN_POINT('Origin',(-29.4137472172986,3.09373179728139,9.50000009294202));
#5814=CARTESIAN_POINT('',(-39.1634617490052,5.10770665725967,12.9112245738027));
#5815=CARTESIAN_POINT('Origin',(-39.1634617490052,5.10770665725967,12.9112245738027));
#5816=CARTESIAN_POINT('Origin',(-37.2644323223902,3.09373179728139,9.50000009294203));
#5817=CARTESIAN_POINT('Ctrl Pts',(-40.731388919478,0.620635562876093,7.2184476517754));
#5818=CARTESIAN_POINT('Ctrl Pts',(-40.731388919478,2.67644675363728,4.99004438442817));
#5819=CARTESIAN_POINT('Ctrl Pts',(-40.731388919478,5.14954298804259,7.27159682559479));
#5820=CARTESIAN_POINT('Ctrl Pts',(-40.731388919478,7.62263922244789,9.55314926676142));
#5821=CARTESIAN_POINT('Ctrl Pts',(-40.731388919478,5.5668280316867,11.7815525341087));
#5822=CARTESIAN_POINT('Ctrl Pts',(-40.731388919478,3.5110168409255,14.0099558014559));
#5823=CARTESIAN_POINT('Ctrl Pts',(-40.731388919478,1.0379206065202,11.7284033602893));
#5824=CARTESIAN_POINT('Ctrl Pts',(-40.731388919478,-1.4351756278851,9.44685091912264));
#5825=CARTESIAN_POINT('Ctrl Pts',(-40.731388919478,0.620635562876093,7.2184476517754));
#5826=CARTESIAN_POINT('Ctrl Pts',(-36.7205084102983,0.620635562876092,7.2184476517754));
#5827=CARTESIAN_POINT('Ctrl Pts',(-36.7205084102983,2.67644675363728,4.99004438442816));
#5828=CARTESIAN_POINT('Ctrl Pts',(-36.7205084102983,5.14954298804258,7.27159682559479));
#5829=CARTESIAN_POINT('Ctrl Pts',(-36.7205084102983,7.62263922244788,9.55314926676142));
#5830=CARTESIAN_POINT('Ctrl Pts',(-36.7205084102983,5.5668280316867,11.7815525341087));
#5831=CARTESIAN_POINT('Ctrl Pts',(-36.7205084102983,3.5110168409255,14.0099558014559));
#5832=CARTESIAN_POINT('Ctrl Pts',(-36.7205084102983,1.0379206065202,11.7284033602893));
#5833=CARTESIAN_POINT('Ctrl Pts',(-36.7205084102983,-1.4351756278851,9.44685091912264));
#5834=CARTESIAN_POINT('Ctrl Pts',(-36.7205084102983,0.620635562876092,7.2184476517754));
#5835=CARTESIAN_POINT('',(-40.731388919478,0.620635562876092,7.2184476517754));
#5836=CARTESIAN_POINT('Origin',(-40.731388919478,3.09373179728139,9.50000009294203));
#5837=CARTESIAN_POINT('',(-36.7205084102983,0.620635562876092,7.2184476517754));
#5838=CARTESIAN_POINT('',(-36.7205084102983,0.620635562876092,7.2184476517754));
#5839=CARTESIAN_POINT('Origin',(-36.7205084102983,3.09373179728139,9.50000009294203));
#5840=CARTESIAN_POINT('Origin',(-36.7205084102983,3.09373179728139,9.50000009294203));
#5841=CARTESIAN_POINT('',(-36.7205084102983,0.654918822734409,9.41333923681058));
#5842=CARTESIAN_POINT('Origin',(-36.7205084102983,3.16341882273441,9.41333923681058));
#5843=CARTESIAN_POINT('Origin',(-40.731388919478,3.09373155667765,9.50000022925672));
#5844=CARTESIAN_POINT('',(-40.731388919478,5.81413737521468,12.0097078782757));
#5845=CARTESIAN_POINT('Origin',(-40.731388919478,3.09373155667765,9.50000022925672));
#5846=CARTESIAN_POINT('Ctrl Pts',(-41.2327489707778,5.81413737521468,12.0097078782757));
#5847=CARTESIAN_POINT('Ctrl Pts',(-41.2327489707778,3.55274509805361,14.4609514369382));
#5848=CARTESIAN_POINT('Ctrl Pts',(-41.2327489707778,0.832339279516585,11.9512437879192));
#5849=CARTESIAN_POINT('Ctrl Pts',(-41.2327489707778,-1.88806653902044,9.44153613890017));
#5850=CARTESIAN_POINT('Ctrl Pts',(-41.2327489707778,0.373325738140626,6.99029258023772));
#5851=CARTESIAN_POINT('Ctrl Pts',(-41.2327489707778,2.63471801530169,4.53904902157528));
#5852=CARTESIAN_POINT('Ctrl Pts',(-41.2327489707778,5.35512383383872,7.04875667059427));
#5853=CARTESIAN_POINT('Ctrl Pts',(-41.2327489707778,8.07552965237575,9.55846431961326));
#5854=CARTESIAN_POINT('Ctrl Pts',(-41.2327489707778,5.81413737521468,12.0097078782757));
#5855=CARTESIAN_POINT('Ctrl Pts',(-40.731388919478,5.81413737521468,12.0097078782757));
#5856=CARTESIAN_POINT('Ctrl Pts',(-40.731388919478,3.55274509805361,14.4609514369382));
#5857=CARTESIAN_POINT('Ctrl Pts',(-40.731388919478,0.832339279516586,11.9512437879192));
#5858=CARTESIAN_POINT('Ctrl Pts',(-40.731388919478,-1.88806653902044,9.44153613890017));
#5859=CARTESIAN_POINT('Ctrl Pts',(-40.731388919478,0.373325738140626,6.99029258023773));
#5860=CARTESIAN_POINT('Ctrl Pts',(-40.731388919478,2.63471801530169,4.53904902157528));
#5861=CARTESIAN_POINT('Ctrl Pts',(-40.731388919478,5.35512383383872,7.04875667059427));
#5862=CARTESIAN_POINT('Ctrl Pts',(-40.731388919478,8.07552965237575,9.55846431961326));
#5863=CARTESIAN_POINT('Ctrl Pts',(-40.731388919478,5.81413737521468,12.0097078782757));
#5864=CARTESIAN_POINT('',(-41.2327489707778,5.81413737521468,12.0097078782757));
#5865=CARTESIAN_POINT('Origin',(-41.2327489707778,3.09373155667765,9.50000022925671));
#5866=CARTESIAN_POINT('',(-41.2327489707778,5.81413737521468,12.0097078782757));
#5867=CARTESIAN_POINT('Origin',(-41.2327489707778,3.09373155667765,9.50000022925671));
#5868=CARTESIAN_POINT('',(-41.2327489707778,0.65491882273441,9.41333923681058));
#5869=CARTESIAN_POINT('Origin',(-41.2327489707778,3.16341882273441,9.41333923681058));
#5870=CARTESIAN_POINT('Origin',(-40.230028875649,1.17757915094877,10.2098522146748));
#5871=CARTESIAN_POINT('Origin',(-40.230028875649,3.16341882273441,9.41333923681058));
#5872=CARTESIAN_POINT('Origin',(-38.7259492866879,3.09373136060983,9.49999965288561));
#5873=CARTESIAN_POINT('',(-38.7259492866879,5.66596347860545,9.24058943110504));
#5874=CARTESIAN_POINT('',(-38.7259492866879,3.06599239790771,6.90673189984184));
#5875=CARTESIAN_POINT('Origin',(-38.7259492866879,3.16341882273441,9.41333923681058));
#5876=CARTESIAN_POINT('Origin',(-38.7259492866879,3.09373136060983,9.49999965288561));
#5877=CARTESIAN_POINT('Ctrl Pts',(-38.7259492866879,5.66596347860545,9.24058943110504));
#5878=CARTESIAN_POINT('Ctrl Pts',(-38.7259492866879,6.03930997623847,11.0641098965537));
#5879=CARTESIAN_POINT('Ctrl Pts',(-38.7259492866879,4.46182864239496,11.8517354859818));
#5880=CARTESIAN_POINT('Ctrl Pts',(-38.7259492866879,2.88434730855146,12.63936107541));
#5881=CARTESIAN_POINT('Ctrl Pts',(-38.7259492866879,1.44553897907305,11.347818380675));
#5882=CARTESIAN_POINT('Ctrl Pts',(-38.7259492866879,0.00673064959464172,
10.05627568594));
#5883=CARTESIAN_POINT('Ctrl Pts',(-38.7259492866879,0.612412618519289,8.39631682960333));
#5884=CARTESIAN_POINT('Ctrl Pts',(-38.7259492866879,1.21809458744394,6.73635797326667));
#5885=CARTESIAN_POINT('Ctrl Pts',(-38.7259492866879,3.06599239790773,6.90673189984184));
#5886=CARTESIAN_POINT('Ctrl Pts',(-37.2218691244638,5.66596347860545,9.24058943110503));
#5887=CARTESIAN_POINT('Ctrl Pts',(-37.2218691244638,6.03930997623847,11.0641098965537));
#5888=CARTESIAN_POINT('Ctrl Pts',(-37.2218691244638,4.46182864239496,11.8517354859818));
#5889=CARTESIAN_POINT('Ctrl Pts',(-37.2218691244638,2.88434730855146,12.63936107541));
#5890=CARTESIAN_POINT('Ctrl Pts',(-37.2218691244638,1.44553897907305,11.347818380675));
#5891=CARTESIAN_POINT('Ctrl Pts',(-37.2218691244638,0.00673064959464283,
10.05627568594));
#5892=CARTESIAN_POINT('Ctrl Pts',(-37.2218691244638,0.612412618519289,8.39631682960333));
#5893=CARTESIAN_POINT('Ctrl Pts',(-37.2218691244638,1.21809458744394,6.73635797326667));
#5894=CARTESIAN_POINT('Ctrl Pts',(-37.2218691244638,3.06599239790773,6.90673189984184));
#5895=CARTESIAN_POINT('',(-37.2218691244638,5.66596347860545,9.24058943110503));
#5896=CARTESIAN_POINT('',(-37.2218691244638,5.66596347860545,9.24058943110503));
#5897=CARTESIAN_POINT('',(-37.2218691244638,3.06599239790773,6.90673189984184));
#5898=CARTESIAN_POINT('Origin',(-37.2218691244638,3.09373136060983,9.49999965288561));
#5899=CARTESIAN_POINT('',(-37.2218691244638,3.06599239790773,6.90673189984184));
#5900=CARTESIAN_POINT('Origin',(-37.2218691244638,3.09373136060983,9.49999965288561));
#5901=CARTESIAN_POINT('Origin',(-37.2218691244638,3.16341882273441,9.41333923681058));
#5902=CARTESIAN_POINT('Origin',(-48.6904992065429,3.16341882273441,9.41333923681058));
#5903=CARTESIAN_POINT('',(-41.9915,0.65491882273441,9.41333923681058));
#5904=CARTESIAN_POINT('Origin',(-41.9915,3.16341882273441,9.41333923681058));
#5905=CARTESIAN_POINT('',(-48.6904992065429,0.654918822734411,9.41333923681058));
#5906=CARTESIAN_POINT('Origin',(-48.6904992065429,3.16341882273441,9.41333923681058));
#5907=CARTESIAN_POINT('',(-36.6881497312094,0.654918822734409,9.41333923681058));
#5908=CARTESIAN_POINT('',(-48.6904992065429,0.654918822734411,9.41333923681058));
#5909=CARTESIAN_POINT('Origin',(-36.6881497312094,3.16341882273441,9.41333923681058));
#5910=CARTESIAN_POINT('Origin',(-43.9999999999997,-25.6446717206802,-0.00849999999998692));
#5911=CARTESIAN_POINT('',(-44.3585,-25.6446717206802,1.9894991912842));
#5912=CARTESIAN_POINT('Origin',(-43.9999999999997,-25.6446717206802,1.9894991912842));
#5913=CARTESIAN_POINT('',(-44.3585,-25.6446717206802,3.8294020732188E-14));
#5914=CARTESIAN_POINT('',(-44.3585,-25.6446717206802,-0.00849999999998692));
#5915=CARTESIAN_POINT('Origin',(-43.9999999999997,-25.6446717206802,3.8294020732188E-14));
#5916=CARTESIAN_POINT('Origin',(-49.9500000000003,-25.6446717206802,-0.00849999999998647));
#5917=CARTESIAN_POINT('',(-50.3085000000006,-25.6446717206802,1.9894991912842));
#5918=CARTESIAN_POINT('Origin',(-49.9500000000003,-25.6446717206802,1.9894991912842));
#5919=CARTESIAN_POINT('',(-50.3085000000006,-25.6446717206802,3.8294020732188E-14));
#5920=CARTESIAN_POINT('',(-50.3085000000006,-25.6446717206802,-0.00849999999998647));
#5921=CARTESIAN_POINT('Origin',(-49.9500000000003,-25.6446717206802,3.8294020732188E-14));
#5922=CARTESIAN_POINT('Origin',(56.0339282946308,16.5,5.98849974060061));
#5923=CARTESIAN_POINT('',(55.0254282946308,16.5,5.98849974060061));
#5924=CARTESIAN_POINT('Origin',(56.0339282946308,16.5,5.98849974060061));
#5925=CARTESIAN_POINT('',(55.0254282946308,16.5,17.9915002757986));
#5926=CARTESIAN_POINT('',(55.0254282946308,16.5,5.98849974060061));
#5927=CARTESIAN_POINT('Origin',(56.0339282946308,16.5,17.9915002757986));
#5928=CARTESIAN_POINT('Origin',(56.0339282946308,16.5,5.98849974060061));
#5929=CARTESIAN_POINT('Origin',(56.0339282946308,29.5,5.98849974060061));
#5930=CARTESIAN_POINT('',(55.0254282946308,29.5,5.98849974060061));
#5931=CARTESIAN_POINT('Origin',(56.0339282946308,29.5,5.98849974060061));
#5932=CARTESIAN_POINT('',(55.0254282946308,29.5,17.9915002757986));
#5933=CARTESIAN_POINT('',(55.0254282946308,29.5,5.98849974060061));
#5934=CARTESIAN_POINT('Origin',(56.0339282946308,29.5,17.9915002757986));
#5935=CARTESIAN_POINT('Origin',(56.0339282946308,29.5,5.98849974060061));
#5936=CARTESIAN_POINT('Origin',(-54.9660717053692,4.5,5.98849974060061));
#5937=CARTESIAN_POINT('',(-55.9745717053692,4.5,5.98849974060061));
#5938=CARTESIAN_POINT('Origin',(-54.9660717053692,4.5,5.98849974060061));
#5939=CARTESIAN_POINT('',(-55.9745717053692,4.5,17.9915002757986));
#5940=CARTESIAN_POINT('',(-55.9745717053692,4.5,5.98849974060061));
#5941=CARTESIAN_POINT('Origin',(-54.9660717053692,4.5,17.9915002757986));
#5942=CARTESIAN_POINT('Origin',(-54.9660717053692,4.5,5.98849974060061));
#5943=CARTESIAN_POINT('Origin',(-54.9660717053692,28.5,5.98849974060061));
#5944=CARTESIAN_POINT('',(-55.9745717053692,28.5,5.98849974060061));
#5945=CARTESIAN_POINT('Origin',(-54.9660717053692,28.5,5.98849974060061));
#5946=CARTESIAN_POINT('',(-55.9745717053692,28.5,17.9915002757986));
#5947=CARTESIAN_POINT('',(-55.9745717053692,28.5,5.98849974060061));
#5948=CARTESIAN_POINT('Origin',(-54.9660717053692,28.5,17.9915002757986));
#5949=CARTESIAN_POINT('Origin',(-54.9660717053692,28.5,5.98849974060061));
#5950=CARTESIAN_POINT('Origin',(-47.,-38.9861717206802,10.));
#5951=CARTESIAN_POINT('',(-54.0085,-38.9861717206802,1.9894991912842));
#5952=CARTESIAN_POINT('',(-40.9915,-38.9861717206802,1.9894991912842));
#5953=CARTESIAN_POINT('',(-47.25,-38.9861717206802,1.9894991912842));
#5954=CARTESIAN_POINT('',(-54.0085,-38.9861717206802,17.9915002757988));
#5955=CARTESIAN_POINT('',(-54.0085,-38.9861717206802,10.9989995956421));
#5956=CARTESIAN_POINT('',(-57.,-38.9861717206802,17.9915002757988));
#5957=CARTESIAN_POINT('',(-24.,-38.9861717206802,17.9915002757988));
#5958=CARTESIAN_POINT('',(-57.,-38.9861717206802,4.12101763750078E-14));
#5959=CARTESIAN_POINT('',(-57.,-38.9861717206802,10.));
#5960=CARTESIAN_POINT('',(-37.,-38.9861717206802,4.12101763750078E-14));
#5961=CARTESIAN_POINT('',(-36.25,-38.9861717206802,4.35207425653061E-14));
#5962=CARTESIAN_POINT('',(-37.,-38.9861717206802,17.9915002757988));
#5963=CARTESIAN_POINT('',(-37.,-38.9861717206802,10.));
#5964=CARTESIAN_POINT('',(-40.9915,-38.9861717206802,17.9915002757988));
#5965=CARTESIAN_POINT('',(-24.,-38.9861717206802,17.9915002757988));
#5966=CARTESIAN_POINT('',(-40.9915,-38.9861717206802,10.9989995956421));
#5967=CARTESIAN_POINT('Origin',(-25.5,1.50532827931979,3.16401730861405E-14));
#5968=CARTESIAN_POINT('',(-57.,33.0053282793198,2.40334446314283E-14));
#5969=CARTESIAN_POINT('',(-57.,-3.99467172068022,3.28614184132281E-14));
#5970=CARTESIAN_POINT('',(62.0000000000002,33.0053282793198,2.40334446314283E-14));
#5971=CARTESIAN_POINT('',(-47.,33.0053282793198,2.40334446314283E-14));
#5972=CARTESIAN_POINT('',(62.0000000000002,13.0053282793198,2.84743367299289E-14));
#5973=CARTESIAN_POINT('',(62.0000000000002,23.0053282793198,2.62538906806786E-14));
#5974=CARTESIAN_POINT('',(-14.,13.0053282793198,2.84743367299289E-14));
#5975=CARTESIAN_POINT('',(6.50000000000004,13.0053282793198,2.90866601295026E-14));
#5976=CARTESIAN_POINT('',(-14.,-9.99467172068021,3.4806009442352E-14));
#5977=CARTESIAN_POINT('',(-14.,1.50532827931979,3.16401730861405E-14));
#5978=CARTESIAN_POINT('',(-37.,-9.99467172068021,3.4806009442352E-14));
#5979=CARTESIAN_POINT('',(-25.5,-9.99467172068021,3.4806009442352E-14));
#5980=CARTESIAN_POINT('',(-37.,-3.99467172068022,3.28614184132281E-14));
#5981=CARTESIAN_POINT('',(-16.6711497312094,12.6502492855635,2.8421709430404E-14));
#5982=CARTESIAN_POINT('',(-36.6881497312094,12.6502492855635,2.8421709430404E-14));
#5983=CARTESIAN_POINT('',(-26.0898248656047,12.6502492855635,2.93098878501041E-14));
#5984=CARTESIAN_POINT('',(-36.6881497312094,-7.36675071443653,3.37507799486048E-14));
#5985=CARTESIAN_POINT('',(-36.6881497312094,2.07353878244163,3.19744231092045E-14));
#5986=CARTESIAN_POINT('',(-16.6711497312094,-7.36675071443653,3.37507799486048E-14));
#5987=CARTESIAN_POINT('',(-26.0898248656047,-7.36675071443653,3.46389583683049E-14));
#5988=CARTESIAN_POINT('',(-16.6711497312094,2.07353878244163,3.19744231092045E-14));
#5989=CARTESIAN_POINT('Origin',(-57.,-3.99467172068021,10.));
#5990=CARTESIAN_POINT('',(-57.,33.0053282793198,17.9915002757985));
#5991=CARTESIAN_POINT('',(-57.,2.7553282793198,17.9915002757986));
#5992=CARTESIAN_POINT('',(-57.,33.0053282793198,10.));
#5993=CARTESIAN_POINT('Origin',(-54.0085,-23.0291641615329,11.9979991912842));
#5994=CARTESIAN_POINT('',(-54.0085,-7.02066416153286,1.98949919128419));
#5995=CARTESIAN_POINT('',(-54.0085,-23.0291641615329,1.9894991912842));
#5996=CARTESIAN_POINT('',(-54.0085,-7.02066416153285,17.9915002757987));
#5997=CARTESIAN_POINT('',(-54.0085,-7.02066416153286,11.9979991912842));
#5998=CARTESIAN_POINT('',(-54.0085,-6.76191794110653,17.9915002757987));
#5999=CARTESIAN_POINT('Origin',(-47.5,-7.02066416153286,11.9979991912842));
#6000=CARTESIAN_POINT('',(-53.0085,-7.02066416153286,17.9915002757987));
#6001=CARTESIAN_POINT('',(-24.25,-7.02066416153285,17.9915002757987));
#6002=CARTESIAN_POINT('',(-40.9915,-7.02066416153286,1.98949919128419));
#6003=CARTESIAN_POINT('',(-47.5,-7.02066416153286,1.98949919128419));
#6004=CARTESIAN_POINT('',(-40.9915,-7.02066416153285,17.9915002757987));
#6005=CARTESIAN_POINT('',(-40.9915,-7.02066416153286,11.9979991912842));
#6006=CARTESIAN_POINT('',(-41.9915,-7.02066416153286,17.9915002757987));
#6007=CARTESIAN_POINT('',(-24.25,-7.02066416153285,17.9915002757987));
#6008=CARTESIAN_POINT('',(-41.9915,-7.02066416153286,1.99150000000002));
#6009=CARTESIAN_POINT('',(-41.9915,-7.02066416153286,10.9989995956421));
#6010=CARTESIAN_POINT('',(-53.0085,-7.02066416153286,1.99150000000002));
#6011=CARTESIAN_POINT('',(-47.5,-7.02066416153286,1.99150000000002));
#6012=CARTESIAN_POINT('',(-53.0085,-7.02066416153286,10.9989995956421));
#6013=CARTESIAN_POINT('Origin',(-47.5,-23.0291641615329,1.9894991912842));
#6014=CARTESIAN_POINT('',(-40.9915,-23.0291641615329,1.9894991912842));
#6015=CARTESIAN_POINT('Origin',(-40.9915,-23.0291641615329,11.9979991912842));
#6016=CARTESIAN_POINT('',(-40.9915,-6.76191794110653,17.9915002757987));
#6017=CARTESIAN_POINT('Origin',(-53.0085,3.5053282793198,10.));
#6018=CARTESIAN_POINT('',(-53.0085,15.0138282793198,1.99150000000001));
#6019=CARTESIAN_POINT('',(-53.0085,3.50532827931979,1.99150000000002));
#6020=CARTESIAN_POINT('',(-53.0085,15.0138282793198,17.9915002757986));
#6021=CARTESIAN_POINT('',(-53.0085,15.0138282793198,10.));
#6022=CARTESIAN_POINT('',(-53.0085,6.5053282793198,17.9915002757986));
#6023=CARTESIAN_POINT('Origin',(-47.5,3.50532827931979,1.99150000000002));
#6024=CARTESIAN_POINT('',(-41.9915,14.9968282793198,1.99150000000003));
#6025=CARTESIAN_POINT('',(-41.9915,3.50532827931979,1.99150000000002));
#6026=CARTESIAN_POINT('',(42.5085,14.9968282793198,1.99150000000003));
#6027=CARTESIAN_POINT('',(-2.49999999999996,14.9968282793198,1.99150000000003));
#6028=CARTESIAN_POINT('',(42.5085,31.0138282793198,1.99150000000002));
#6029=CARTESIAN_POINT('',(42.5085,23.0053282793198,1.99150000000003));
#6030=CARTESIAN_POINT('',(-47.5085,31.0138282793198,1.99150000000003));
#6031=CARTESIAN_POINT('',(-2.49999999999996,31.0138282793198,1.99150000000003));
#6032=CARTESIAN_POINT('',(-47.5085,15.0138282793198,1.99150000000003));
#6033=CARTESIAN_POINT('',(-47.5085,23.0053282793198,1.99150000000003));
#6034=CARTESIAN_POINT('',(-47.5,15.0138282793198,1.99150000000001));
#6035=CARTESIAN_POINT('Origin',(-41.9915,3.5053282793198,10.));
#6036=CARTESIAN_POINT('',(-41.9915,14.9968282793198,17.9915002757986));
#6037=CARTESIAN_POINT('',(-41.9915,6.5053282793198,17.9915002757986));
#6038=CARTESIAN_POINT('',(-41.9915,14.9968282793198,10.));
#6039=CARTESIAN_POINT('Origin',(-0.999999999999986,9.50532827931978,17.9915002757986));
#6040=CARTESIAN_POINT('',(-37.,-9.99467172068021,17.9915002757987));
#6041=CARTESIAN_POINT('',(-37.,2.7553282793198,17.9915002757986));
#6042=CARTESIAN_POINT('',(-14.,-9.99467172068021,17.9915002757987));
#6043=CARTESIAN_POINT('',(-13.25,-9.99467172068021,17.9915002757987));
#6044=CARTESIAN_POINT('',(-14.,13.0053282793198,17.9915002757986));
#6045=CARTESIAN_POINT('',(-14.,5.5053282793198,17.9915002757986));
#6046=CARTESIAN_POINT('',(62.0000000000002,13.0053282793198,17.9915002757986));
#6047=CARTESIAN_POINT('',(2.75000000000003,13.0053282793198,17.9915002757986));
#6048=CARTESIAN_POINT('',(62.0000000000002,33.0053282793198,17.9915002757985));
#6049=CARTESIAN_POINT('',(62.0000000000002,16.2553282793198,17.9915002757986));
#6050=CARTESIAN_POINT('',(2.75000000000003,33.0053282793198,17.9915002757985));
#6051=CARTESIAN_POINT('',(-47.5085,15.0138282793198,17.9915002757986));
#6052=CARTESIAN_POINT('',(-24.25,15.0138282793198,17.9915002757986));
#6053=CARTESIAN_POINT('',(-47.5085,31.0138282793198,17.9915002757985));
#6054=CARTESIAN_POINT('',(-47.5085,16.2553282793198,17.9915002757986));
#6055=CARTESIAN_POINT('',(42.5085,31.0138282793198,17.9915002757985));
#6056=CARTESIAN_POINT('',(-1.74999999999997,31.0138282793198,17.9915002757985));
#6057=CARTESIAN_POINT('',(42.5085,14.9968282793198,17.9915002757986));
#6058=CARTESIAN_POINT('',(42.5085,16.2553282793198,17.9915002757986));
#6059=CARTESIAN_POINT('',(-1.74999999999997,14.9968282793198,17.9915002757986));
#6060=CARTESIAN_POINT('',(-36.6881497312094,-7.36675071443653,17.9915002757987));
#6061=CARTESIAN_POINT('',(-16.6711497312094,-7.36675071443653,17.9915002757987));
#6062=CARTESIAN_POINT('',(-13.8398248656047,-7.36675071443652,17.9915002757987));
#6063=CARTESIAN_POINT('',(-36.6881497312094,12.6502492855635,17.9915002757986));
#6064=CARTESIAN_POINT('',(-36.6881497312094,6.07353878244164,17.9915002757986));
#6065=CARTESIAN_POINT('',(-16.6711497312094,12.6502492855635,17.9915002757986));
#6066=CARTESIAN_POINT('',(-13.8398248656047,12.6502492855635,17.9915002757986));
#6067=CARTESIAN_POINT('',(-16.6711497312094,6.07353878244164,17.9915002757986));
#6068=CARTESIAN_POINT('Origin',(-2.49999999999996,14.9968282793198,10.));
#6069=CARTESIAN_POINT('',(42.5085,14.9968282793198,10.));
#6070=CARTESIAN_POINT('Origin',(42.5085,23.0053282793198,10.));
#6071=CARTESIAN_POINT('',(42.5085,31.0138282793198,10.));
#6072=CARTESIAN_POINT('',(42.5085,23.5053282793198,6.49150000000003));
#6073=CARTESIAN_POINT('Origin',(42.5085,23.5053282793198,10.));
#6074=CARTESIAN_POINT('Origin',(-2.49999999999996,31.0138282793198,10.));
#6075=CARTESIAN_POINT('',(-47.5085,31.0138282793198,10.));
#6076=CARTESIAN_POINT('Origin',(-26.6796497312094,12.6502492855635,14.));
#6077=CARTESIAN_POINT('',(-36.6881497312094,12.6502492855635,14.));
#6078=CARTESIAN_POINT('',(-16.6711497312094,12.6502492855635,14.));
#6079=CARTESIAN_POINT('Origin',(-36.6881497312094,2.64174928556347,14.));
#6080=CARTESIAN_POINT('',(-36.6881497312094,-7.36675071443653,14.));
#6081=CARTESIAN_POINT('Origin',(6.50000000000004,33.0053282793198,10.));
#6082=CARTESIAN_POINT('',(62.0000000000002,33.0053282793198,10.));
#6083=CARTESIAN_POINT('Origin',(62.0000000000002,23.0053282793198,10.));
#6084=CARTESIAN_POINT('',(62.0000000000002,13.0053282793198,10.));
#6085=CARTESIAN_POINT('',(62.0000000000002,23.5053282793198,6.49150000000003));
#6086=CARTESIAN_POINT('Origin',(62.0000000000002,23.5053282793198,10.));
#6087=CARTESIAN_POINT('Origin',(63.5085,23.5053282793198,10.));
#6088=CARTESIAN_POINT('',(63.5085,23.5053282793198,6.49150000000003));
#6089=CARTESIAN_POINT('Origin',(-48.6904992065429,3.16341882273441,9.41333923681058));
#6090=CARTESIAN_POINT('Origin',(-47.5085,23.0053282793198,10.));
#6091=CARTESIAN_POINT('',(-47.5085,15.0138282793198,10.));
#6092=CARTESIAN_POINT('Origin',(-47.5,15.0138282793198,10.));
#6093=CARTESIAN_POINT('Origin',(-26.6796497312094,-7.36675071443653,14.));
#6094=CARTESIAN_POINT('',(-16.6711497312094,-7.36675071443653,14.));
#6095=CARTESIAN_POINT('Origin',(-16.6711497312094,2.64174928556347,14.));
#6096=CARTESIAN_POINT('Origin',(-37.,-3.99467172068021,10.));
#6097=CARTESIAN_POINT('',(-37.,-9.99467172068021,10.));
#6098=CARTESIAN_POINT('Origin',(6.50000000000004,13.0053282793198,10.));
#6099=CARTESIAN_POINT('',(-14.,13.0053282793198,10.));
#6100=CARTESIAN_POINT('Origin',(-25.5,-9.99467172068021,10.));
#6101=CARTESIAN_POINT('',(-14.,-9.99467172068021,10.));
#6102=CARTESIAN_POINT('Origin',(-14.,1.50532827931979,10.));
#6103=UNCERTAINTY_MEASURE_WITH_UNIT(LENGTH_MEASURE(0.01),#6107,
'DISTANCE_ACCURACY_VALUE',
'Maximum model space distance between geometric entities at asserted c
onnectivities');
#6104=UNCERTAINTY_MEASURE_WITH_UNIT(LENGTH_MEASURE(0.01),#6107,
'DISTANCE_ACCURACY_VALUE',
'Maximum model space distance between geometric entities at asserted c
onnectivities');
#6105=(
GEOMETRIC_REPRESENTATION_CONTEXT(3)
GLOBAL_UNCERTAINTY_ASSIGNED_CONTEXT((#6103))
GLOBAL_UNIT_ASSIGNED_CONTEXT((#6107,#6109,#6110))
REPRESENTATION_CONTEXT('','3D')
);
#6106=(
GEOMETRIC_REPRESENTATION_CONTEXT(3)
GLOBAL_UNCERTAINTY_ASSIGNED_CONTEXT((#6104))
GLOBAL_UNIT_ASSIGNED_CONTEXT((#6107,#6109,#6110))
REPRESENTATION_CONTEXT('','3D')
);
#6107=(
LENGTH_UNIT()
NAMED_UNIT(*)
SI_UNIT(.MILLI.,.METRE.)
);
#6108=(
LENGTH_UNIT()
NAMED_UNIT(*)
SI_UNIT($,.METRE.)
);
#6109=(
NAMED_UNIT(*)
PLANE_ANGLE_UNIT()
SI_UNIT($,.RADIAN.)
);
#6110=(
NAMED_UNIT(*)
SI_UNIT($,.STERADIAN.)
SOLID_ANGLE_UNIT()
);
#6111=SHAPE_DEFINITION_REPRESENTATION(#6112,#6113);
#6112=PRODUCT_DEFINITION_SHAPE('',$,#6115);
#6113=SHAPE_REPRESENTATION('',(#3375),#6105);
#6114=PRODUCT_DEFINITION_CONTEXT('part definition',#6119,'design');
#6115=PRODUCT_DEFINITION('FusionComponent','FusionComponent',#6116,#6114);
#6116=PRODUCT_DEFINITION_FORMATION('',$,#6121);
#6117=PRODUCT_RELATED_PRODUCT_CATEGORY('FusionComponent',
'FusionComponent',(#6121));
#6118=APPLICATION_PROTOCOL_DEFINITION('international standard',
'automotive_design',2009,#6119);
#6119=APPLICATION_CONTEXT(
'Core Data for Automotive Mechanical Design Process');
#6120=PRODUCT_CONTEXT('part definition',#6119,'mechanical');
#6121=PRODUCT('FusionComponent','FusionComponent',$,(#6120));
#6122=PRESENTATION_STYLE_ASSIGNMENT((#6126));
#6123=PRESENTATION_STYLE_ASSIGNMENT((#6127));
#6124=PRESENTATION_STYLE_ASSIGNMENT((#6128));
#6125=PRESENTATION_STYLE_ASSIGNMENT((#6129));
#6126=SURFACE_STYLE_USAGE(.BOTH.,#6130);
#6127=SURFACE_STYLE_USAGE(.BOTH.,#6131);
#6128=SURFACE_STYLE_USAGE(.BOTH.,#6132);
#6129=SURFACE_STYLE_USAGE(.BOTH.,#6133);
#6130=SURFACE_SIDE_STYLE('',(#6134));
#6131=SURFACE_SIDE_STYLE('',(#6135));
#6132=SURFACE_SIDE_STYLE('',(#6136));
#6133=SURFACE_SIDE_STYLE('',(#6137));
#6134=SURFACE_STYLE_FILL_AREA(#6138);
#6135=SURFACE_STYLE_FILL_AREA(#6139);
#6136=SURFACE_STYLE_FILL_AREA(#6140);
#6137=SURFACE_STYLE_FILL_AREA(#6141);
#6138=FILL_AREA_STYLE('Steel - Satin',(#6142));
#6139=FILL_AREA_STYLE('Opaque(43,46,49)',(#6143));
#6140=FILL_AREA_STYLE('Opaque(250,250,250)',(#6144));
#6141=FILL_AREA_STYLE('Opaque(233,29,45)',(#6145));
#6142=FILL_AREA_STYLE_COLOUR('Steel - Satin',#6146);
#6143=FILL_AREA_STYLE_COLOUR('Opaque(43,46,49)',#6147);
#6144=FILL_AREA_STYLE_COLOUR('Opaque(250,250,250)',#6148);
#6145=FILL_AREA_STYLE_COLOUR('Opaque(233,29,45)',#6149);
#6146=COLOUR_RGB('Steel - Satin',0.627450980392157,0.627450980392157,0.627450980392157);
#6147=COLOUR_RGB('Opaque(43,46,49)',0.168627450980392,0.180392156862745,
0.192156862745098);
#6148=COLOUR_RGB('Opaque(250,250,250)',0.980392156862745,0.980392156862745,
0.980392156862745);
#6149=COLOUR_RGB('Opaque(233,29,45)',0.913725490196078,0.113725490196078,
0.176470588235294);
ENDSEC;
END-ISO-10303-21;
