ISO-10303-21;
HEADER;
/* Generated by software containing ST-Developer
 * from STEP Tools, Inc. (www.steptools.com) 
 */

FILE_DESCRIPTION(
/* description */ (''),
/* implementation_level */ '2;1');

FILE_NAME(
/* name */ 'Shootex Target without eletronics.step',
/* time_stamp */ '2026-06-09T12:01:13+05:30',
/* author */ (''),
/* organization */ (''),
/* preprocessor_version */ 'ST-DEVELOPER v20.1',
/* originating_system */ 'Autodesk Translation Framework v15.8.0.0',
/* authorisation */ '');

FILE_SCHEMA (('AUTOMOTIVE_DESIGN { 1 0 10303 214 3 1 1 }'));
ENDSEC;

DATA;
#10=MECHANICAL_DESIGN_GEOMETRIC_PRESENTATION_REPRESENTATION('',(#156,#157,
#158,#159,#160,#161,#162,#163,#164,#165,#166,#167,#168,#169,#170,#171,#172,
#173),#3579);
#11=ITEM_DEFINED_TRANSFORMATION($,$,#2231,#2386);
#12=(
REPRESENTATION_RELATIONSHIP($,$,#3590,#3589)
REPRESENTATION_RELATIONSHIP_WITH_TRANSFORMATION(#11)
SHAPE_REPRESENTATION_RELATIONSHIP()
);
#13=CONTEXT_DEPENDENT_SHAPE_REPRESENTATION(#12,#3588);
#14=NEXT_ASSEMBLY_USAGE_OCCURRENCE('Component1:1','Component1:1',
'Component1:1',#3592,#3593,'Component1:1');
#15=SHAPE_REPRESENTATION_RELATIONSHIP('SRR','None',#3590,#16);
#16=ADVANCED_BREP_SHAPE_REPRESENTATION('',(#17,#18,#19,#20,#21,#22,#23,
#24,#25,#26,#27,#28,#29,#30,#31,#32),#3578);
#17=MANIFOLD_SOLID_BREP('Body1',#2202);
#18=MANIFOLD_SOLID_BREP('Body11',#2203);
#19=MANIFOLD_SOLID_BREP('Body24',#2204);
#20=MANIFOLD_SOLID_BREP('Body26',#2205);
#21=MANIFOLD_SOLID_BREP('Body28',#2206);
#22=MANIFOLD_SOLID_BREP('Body30',#2207);
#23=MANIFOLD_SOLID_BREP('Body32',#2208);
#24=MANIFOLD_SOLID_BREP('Body34',#2209);
#25=MANIFOLD_SOLID_BREP('Body36',#2210);
#26=MANIFOLD_SOLID_BREP('Body38',#2211);
#27=MANIFOLD_SOLID_BREP('Body40',#2212);
#28=MANIFOLD_SOLID_BREP('Body42',#2213);
#29=MANIFOLD_SOLID_BREP('Body44',#2214);
#30=MANIFOLD_SOLID_BREP('Body46',#2215);
#31=MANIFOLD_SOLID_BREP('Body58',#2216);
#32=MANIFOLD_SOLID_BREP('Body59',#2217);
#33=PLANE('',#2243);
#34=PLANE('',#2244);
#35=PLANE('',#2248);
#36=PLANE('',#2250);
#37=PLANE('',#2255);
#38=PLANE('',#2256);
#39=PLANE('',#2257);
#40=PLANE('',#2258);
#41=PLANE('',#2259);
#42=PLANE('',#2260);
#43=PLANE('',#2261);
#44=PLANE('',#2262);
#45=PLANE('',#2263);
#46=PLANE('',#2264);
#47=PLANE('',#2265);
#48=PLANE('',#2266);
#49=PLANE('',#2267);
#50=PLANE('',#2268);
#51=PLANE('',#2269);
#52=PLANE('',#2270);
#53=PLANE('',#2271);
#54=PLANE('',#2272);
#55=PLANE('',#2276);
#56=PLANE('',#2277);
#57=PLANE('',#2278);
#58=PLANE('',#2279);
#59=PLANE('',#2280);
#60=PLANE('',#2281);
#61=PLANE('',#2282);
#62=PLANE('',#2283);
#63=PLANE('',#2284);
#64=PLANE('',#2286);
#65=PLANE('',#2289);
#66=PLANE('',#2290);
#67=PLANE('',#2294);
#68=PLANE('',#2295);
#69=PLANE('',#2296);
#70=PLANE('',#2300);
#71=PLANE('',#2301);
#72=PLANE('',#2302);
#73=PLANE('',#2303);
#74=PLANE('',#2304);
#75=PLANE('',#2305);
#76=PLANE('',#2306);
#77=PLANE('',#2307);
#78=PLANE('',#2308);
#79=PLANE('',#2309);
#80=PLANE('',#2310);
#81=PLANE('',#2311);
#82=PLANE('',#2312);
#83=PLANE('',#2313);
#84=PLANE('',#2314);
#85=PLANE('',#2315);
#86=PLANE('',#2316);
#87=PLANE('',#2317);
#88=PLANE('',#2318);
#89=PLANE('',#2319);
#90=PLANE('',#2320);
#91=PLANE('',#2321);
#92=PLANE('',#2322);
#93=PLANE('',#2323);
#94=PLANE('',#2324);
#95=PLANE('',#2325);
#96=PLANE('',#2326);
#97=PLANE('',#2327);
#98=PLANE('',#2328);
#99=PLANE('',#2329);
#100=PLANE('',#2330);
#101=PLANE('',#2331);
#102=PLANE('',#2332);
#103=PLANE('',#2333);
#104=PLANE('',#2334);
#105=PLANE('',#2335);
#106=PLANE('',#2336);
#107=PLANE('',#2337);
#108=PLANE('',#2338);
#109=PLANE('',#2339);
#110=PLANE('',#2340);
#111=PLANE('',#2341);
#112=PLANE('',#2342);
#113=PLANE('',#2343);
#114=PLANE('',#2344);
#115=PLANE('',#2345);
#116=PLANE('',#2346);
#117=PLANE('',#2347);
#118=PLANE('',#2348);
#119=PLANE('',#2349);
#120=PLANE('',#2350);
#121=PLANE('',#2351);
#122=PLANE('',#2352);
#123=PLANE('',#2353);
#124=PLANE('',#2354);
#125=PLANE('',#2355);
#126=PLANE('',#2356);
#127=PLANE('',#2357);
#128=PLANE('',#2358);
#129=PLANE('',#2359);
#130=PLANE('',#2360);
#131=PLANE('',#2361);
#132=PLANE('',#2362);
#133=PLANE('',#2363);
#134=PLANE('',#2364);
#135=PLANE('',#2365);
#136=PLANE('',#2366);
#137=PLANE('',#2367);
#138=PLANE('',#2368);
#139=PLANE('',#2369);
#140=PLANE('',#2370);
#141=PLANE('',#2371);
#142=PLANE('',#2372);
#143=PLANE('',#2373);
#144=PLANE('',#2374);
#145=PLANE('',#2375);
#146=PLANE('',#2376);
#147=PLANE('',#2377);
#148=PLANE('',#2378);
#149=PLANE('',#2379);
#150=PLANE('',#2380);
#151=PLANE('',#2381);
#152=PLANE('',#2382);
#153=PLANE('',#2383);
#154=PLANE('',#2384);
#155=PLANE('',#2385);
#156=STYLED_ITEM('',(#3605),#2071);
#157=STYLED_ITEM('',(#3605),#2073);
#158=STYLED_ITEM('',(#3604),#17);
#159=STYLED_ITEM('',(#3605),#18);
#160=STYLED_ITEM('',(#3605),#19);
#161=STYLED_ITEM('',(#3605),#20);
#162=STYLED_ITEM('',(#3605),#21);
#163=STYLED_ITEM('',(#3605),#22);
#164=STYLED_ITEM('',(#3605),#23);
#165=STYLED_ITEM('',(#3605),#24);
#166=STYLED_ITEM('',(#3605),#25);
#167=STYLED_ITEM('',(#3605),#26);
#168=STYLED_ITEM('',(#3605),#27);
#169=STYLED_ITEM('',(#3605),#28);
#170=STYLED_ITEM('',(#3605),#29);
#171=STYLED_ITEM('',(#3605),#30);
#172=STYLED_ITEM('',(#3605),#31);
#173=STYLED_ITEM('',(#3605),#32);
#174=FACE_BOUND('',#322,.T.);
#175=FACE_BOUND('',#326,.T.);
#176=FACE_BOUND('',#328,.T.);
#177=FACE_BOUND('',#329,.T.);
#178=FACE_BOUND('',#330,.T.);
#179=FACE_BOUND('',#333,.T.);
#180=FACE_BOUND('',#354,.T.);
#181=FACE_BOUND('',#355,.T.);
#182=FACE_BOUND('',#356,.T.);
#183=FACE_BOUND('',#367,.T.);
#184=FACE_BOUND('',#368,.T.);
#185=FACE_BOUND('',#369,.T.);
#186=FACE_BOUND('',#370,.T.);
#187=FACE_BOUND('',#375,.T.);
#188=FACE_BOUND('',#380,.T.);
#189=FACE_OUTER_BOUND('',#321,.T.);
#190=FACE_OUTER_BOUND('',#323,.T.);
#191=FACE_OUTER_BOUND('',#324,.T.);
#192=FACE_OUTER_BOUND('',#325,.T.);
#193=FACE_OUTER_BOUND('',#327,.T.);
#194=FACE_OUTER_BOUND('',#331,.T.);
#195=FACE_OUTER_BOUND('',#332,.T.);
#196=FACE_OUTER_BOUND('',#334,.T.);
#197=FACE_OUTER_BOUND('',#335,.T.);
#198=FACE_OUTER_BOUND('',#336,.T.);
#199=FACE_OUTER_BOUND('',#337,.T.);
#200=FACE_OUTER_BOUND('',#338,.T.);
#201=FACE_OUTER_BOUND('',#339,.T.);
#202=FACE_OUTER_BOUND('',#340,.T.);
#203=FACE_OUTER_BOUND('',#341,.T.);
#204=FACE_OUTER_BOUND('',#342,.T.);
#205=FACE_OUTER_BOUND('',#343,.T.);
#206=FACE_OUTER_BOUND('',#344,.T.);
#207=FACE_OUTER_BOUND('',#345,.T.);
#208=FACE_OUTER_BOUND('',#346,.T.);
#209=FACE_OUTER_BOUND('',#347,.T.);
#210=FACE_OUTER_BOUND('',#348,.T.);
#211=FACE_OUTER_BOUND('',#349,.T.);
#212=FACE_OUTER_BOUND('',#350,.T.);
#213=FACE_OUTER_BOUND('',#351,.T.);
#214=FACE_OUTER_BOUND('',#352,.T.);
#215=FACE_OUTER_BOUND('',#353,.T.);
#216=FACE_OUTER_BOUND('',#357,.T.);
#217=FACE_OUTER_BOUND('',#358,.T.);
#218=FACE_OUTER_BOUND('',#359,.T.);
#219=FACE_OUTER_BOUND('',#360,.T.);
#220=FACE_OUTER_BOUND('',#361,.T.);
#221=FACE_OUTER_BOUND('',#362,.T.);
#222=FACE_OUTER_BOUND('',#363,.T.);
#223=FACE_OUTER_BOUND('',#364,.T.);
#224=FACE_OUTER_BOUND('',#365,.T.);
#225=FACE_OUTER_BOUND('',#366,.T.);
#226=FACE_OUTER_BOUND('',#371,.T.);
#227=FACE_OUTER_BOUND('',#372,.T.);
#228=FACE_OUTER_BOUND('',#373,.T.);
#229=FACE_OUTER_BOUND('',#374,.T.);
#230=FACE_OUTER_BOUND('',#376,.T.);
#231=FACE_OUTER_BOUND('',#377,.T.);
#232=FACE_OUTER_BOUND('',#378,.T.);
#233=FACE_OUTER_BOUND('',#379,.T.);
#234=FACE_OUTER_BOUND('',#381,.T.);
#235=FACE_OUTER_BOUND('',#382,.T.);
#236=FACE_OUTER_BOUND('',#383,.T.);
#237=FACE_OUTER_BOUND('',#384,.T.);
#238=FACE_OUTER_BOUND('',#385,.T.);
#239=FACE_OUTER_BOUND('',#386,.T.);
#240=FACE_OUTER_BOUND('',#387,.T.);
#241=FACE_OUTER_BOUND('',#388,.T.);
#242=FACE_OUTER_BOUND('',#389,.T.);
#243=FACE_OUTER_BOUND('',#390,.T.);
#244=FACE_OUTER_BOUND('',#391,.T.);
#245=FACE_OUTER_BOUND('',#392,.T.);
#246=FACE_OUTER_BOUND('',#393,.T.);
#247=FACE_OUTER_BOUND('',#394,.T.);
#248=FACE_OUTER_BOUND('',#395,.T.);
#249=FACE_OUTER_BOUND('',#396,.T.);
#250=FACE_OUTER_BOUND('',#397,.T.);
#251=FACE_OUTER_BOUND('',#398,.T.);
#252=FACE_OUTER_BOUND('',#399,.T.);
#253=FACE_OUTER_BOUND('',#400,.T.);
#254=FACE_OUTER_BOUND('',#401,.T.);
#255=FACE_OUTER_BOUND('',#402,.T.);
#256=FACE_OUTER_BOUND('',#403,.T.);
#257=FACE_OUTER_BOUND('',#404,.T.);
#258=FACE_OUTER_BOUND('',#405,.T.);
#259=FACE_OUTER_BOUND('',#406,.T.);
#260=FACE_OUTER_BOUND('',#407,.T.);
#261=FACE_OUTER_BOUND('',#408,.T.);
#262=FACE_OUTER_BOUND('',#409,.T.);
#263=FACE_OUTER_BOUND('',#410,.T.);
#264=FACE_OUTER_BOUND('',#411,.T.);
#265=FACE_OUTER_BOUND('',#412,.T.);
#266=FACE_OUTER_BOUND('',#413,.T.);
#267=FACE_OUTER_BOUND('',#414,.T.);
#268=FACE_OUTER_BOUND('',#415,.T.);
#269=FACE_OUTER_BOUND('',#416,.T.);
#270=FACE_OUTER_BOUND('',#417,.T.);
#271=FACE_OUTER_BOUND('',#418,.T.);
#272=FACE_OUTER_BOUND('',#419,.T.);
#273=FACE_OUTER_BOUND('',#420,.T.);
#274=FACE_OUTER_BOUND('',#421,.T.);
#275=FACE_OUTER_BOUND('',#422,.T.);
#276=FACE_OUTER_BOUND('',#423,.T.);
#277=FACE_OUTER_BOUND('',#424,.T.);
#278=FACE_OUTER_BOUND('',#425,.T.);
#279=FACE_OUTER_BOUND('',#426,.T.);
#280=FACE_OUTER_BOUND('',#427,.T.);
#281=FACE_OUTER_BOUND('',#428,.T.);
#282=FACE_OUTER_BOUND('',#429,.T.);
#283=FACE_OUTER_BOUND('',#430,.T.);
#284=FACE_OUTER_BOUND('',#431,.T.);
#285=FACE_OUTER_BOUND('',#432,.T.);
#286=FACE_OUTER_BOUND('',#433,.T.);
#287=FACE_OUTER_BOUND('',#434,.T.);
#288=FACE_OUTER_BOUND('',#435,.T.);
#289=FACE_OUTER_BOUND('',#436,.T.);
#290=FACE_OUTER_BOUND('',#437,.T.);
#291=FACE_OUTER_BOUND('',#438,.T.);
#292=FACE_OUTER_BOUND('',#439,.T.);
#293=FACE_OUTER_BOUND('',#440,.T.);
#294=FACE_OUTER_BOUND('',#441,.T.);
#295=FACE_OUTER_BOUND('',#442,.T.);
#296=FACE_OUTER_BOUND('',#443,.T.);
#297=FACE_OUTER_BOUND('',#444,.T.);
#298=FACE_OUTER_BOUND('',#445,.T.);
#299=FACE_OUTER_BOUND('',#446,.T.);
#300=FACE_OUTER_BOUND('',#447,.T.);
#301=FACE_OUTER_BOUND('',#448,.T.);
#302=FACE_OUTER_BOUND('',#449,.T.);
#303=FACE_OUTER_BOUND('',#450,.T.);
#304=FACE_OUTER_BOUND('',#451,.T.);
#305=FACE_OUTER_BOUND('',#452,.T.);
#306=FACE_OUTER_BOUND('',#453,.T.);
#307=FACE_OUTER_BOUND('',#454,.T.);
#308=FACE_OUTER_BOUND('',#455,.T.);
#309=FACE_OUTER_BOUND('',#456,.T.);
#310=FACE_OUTER_BOUND('',#457,.T.);
#311=FACE_OUTER_BOUND('',#458,.T.);
#312=FACE_OUTER_BOUND('',#459,.T.);
#313=FACE_OUTER_BOUND('',#460,.T.);
#314=FACE_OUTER_BOUND('',#461,.T.);
#315=FACE_OUTER_BOUND('',#462,.T.);
#316=FACE_OUTER_BOUND('',#463,.T.);
#317=FACE_OUTER_BOUND('',#464,.T.);
#318=FACE_OUTER_BOUND('',#465,.T.);
#319=FACE_OUTER_BOUND('',#466,.T.);
#320=FACE_OUTER_BOUND('',#467,.T.);
#321=EDGE_LOOP('',(#1491,#1492,#1493,#1494));
#322=EDGE_LOOP('',(#1495,#1496,#1497,#1498));
#323=EDGE_LOOP('',(#1499,#1500,#1501,#1502));
#324=EDGE_LOOP('',(#1503,#1504,#1505,#1506));
#325=EDGE_LOOP('',(#1507));
#326=EDGE_LOOP('',(#1508));
#327=EDGE_LOOP('',(#1509));
#328=EDGE_LOOP('',(#1510));
#329=EDGE_LOOP('',(#1511));
#330=EDGE_LOOP('',(#1512));
#331=EDGE_LOOP('',(#1513));
#332=EDGE_LOOP('',(#1514));
#333=EDGE_LOOP('',(#1515));
#334=EDGE_LOOP('',(#1516,#1517,#1518,#1519));
#335=EDGE_LOOP('',(#1520,#1521,#1522,#1523));
#336=EDGE_LOOP('',(#1524,#1525,#1526,#1527));
#337=EDGE_LOOP('',(#1528,#1529,#1530,#1531));
#338=EDGE_LOOP('',(#1532,#1533,#1534,#1535));
#339=EDGE_LOOP('',(#1536,#1537,#1538,#1539));
#340=EDGE_LOOP('',(#1540,#1541,#1542,#1543));
#341=EDGE_LOOP('',(#1544,#1545,#1546,#1547));
#342=EDGE_LOOP('',(#1548,#1549,#1550,#1551));
#343=EDGE_LOOP('',(#1552,#1553,#1554,#1555));
#344=EDGE_LOOP('',(#1556,#1557,#1558,#1559));
#345=EDGE_LOOP('',(#1560,#1561,#1562,#1563));
#346=EDGE_LOOP('',(#1564,#1565,#1566,#1567));
#347=EDGE_LOOP('',(#1568,#1569,#1570,#1571));
#348=EDGE_LOOP('',(#1572,#1573,#1574,#1575));
#349=EDGE_LOOP('',(#1576,#1577,#1578,#1579));
#350=EDGE_LOOP('',(#1580,#1581,#1582,#1583));
#351=EDGE_LOOP('',(#1584,#1585,#1586,#1587));
#352=EDGE_LOOP('',(#1588,#1589,#1590,#1591));
#353=EDGE_LOOP('',(#1592,#1593,#1594));
#354=EDGE_LOOP('',(#1595));
#355=EDGE_LOOP('',(#1596,#1597,#1598,#1599,#1600,#1601,#1602,#1603,#1604,
#1605,#1606,#1607));
#356=EDGE_LOOP('',(#1608,#1609,#1610,#1611,#1612,#1613,#1614,#1615,#1616,
#1617,#1618,#1619));
#357=EDGE_LOOP('',(#1620,#1621,#1622,#1623));
#358=EDGE_LOOP('',(#1624,#1625,#1626,#1627));
#359=EDGE_LOOP('',(#1628,#1629,#1630,#1631));
#360=EDGE_LOOP('',(#1632,#1633,#1634,#1635));
#361=EDGE_LOOP('',(#1636,#1637,#1638,#1639));
#362=EDGE_LOOP('',(#1640,#1641,#1642,#1643));
#363=EDGE_LOOP('',(#1644,#1645,#1646,#1647));
#364=EDGE_LOOP('',(#1648,#1649,#1650,#1651));
#365=EDGE_LOOP('',(#1652,#1653));
#366=EDGE_LOOP('',(#1654));
#367=EDGE_LOOP('',(#1655,#1656,#1657,#1658,#1659,#1660,#1661,#1662,#1663,
#1664,#1665,#1666));
#368=EDGE_LOOP('',(#1667,#1668,#1669,#1670,#1671,#1672,#1673,#1674,#1675,
#1676,#1677,#1678));
#369=EDGE_LOOP('',(#1679));
#370=EDGE_LOOP('',(#1680));
#371=EDGE_LOOP('',(#1681,#1682,#1683,#1684,#1685,#1686,#1687,#1688));
#372=EDGE_LOOP('',(#1689,#1690,#1691,#1692));
#373=EDGE_LOOP('',(#1693,#1694,#1695,#1696));
#374=EDGE_LOOP('',(#1697,#1698,#1699,#1700));
#375=EDGE_LOOP('',(#1701));
#376=EDGE_LOOP('',(#1702,#1703,#1704,#1705));
#377=EDGE_LOOP('',(#1706,#1707,#1708,#1709));
#378=EDGE_LOOP('',(#1710,#1711,#1712,#1713));
#379=EDGE_LOOP('',(#1714,#1715,#1716,#1717));
#380=EDGE_LOOP('',(#1718));
#381=EDGE_LOOP('',(#1719,#1720,#1721,#1722));
#382=EDGE_LOOP('',(#1723));
#383=EDGE_LOOP('',(#1724));
#384=EDGE_LOOP('',(#1725,#1726,#1727,#1728));
#385=EDGE_LOOP('',(#1729,#1730,#1731,#1732));
#386=EDGE_LOOP('',(#1733,#1734,#1735,#1736));
#387=EDGE_LOOP('',(#1737,#1738,#1739,#1740));
#388=EDGE_LOOP('',(#1741,#1742,#1743,#1744));
#389=EDGE_LOOP('',(#1745,#1746,#1747,#1748));
#390=EDGE_LOOP('',(#1749,#1750,#1751,#1752));
#391=EDGE_LOOP('',(#1753,#1754,#1755,#1756));
#392=EDGE_LOOP('',(#1757,#1758,#1759,#1760));
#393=EDGE_LOOP('',(#1761,#1762,#1763,#1764));
#394=EDGE_LOOP('',(#1765,#1766,#1767,#1768));
#395=EDGE_LOOP('',(#1769,#1770,#1771,#1772));
#396=EDGE_LOOP('',(#1773,#1774,#1775,#1776));
#397=EDGE_LOOP('',(#1777,#1778,#1779,#1780));
#398=EDGE_LOOP('',(#1781,#1782,#1783,#1784));
#399=EDGE_LOOP('',(#1785,#1786,#1787,#1788));
#400=EDGE_LOOP('',(#1789,#1790,#1791,#1792));
#401=EDGE_LOOP('',(#1793,#1794,#1795,#1796));
#402=EDGE_LOOP('',(#1797,#1798,#1799,#1800));
#403=EDGE_LOOP('',(#1801,#1802,#1803,#1804));
#404=EDGE_LOOP('',(#1805,#1806,#1807,#1808));
#405=EDGE_LOOP('',(#1809,#1810,#1811,#1812));
#406=EDGE_LOOP('',(#1813,#1814,#1815,#1816));
#407=EDGE_LOOP('',(#1817,#1818,#1819,#1820));
#408=EDGE_LOOP('',(#1821,#1822,#1823,#1824));
#409=EDGE_LOOP('',(#1825,#1826,#1827,#1828));
#410=EDGE_LOOP('',(#1829,#1830,#1831,#1832));
#411=EDGE_LOOP('',(#1833,#1834,#1835,#1836));
#412=EDGE_LOOP('',(#1837,#1838,#1839,#1840));
#413=EDGE_LOOP('',(#1841,#1842,#1843,#1844));
#414=EDGE_LOOP('',(#1845,#1846,#1847,#1848));
#415=EDGE_LOOP('',(#1849,#1850,#1851,#1852));
#416=EDGE_LOOP('',(#1853,#1854,#1855,#1856));
#417=EDGE_LOOP('',(#1857,#1858,#1859,#1860));
#418=EDGE_LOOP('',(#1861,#1862,#1863,#1864));
#419=EDGE_LOOP('',(#1865,#1866,#1867,#1868));
#420=EDGE_LOOP('',(#1869,#1870,#1871,#1872));
#421=EDGE_LOOP('',(#1873,#1874,#1875,#1876));
#422=EDGE_LOOP('',(#1877,#1878,#1879,#1880));
#423=EDGE_LOOP('',(#1881,#1882,#1883,#1884));
#424=EDGE_LOOP('',(#1885,#1886,#1887,#1888));
#425=EDGE_LOOP('',(#1889,#1890,#1891,#1892));
#426=EDGE_LOOP('',(#1893,#1894,#1895,#1896));
#427=EDGE_LOOP('',(#1897,#1898,#1899,#1900));
#428=EDGE_LOOP('',(#1901,#1902,#1903,#1904));
#429=EDGE_LOOP('',(#1905,#1906,#1907,#1908));
#430=EDGE_LOOP('',(#1909,#1910,#1911,#1912));
#431=EDGE_LOOP('',(#1913,#1914,#1915,#1916));
#432=EDGE_LOOP('',(#1917,#1918,#1919,#1920));
#433=EDGE_LOOP('',(#1921,#1922,#1923,#1924));
#434=EDGE_LOOP('',(#1925,#1926,#1927,#1928));
#435=EDGE_LOOP('',(#1929,#1930,#1931,#1932));
#436=EDGE_LOOP('',(#1933,#1934,#1935,#1936));
#437=EDGE_LOOP('',(#1937,#1938,#1939,#1940));
#438=EDGE_LOOP('',(#1941,#1942,#1943,#1944));
#439=EDGE_LOOP('',(#1945,#1946,#1947,#1948));
#440=EDGE_LOOP('',(#1949,#1950,#1951,#1952));
#441=EDGE_LOOP('',(#1953,#1954,#1955,#1956));
#442=EDGE_LOOP('',(#1957,#1958,#1959,#1960));
#443=EDGE_LOOP('',(#1961,#1962,#1963,#1964));
#444=EDGE_LOOP('',(#1965,#1966,#1967,#1968));
#445=EDGE_LOOP('',(#1969,#1970,#1971,#1972));
#446=EDGE_LOOP('',(#1973,#1974,#1975,#1976));
#447=EDGE_LOOP('',(#1977,#1978,#1979,#1980));
#448=EDGE_LOOP('',(#1981,#1982,#1983,#1984));
#449=EDGE_LOOP('',(#1985,#1986,#1987,#1988));
#450=EDGE_LOOP('',(#1989,#1990,#1991,#1992));
#451=EDGE_LOOP('',(#1993,#1994,#1995,#1996));
#452=EDGE_LOOP('',(#1997,#1998,#1999,#2000));
#453=EDGE_LOOP('',(#2001,#2002,#2003,#2004));
#454=EDGE_LOOP('',(#2005,#2006,#2007,#2008));
#455=EDGE_LOOP('',(#2009,#2010,#2011,#2012));
#456=EDGE_LOOP('',(#2013,#2014,#2015,#2016));
#457=EDGE_LOOP('',(#2017,#2018,#2019,#2020));
#458=EDGE_LOOP('',(#2021,#2022,#2023,#2024));
#459=EDGE_LOOP('',(#2025,#2026,#2027,#2028));
#460=EDGE_LOOP('',(#2029,#2030,#2031,#2032));
#461=EDGE_LOOP('',(#2033,#2034,#2035,#2036));
#462=EDGE_LOOP('',(#2037,#2038,#2039,#2040));
#463=EDGE_LOOP('',(#2041,#2042,#2043,#2044));
#464=EDGE_LOOP('',(#2045,#2046,#2047,#2048));
#465=EDGE_LOOP('',(#2049,#2050,#2051,#2052));
#466=EDGE_LOOP('',(#2053,#2054,#2055,#2056));
#467=EDGE_LOOP('',(#2057,#2058,#2059,#2060));
#468=LINE('',#2970,#731);
#469=LINE('',#2974,#732);
#470=LINE('',#2978,#733);
#471=LINE('',#2984,#734);
#472=LINE('',#2990,#735);
#473=LINE('',#3007,#736);
#474=LINE('',#3011,#737);
#475=LINE('',#3015,#738);
#476=LINE('',#3017,#739);
#477=LINE('',#3019,#740);
#478=LINE('',#3020,#741);
#479=LINE('',#3024,#742);
#480=LINE('',#3025,#743);
#481=LINE('',#3026,#744);
#482=LINE('',#3030,#745);
#483=LINE('',#3031,#746);
#484=LINE('',#3032,#747);
#485=LINE('',#3036,#748);
#486=LINE('',#3037,#749);
#487=LINE('',#3038,#750);
#488=LINE('',#3042,#751);
#489=LINE('',#3043,#752);
#490=LINE('',#3044,#753);
#491=LINE('',#3048,#754);
#492=LINE('',#3049,#755);
#493=LINE('',#3050,#756);
#494=LINE('',#3054,#757);
#495=LINE('',#3056,#758);
#496=LINE('',#3058,#759);
#497=LINE('',#3059,#760);
#498=LINE('',#3063,#761);
#499=LINE('',#3064,#762);
#500=LINE('',#3065,#763);
#501=LINE('',#3069,#764);
#502=LINE('',#3070,#765);
#503=LINE('',#3071,#766);
#504=LINE('',#3075,#767);
#505=LINE('',#3076,#768);
#506=LINE('',#3077,#769);
#507=LINE('',#3081,#770);
#508=LINE('',#3082,#771);
#509=LINE('',#3083,#772);
#510=LINE('',#3087,#773);
#511=LINE('',#3088,#774);
#512=LINE('',#3089,#775);
#513=LINE('',#3093,#776);
#514=LINE('',#3095,#777);
#515=LINE('',#3097,#778);
#516=LINE('',#3098,#779);
#517=LINE('',#3102,#780);
#518=LINE('',#3104,#781);
#519=LINE('',#3106,#782);
#520=LINE('',#3107,#783);
#521=LINE('',#3109,#784);
#522=LINE('',#3110,#785);
#523=LINE('',#3114,#786);
#524=LINE('',#3116,#787);
#525=LINE('',#3118,#788);
#526=LINE('',#3119,#789);
#527=LINE('',#3121,#790);
#528=LINE('',#3122,#791);
#529=LINE('',#3130,#792);
#530=LINE('',#3132,#793);
#531=LINE('',#3134,#794);
#532=LINE('',#3135,#795);
#533=LINE('',#3137,#796);
#534=LINE('',#3139,#797);
#535=LINE('',#3141,#798);
#536=LINE('',#3142,#799);
#537=LINE('',#3145,#800);
#538=LINE('',#3146,#801);
#539=LINE('',#3149,#802);
#540=LINE('',#3150,#803);
#541=LINE('',#3153,#804);
#542=LINE('',#3154,#805);
#543=LINE('',#3156,#806);
#544=LINE('',#3159,#807);
#545=LINE('',#3160,#808);
#546=LINE('',#3163,#809);
#547=LINE('',#3164,#810);
#548=LINE('',#3167,#811);
#549=LINE('',#3168,#812);
#550=LINE('',#3170,#813);
#551=LINE('',#3175,#814);
#552=LINE('',#3177,#815);
#553=LINE('',#3180,#816);
#554=LINE('',#3182,#817);
#555=LINE('',#3183,#818);
#556=LINE('',#3186,#819);
#557=LINE('',#3187,#820);
#558=LINE('',#3193,#821);
#559=LINE('',#3196,#822);
#560=LINE('',#3197,#823);
#561=LINE('',#3199,#824);
#562=LINE('',#3205,#825);
#563=LINE('',#3212,#826);
#564=LINE('',#3214,#827);
#565=LINE('',#3216,#828);
#566=LINE('',#3217,#829);
#567=LINE('',#3221,#830);
#568=LINE('',#3223,#831);
#569=LINE('',#3225,#832);
#570=LINE('',#3226,#833);
#571=LINE('',#3228,#834);
#572=LINE('',#3229,#835);
#573=LINE('',#3231,#836);
#574=LINE('',#3233,#837);
#575=LINE('',#3238,#838);
#576=LINE('',#3240,#839);
#577=LINE('',#3242,#840);
#578=LINE('',#3243,#841);
#579=LINE('',#3247,#842);
#580=LINE('',#3249,#843);
#581=LINE('',#3251,#844);
#582=LINE('',#3252,#845);
#583=LINE('',#3254,#846);
#584=LINE('',#3255,#847);
#585=LINE('',#3257,#848);
#586=LINE('',#3259,#849);
#587=LINE('',#3264,#850);
#588=LINE('',#3266,#851);
#589=LINE('',#3268,#852);
#590=LINE('',#3269,#853);
#591=LINE('',#3273,#854);
#592=LINE('',#3275,#855);
#593=LINE('',#3277,#856);
#594=LINE('',#3278,#857);
#595=LINE('',#3280,#858);
#596=LINE('',#3281,#859);
#597=LINE('',#3283,#860);
#598=LINE('',#3285,#861);
#599=LINE('',#3290,#862);
#600=LINE('',#3292,#863);
#601=LINE('',#3294,#864);
#602=LINE('',#3295,#865);
#603=LINE('',#3299,#866);
#604=LINE('',#3301,#867);
#605=LINE('',#3303,#868);
#606=LINE('',#3304,#869);
#607=LINE('',#3306,#870);
#608=LINE('',#3307,#871);
#609=LINE('',#3309,#872);
#610=LINE('',#3311,#873);
#611=LINE('',#3316,#874);
#612=LINE('',#3318,#875);
#613=LINE('',#3320,#876);
#614=LINE('',#3321,#877);
#615=LINE('',#3325,#878);
#616=LINE('',#3327,#879);
#617=LINE('',#3329,#880);
#618=LINE('',#3330,#881);
#619=LINE('',#3332,#882);
#620=LINE('',#3333,#883);
#621=LINE('',#3335,#884);
#622=LINE('',#3337,#885);
#623=LINE('',#3342,#886);
#624=LINE('',#3344,#887);
#625=LINE('',#3346,#888);
#626=LINE('',#3347,#889);
#627=LINE('',#3351,#890);
#628=LINE('',#3353,#891);
#629=LINE('',#3355,#892);
#630=LINE('',#3356,#893);
#631=LINE('',#3358,#894);
#632=LINE('',#3359,#895);
#633=LINE('',#3361,#896);
#634=LINE('',#3363,#897);
#635=LINE('',#3368,#898);
#636=LINE('',#3370,#899);
#637=LINE('',#3372,#900);
#638=LINE('',#3373,#901);
#639=LINE('',#3377,#902);
#640=LINE('',#3379,#903);
#641=LINE('',#3381,#904);
#642=LINE('',#3382,#905);
#643=LINE('',#3384,#906);
#644=LINE('',#3385,#907);
#645=LINE('',#3387,#908);
#646=LINE('',#3389,#909);
#647=LINE('',#3394,#910);
#648=LINE('',#3396,#911);
#649=LINE('',#3398,#912);
#650=LINE('',#3399,#913);
#651=LINE('',#3403,#914);
#652=LINE('',#3405,#915);
#653=LINE('',#3407,#916);
#654=LINE('',#3408,#917);
#655=LINE('',#3410,#918);
#656=LINE('',#3411,#919);
#657=LINE('',#3413,#920);
#658=LINE('',#3415,#921);
#659=LINE('',#3420,#922);
#660=LINE('',#3422,#923);
#661=LINE('',#3424,#924);
#662=LINE('',#3425,#925);
#663=LINE('',#3429,#926);
#664=LINE('',#3431,#927);
#665=LINE('',#3433,#928);
#666=LINE('',#3434,#929);
#667=LINE('',#3436,#930);
#668=LINE('',#3437,#931);
#669=LINE('',#3439,#932);
#670=LINE('',#3441,#933);
#671=LINE('',#3446,#934);
#672=LINE('',#3448,#935);
#673=LINE('',#3450,#936);
#674=LINE('',#3451,#937);
#675=LINE('',#3455,#938);
#676=LINE('',#3457,#939);
#677=LINE('',#3459,#940);
#678=LINE('',#3460,#941);
#679=LINE('',#3462,#942);
#680=LINE('',#3463,#943);
#681=LINE('',#3465,#944);
#682=LINE('',#3467,#945);
#683=LINE('',#3472,#946);
#684=LINE('',#3474,#947);
#685=LINE('',#3476,#948);
#686=LINE('',#3477,#949);
#687=LINE('',#3481,#950);
#688=LINE('',#3483,#951);
#689=LINE('',#3485,#952);
#690=LINE('',#3486,#953);
#691=LINE('',#3488,#954);
#692=LINE('',#3489,#955);
#693=LINE('',#3491,#956);
#694=LINE('',#3493,#957);
#695=LINE('',#3498,#958);
#696=LINE('',#3500,#959);
#697=LINE('',#3502,#960);
#698=LINE('',#3503,#961);
#699=LINE('',#3507,#962);
#700=LINE('',#3509,#963);
#701=LINE('',#3511,#964);
#702=LINE('',#3512,#965);
#703=LINE('',#3514,#966);
#704=LINE('',#3515,#967);
#705=LINE('',#3517,#968);
#706=LINE('',#3519,#969);
#707=LINE('',#3524,#970);
#708=LINE('',#3526,#971);
#709=LINE('',#3528,#972);
#710=LINE('',#3529,#973);
#711=LINE('',#3533,#974);
#712=LINE('',#3535,#975);
#713=LINE('',#3537,#976);
#714=LINE('',#3538,#977);
#715=LINE('',#3540,#978);
#716=LINE('',#3541,#979);
#717=LINE('',#3543,#980);
#718=LINE('',#3545,#981);
#719=LINE('',#3550,#982);
#720=LINE('',#3552,#983);
#721=LINE('',#3554,#984);
#722=LINE('',#3555,#985);
#723=LINE('',#3559,#986);
#724=LINE('',#3561,#987);
#725=LINE('',#3563,#988);
#726=LINE('',#3564,#989);
#727=LINE('',#3566,#990);
#728=LINE('',#3567,#991);
#729=LINE('',#3569,#992);
#730=LINE('',#3571,#993);
#731=VECTOR('',#2395,1.75);
#732=VECTOR('',#2398,1.);
#733=VECTOR('',#2401,1.);
#734=VECTOR('',#2408,1.5);
#735=VECTOR('',#2415,0.75);
#736=VECTOR('',#2438,0.0658499999999998);
#737=VECTOR('',#2443,0.0658499999999998);
#738=VECTOR('',#2446,0.100085);
#739=VECTOR('',#2447,1.);
#740=VECTOR('',#2448,0.100085);
#741=VECTOR('',#2449,1.);
#742=VECTOR('',#2452,0.100085);
#743=VECTOR('',#2453,1.);
#744=VECTOR('',#2454,1.);
#745=VECTOR('',#2457,0.100085);
#746=VECTOR('',#2458,1.);
#747=VECTOR('',#2459,1.);
#748=VECTOR('',#2462,0.100085);
#749=VECTOR('',#2463,1.);
#750=VECTOR('',#2464,1.);
#751=VECTOR('',#2467,0.100085);
#752=VECTOR('',#2468,1.);
#753=VECTOR('',#2469,1.);
#754=VECTOR('',#2472,0.100085);
#755=VECTOR('',#2473,1.);
#756=VECTOR('',#2474,1.);
#757=VECTOR('',#2477,0.100085);
#758=VECTOR('',#2478,1.);
#759=VECTOR('',#2479,0.100085);
#760=VECTOR('',#2480,1.);
#761=VECTOR('',#2483,0.100085);
#762=VECTOR('',#2484,1.);
#763=VECTOR('',#2485,1.);
#764=VECTOR('',#2488,0.100085);
#765=VECTOR('',#2489,1.);
#766=VECTOR('',#2490,1.);
#767=VECTOR('',#2493,0.100085);
#768=VECTOR('',#2494,1.);
#769=VECTOR('',#2495,1.);
#770=VECTOR('',#2498,0.100085);
#771=VECTOR('',#2499,1.);
#772=VECTOR('',#2500,1.);
#773=VECTOR('',#2503,0.100085);
#774=VECTOR('',#2504,1.);
#775=VECTOR('',#2505,1.);
#776=VECTOR('',#2508,1.);
#777=VECTOR('',#2509,1.);
#778=VECTOR('',#2510,1.);
#779=VECTOR('',#2511,1.);
#780=VECTOR('',#2514,0.100085);
#781=VECTOR('',#2515,1.);
#782=VECTOR('',#2516,0.100085);
#783=VECTOR('',#2517,1.);
#784=VECTOR('',#2520,1.);
#785=VECTOR('',#2521,1.);
#786=VECTOR('',#2524,0.100085);
#787=VECTOR('',#2525,1.);
#788=VECTOR('',#2526,0.100085);
#789=VECTOR('',#2527,1.);
#790=VECTOR('',#2530,1.);
#791=VECTOR('',#2531,1.);
#792=VECTOR('',#2540,1.);
#793=VECTOR('',#2541,1.);
#794=VECTOR('',#2542,1.);
#795=VECTOR('',#2543,1.);
#796=VECTOR('',#2544,1.);
#797=VECTOR('',#2545,1.);
#798=VECTOR('',#2546,1.);
#799=VECTOR('',#2547,1.);
#800=VECTOR('',#2550,0.100085);
#801=VECTOR('',#2551,1.);
#802=VECTOR('',#2554,0.100085);
#803=VECTOR('',#2555,1.);
#804=VECTOR('',#2558,0.100085);
#805=VECTOR('',#2559,1.);
#806=VECTOR('',#2562,1.);
#807=VECTOR('',#2565,0.100085);
#808=VECTOR('',#2566,1.);
#809=VECTOR('',#2569,0.100085);
#810=VECTOR('',#2570,1.);
#811=VECTOR('',#2573,0.100085);
#812=VECTOR('',#2574,1.);
#813=VECTOR('',#2577,1.);
#814=VECTOR('',#2586,0.5);
#815=VECTOR('',#2589,0.25);
#816=VECTOR('',#2592,0.16);
#817=VECTOR('',#2593,0.01);
#818=VECTOR('',#2594,0.16);
#819=VECTOR('',#2597,0.16);
#820=VECTOR('',#2598,0.025);
#821=VECTOR('',#2605,0.05085);
#822=VECTOR('',#2608,0.16);
#823=VECTOR('',#2609,0.01);
#824=VECTOR('',#2612,0.025);
#825=VECTOR('',#2619,0.501638375);
#826=VECTOR('',#2628,0.00023519971420683);
#827=VECTOR('',#2629,0.00308985601851852);
#828=VECTOR('',#2630,0.00023519971420683);
#829=VECTOR('',#2631,0.00308985601851852);
#830=VECTOR('',#2634,0.00023519971420683);
#831=VECTOR('',#2635,0.00308985601851852);
#832=VECTOR('',#2636,0.00023519971420683);
#833=VECTOR('',#2637,0.00308985601851852);
#834=VECTOR('',#2640,0.00609648482986817);
#835=VECTOR('',#2641,0.00609648482986817);
#836=VECTOR('',#2644,0.00609648482986817);
#837=VECTOR('',#2647,0.00609648482986817);
#838=VECTOR('',#2652,0.00023519971420683);
#839=VECTOR('',#2653,0.00308985601851852);
#840=VECTOR('',#2654,0.00023519971420683);
#841=VECTOR('',#2655,0.00308985601851852);
#842=VECTOR('',#2658,0.00023519971420683);
#843=VECTOR('',#2659,0.00308985601851852);
#844=VECTOR('',#2660,0.00023519971420683);
#845=VECTOR('',#2661,0.00308985601851852);
#846=VECTOR('',#2664,0.00609648482986817);
#847=VECTOR('',#2665,0.00609648482986817);
#848=VECTOR('',#2668,0.00609648482986817);
#849=VECTOR('',#2671,0.00609648482986817);
#850=VECTOR('',#2676,0.00023519971420683);
#851=VECTOR('',#2677,0.00308985601851852);
#852=VECTOR('',#2678,0.00023519971420683);
#853=VECTOR('',#2679,0.00308985601851852);
#854=VECTOR('',#2682,0.00023519971420683);
#855=VECTOR('',#2683,0.00308985601851852);
#856=VECTOR('',#2684,0.00023519971420683);
#857=VECTOR('',#2685,0.00308985601851852);
#858=VECTOR('',#2688,0.00609648482986817);
#859=VECTOR('',#2689,0.00609648482986817);
#860=VECTOR('',#2692,0.00609648482986817);
#861=VECTOR('',#2695,0.00609648482986817);
#862=VECTOR('',#2700,0.00023519971420683);
#863=VECTOR('',#2701,0.00308985601851852);
#864=VECTOR('',#2702,0.00023519971420683);
#865=VECTOR('',#2703,0.00308985601851852);
#866=VECTOR('',#2706,0.00023519971420683);
#867=VECTOR('',#2707,0.00308985601851852);
#868=VECTOR('',#2708,0.00023519971420683);
#869=VECTOR('',#2709,0.00308985601851852);
#870=VECTOR('',#2712,0.00609648482986817);
#871=VECTOR('',#2713,0.00609648482986817);
#872=VECTOR('',#2716,0.00609648482986817);
#873=VECTOR('',#2719,0.00609648482986817);
#874=VECTOR('',#2724,0.00023519971420683);
#875=VECTOR('',#2725,0.00308985601851852);
#876=VECTOR('',#2726,0.00023519971420683);
#877=VECTOR('',#2727,0.00308985601851852);
#878=VECTOR('',#2730,0.00023519971420683);
#879=VECTOR('',#2731,0.00308985601851852);
#880=VECTOR('',#2732,0.00023519971420683);
#881=VECTOR('',#2733,0.00308985601851852);
#882=VECTOR('',#2736,0.00609648482986817);
#883=VECTOR('',#2737,0.00609648482986817);
#884=VECTOR('',#2740,0.00609648482986817);
#885=VECTOR('',#2743,0.00609648482986817);
#886=VECTOR('',#2748,0.00023519971420683);
#887=VECTOR('',#2749,0.00308985601851852);
#888=VECTOR('',#2750,0.00023519971420683);
#889=VECTOR('',#2751,0.00308985601851852);
#890=VECTOR('',#2754,0.00023519971420683);
#891=VECTOR('',#2755,0.00308985601851852);
#892=VECTOR('',#2756,0.00023519971420683);
#893=VECTOR('',#2757,0.00308985601851852);
#894=VECTOR('',#2760,0.00609648482986817);
#895=VECTOR('',#2761,0.00609648482986817);
#896=VECTOR('',#2764,0.00609648482986817);
#897=VECTOR('',#2767,0.00609648482986817);
#898=VECTOR('',#2772,0.00023519971420683);
#899=VECTOR('',#2773,0.00308985601851852);
#900=VECTOR('',#2774,0.00023519971420683);
#901=VECTOR('',#2775,0.00308985601851852);
#902=VECTOR('',#2778,0.00023519971420683);
#903=VECTOR('',#2779,0.00308985601851852);
#904=VECTOR('',#2780,0.00023519971420683);
#905=VECTOR('',#2781,0.00308985601851852);
#906=VECTOR('',#2784,0.00609648482986817);
#907=VECTOR('',#2785,0.00609648482986817);
#908=VECTOR('',#2788,0.00609648482986817);
#909=VECTOR('',#2791,0.00609648482986817);
#910=VECTOR('',#2796,0.00023519971420683);
#911=VECTOR('',#2797,0.00308985601851852);
#912=VECTOR('',#2798,0.00023519971420683);
#913=VECTOR('',#2799,0.00308985601851852);
#914=VECTOR('',#2802,0.00023519971420683);
#915=VECTOR('',#2803,0.00308985601851852);
#916=VECTOR('',#2804,0.00023519971420683);
#917=VECTOR('',#2805,0.00308985601851852);
#918=VECTOR('',#2808,0.00609648482986817);
#919=VECTOR('',#2809,0.00609648482986817);
#920=VECTOR('',#2812,0.00609648482986817);
#921=VECTOR('',#2815,0.00609648482986817);
#922=VECTOR('',#2820,0.00023519971420683);
#923=VECTOR('',#2821,0.00308985601851852);
#924=VECTOR('',#2822,0.00023519971420683);
#925=VECTOR('',#2823,0.00308985601851852);
#926=VECTOR('',#2826,0.00023519971420683);
#927=VECTOR('',#2827,0.00308985601851852);
#928=VECTOR('',#2828,0.00023519971420683);
#929=VECTOR('',#2829,0.00308985601851852);
#930=VECTOR('',#2832,0.00609648482986817);
#931=VECTOR('',#2833,0.00609648482986817);
#932=VECTOR('',#2836,0.00609648482986817);
#933=VECTOR('',#2839,0.00609648482986817);
#934=VECTOR('',#2844,0.00023519971420683);
#935=VECTOR('',#2845,0.00308985601851852);
#936=VECTOR('',#2846,0.00023519971420683);
#937=VECTOR('',#2847,0.00308985601851852);
#938=VECTOR('',#2850,0.00023519971420683);
#939=VECTOR('',#2851,0.00308985601851852);
#940=VECTOR('',#2852,0.00023519971420683);
#941=VECTOR('',#2853,0.00308985601851852);
#942=VECTOR('',#2856,0.00609648482986817);
#943=VECTOR('',#2857,0.00609648482986817);
#944=VECTOR('',#2860,0.00609648482986817);
#945=VECTOR('',#2863,0.00609648482986817);
#946=VECTOR('',#2868,0.00023519971420683);
#947=VECTOR('',#2869,0.00308985601851852);
#948=VECTOR('',#2870,0.00023519971420683);
#949=VECTOR('',#2871,0.00308985601851852);
#950=VECTOR('',#2874,0.00023519971420683);
#951=VECTOR('',#2875,0.00308985601851852);
#952=VECTOR('',#2876,0.00023519971420683);
#953=VECTOR('',#2877,0.00308985601851852);
#954=VECTOR('',#2880,0.00609648482986817);
#955=VECTOR('',#2881,0.00609648482986817);
#956=VECTOR('',#2884,0.00609648482986817);
#957=VECTOR('',#2887,0.00609648482986817);
#958=VECTOR('',#2892,0.00023519971420683);
#959=VECTOR('',#2893,0.00308985601851852);
#960=VECTOR('',#2894,0.00023519971420683);
#961=VECTOR('',#2895,0.00308985601851852);
#962=VECTOR('',#2898,0.00023519971420683);
#963=VECTOR('',#2899,0.00308985601851852);
#964=VECTOR('',#2900,0.00023519971420683);
#965=VECTOR('',#2901,0.00308985601851852);
#966=VECTOR('',#2904,0.00609648482986817);
#967=VECTOR('',#2905,0.00609648482986817);
#968=VECTOR('',#2908,0.00609648482986817);
#969=VECTOR('',#2911,0.00609648482986817);
#970=VECTOR('',#2916,0.00558974725);
#971=VECTOR('',#2917,0.0501638375);
#972=VECTOR('',#2918,0.00558974725);
#973=VECTOR('',#2919,0.0501638375);
#974=VECTOR('',#2922,0.00558974725);
#975=VECTOR('',#2923,0.0501638375);
#976=VECTOR('',#2924,0.00558974725);
#977=VECTOR('',#2925,0.0501638375);
#978=VECTOR('',#2928,0.00258906898148148);
#979=VECTOR('',#2929,0.00258906898148148);
#980=VECTOR('',#2932,0.00258906898148148);
#981=VECTOR('',#2935,0.00258906898148148);
#982=VECTOR('',#2940,0.00558974725);
#983=VECTOR('',#2941,0.0501638375);
#984=VECTOR('',#2942,0.00558974725);
#985=VECTOR('',#2943,0.0501638375);
#986=VECTOR('',#2946,0.00558974725);
#987=VECTOR('',#2947,0.0501638375);
#988=VECTOR('',#2948,0.00558974725);
#989=VECTOR('',#2949,0.0501638375);
#990=VECTOR('',#2952,0.00258906898148148);
#991=VECTOR('',#2953,0.00258906898148148);
#992=VECTOR('',#2956,0.00258906898148148);
#993=VECTOR('',#2959,0.00258906898148148);
#994=CIRCLE('',#2233,1.75);
#995=CIRCLE('',#2234,1.75);
#996=CIRCLE('',#2235,1.75);
#997=CIRCLE('',#2236,1.75);
#998=CIRCLE('',#2238,1.5);
#999=CIRCLE('',#2239,1.5);
#1000=CIRCLE('',#2241,0.75);
#1001=CIRCLE('',#2242,0.75);
#1002=CIRCLE('',#2245,0.5);
#1003=CIRCLE('',#2246,0.0658499999999998);
#1004=CIRCLE('',#2247,0.0658499999999998);
#1005=CIRCLE('',#2249,0.25);
#1006=CIRCLE('',#2252,0.0658499999999998);
#1007=CIRCLE('',#2254,0.0658499999999998);
#1008=CIRCLE('',#2273,0.5);
#1009=CIRCLE('',#2274,0.5);
#1010=CIRCLE('',#2275,0.25);
#1011=CIRCLE('',#2285,0.5);
#1012=CIRCLE('',#2291,0.05085);
#1013=CIRCLE('',#2293,0.05085);
#1014=CIRCLE('',#2298,0.501638375);
#1015=CIRCLE('',#2299,0.501638375);
#1016=VERTEX_POINT('',#2967);
#1017=VERTEX_POINT('',#2969);
#1018=VERTEX_POINT('',#2972);
#1019=VERTEX_POINT('',#2973);
#1020=VERTEX_POINT('',#2975);
#1021=VERTEX_POINT('',#2977);
#1022=VERTEX_POINT('',#2981);
#1023=VERTEX_POINT('',#2983);
#1024=VERTEX_POINT('',#2987);
#1025=VERTEX_POINT('',#2989);
#1026=VERTEX_POINT('',#2994);
#1027=VERTEX_POINT('',#2996);
#1028=VERTEX_POINT('',#2998);
#1029=VERTEX_POINT('',#3001);
#1030=VERTEX_POINT('',#3005);
#1031=VERTEX_POINT('',#3009);
#1032=VERTEX_POINT('',#3013);
#1033=VERTEX_POINT('',#3014);
#1034=VERTEX_POINT('',#3016);
#1035=VERTEX_POINT('',#3018);
#1036=VERTEX_POINT('',#3022);
#1037=VERTEX_POINT('',#3023);
#1038=VERTEX_POINT('',#3028);
#1039=VERTEX_POINT('',#3029);
#1040=VERTEX_POINT('',#3034);
#1041=VERTEX_POINT('',#3035);
#1042=VERTEX_POINT('',#3040);
#1043=VERTEX_POINT('',#3041);
#1044=VERTEX_POINT('',#3046);
#1045=VERTEX_POINT('',#3047);
#1046=VERTEX_POINT('',#3052);
#1047=VERTEX_POINT('',#3053);
#1048=VERTEX_POINT('',#3055);
#1049=VERTEX_POINT('',#3057);
#1050=VERTEX_POINT('',#3061);
#1051=VERTEX_POINT('',#3062);
#1052=VERTEX_POINT('',#3067);
#1053=VERTEX_POINT('',#3068);
#1054=VERTEX_POINT('',#3073);
#1055=VERTEX_POINT('',#3074);
#1056=VERTEX_POINT('',#3079);
#1057=VERTEX_POINT('',#3080);
#1058=VERTEX_POINT('',#3085);
#1059=VERTEX_POINT('',#3086);
#1060=VERTEX_POINT('',#3091);
#1061=VERTEX_POINT('',#3092);
#1062=VERTEX_POINT('',#3094);
#1063=VERTEX_POINT('',#3096);
#1064=VERTEX_POINT('',#3100);
#1065=VERTEX_POINT('',#3101);
#1066=VERTEX_POINT('',#3103);
#1067=VERTEX_POINT('',#3105);
#1068=VERTEX_POINT('',#3112);
#1069=VERTEX_POINT('',#3113);
#1070=VERTEX_POINT('',#3115);
#1071=VERTEX_POINT('',#3117);
#1072=VERTEX_POINT('',#3124);
#1073=VERTEX_POINT('',#3127);
#1074=VERTEX_POINT('',#3129);
#1075=VERTEX_POINT('',#3131);
#1076=VERTEX_POINT('',#3133);
#1077=VERTEX_POINT('',#3136);
#1078=VERTEX_POINT('',#3138);
#1079=VERTEX_POINT('',#3140);
#1080=VERTEX_POINT('',#3144);
#1081=VERTEX_POINT('',#3148);
#1082=VERTEX_POINT('',#3152);
#1083=VERTEX_POINT('',#3158);
#1084=VERTEX_POINT('',#3162);
#1085=VERTEX_POINT('',#3166);
#1086=VERTEX_POINT('',#3179);
#1087=VERTEX_POINT('',#3181);
#1088=VERTEX_POINT('',#3185);
#1089=VERTEX_POINT('',#3188);
#1090=VERTEX_POINT('',#3191);
#1091=VERTEX_POINT('',#3195);
#1092=VERTEX_POINT('',#3202);
#1093=VERTEX_POINT('',#3204);
#1094=VERTEX_POINT('',#3210);
#1095=VERTEX_POINT('',#3211);
#1096=VERTEX_POINT('',#3213);
#1097=VERTEX_POINT('',#3215);
#1098=VERTEX_POINT('',#3219);
#1099=VERTEX_POINT('',#3220);
#1100=VERTEX_POINT('',#3222);
#1101=VERTEX_POINT('',#3224);
#1102=VERTEX_POINT('',#3236);
#1103=VERTEX_POINT('',#3237);
#1104=VERTEX_POINT('',#3239);
#1105=VERTEX_POINT('',#3241);
#1106=VERTEX_POINT('',#3245);
#1107=VERTEX_POINT('',#3246);
#1108=VERTEX_POINT('',#3248);
#1109=VERTEX_POINT('',#3250);
#1110=VERTEX_POINT('',#3262);
#1111=VERTEX_POINT('',#3263);
#1112=VERTEX_POINT('',#3265);
#1113=VERTEX_POINT('',#3267);
#1114=VERTEX_POINT('',#3271);
#1115=VERTEX_POINT('',#3272);
#1116=VERTEX_POINT('',#3274);
#1117=VERTEX_POINT('',#3276);
#1118=VERTEX_POINT('',#3288);
#1119=VERTEX_POINT('',#3289);
#1120=VERTEX_POINT('',#3291);
#1121=VERTEX_POINT('',#3293);
#1122=VERTEX_POINT('',#3297);
#1123=VERTEX_POINT('',#3298);
#1124=VERTEX_POINT('',#3300);
#1125=VERTEX_POINT('',#3302);
#1126=VERTEX_POINT('',#3314);
#1127=VERTEX_POINT('',#3315);
#1128=VERTEX_POINT('',#3317);
#1129=VERTEX_POINT('',#3319);
#1130=VERTEX_POINT('',#3323);
#1131=VERTEX_POINT('',#3324);
#1132=VERTEX_POINT('',#3326);
#1133=VERTEX_POINT('',#3328);
#1134=VERTEX_POINT('',#3340);
#1135=VERTEX_POINT('',#3341);
#1136=VERTEX_POINT('',#3343);
#1137=VERTEX_POINT('',#3345);
#1138=VERTEX_POINT('',#3349);
#1139=VERTEX_POINT('',#3350);
#1140=VERTEX_POINT('',#3352);
#1141=VERTEX_POINT('',#3354);
#1142=VERTEX_POINT('',#3366);
#1143=VERTEX_POINT('',#3367);
#1144=VERTEX_POINT('',#3369);
#1145=VERTEX_POINT('',#3371);
#1146=VERTEX_POINT('',#3375);
#1147=VERTEX_POINT('',#3376);
#1148=VERTEX_POINT('',#3378);
#1149=VERTEX_POINT('',#3380);
#1150=VERTEX_POINT('',#3392);
#1151=VERTEX_POINT('',#3393);
#1152=VERTEX_POINT('',#3395);
#1153=VERTEX_POINT('',#3397);
#1154=VERTEX_POINT('',#3401);
#1155=VERTEX_POINT('',#3402);
#1156=VERTEX_POINT('',#3404);
#1157=VERTEX_POINT('',#3406);
#1158=VERTEX_POINT('',#3418);
#1159=VERTEX_POINT('',#3419);
#1160=VERTEX_POINT('',#3421);
#1161=VERTEX_POINT('',#3423);
#1162=VERTEX_POINT('',#3427);
#1163=VERTEX_POINT('',#3428);
#1164=VERTEX_POINT('',#3430);
#1165=VERTEX_POINT('',#3432);
#1166=VERTEX_POINT('',#3444);
#1167=VERTEX_POINT('',#3445);
#1168=VERTEX_POINT('',#3447);
#1169=VERTEX_POINT('',#3449);
#1170=VERTEX_POINT('',#3453);
#1171=VERTEX_POINT('',#3454);
#1172=VERTEX_POINT('',#3456);
#1173=VERTEX_POINT('',#3458);
#1174=VERTEX_POINT('',#3470);
#1175=VERTEX_POINT('',#3471);
#1176=VERTEX_POINT('',#3473);
#1177=VERTEX_POINT('',#3475);
#1178=VERTEX_POINT('',#3479);
#1179=VERTEX_POINT('',#3480);
#1180=VERTEX_POINT('',#3482);
#1181=VERTEX_POINT('',#3484);
#1182=VERTEX_POINT('',#3496);
#1183=VERTEX_POINT('',#3497);
#1184=VERTEX_POINT('',#3499);
#1185=VERTEX_POINT('',#3501);
#1186=VERTEX_POINT('',#3505);
#1187=VERTEX_POINT('',#3506);
#1188=VERTEX_POINT('',#3508);
#1189=VERTEX_POINT('',#3510);
#1190=VERTEX_POINT('',#3522);
#1191=VERTEX_POINT('',#3523);
#1192=VERTEX_POINT('',#3525);
#1193=VERTEX_POINT('',#3527);
#1194=VERTEX_POINT('',#3531);
#1195=VERTEX_POINT('',#3532);
#1196=VERTEX_POINT('',#3534);
#1197=VERTEX_POINT('',#3536);
#1198=VERTEX_POINT('',#3548);
#1199=VERTEX_POINT('',#3549);
#1200=VERTEX_POINT('',#3551);
#1201=VERTEX_POINT('',#3553);
#1202=VERTEX_POINT('',#3557);
#1203=VERTEX_POINT('',#3558);
#1204=VERTEX_POINT('',#3560);
#1205=VERTEX_POINT('',#3562);
#1206=EDGE_CURVE('',#1016,#1016,#994,.T.);
#1207=EDGE_CURVE('',#1016,#1017,#468,.T.);
#1208=EDGE_CURVE('',#1017,#1017,#995,.T.);
#1209=EDGE_CURVE('',#1018,#1019,#469,.T.);
#1210=EDGE_CURVE('',#1020,#1018,#996,.T.);
#1211=EDGE_CURVE('',#1021,#1020,#470,.T.);
#1212=EDGE_CURVE('',#1019,#1021,#997,.T.);
#1213=EDGE_CURVE('',#1022,#1022,#998,.T.);
#1214=EDGE_CURVE('',#1022,#1023,#471,.T.);
#1215=EDGE_CURVE('',#1023,#1023,#999,.T.);
#1216=EDGE_CURVE('',#1024,#1024,#1000,.T.);
#1217=EDGE_CURVE('',#1024,#1025,#472,.T.);
#1218=EDGE_CURVE('',#1025,#1025,#1001,.T.);
#1219=EDGE_CURVE('',#1026,#1026,#1002,.T.);
#1220=EDGE_CURVE('',#1027,#1027,#1003,.T.);
#1221=EDGE_CURVE('',#1028,#1028,#1004,.T.);
#1222=EDGE_CURVE('',#1029,#1029,#1005,.T.);
#1223=EDGE_CURVE('',#1030,#1030,#1006,.T.);
#1224=EDGE_CURVE('',#1030,#1027,#473,.T.);
#1225=EDGE_CURVE('',#1031,#1031,#1007,.T.);
#1226=EDGE_CURVE('',#1031,#1028,#474,.T.);
#1227=EDGE_CURVE('',#1032,#1033,#475,.T.);
#1228=EDGE_CURVE('',#1034,#1033,#476,.T.);
#1229=EDGE_CURVE('',#1035,#1034,#477,.T.);
#1230=EDGE_CURVE('',#1032,#1035,#478,.T.);
#1231=EDGE_CURVE('',#1036,#1037,#479,.T.);
#1232=EDGE_CURVE('',#1033,#1037,#480,.T.);
#1233=EDGE_CURVE('',#1036,#1032,#481,.T.);
#1234=EDGE_CURVE('',#1038,#1039,#482,.T.);
#1235=EDGE_CURVE('',#1037,#1039,#483,.T.);
#1236=EDGE_CURVE('',#1038,#1036,#484,.T.);
#1237=EDGE_CURVE('',#1040,#1041,#485,.T.);
#1238=EDGE_CURVE('',#1039,#1041,#486,.T.);
#1239=EDGE_CURVE('',#1040,#1038,#487,.T.);
#1240=EDGE_CURVE('',#1042,#1043,#488,.T.);
#1241=EDGE_CURVE('',#1041,#1043,#489,.T.);
#1242=EDGE_CURVE('',#1042,#1040,#490,.T.);
#1243=EDGE_CURVE('',#1044,#1045,#491,.T.);
#1244=EDGE_CURVE('',#1043,#1045,#492,.T.);
#1245=EDGE_CURVE('',#1044,#1042,#493,.T.);
#1246=EDGE_CURVE('',#1046,#1047,#494,.T.);
#1247=EDGE_CURVE('',#1048,#1047,#495,.T.);
#1248=EDGE_CURVE('',#1049,#1048,#496,.T.);
#1249=EDGE_CURVE('',#1046,#1049,#497,.T.);
#1250=EDGE_CURVE('',#1050,#1051,#498,.T.);
#1251=EDGE_CURVE('',#1047,#1051,#499,.T.);
#1252=EDGE_CURVE('',#1050,#1046,#500,.T.);
#1253=EDGE_CURVE('',#1052,#1053,#501,.T.);
#1254=EDGE_CURVE('',#1051,#1053,#502,.T.);
#1255=EDGE_CURVE('',#1052,#1050,#503,.T.);
#1256=EDGE_CURVE('',#1054,#1055,#504,.T.);
#1257=EDGE_CURVE('',#1053,#1055,#505,.T.);
#1258=EDGE_CURVE('',#1054,#1052,#506,.T.);
#1259=EDGE_CURVE('',#1056,#1057,#507,.T.);
#1260=EDGE_CURVE('',#1055,#1057,#508,.T.);
#1261=EDGE_CURVE('',#1056,#1054,#509,.T.);
#1262=EDGE_CURVE('',#1058,#1059,#510,.T.);
#1263=EDGE_CURVE('',#1057,#1059,#511,.T.);
#1264=EDGE_CURVE('',#1058,#1056,#512,.T.);
#1265=EDGE_CURVE('',#1060,#1061,#513,.T.);
#1266=EDGE_CURVE('',#1060,#1062,#514,.T.);
#1267=EDGE_CURVE('',#1063,#1062,#515,.T.);
#1268=EDGE_CURVE('',#1061,#1063,#516,.T.);
#1269=EDGE_CURVE('',#1064,#1065,#517,.T.);
#1270=EDGE_CURVE('',#1066,#1065,#518,.T.);
#1271=EDGE_CURVE('',#1067,#1066,#519,.T.);
#1272=EDGE_CURVE('',#1064,#1067,#520,.T.);
#1273=EDGE_CURVE('',#1045,#1066,#521,.T.);
#1274=EDGE_CURVE('',#1067,#1044,#522,.T.);
#1275=EDGE_CURVE('',#1068,#1069,#523,.T.);
#1276=EDGE_CURVE('',#1070,#1069,#524,.T.);
#1277=EDGE_CURVE('',#1071,#1070,#525,.T.);
#1278=EDGE_CURVE('',#1068,#1071,#526,.T.);
#1279=EDGE_CURVE('',#1059,#1070,#527,.T.);
#1280=EDGE_CURVE('',#1071,#1058,#528,.T.);
#1281=EDGE_CURVE('',#1062,#1072,#1008,.T.);
#1282=EDGE_CURVE('',#1072,#1060,#1009,.T.);
#1283=EDGE_CURVE('',#1073,#1073,#1010,.T.);
#1284=EDGE_CURVE('',#1069,#1074,#529,.T.);
#1285=EDGE_CURVE('',#1074,#1075,#530,.T.);
#1286=EDGE_CURVE('',#1075,#1076,#531,.T.);
#1287=EDGE_CURVE('',#1076,#1048,#532,.T.);
#1288=EDGE_CURVE('',#1065,#1077,#533,.T.);
#1289=EDGE_CURVE('',#1077,#1078,#534,.T.);
#1290=EDGE_CURVE('',#1078,#1079,#535,.T.);
#1291=EDGE_CURVE('',#1079,#1034,#536,.T.);
#1292=EDGE_CURVE('',#1080,#1079,#537,.T.);
#1293=EDGE_CURVE('',#1035,#1080,#538,.T.);
#1294=EDGE_CURVE('',#1081,#1078,#539,.T.);
#1295=EDGE_CURVE('',#1080,#1081,#540,.T.);
#1296=EDGE_CURVE('',#1082,#1077,#541,.T.);
#1297=EDGE_CURVE('',#1081,#1082,#542,.T.);
#1298=EDGE_CURVE('',#1082,#1064,#543,.T.);
#1299=EDGE_CURVE('',#1083,#1076,#544,.T.);
#1300=EDGE_CURVE('',#1049,#1083,#545,.T.);
#1301=EDGE_CURVE('',#1084,#1075,#546,.T.);
#1302=EDGE_CURVE('',#1083,#1084,#547,.T.);
#1303=EDGE_CURVE('',#1085,#1074,#548,.T.);
#1304=EDGE_CURVE('',#1084,#1085,#549,.T.);
#1305=EDGE_CURVE('',#1085,#1068,#550,.T.);
#1306=EDGE_CURVE('',#1063,#1061,#1011,.T.);
#1307=EDGE_CURVE('',#1072,#1026,#551,.T.);
#1308=EDGE_CURVE('',#1073,#1029,#552,.T.);
#1309=EDGE_CURVE('',#1020,#1086,#553,.T.);
#1310=EDGE_CURVE('',#1086,#1087,#554,.T.);
#1311=EDGE_CURVE('',#1087,#1021,#555,.T.);
#1312=EDGE_CURVE('',#1088,#1018,#556,.T.);
#1313=EDGE_CURVE('',#1086,#1088,#557,.T.);
#1314=EDGE_CURVE('',#1089,#1089,#1012,.T.);
#1315=EDGE_CURVE('',#1090,#1090,#1013,.T.);
#1316=EDGE_CURVE('',#1090,#1089,#558,.T.);
#1317=EDGE_CURVE('',#1019,#1091,#559,.T.);
#1318=EDGE_CURVE('',#1091,#1088,#560,.T.);
#1319=EDGE_CURVE('',#1087,#1091,#561,.T.);
#1320=EDGE_CURVE('',#1092,#1092,#1014,.T.);
#1321=EDGE_CURVE('',#1092,#1093,#562,.T.);
#1322=EDGE_CURVE('',#1093,#1093,#1015,.T.);
#1323=EDGE_CURVE('',#1094,#1095,#563,.T.);
#1324=EDGE_CURVE('',#1095,#1096,#564,.T.);
#1325=EDGE_CURVE('',#1096,#1097,#565,.T.);
#1326=EDGE_CURVE('',#1097,#1094,#566,.T.);
#1327=EDGE_CURVE('',#1098,#1099,#567,.T.);
#1328=EDGE_CURVE('',#1099,#1100,#568,.T.);
#1329=EDGE_CURVE('',#1100,#1101,#569,.T.);
#1330=EDGE_CURVE('',#1101,#1098,#570,.T.);
#1331=EDGE_CURVE('',#1097,#1100,#571,.T.);
#1332=EDGE_CURVE('',#1094,#1099,#572,.T.);
#1333=EDGE_CURVE('',#1096,#1101,#573,.T.);
#1334=EDGE_CURVE('',#1095,#1098,#574,.T.);
#1335=EDGE_CURVE('',#1102,#1103,#575,.T.);
#1336=EDGE_CURVE('',#1103,#1104,#576,.T.);
#1337=EDGE_CURVE('',#1104,#1105,#577,.T.);
#1338=EDGE_CURVE('',#1105,#1102,#578,.T.);
#1339=EDGE_CURVE('',#1106,#1107,#579,.T.);
#1340=EDGE_CURVE('',#1107,#1108,#580,.T.);
#1341=EDGE_CURVE('',#1108,#1109,#581,.T.);
#1342=EDGE_CURVE('',#1109,#1106,#582,.T.);
#1343=EDGE_CURVE('',#1105,#1108,#583,.T.);
#1344=EDGE_CURVE('',#1102,#1107,#584,.T.);
#1345=EDGE_CURVE('',#1104,#1109,#585,.T.);
#1346=EDGE_CURVE('',#1103,#1106,#586,.T.);
#1347=EDGE_CURVE('',#1110,#1111,#587,.T.);
#1348=EDGE_CURVE('',#1111,#1112,#588,.T.);
#1349=EDGE_CURVE('',#1112,#1113,#589,.T.);
#1350=EDGE_CURVE('',#1113,#1110,#590,.T.);
#1351=EDGE_CURVE('',#1114,#1115,#591,.T.);
#1352=EDGE_CURVE('',#1115,#1116,#592,.T.);
#1353=EDGE_CURVE('',#1116,#1117,#593,.T.);
#1354=EDGE_CURVE('',#1117,#1114,#594,.T.);
#1355=EDGE_CURVE('',#1113,#1116,#595,.T.);
#1356=EDGE_CURVE('',#1110,#1115,#596,.T.);
#1357=EDGE_CURVE('',#1112,#1117,#597,.T.);
#1358=EDGE_CURVE('',#1111,#1114,#598,.T.);
#1359=EDGE_CURVE('',#1118,#1119,#599,.T.);
#1360=EDGE_CURVE('',#1119,#1120,#600,.T.);
#1361=EDGE_CURVE('',#1120,#1121,#601,.T.);
#1362=EDGE_CURVE('',#1121,#1118,#602,.T.);
#1363=EDGE_CURVE('',#1122,#1123,#603,.T.);
#1364=EDGE_CURVE('',#1123,#1124,#604,.T.);
#1365=EDGE_CURVE('',#1124,#1125,#605,.T.);
#1366=EDGE_CURVE('',#1125,#1122,#606,.T.);
#1367=EDGE_CURVE('',#1121,#1124,#607,.T.);
#1368=EDGE_CURVE('',#1118,#1123,#608,.T.);
#1369=EDGE_CURVE('',#1120,#1125,#609,.T.);
#1370=EDGE_CURVE('',#1119,#1122,#610,.T.);
#1371=EDGE_CURVE('',#1126,#1127,#611,.T.);
#1372=EDGE_CURVE('',#1127,#1128,#612,.T.);
#1373=EDGE_CURVE('',#1128,#1129,#613,.T.);
#1374=EDGE_CURVE('',#1129,#1126,#614,.T.);
#1375=EDGE_CURVE('',#1130,#1131,#615,.T.);
#1376=EDGE_CURVE('',#1131,#1132,#616,.T.);
#1377=EDGE_CURVE('',#1132,#1133,#617,.T.);
#1378=EDGE_CURVE('',#1133,#1130,#618,.T.);
#1379=EDGE_CURVE('',#1129,#1132,#619,.T.);
#1380=EDGE_CURVE('',#1126,#1131,#620,.T.);
#1381=EDGE_CURVE('',#1128,#1133,#621,.T.);
#1382=EDGE_CURVE('',#1127,#1130,#622,.T.);
#1383=EDGE_CURVE('',#1134,#1135,#623,.T.);
#1384=EDGE_CURVE('',#1135,#1136,#624,.T.);
#1385=EDGE_CURVE('',#1136,#1137,#625,.T.);
#1386=EDGE_CURVE('',#1137,#1134,#626,.T.);
#1387=EDGE_CURVE('',#1138,#1139,#627,.T.);
#1388=EDGE_CURVE('',#1139,#1140,#628,.T.);
#1389=EDGE_CURVE('',#1140,#1141,#629,.T.);
#1390=EDGE_CURVE('',#1141,#1138,#630,.T.);
#1391=EDGE_CURVE('',#1137,#1140,#631,.T.);
#1392=EDGE_CURVE('',#1134,#1139,#632,.T.);
#1393=EDGE_CURVE('',#1136,#1141,#633,.T.);
#1394=EDGE_CURVE('',#1135,#1138,#634,.T.);
#1395=EDGE_CURVE('',#1142,#1143,#635,.T.);
#1396=EDGE_CURVE('',#1143,#1144,#636,.T.);
#1397=EDGE_CURVE('',#1144,#1145,#637,.T.);
#1398=EDGE_CURVE('',#1145,#1142,#638,.T.);
#1399=EDGE_CURVE('',#1146,#1147,#639,.T.);
#1400=EDGE_CURVE('',#1147,#1148,#640,.T.);
#1401=EDGE_CURVE('',#1148,#1149,#641,.T.);
#1402=EDGE_CURVE('',#1149,#1146,#642,.T.);
#1403=EDGE_CURVE('',#1145,#1148,#643,.T.);
#1404=EDGE_CURVE('',#1142,#1147,#644,.T.);
#1405=EDGE_CURVE('',#1144,#1149,#645,.T.);
#1406=EDGE_CURVE('',#1143,#1146,#646,.T.);
#1407=EDGE_CURVE('',#1150,#1151,#647,.T.);
#1408=EDGE_CURVE('',#1151,#1152,#648,.T.);
#1409=EDGE_CURVE('',#1152,#1153,#649,.T.);
#1410=EDGE_CURVE('',#1153,#1150,#650,.T.);
#1411=EDGE_CURVE('',#1154,#1155,#651,.T.);
#1412=EDGE_CURVE('',#1155,#1156,#652,.T.);
#1413=EDGE_CURVE('',#1156,#1157,#653,.T.);
#1414=EDGE_CURVE('',#1157,#1154,#654,.T.);
#1415=EDGE_CURVE('',#1153,#1156,#655,.T.);
#1416=EDGE_CURVE('',#1150,#1155,#656,.T.);
#1417=EDGE_CURVE('',#1152,#1157,#657,.T.);
#1418=EDGE_CURVE('',#1151,#1154,#658,.T.);
#1419=EDGE_CURVE('',#1158,#1159,#659,.T.);
#1420=EDGE_CURVE('',#1159,#1160,#660,.T.);
#1421=EDGE_CURVE('',#1160,#1161,#661,.T.);
#1422=EDGE_CURVE('',#1161,#1158,#662,.T.);
#1423=EDGE_CURVE('',#1162,#1163,#663,.T.);
#1424=EDGE_CURVE('',#1163,#1164,#664,.T.);
#1425=EDGE_CURVE('',#1164,#1165,#665,.T.);
#1426=EDGE_CURVE('',#1165,#1162,#666,.T.);
#1427=EDGE_CURVE('',#1161,#1164,#667,.T.);
#1428=EDGE_CURVE('',#1158,#1163,#668,.T.);
#1429=EDGE_CURVE('',#1160,#1165,#669,.T.);
#1430=EDGE_CURVE('',#1159,#1162,#670,.T.);
#1431=EDGE_CURVE('',#1166,#1167,#671,.T.);
#1432=EDGE_CURVE('',#1167,#1168,#672,.T.);
#1433=EDGE_CURVE('',#1168,#1169,#673,.T.);
#1434=EDGE_CURVE('',#1169,#1166,#674,.T.);
#1435=EDGE_CURVE('',#1170,#1171,#675,.T.);
#1436=EDGE_CURVE('',#1171,#1172,#676,.T.);
#1437=EDGE_CURVE('',#1172,#1173,#677,.T.);
#1438=EDGE_CURVE('',#1173,#1170,#678,.T.);
#1439=EDGE_CURVE('',#1169,#1172,#679,.T.);
#1440=EDGE_CURVE('',#1166,#1171,#680,.T.);
#1441=EDGE_CURVE('',#1168,#1173,#681,.T.);
#1442=EDGE_CURVE('',#1167,#1170,#682,.T.);
#1443=EDGE_CURVE('',#1174,#1175,#683,.T.);
#1444=EDGE_CURVE('',#1175,#1176,#684,.T.);
#1445=EDGE_CURVE('',#1176,#1177,#685,.T.);
#1446=EDGE_CURVE('',#1177,#1174,#686,.T.);
#1447=EDGE_CURVE('',#1178,#1179,#687,.T.);
#1448=EDGE_CURVE('',#1179,#1180,#688,.T.);
#1449=EDGE_CURVE('',#1180,#1181,#689,.T.);
#1450=EDGE_CURVE('',#1181,#1178,#690,.T.);
#1451=EDGE_CURVE('',#1177,#1180,#691,.T.);
#1452=EDGE_CURVE('',#1174,#1179,#692,.T.);
#1453=EDGE_CURVE('',#1176,#1181,#693,.T.);
#1454=EDGE_CURVE('',#1175,#1178,#694,.T.);
#1455=EDGE_CURVE('',#1182,#1183,#695,.T.);
#1456=EDGE_CURVE('',#1183,#1184,#696,.T.);
#1457=EDGE_CURVE('',#1184,#1185,#697,.T.);
#1458=EDGE_CURVE('',#1185,#1182,#698,.T.);
#1459=EDGE_CURVE('',#1186,#1187,#699,.T.);
#1460=EDGE_CURVE('',#1187,#1188,#700,.T.);
#1461=EDGE_CURVE('',#1188,#1189,#701,.T.);
#1462=EDGE_CURVE('',#1189,#1186,#702,.T.);
#1463=EDGE_CURVE('',#1185,#1188,#703,.T.);
#1464=EDGE_CURVE('',#1182,#1187,#704,.T.);
#1465=EDGE_CURVE('',#1184,#1189,#705,.T.);
#1466=EDGE_CURVE('',#1183,#1186,#706,.T.);
#1467=EDGE_CURVE('',#1190,#1191,#707,.T.);
#1468=EDGE_CURVE('',#1191,#1192,#708,.T.);
#1469=EDGE_CURVE('',#1192,#1193,#709,.T.);
#1470=EDGE_CURVE('',#1193,#1190,#710,.T.);
#1471=EDGE_CURVE('',#1194,#1195,#711,.T.);
#1472=EDGE_CURVE('',#1195,#1196,#712,.T.);
#1473=EDGE_CURVE('',#1196,#1197,#713,.T.);
#1474=EDGE_CURVE('',#1197,#1194,#714,.T.);
#1475=EDGE_CURVE('',#1193,#1196,#715,.T.);
#1476=EDGE_CURVE('',#1190,#1195,#716,.T.);
#1477=EDGE_CURVE('',#1192,#1197,#717,.T.);
#1478=EDGE_CURVE('',#1191,#1194,#718,.T.);
#1479=EDGE_CURVE('',#1198,#1199,#719,.T.);
#1480=EDGE_CURVE('',#1199,#1200,#720,.T.);
#1481=EDGE_CURVE('',#1200,#1201,#721,.T.);
#1482=EDGE_CURVE('',#1201,#1198,#722,.T.);
#1483=EDGE_CURVE('',#1202,#1203,#723,.T.);
#1484=EDGE_CURVE('',#1203,#1204,#724,.T.);
#1485=EDGE_CURVE('',#1204,#1205,#725,.T.);
#1486=EDGE_CURVE('',#1205,#1202,#726,.T.);
#1487=EDGE_CURVE('',#1201,#1204,#727,.T.);
#1488=EDGE_CURVE('',#1198,#1203,#728,.T.);
#1489=EDGE_CURVE('',#1200,#1205,#729,.T.);
#1490=EDGE_CURVE('',#1199,#1202,#730,.T.);
#1491=ORIENTED_EDGE('',*,*,#1206,.F.);
#1492=ORIENTED_EDGE('',*,*,#1207,.T.);
#1493=ORIENTED_EDGE('',*,*,#1208,.T.);
#1494=ORIENTED_EDGE('',*,*,#1207,.F.);
#1495=ORIENTED_EDGE('',*,*,#1209,.F.);
#1496=ORIENTED_EDGE('',*,*,#1210,.F.);
#1497=ORIENTED_EDGE('',*,*,#1211,.F.);
#1498=ORIENTED_EDGE('',*,*,#1212,.F.);
#1499=ORIENTED_EDGE('',*,*,#1213,.F.);
#1500=ORIENTED_EDGE('',*,*,#1214,.T.);
#1501=ORIENTED_EDGE('',*,*,#1215,.F.);
#1502=ORIENTED_EDGE('',*,*,#1214,.F.);
#1503=ORIENTED_EDGE('',*,*,#1216,.T.);
#1504=ORIENTED_EDGE('',*,*,#1217,.T.);
#1505=ORIENTED_EDGE('',*,*,#1218,.F.);
#1506=ORIENTED_EDGE('',*,*,#1217,.F.);
#1507=ORIENTED_EDGE('',*,*,#1213,.T.);
#1508=ORIENTED_EDGE('',*,*,#1216,.F.);
#1509=ORIENTED_EDGE('',*,*,#1218,.T.);
#1510=ORIENTED_EDGE('',*,*,#1219,.F.);
#1511=ORIENTED_EDGE('',*,*,#1220,.T.);
#1512=ORIENTED_EDGE('',*,*,#1221,.T.);
#1513=ORIENTED_EDGE('',*,*,#1222,.F.);
#1514=ORIENTED_EDGE('',*,*,#1206,.T.);
#1515=ORIENTED_EDGE('',*,*,#1215,.T.);
#1516=ORIENTED_EDGE('',*,*,#1223,.F.);
#1517=ORIENTED_EDGE('',*,*,#1224,.T.);
#1518=ORIENTED_EDGE('',*,*,#1220,.F.);
#1519=ORIENTED_EDGE('',*,*,#1224,.F.);
#1520=ORIENTED_EDGE('',*,*,#1225,.F.);
#1521=ORIENTED_EDGE('',*,*,#1226,.T.);
#1522=ORIENTED_EDGE('',*,*,#1221,.F.);
#1523=ORIENTED_EDGE('',*,*,#1226,.F.);
#1524=ORIENTED_EDGE('',*,*,#1227,.T.);
#1525=ORIENTED_EDGE('',*,*,#1228,.F.);
#1526=ORIENTED_EDGE('',*,*,#1229,.F.);
#1527=ORIENTED_EDGE('',*,*,#1230,.F.);
#1528=ORIENTED_EDGE('',*,*,#1231,.T.);
#1529=ORIENTED_EDGE('',*,*,#1232,.F.);
#1530=ORIENTED_EDGE('',*,*,#1227,.F.);
#1531=ORIENTED_EDGE('',*,*,#1233,.F.);
#1532=ORIENTED_EDGE('',*,*,#1234,.T.);
#1533=ORIENTED_EDGE('',*,*,#1235,.F.);
#1534=ORIENTED_EDGE('',*,*,#1231,.F.);
#1535=ORIENTED_EDGE('',*,*,#1236,.F.);
#1536=ORIENTED_EDGE('',*,*,#1237,.T.);
#1537=ORIENTED_EDGE('',*,*,#1238,.F.);
#1538=ORIENTED_EDGE('',*,*,#1234,.F.);
#1539=ORIENTED_EDGE('',*,*,#1239,.F.);
#1540=ORIENTED_EDGE('',*,*,#1240,.T.);
#1541=ORIENTED_EDGE('',*,*,#1241,.F.);
#1542=ORIENTED_EDGE('',*,*,#1237,.F.);
#1543=ORIENTED_EDGE('',*,*,#1242,.F.);
#1544=ORIENTED_EDGE('',*,*,#1243,.T.);
#1545=ORIENTED_EDGE('',*,*,#1244,.F.);
#1546=ORIENTED_EDGE('',*,*,#1240,.F.);
#1547=ORIENTED_EDGE('',*,*,#1245,.F.);
#1548=ORIENTED_EDGE('',*,*,#1246,.T.);
#1549=ORIENTED_EDGE('',*,*,#1247,.F.);
#1550=ORIENTED_EDGE('',*,*,#1248,.F.);
#1551=ORIENTED_EDGE('',*,*,#1249,.F.);
#1552=ORIENTED_EDGE('',*,*,#1250,.T.);
#1553=ORIENTED_EDGE('',*,*,#1251,.F.);
#1554=ORIENTED_EDGE('',*,*,#1246,.F.);
#1555=ORIENTED_EDGE('',*,*,#1252,.F.);
#1556=ORIENTED_EDGE('',*,*,#1253,.T.);
#1557=ORIENTED_EDGE('',*,*,#1254,.F.);
#1558=ORIENTED_EDGE('',*,*,#1250,.F.);
#1559=ORIENTED_EDGE('',*,*,#1255,.F.);
#1560=ORIENTED_EDGE('',*,*,#1256,.T.);
#1561=ORIENTED_EDGE('',*,*,#1257,.F.);
#1562=ORIENTED_EDGE('',*,*,#1253,.F.);
#1563=ORIENTED_EDGE('',*,*,#1258,.F.);
#1564=ORIENTED_EDGE('',*,*,#1259,.T.);
#1565=ORIENTED_EDGE('',*,*,#1260,.F.);
#1566=ORIENTED_EDGE('',*,*,#1256,.F.);
#1567=ORIENTED_EDGE('',*,*,#1261,.F.);
#1568=ORIENTED_EDGE('',*,*,#1262,.T.);
#1569=ORIENTED_EDGE('',*,*,#1263,.F.);
#1570=ORIENTED_EDGE('',*,*,#1259,.F.);
#1571=ORIENTED_EDGE('',*,*,#1264,.F.);
#1572=ORIENTED_EDGE('',*,*,#1265,.F.);
#1573=ORIENTED_EDGE('',*,*,#1266,.T.);
#1574=ORIENTED_EDGE('',*,*,#1267,.F.);
#1575=ORIENTED_EDGE('',*,*,#1268,.F.);
#1576=ORIENTED_EDGE('',*,*,#1269,.T.);
#1577=ORIENTED_EDGE('',*,*,#1270,.F.);
#1578=ORIENTED_EDGE('',*,*,#1271,.F.);
#1579=ORIENTED_EDGE('',*,*,#1272,.F.);
#1580=ORIENTED_EDGE('',*,*,#1271,.T.);
#1581=ORIENTED_EDGE('',*,*,#1273,.F.);
#1582=ORIENTED_EDGE('',*,*,#1243,.F.);
#1583=ORIENTED_EDGE('',*,*,#1274,.F.);
#1584=ORIENTED_EDGE('',*,*,#1275,.T.);
#1585=ORIENTED_EDGE('',*,*,#1276,.F.);
#1586=ORIENTED_EDGE('',*,*,#1277,.F.);
#1587=ORIENTED_EDGE('',*,*,#1278,.F.);
#1588=ORIENTED_EDGE('',*,*,#1277,.T.);
#1589=ORIENTED_EDGE('',*,*,#1279,.F.);
#1590=ORIENTED_EDGE('',*,*,#1262,.F.);
#1591=ORIENTED_EDGE('',*,*,#1280,.F.);
#1592=ORIENTED_EDGE('',*,*,#1281,.F.);
#1593=ORIENTED_EDGE('',*,*,#1266,.F.);
#1594=ORIENTED_EDGE('',*,*,#1282,.F.);
#1595=ORIENTED_EDGE('',*,*,#1283,.F.);
#1596=ORIENTED_EDGE('',*,*,#1276,.T.);
#1597=ORIENTED_EDGE('',*,*,#1284,.T.);
#1598=ORIENTED_EDGE('',*,*,#1285,.T.);
#1599=ORIENTED_EDGE('',*,*,#1286,.T.);
#1600=ORIENTED_EDGE('',*,*,#1287,.T.);
#1601=ORIENTED_EDGE('',*,*,#1247,.T.);
#1602=ORIENTED_EDGE('',*,*,#1251,.T.);
#1603=ORIENTED_EDGE('',*,*,#1254,.T.);
#1604=ORIENTED_EDGE('',*,*,#1257,.T.);
#1605=ORIENTED_EDGE('',*,*,#1260,.T.);
#1606=ORIENTED_EDGE('',*,*,#1263,.T.);
#1607=ORIENTED_EDGE('',*,*,#1279,.T.);
#1608=ORIENTED_EDGE('',*,*,#1270,.T.);
#1609=ORIENTED_EDGE('',*,*,#1288,.T.);
#1610=ORIENTED_EDGE('',*,*,#1289,.T.);
#1611=ORIENTED_EDGE('',*,*,#1290,.T.);
#1612=ORIENTED_EDGE('',*,*,#1291,.T.);
#1613=ORIENTED_EDGE('',*,*,#1228,.T.);
#1614=ORIENTED_EDGE('',*,*,#1232,.T.);
#1615=ORIENTED_EDGE('',*,*,#1235,.T.);
#1616=ORIENTED_EDGE('',*,*,#1238,.T.);
#1617=ORIENTED_EDGE('',*,*,#1241,.T.);
#1618=ORIENTED_EDGE('',*,*,#1244,.T.);
#1619=ORIENTED_EDGE('',*,*,#1273,.T.);
#1620=ORIENTED_EDGE('',*,*,#1229,.T.);
#1621=ORIENTED_EDGE('',*,*,#1291,.F.);
#1622=ORIENTED_EDGE('',*,*,#1292,.F.);
#1623=ORIENTED_EDGE('',*,*,#1293,.F.);
#1624=ORIENTED_EDGE('',*,*,#1292,.T.);
#1625=ORIENTED_EDGE('',*,*,#1290,.F.);
#1626=ORIENTED_EDGE('',*,*,#1294,.F.);
#1627=ORIENTED_EDGE('',*,*,#1295,.F.);
#1628=ORIENTED_EDGE('',*,*,#1294,.T.);
#1629=ORIENTED_EDGE('',*,*,#1289,.F.);
#1630=ORIENTED_EDGE('',*,*,#1296,.F.);
#1631=ORIENTED_EDGE('',*,*,#1297,.F.);
#1632=ORIENTED_EDGE('',*,*,#1296,.T.);
#1633=ORIENTED_EDGE('',*,*,#1288,.F.);
#1634=ORIENTED_EDGE('',*,*,#1269,.F.);
#1635=ORIENTED_EDGE('',*,*,#1298,.F.);
#1636=ORIENTED_EDGE('',*,*,#1248,.T.);
#1637=ORIENTED_EDGE('',*,*,#1287,.F.);
#1638=ORIENTED_EDGE('',*,*,#1299,.F.);
#1639=ORIENTED_EDGE('',*,*,#1300,.F.);
#1640=ORIENTED_EDGE('',*,*,#1299,.T.);
#1641=ORIENTED_EDGE('',*,*,#1286,.F.);
#1642=ORIENTED_EDGE('',*,*,#1301,.F.);
#1643=ORIENTED_EDGE('',*,*,#1302,.F.);
#1644=ORIENTED_EDGE('',*,*,#1301,.T.);
#1645=ORIENTED_EDGE('',*,*,#1285,.F.);
#1646=ORIENTED_EDGE('',*,*,#1303,.F.);
#1647=ORIENTED_EDGE('',*,*,#1304,.F.);
#1648=ORIENTED_EDGE('',*,*,#1303,.T.);
#1649=ORIENTED_EDGE('',*,*,#1284,.F.);
#1650=ORIENTED_EDGE('',*,*,#1275,.F.);
#1651=ORIENTED_EDGE('',*,*,#1305,.F.);
#1652=ORIENTED_EDGE('',*,*,#1268,.T.);
#1653=ORIENTED_EDGE('',*,*,#1306,.T.);
#1654=ORIENTED_EDGE('',*,*,#1208,.F.);
#1655=ORIENTED_EDGE('',*,*,#1233,.T.);
#1656=ORIENTED_EDGE('',*,*,#1230,.T.);
#1657=ORIENTED_EDGE('',*,*,#1293,.T.);
#1658=ORIENTED_EDGE('',*,*,#1295,.T.);
#1659=ORIENTED_EDGE('',*,*,#1297,.T.);
#1660=ORIENTED_EDGE('',*,*,#1298,.T.);
#1661=ORIENTED_EDGE('',*,*,#1272,.T.);
#1662=ORIENTED_EDGE('',*,*,#1274,.T.);
#1663=ORIENTED_EDGE('',*,*,#1245,.T.);
#1664=ORIENTED_EDGE('',*,*,#1242,.T.);
#1665=ORIENTED_EDGE('',*,*,#1239,.T.);
#1666=ORIENTED_EDGE('',*,*,#1236,.T.);
#1667=ORIENTED_EDGE('',*,*,#1252,.T.);
#1668=ORIENTED_EDGE('',*,*,#1249,.T.);
#1669=ORIENTED_EDGE('',*,*,#1300,.T.);
#1670=ORIENTED_EDGE('',*,*,#1302,.T.);
#1671=ORIENTED_EDGE('',*,*,#1304,.T.);
#1672=ORIENTED_EDGE('',*,*,#1305,.T.);
#1673=ORIENTED_EDGE('',*,*,#1278,.T.);
#1674=ORIENTED_EDGE('',*,*,#1280,.T.);
#1675=ORIENTED_EDGE('',*,*,#1264,.T.);
#1676=ORIENTED_EDGE('',*,*,#1261,.T.);
#1677=ORIENTED_EDGE('',*,*,#1258,.T.);
#1678=ORIENTED_EDGE('',*,*,#1255,.T.);
#1679=ORIENTED_EDGE('',*,*,#1223,.T.);
#1680=ORIENTED_EDGE('',*,*,#1225,.T.);
#1681=ORIENTED_EDGE('',*,*,#1265,.T.);
#1682=ORIENTED_EDGE('',*,*,#1306,.F.);
#1683=ORIENTED_EDGE('',*,*,#1267,.T.);
#1684=ORIENTED_EDGE('',*,*,#1281,.T.);
#1685=ORIENTED_EDGE('',*,*,#1307,.T.);
#1686=ORIENTED_EDGE('',*,*,#1219,.T.);
#1687=ORIENTED_EDGE('',*,*,#1307,.F.);
#1688=ORIENTED_EDGE('',*,*,#1282,.T.);
#1689=ORIENTED_EDGE('',*,*,#1283,.T.);
#1690=ORIENTED_EDGE('',*,*,#1308,.T.);
#1691=ORIENTED_EDGE('',*,*,#1222,.T.);
#1692=ORIENTED_EDGE('',*,*,#1308,.F.);
#1693=ORIENTED_EDGE('',*,*,#1211,.T.);
#1694=ORIENTED_EDGE('',*,*,#1309,.T.);
#1695=ORIENTED_EDGE('',*,*,#1310,.T.);
#1696=ORIENTED_EDGE('',*,*,#1311,.T.);
#1697=ORIENTED_EDGE('',*,*,#1210,.T.);
#1698=ORIENTED_EDGE('',*,*,#1312,.F.);
#1699=ORIENTED_EDGE('',*,*,#1313,.F.);
#1700=ORIENTED_EDGE('',*,*,#1309,.F.);
#1701=ORIENTED_EDGE('',*,*,#1314,.T.);
#1702=ORIENTED_EDGE('',*,*,#1315,.F.);
#1703=ORIENTED_EDGE('',*,*,#1316,.T.);
#1704=ORIENTED_EDGE('',*,*,#1314,.F.);
#1705=ORIENTED_EDGE('',*,*,#1316,.F.);
#1706=ORIENTED_EDGE('',*,*,#1209,.T.);
#1707=ORIENTED_EDGE('',*,*,#1317,.T.);
#1708=ORIENTED_EDGE('',*,*,#1318,.T.);
#1709=ORIENTED_EDGE('',*,*,#1312,.T.);
#1710=ORIENTED_EDGE('',*,*,#1313,.T.);
#1711=ORIENTED_EDGE('',*,*,#1318,.F.);
#1712=ORIENTED_EDGE('',*,*,#1319,.F.);
#1713=ORIENTED_EDGE('',*,*,#1310,.F.);
#1714=ORIENTED_EDGE('',*,*,#1212,.T.);
#1715=ORIENTED_EDGE('',*,*,#1311,.F.);
#1716=ORIENTED_EDGE('',*,*,#1319,.T.);
#1717=ORIENTED_EDGE('',*,*,#1317,.F.);
#1718=ORIENTED_EDGE('',*,*,#1315,.T.);
#1719=ORIENTED_EDGE('',*,*,#1320,.F.);
#1720=ORIENTED_EDGE('',*,*,#1321,.T.);
#1721=ORIENTED_EDGE('',*,*,#1322,.T.);
#1722=ORIENTED_EDGE('',*,*,#1321,.F.);
#1723=ORIENTED_EDGE('',*,*,#1320,.T.);
#1724=ORIENTED_EDGE('',*,*,#1322,.F.);
#1725=ORIENTED_EDGE('',*,*,#1323,.T.);
#1726=ORIENTED_EDGE('',*,*,#1324,.T.);
#1727=ORIENTED_EDGE('',*,*,#1325,.T.);
#1728=ORIENTED_EDGE('',*,*,#1326,.T.);
#1729=ORIENTED_EDGE('',*,*,#1327,.T.);
#1730=ORIENTED_EDGE('',*,*,#1328,.T.);
#1731=ORIENTED_EDGE('',*,*,#1329,.T.);
#1732=ORIENTED_EDGE('',*,*,#1330,.T.);
#1733=ORIENTED_EDGE('',*,*,#1331,.T.);
#1734=ORIENTED_EDGE('',*,*,#1328,.F.);
#1735=ORIENTED_EDGE('',*,*,#1332,.F.);
#1736=ORIENTED_EDGE('',*,*,#1326,.F.);
#1737=ORIENTED_EDGE('',*,*,#1333,.T.);
#1738=ORIENTED_EDGE('',*,*,#1329,.F.);
#1739=ORIENTED_EDGE('',*,*,#1331,.F.);
#1740=ORIENTED_EDGE('',*,*,#1325,.F.);
#1741=ORIENTED_EDGE('',*,*,#1334,.T.);
#1742=ORIENTED_EDGE('',*,*,#1330,.F.);
#1743=ORIENTED_EDGE('',*,*,#1333,.F.);
#1744=ORIENTED_EDGE('',*,*,#1324,.F.);
#1745=ORIENTED_EDGE('',*,*,#1332,.T.);
#1746=ORIENTED_EDGE('',*,*,#1327,.F.);
#1747=ORIENTED_EDGE('',*,*,#1334,.F.);
#1748=ORIENTED_EDGE('',*,*,#1323,.F.);
#1749=ORIENTED_EDGE('',*,*,#1335,.T.);
#1750=ORIENTED_EDGE('',*,*,#1336,.T.);
#1751=ORIENTED_EDGE('',*,*,#1337,.T.);
#1752=ORIENTED_EDGE('',*,*,#1338,.T.);
#1753=ORIENTED_EDGE('',*,*,#1339,.T.);
#1754=ORIENTED_EDGE('',*,*,#1340,.T.);
#1755=ORIENTED_EDGE('',*,*,#1341,.T.);
#1756=ORIENTED_EDGE('',*,*,#1342,.T.);
#1757=ORIENTED_EDGE('',*,*,#1343,.T.);
#1758=ORIENTED_EDGE('',*,*,#1340,.F.);
#1759=ORIENTED_EDGE('',*,*,#1344,.F.);
#1760=ORIENTED_EDGE('',*,*,#1338,.F.);
#1761=ORIENTED_EDGE('',*,*,#1345,.T.);
#1762=ORIENTED_EDGE('',*,*,#1341,.F.);
#1763=ORIENTED_EDGE('',*,*,#1343,.F.);
#1764=ORIENTED_EDGE('',*,*,#1337,.F.);
#1765=ORIENTED_EDGE('',*,*,#1346,.T.);
#1766=ORIENTED_EDGE('',*,*,#1342,.F.);
#1767=ORIENTED_EDGE('',*,*,#1345,.F.);
#1768=ORIENTED_EDGE('',*,*,#1336,.F.);
#1769=ORIENTED_EDGE('',*,*,#1344,.T.);
#1770=ORIENTED_EDGE('',*,*,#1339,.F.);
#1771=ORIENTED_EDGE('',*,*,#1346,.F.);
#1772=ORIENTED_EDGE('',*,*,#1335,.F.);
#1773=ORIENTED_EDGE('',*,*,#1347,.T.);
#1774=ORIENTED_EDGE('',*,*,#1348,.T.);
#1775=ORIENTED_EDGE('',*,*,#1349,.T.);
#1776=ORIENTED_EDGE('',*,*,#1350,.T.);
#1777=ORIENTED_EDGE('',*,*,#1351,.T.);
#1778=ORIENTED_EDGE('',*,*,#1352,.T.);
#1779=ORIENTED_EDGE('',*,*,#1353,.T.);
#1780=ORIENTED_EDGE('',*,*,#1354,.T.);
#1781=ORIENTED_EDGE('',*,*,#1355,.T.);
#1782=ORIENTED_EDGE('',*,*,#1352,.F.);
#1783=ORIENTED_EDGE('',*,*,#1356,.F.);
#1784=ORIENTED_EDGE('',*,*,#1350,.F.);
#1785=ORIENTED_EDGE('',*,*,#1357,.T.);
#1786=ORIENTED_EDGE('',*,*,#1353,.F.);
#1787=ORIENTED_EDGE('',*,*,#1355,.F.);
#1788=ORIENTED_EDGE('',*,*,#1349,.F.);
#1789=ORIENTED_EDGE('',*,*,#1358,.T.);
#1790=ORIENTED_EDGE('',*,*,#1354,.F.);
#1791=ORIENTED_EDGE('',*,*,#1357,.F.);
#1792=ORIENTED_EDGE('',*,*,#1348,.F.);
#1793=ORIENTED_EDGE('',*,*,#1356,.T.);
#1794=ORIENTED_EDGE('',*,*,#1351,.F.);
#1795=ORIENTED_EDGE('',*,*,#1358,.F.);
#1796=ORIENTED_EDGE('',*,*,#1347,.F.);
#1797=ORIENTED_EDGE('',*,*,#1359,.T.);
#1798=ORIENTED_EDGE('',*,*,#1360,.T.);
#1799=ORIENTED_EDGE('',*,*,#1361,.T.);
#1800=ORIENTED_EDGE('',*,*,#1362,.T.);
#1801=ORIENTED_EDGE('',*,*,#1363,.T.);
#1802=ORIENTED_EDGE('',*,*,#1364,.T.);
#1803=ORIENTED_EDGE('',*,*,#1365,.T.);
#1804=ORIENTED_EDGE('',*,*,#1366,.T.);
#1805=ORIENTED_EDGE('',*,*,#1367,.T.);
#1806=ORIENTED_EDGE('',*,*,#1364,.F.);
#1807=ORIENTED_EDGE('',*,*,#1368,.F.);
#1808=ORIENTED_EDGE('',*,*,#1362,.F.);
#1809=ORIENTED_EDGE('',*,*,#1369,.T.);
#1810=ORIENTED_EDGE('',*,*,#1365,.F.);
#1811=ORIENTED_EDGE('',*,*,#1367,.F.);
#1812=ORIENTED_EDGE('',*,*,#1361,.F.);
#1813=ORIENTED_EDGE('',*,*,#1370,.T.);
#1814=ORIENTED_EDGE('',*,*,#1366,.F.);
#1815=ORIENTED_EDGE('',*,*,#1369,.F.);
#1816=ORIENTED_EDGE('',*,*,#1360,.F.);
#1817=ORIENTED_EDGE('',*,*,#1368,.T.);
#1818=ORIENTED_EDGE('',*,*,#1363,.F.);
#1819=ORIENTED_EDGE('',*,*,#1370,.F.);
#1820=ORIENTED_EDGE('',*,*,#1359,.F.);
#1821=ORIENTED_EDGE('',*,*,#1371,.T.);
#1822=ORIENTED_EDGE('',*,*,#1372,.T.);
#1823=ORIENTED_EDGE('',*,*,#1373,.T.);
#1824=ORIENTED_EDGE('',*,*,#1374,.T.);
#1825=ORIENTED_EDGE('',*,*,#1375,.T.);
#1826=ORIENTED_EDGE('',*,*,#1376,.T.);
#1827=ORIENTED_EDGE('',*,*,#1377,.T.);
#1828=ORIENTED_EDGE('',*,*,#1378,.T.);
#1829=ORIENTED_EDGE('',*,*,#1379,.T.);
#1830=ORIENTED_EDGE('',*,*,#1376,.F.);
#1831=ORIENTED_EDGE('',*,*,#1380,.F.);
#1832=ORIENTED_EDGE('',*,*,#1374,.F.);
#1833=ORIENTED_EDGE('',*,*,#1381,.T.);
#1834=ORIENTED_EDGE('',*,*,#1377,.F.);
#1835=ORIENTED_EDGE('',*,*,#1379,.F.);
#1836=ORIENTED_EDGE('',*,*,#1373,.F.);
#1837=ORIENTED_EDGE('',*,*,#1382,.T.);
#1838=ORIENTED_EDGE('',*,*,#1378,.F.);
#1839=ORIENTED_EDGE('',*,*,#1381,.F.);
#1840=ORIENTED_EDGE('',*,*,#1372,.F.);
#1841=ORIENTED_EDGE('',*,*,#1380,.T.);
#1842=ORIENTED_EDGE('',*,*,#1375,.F.);
#1843=ORIENTED_EDGE('',*,*,#1382,.F.);
#1844=ORIENTED_EDGE('',*,*,#1371,.F.);
#1845=ORIENTED_EDGE('',*,*,#1383,.T.);
#1846=ORIENTED_EDGE('',*,*,#1384,.T.);
#1847=ORIENTED_EDGE('',*,*,#1385,.T.);
#1848=ORIENTED_EDGE('',*,*,#1386,.T.);
#1849=ORIENTED_EDGE('',*,*,#1387,.T.);
#1850=ORIENTED_EDGE('',*,*,#1388,.T.);
#1851=ORIENTED_EDGE('',*,*,#1389,.T.);
#1852=ORIENTED_EDGE('',*,*,#1390,.T.);
#1853=ORIENTED_EDGE('',*,*,#1391,.T.);
#1854=ORIENTED_EDGE('',*,*,#1388,.F.);
#1855=ORIENTED_EDGE('',*,*,#1392,.F.);
#1856=ORIENTED_EDGE('',*,*,#1386,.F.);
#1857=ORIENTED_EDGE('',*,*,#1393,.T.);
#1858=ORIENTED_EDGE('',*,*,#1389,.F.);
#1859=ORIENTED_EDGE('',*,*,#1391,.F.);
#1860=ORIENTED_EDGE('',*,*,#1385,.F.);
#1861=ORIENTED_EDGE('',*,*,#1394,.T.);
#1862=ORIENTED_EDGE('',*,*,#1390,.F.);
#1863=ORIENTED_EDGE('',*,*,#1393,.F.);
#1864=ORIENTED_EDGE('',*,*,#1384,.F.);
#1865=ORIENTED_EDGE('',*,*,#1392,.T.);
#1866=ORIENTED_EDGE('',*,*,#1387,.F.);
#1867=ORIENTED_EDGE('',*,*,#1394,.F.);
#1868=ORIENTED_EDGE('',*,*,#1383,.F.);
#1869=ORIENTED_EDGE('',*,*,#1395,.T.);
#1870=ORIENTED_EDGE('',*,*,#1396,.T.);
#1871=ORIENTED_EDGE('',*,*,#1397,.T.);
#1872=ORIENTED_EDGE('',*,*,#1398,.T.);
#1873=ORIENTED_EDGE('',*,*,#1399,.T.);
#1874=ORIENTED_EDGE('',*,*,#1400,.T.);
#1875=ORIENTED_EDGE('',*,*,#1401,.T.);
#1876=ORIENTED_EDGE('',*,*,#1402,.T.);
#1877=ORIENTED_EDGE('',*,*,#1403,.T.);
#1878=ORIENTED_EDGE('',*,*,#1400,.F.);
#1879=ORIENTED_EDGE('',*,*,#1404,.F.);
#1880=ORIENTED_EDGE('',*,*,#1398,.F.);
#1881=ORIENTED_EDGE('',*,*,#1405,.T.);
#1882=ORIENTED_EDGE('',*,*,#1401,.F.);
#1883=ORIENTED_EDGE('',*,*,#1403,.F.);
#1884=ORIENTED_EDGE('',*,*,#1397,.F.);
#1885=ORIENTED_EDGE('',*,*,#1406,.T.);
#1886=ORIENTED_EDGE('',*,*,#1402,.F.);
#1887=ORIENTED_EDGE('',*,*,#1405,.F.);
#1888=ORIENTED_EDGE('',*,*,#1396,.F.);
#1889=ORIENTED_EDGE('',*,*,#1404,.T.);
#1890=ORIENTED_EDGE('',*,*,#1399,.F.);
#1891=ORIENTED_EDGE('',*,*,#1406,.F.);
#1892=ORIENTED_EDGE('',*,*,#1395,.F.);
#1893=ORIENTED_EDGE('',*,*,#1407,.T.);
#1894=ORIENTED_EDGE('',*,*,#1408,.T.);
#1895=ORIENTED_EDGE('',*,*,#1409,.T.);
#1896=ORIENTED_EDGE('',*,*,#1410,.T.);
#1897=ORIENTED_EDGE('',*,*,#1411,.T.);
#1898=ORIENTED_EDGE('',*,*,#1412,.T.);
#1899=ORIENTED_EDGE('',*,*,#1413,.T.);
#1900=ORIENTED_EDGE('',*,*,#1414,.T.);
#1901=ORIENTED_EDGE('',*,*,#1415,.T.);
#1902=ORIENTED_EDGE('',*,*,#1412,.F.);
#1903=ORIENTED_EDGE('',*,*,#1416,.F.);
#1904=ORIENTED_EDGE('',*,*,#1410,.F.);
#1905=ORIENTED_EDGE('',*,*,#1417,.T.);
#1906=ORIENTED_EDGE('',*,*,#1413,.F.);
#1907=ORIENTED_EDGE('',*,*,#1415,.F.);
#1908=ORIENTED_EDGE('',*,*,#1409,.F.);
#1909=ORIENTED_EDGE('',*,*,#1418,.T.);
#1910=ORIENTED_EDGE('',*,*,#1414,.F.);
#1911=ORIENTED_EDGE('',*,*,#1417,.F.);
#1912=ORIENTED_EDGE('',*,*,#1408,.F.);
#1913=ORIENTED_EDGE('',*,*,#1416,.T.);
#1914=ORIENTED_EDGE('',*,*,#1411,.F.);
#1915=ORIENTED_EDGE('',*,*,#1418,.F.);
#1916=ORIENTED_EDGE('',*,*,#1407,.F.);
#1917=ORIENTED_EDGE('',*,*,#1419,.T.);
#1918=ORIENTED_EDGE('',*,*,#1420,.T.);
#1919=ORIENTED_EDGE('',*,*,#1421,.T.);
#1920=ORIENTED_EDGE('',*,*,#1422,.T.);
#1921=ORIENTED_EDGE('',*,*,#1423,.T.);
#1922=ORIENTED_EDGE('',*,*,#1424,.T.);
#1923=ORIENTED_EDGE('',*,*,#1425,.T.);
#1924=ORIENTED_EDGE('',*,*,#1426,.T.);
#1925=ORIENTED_EDGE('',*,*,#1427,.T.);
#1926=ORIENTED_EDGE('',*,*,#1424,.F.);
#1927=ORIENTED_EDGE('',*,*,#1428,.F.);
#1928=ORIENTED_EDGE('',*,*,#1422,.F.);
#1929=ORIENTED_EDGE('',*,*,#1429,.T.);
#1930=ORIENTED_EDGE('',*,*,#1425,.F.);
#1931=ORIENTED_EDGE('',*,*,#1427,.F.);
#1932=ORIENTED_EDGE('',*,*,#1421,.F.);
#1933=ORIENTED_EDGE('',*,*,#1430,.T.);
#1934=ORIENTED_EDGE('',*,*,#1426,.F.);
#1935=ORIENTED_EDGE('',*,*,#1429,.F.);
#1936=ORIENTED_EDGE('',*,*,#1420,.F.);
#1937=ORIENTED_EDGE('',*,*,#1428,.T.);
#1938=ORIENTED_EDGE('',*,*,#1423,.F.);
#1939=ORIENTED_EDGE('',*,*,#1430,.F.);
#1940=ORIENTED_EDGE('',*,*,#1419,.F.);
#1941=ORIENTED_EDGE('',*,*,#1431,.T.);
#1942=ORIENTED_EDGE('',*,*,#1432,.T.);
#1943=ORIENTED_EDGE('',*,*,#1433,.T.);
#1944=ORIENTED_EDGE('',*,*,#1434,.T.);
#1945=ORIENTED_EDGE('',*,*,#1435,.T.);
#1946=ORIENTED_EDGE('',*,*,#1436,.T.);
#1947=ORIENTED_EDGE('',*,*,#1437,.T.);
#1948=ORIENTED_EDGE('',*,*,#1438,.T.);
#1949=ORIENTED_EDGE('',*,*,#1439,.T.);
#1950=ORIENTED_EDGE('',*,*,#1436,.F.);
#1951=ORIENTED_EDGE('',*,*,#1440,.F.);
#1952=ORIENTED_EDGE('',*,*,#1434,.F.);
#1953=ORIENTED_EDGE('',*,*,#1441,.T.);
#1954=ORIENTED_EDGE('',*,*,#1437,.F.);
#1955=ORIENTED_EDGE('',*,*,#1439,.F.);
#1956=ORIENTED_EDGE('',*,*,#1433,.F.);
#1957=ORIENTED_EDGE('',*,*,#1442,.T.);
#1958=ORIENTED_EDGE('',*,*,#1438,.F.);
#1959=ORIENTED_EDGE('',*,*,#1441,.F.);
#1960=ORIENTED_EDGE('',*,*,#1432,.F.);
#1961=ORIENTED_EDGE('',*,*,#1440,.T.);
#1962=ORIENTED_EDGE('',*,*,#1435,.F.);
#1963=ORIENTED_EDGE('',*,*,#1442,.F.);
#1964=ORIENTED_EDGE('',*,*,#1431,.F.);
#1965=ORIENTED_EDGE('',*,*,#1443,.T.);
#1966=ORIENTED_EDGE('',*,*,#1444,.T.);
#1967=ORIENTED_EDGE('',*,*,#1445,.T.);
#1968=ORIENTED_EDGE('',*,*,#1446,.T.);
#1969=ORIENTED_EDGE('',*,*,#1447,.T.);
#1970=ORIENTED_EDGE('',*,*,#1448,.T.);
#1971=ORIENTED_EDGE('',*,*,#1449,.T.);
#1972=ORIENTED_EDGE('',*,*,#1450,.T.);
#1973=ORIENTED_EDGE('',*,*,#1451,.T.);
#1974=ORIENTED_EDGE('',*,*,#1448,.F.);
#1975=ORIENTED_EDGE('',*,*,#1452,.F.);
#1976=ORIENTED_EDGE('',*,*,#1446,.F.);
#1977=ORIENTED_EDGE('',*,*,#1453,.T.);
#1978=ORIENTED_EDGE('',*,*,#1449,.F.);
#1979=ORIENTED_EDGE('',*,*,#1451,.F.);
#1980=ORIENTED_EDGE('',*,*,#1445,.F.);
#1981=ORIENTED_EDGE('',*,*,#1454,.T.);
#1982=ORIENTED_EDGE('',*,*,#1450,.F.);
#1983=ORIENTED_EDGE('',*,*,#1453,.F.);
#1984=ORIENTED_EDGE('',*,*,#1444,.F.);
#1985=ORIENTED_EDGE('',*,*,#1452,.T.);
#1986=ORIENTED_EDGE('',*,*,#1447,.F.);
#1987=ORIENTED_EDGE('',*,*,#1454,.F.);
#1988=ORIENTED_EDGE('',*,*,#1443,.F.);
#1989=ORIENTED_EDGE('',*,*,#1455,.T.);
#1990=ORIENTED_EDGE('',*,*,#1456,.T.);
#1991=ORIENTED_EDGE('',*,*,#1457,.T.);
#1992=ORIENTED_EDGE('',*,*,#1458,.T.);
#1993=ORIENTED_EDGE('',*,*,#1459,.T.);
#1994=ORIENTED_EDGE('',*,*,#1460,.T.);
#1995=ORIENTED_EDGE('',*,*,#1461,.T.);
#1996=ORIENTED_EDGE('',*,*,#1462,.T.);
#1997=ORIENTED_EDGE('',*,*,#1463,.T.);
#1998=ORIENTED_EDGE('',*,*,#1460,.F.);
#1999=ORIENTED_EDGE('',*,*,#1464,.F.);
#2000=ORIENTED_EDGE('',*,*,#1458,.F.);
#2001=ORIENTED_EDGE('',*,*,#1465,.T.);
#2002=ORIENTED_EDGE('',*,*,#1461,.F.);
#2003=ORIENTED_EDGE('',*,*,#1463,.F.);
#2004=ORIENTED_EDGE('',*,*,#1457,.F.);
#2005=ORIENTED_EDGE('',*,*,#1466,.T.);
#2006=ORIENTED_EDGE('',*,*,#1462,.F.);
#2007=ORIENTED_EDGE('',*,*,#1465,.F.);
#2008=ORIENTED_EDGE('',*,*,#1456,.F.);
#2009=ORIENTED_EDGE('',*,*,#1464,.T.);
#2010=ORIENTED_EDGE('',*,*,#1459,.F.);
#2011=ORIENTED_EDGE('',*,*,#1466,.F.);
#2012=ORIENTED_EDGE('',*,*,#1455,.F.);
#2013=ORIENTED_EDGE('',*,*,#1467,.T.);
#2014=ORIENTED_EDGE('',*,*,#1468,.T.);
#2015=ORIENTED_EDGE('',*,*,#1469,.T.);
#2016=ORIENTED_EDGE('',*,*,#1470,.T.);
#2017=ORIENTED_EDGE('',*,*,#1471,.T.);
#2018=ORIENTED_EDGE('',*,*,#1472,.T.);
#2019=ORIENTED_EDGE('',*,*,#1473,.T.);
#2020=ORIENTED_EDGE('',*,*,#1474,.T.);
#2021=ORIENTED_EDGE('',*,*,#1475,.T.);
#2022=ORIENTED_EDGE('',*,*,#1472,.F.);
#2023=ORIENTED_EDGE('',*,*,#1476,.F.);
#2024=ORIENTED_EDGE('',*,*,#1470,.F.);
#2025=ORIENTED_EDGE('',*,*,#1477,.T.);
#2026=ORIENTED_EDGE('',*,*,#1473,.F.);
#2027=ORIENTED_EDGE('',*,*,#1475,.F.);
#2028=ORIENTED_EDGE('',*,*,#1469,.F.);
#2029=ORIENTED_EDGE('',*,*,#1478,.T.);
#2030=ORIENTED_EDGE('',*,*,#1474,.F.);
#2031=ORIENTED_EDGE('',*,*,#1477,.F.);
#2032=ORIENTED_EDGE('',*,*,#1468,.F.);
#2033=ORIENTED_EDGE('',*,*,#1476,.T.);
#2034=ORIENTED_EDGE('',*,*,#1471,.F.);
#2035=ORIENTED_EDGE('',*,*,#1478,.F.);
#2036=ORIENTED_EDGE('',*,*,#1467,.F.);
#2037=ORIENTED_EDGE('',*,*,#1479,.T.);
#2038=ORIENTED_EDGE('',*,*,#1480,.T.);
#2039=ORIENTED_EDGE('',*,*,#1481,.T.);
#2040=ORIENTED_EDGE('',*,*,#1482,.T.);
#2041=ORIENTED_EDGE('',*,*,#1483,.T.);
#2042=ORIENTED_EDGE('',*,*,#1484,.T.);
#2043=ORIENTED_EDGE('',*,*,#1485,.T.);
#2044=ORIENTED_EDGE('',*,*,#1486,.T.);
#2045=ORIENTED_EDGE('',*,*,#1487,.T.);
#2046=ORIENTED_EDGE('',*,*,#1484,.F.);
#2047=ORIENTED_EDGE('',*,*,#1488,.F.);
#2048=ORIENTED_EDGE('',*,*,#1482,.F.);
#2049=ORIENTED_EDGE('',*,*,#1489,.T.);
#2050=ORIENTED_EDGE('',*,*,#1485,.F.);
#2051=ORIENTED_EDGE('',*,*,#1487,.F.);
#2052=ORIENTED_EDGE('',*,*,#1481,.F.);
#2053=ORIENTED_EDGE('',*,*,#1490,.T.);
#2054=ORIENTED_EDGE('',*,*,#1486,.F.);
#2055=ORIENTED_EDGE('',*,*,#1489,.F.);
#2056=ORIENTED_EDGE('',*,*,#1480,.F.);
#2057=ORIENTED_EDGE('',*,*,#1488,.T.);
#2058=ORIENTED_EDGE('',*,*,#1483,.F.);
#2059=ORIENTED_EDGE('',*,*,#1490,.F.);
#2060=ORIENTED_EDGE('',*,*,#1479,.F.);
#2061=CYLINDRICAL_SURFACE('',#2232,1.75);
#2062=CYLINDRICAL_SURFACE('',#2237,1.5);
#2063=CYLINDRICAL_SURFACE('',#2240,0.75);
#2064=CYLINDRICAL_SURFACE('',#2251,0.0658499999999998);
#2065=CYLINDRICAL_SURFACE('',#2253,0.0658499999999998);
#2066=CYLINDRICAL_SURFACE('',#2287,0.5);
#2067=CYLINDRICAL_SURFACE('',#2288,0.25);
#2068=CYLINDRICAL_SURFACE('',#2292,0.05085);
#2069=CYLINDRICAL_SURFACE('',#2297,0.501638375);
#2070=ADVANCED_FACE('',(#189,#174),#2061,.T.);
#2071=ADVANCED_FACE('',(#190),#2062,.T.);
#2072=ADVANCED_FACE('',(#191),#2063,.F.);
#2073=ADVANCED_FACE('',(#192,#175),#33,.T.);
#2074=ADVANCED_FACE('',(#193,#176,#177,#178),#34,.T.);
#2075=ADVANCED_FACE('',(#194),#35,.T.);
#2076=ADVANCED_FACE('',(#195,#179),#36,.T.);
#2077=ADVANCED_FACE('',(#196),#2064,.F.);
#2078=ADVANCED_FACE('',(#197),#2065,.F.);
#2079=ADVANCED_FACE('',(#198),#37,.F.);
#2080=ADVANCED_FACE('',(#199),#38,.F.);
#2081=ADVANCED_FACE('',(#200),#39,.F.);
#2082=ADVANCED_FACE('',(#201),#40,.F.);
#2083=ADVANCED_FACE('',(#202),#41,.F.);
#2084=ADVANCED_FACE('',(#203),#42,.F.);
#2085=ADVANCED_FACE('',(#204),#43,.F.);
#2086=ADVANCED_FACE('',(#205),#44,.F.);
#2087=ADVANCED_FACE('',(#206),#45,.F.);
#2088=ADVANCED_FACE('',(#207),#46,.F.);
#2089=ADVANCED_FACE('',(#208),#47,.F.);
#2090=ADVANCED_FACE('',(#209),#48,.F.);
#2091=ADVANCED_FACE('',(#210),#49,.T.);
#2092=ADVANCED_FACE('',(#211),#50,.F.);
#2093=ADVANCED_FACE('',(#212),#51,.F.);
#2094=ADVANCED_FACE('',(#213),#52,.F.);
#2095=ADVANCED_FACE('',(#214),#53,.F.);
#2096=ADVANCED_FACE('',(#215,#180,#181,#182),#54,.T.);
#2097=ADVANCED_FACE('',(#216),#55,.F.);
#2098=ADVANCED_FACE('',(#217),#56,.F.);
#2099=ADVANCED_FACE('',(#218),#57,.F.);
#2100=ADVANCED_FACE('',(#219),#58,.F.);
#2101=ADVANCED_FACE('',(#220),#59,.F.);
#2102=ADVANCED_FACE('',(#221),#60,.F.);
#2103=ADVANCED_FACE('',(#222),#61,.F.);
#2104=ADVANCED_FACE('',(#223),#62,.F.);
#2105=ADVANCED_FACE('',(#224),#63,.T.);
#2106=ADVANCED_FACE('',(#225,#183,#184,#185,#186),#64,.T.);
#2107=ADVANCED_FACE('',(#226),#2066,.T.);
#2108=ADVANCED_FACE('',(#227),#2067,.F.);
#2109=ADVANCED_FACE('',(#228),#65,.T.);
#2110=ADVANCED_FACE('',(#229,#187),#66,.F.);
#2111=ADVANCED_FACE('',(#230),#2068,.F.);
#2112=ADVANCED_FACE('',(#231),#67,.F.);
#2113=ADVANCED_FACE('',(#232),#68,.F.);
#2114=ADVANCED_FACE('',(#233,#188),#69,.F.);
#2115=ADVANCED_FACE('',(#234),#2069,.T.);
#2116=ADVANCED_FACE('',(#235),#70,.T.);
#2117=ADVANCED_FACE('',(#236),#71,.F.);
#2118=ADVANCED_FACE('',(#237),#72,.T.);
#2119=ADVANCED_FACE('',(#238),#73,.F.);
#2120=ADVANCED_FACE('',(#239),#74,.F.);
#2121=ADVANCED_FACE('',(#240),#75,.F.);
#2122=ADVANCED_FACE('',(#241),#76,.F.);
#2123=ADVANCED_FACE('',(#242),#77,.F.);
#2124=ADVANCED_FACE('',(#243),#78,.T.);
#2125=ADVANCED_FACE('',(#244),#79,.F.);
#2126=ADVANCED_FACE('',(#245),#80,.F.);
#2127=ADVANCED_FACE('',(#246),#81,.F.);
#2128=ADVANCED_FACE('',(#247),#82,.F.);
#2129=ADVANCED_FACE('',(#248),#83,.F.);
#2130=ADVANCED_FACE('',(#249),#84,.T.);
#2131=ADVANCED_FACE('',(#250),#85,.F.);
#2132=ADVANCED_FACE('',(#251),#86,.F.);
#2133=ADVANCED_FACE('',(#252),#87,.F.);
#2134=ADVANCED_FACE('',(#253),#88,.F.);
#2135=ADVANCED_FACE('',(#254),#89,.F.);
#2136=ADVANCED_FACE('',(#255),#90,.T.);
#2137=ADVANCED_FACE('',(#256),#91,.F.);
#2138=ADVANCED_FACE('',(#257),#92,.F.);
#2139=ADVANCED_FACE('',(#258),#93,.F.);
#2140=ADVANCED_FACE('',(#259),#94,.F.);
#2141=ADVANCED_FACE('',(#260),#95,.F.);
#2142=ADVANCED_FACE('',(#261),#96,.T.);
#2143=ADVANCED_FACE('',(#262),#97,.F.);
#2144=ADVANCED_FACE('',(#263),#98,.F.);
#2145=ADVANCED_FACE('',(#264),#99,.F.);
#2146=ADVANCED_FACE('',(#265),#100,.F.);
#2147=ADVANCED_FACE('',(#266),#101,.F.);
#2148=ADVANCED_FACE('',(#267),#102,.T.);
#2149=ADVANCED_FACE('',(#268),#103,.F.);
#2150=ADVANCED_FACE('',(#269),#104,.F.);
#2151=ADVANCED_FACE('',(#270),#105,.F.);
#2152=ADVANCED_FACE('',(#271),#106,.F.);
#2153=ADVANCED_FACE('',(#272),#107,.F.);
#2154=ADVANCED_FACE('',(#273),#108,.T.);
#2155=ADVANCED_FACE('',(#274),#109,.F.);
#2156=ADVANCED_FACE('',(#275),#110,.F.);
#2157=ADVANCED_FACE('',(#276),#111,.F.);
#2158=ADVANCED_FACE('',(#277),#112,.F.);
#2159=ADVANCED_FACE('',(#278),#113,.F.);
#2160=ADVANCED_FACE('',(#279),#114,.T.);
#2161=ADVANCED_FACE('',(#280),#115,.F.);
#2162=ADVANCED_FACE('',(#281),#116,.F.);
#2163=ADVANCED_FACE('',(#282),#117,.F.);
#2164=ADVANCED_FACE('',(#283),#118,.F.);
#2165=ADVANCED_FACE('',(#284),#119,.F.);
#2166=ADVANCED_FACE('',(#285),#120,.T.);
#2167=ADVANCED_FACE('',(#286),#121,.F.);
#2168=ADVANCED_FACE('',(#287),#122,.F.);
#2169=ADVANCED_FACE('',(#288),#123,.F.);
#2170=ADVANCED_FACE('',(#289),#124,.F.);
#2171=ADVANCED_FACE('',(#290),#125,.F.);
#2172=ADVANCED_FACE('',(#291),#126,.T.);
#2173=ADVANCED_FACE('',(#292),#127,.F.);
#2174=ADVANCED_FACE('',(#293),#128,.F.);
#2175=ADVANCED_FACE('',(#294),#129,.F.);
#2176=ADVANCED_FACE('',(#295),#130,.F.);
#2177=ADVANCED_FACE('',(#296),#131,.F.);
#2178=ADVANCED_FACE('',(#297),#132,.T.);
#2179=ADVANCED_FACE('',(#298),#133,.F.);
#2180=ADVANCED_FACE('',(#299),#134,.F.);
#2181=ADVANCED_FACE('',(#300),#135,.F.);
#2182=ADVANCED_FACE('',(#301),#136,.F.);
#2183=ADVANCED_FACE('',(#302),#137,.F.);
#2184=ADVANCED_FACE('',(#303),#138,.T.);
#2185=ADVANCED_FACE('',(#304),#139,.F.);
#2186=ADVANCED_FACE('',(#305),#140,.F.);
#2187=ADVANCED_FACE('',(#306),#141,.F.);
#2188=ADVANCED_FACE('',(#307),#142,.F.);
#2189=ADVANCED_FACE('',(#308),#143,.F.);
#2190=ADVANCED_FACE('',(#309),#144,.T.);
#2191=ADVANCED_FACE('',(#310),#145,.F.);
#2192=ADVANCED_FACE('',(#311),#146,.F.);
#2193=ADVANCED_FACE('',(#312),#147,.F.);
#2194=ADVANCED_FACE('',(#313),#148,.F.);
#2195=ADVANCED_FACE('',(#314),#149,.F.);
#2196=ADVANCED_FACE('',(#315),#150,.T.);
#2197=ADVANCED_FACE('',(#316),#151,.F.);
#2198=ADVANCED_FACE('',(#317),#152,.F.);
#2199=ADVANCED_FACE('',(#318),#153,.F.);
#2200=ADVANCED_FACE('',(#319),#154,.F.);
#2201=ADVANCED_FACE('',(#320),#155,.F.);
#2202=CLOSED_SHELL('',(#2070,#2071,#2072,#2073,#2074,#2075,#2076,#2077,
#2078,#2079,#2080,#2081,#2082,#2083,#2084,#2085,#2086,#2087,#2088,#2089,
#2090,#2091,#2092,#2093,#2094,#2095,#2096,#2097,#2098,#2099,#2100,#2101,
#2102,#2103,#2104,#2105,#2106,#2107,#2108,#2109,#2110,#2111,#2112,#2113,
#2114));
#2203=CLOSED_SHELL('',(#2115,#2116,#2117));
#2204=CLOSED_SHELL('',(#2118,#2119,#2120,#2121,#2122,#2123));
#2205=CLOSED_SHELL('',(#2124,#2125,#2126,#2127,#2128,#2129));
#2206=CLOSED_SHELL('',(#2130,#2131,#2132,#2133,#2134,#2135));
#2207=CLOSED_SHELL('',(#2136,#2137,#2138,#2139,#2140,#2141));
#2208=CLOSED_SHELL('',(#2142,#2143,#2144,#2145,#2146,#2147));
#2209=CLOSED_SHELL('',(#2148,#2149,#2150,#2151,#2152,#2153));
#2210=CLOSED_SHELL('',(#2154,#2155,#2156,#2157,#2158,#2159));
#2211=CLOSED_SHELL('',(#2160,#2161,#2162,#2163,#2164,#2165));
#2212=CLOSED_SHELL('',(#2166,#2167,#2168,#2169,#2170,#2171));
#2213=CLOSED_SHELL('',(#2172,#2173,#2174,#2175,#2176,#2177));
#2214=CLOSED_SHELL('',(#2178,#2179,#2180,#2181,#2182,#2183));
#2215=CLOSED_SHELL('',(#2184,#2185,#2186,#2187,#2188,#2189));
#2216=CLOSED_SHELL('',(#2190,#2191,#2192,#2193,#2194,#2195));
#2217=CLOSED_SHELL('',(#2196,#2197,#2198,#2199,#2200,#2201));
#2218=DERIVED_UNIT_ELEMENT(#2220,1.);
#2219=DERIVED_UNIT_ELEMENT(#3581,-3.);
#2220=(
MASS_UNIT()
NAMED_UNIT(*)
SI_UNIT(.KILO.,.GRAM.)
);
#2221=DERIVED_UNIT((#2218,#2219));
#2222=MEASURE_REPRESENTATION_ITEM('density measure',
POSITIVE_RATIO_MEASURE(7850.),#2221);
#2223=PROPERTY_DEFINITION_REPRESENTATION(#2228,#2225);
#2224=PROPERTY_DEFINITION_REPRESENTATION(#2229,#2226);
#2225=REPRESENTATION('material name',(#2227),#3578);
#2226=REPRESENTATION('density',(#2222),#3578);
#2227=DESCRIPTIVE_REPRESENTATION_ITEM('Steel','Steel');
#2228=PROPERTY_DEFINITION('material property','material name',#3593);
#2229=PROPERTY_DEFINITION('material property','density of part',#3593);
#2230=AXIS2_PLACEMENT_3D('',#2964,#2387,#2388);
#2231=AXIS2_PLACEMENT_3D('',#2965,#2389,#2390);
#2232=AXIS2_PLACEMENT_3D('',#2966,#2391,#2392);
#2233=AXIS2_PLACEMENT_3D('',#2968,#2393,#2394);
#2234=AXIS2_PLACEMENT_3D('',#2971,#2396,#2397);
#2235=AXIS2_PLACEMENT_3D('',#2976,#2399,#2400);
#2236=AXIS2_PLACEMENT_3D('',#2979,#2402,#2403);
#2237=AXIS2_PLACEMENT_3D('',#2980,#2404,#2405);
#2238=AXIS2_PLACEMENT_3D('',#2982,#2406,#2407);
#2239=AXIS2_PLACEMENT_3D('',#2985,#2409,#2410);
#2240=AXIS2_PLACEMENT_3D('',#2986,#2411,#2412);
#2241=AXIS2_PLACEMENT_3D('',#2988,#2413,#2414);
#2242=AXIS2_PLACEMENT_3D('',#2991,#2416,#2417);
#2243=AXIS2_PLACEMENT_3D('',#2992,#2418,#2419);
#2244=AXIS2_PLACEMENT_3D('',#2993,#2420,#2421);
#2245=AXIS2_PLACEMENT_3D('',#2995,#2422,#2423);
#2246=AXIS2_PLACEMENT_3D('',#2997,#2424,#2425);
#2247=AXIS2_PLACEMENT_3D('',#2999,#2426,#2427);
#2248=AXIS2_PLACEMENT_3D('',#3000,#2428,#2429);
#2249=AXIS2_PLACEMENT_3D('',#3002,#2430,#2431);
#2250=AXIS2_PLACEMENT_3D('',#3003,#2432,#2433);
#2251=AXIS2_PLACEMENT_3D('',#3004,#2434,#2435);
#2252=AXIS2_PLACEMENT_3D('',#3006,#2436,#2437);
#2253=AXIS2_PLACEMENT_3D('',#3008,#2439,#2440);
#2254=AXIS2_PLACEMENT_3D('',#3010,#2441,#2442);
#2255=AXIS2_PLACEMENT_3D('',#3012,#2444,#2445);
#2256=AXIS2_PLACEMENT_3D('',#3021,#2450,#2451);
#2257=AXIS2_PLACEMENT_3D('',#3027,#2455,#2456);
#2258=AXIS2_PLACEMENT_3D('',#3033,#2460,#2461);
#2259=AXIS2_PLACEMENT_3D('',#3039,#2465,#2466);
#2260=AXIS2_PLACEMENT_3D('',#3045,#2470,#2471);
#2261=AXIS2_PLACEMENT_3D('',#3051,#2475,#2476);
#2262=AXIS2_PLACEMENT_3D('',#3060,#2481,#2482);
#2263=AXIS2_PLACEMENT_3D('',#3066,#2486,#2487);
#2264=AXIS2_PLACEMENT_3D('',#3072,#2491,#2492);
#2265=AXIS2_PLACEMENT_3D('',#3078,#2496,#2497);
#2266=AXIS2_PLACEMENT_3D('',#3084,#2501,#2502);
#2267=AXIS2_PLACEMENT_3D('',#3090,#2506,#2507);
#2268=AXIS2_PLACEMENT_3D('',#3099,#2512,#2513);
#2269=AXIS2_PLACEMENT_3D('',#3108,#2518,#2519);
#2270=AXIS2_PLACEMENT_3D('',#3111,#2522,#2523);
#2271=AXIS2_PLACEMENT_3D('',#3120,#2528,#2529);
#2272=AXIS2_PLACEMENT_3D('',#3123,#2532,#2533);
#2273=AXIS2_PLACEMENT_3D('',#3125,#2534,#2535);
#2274=AXIS2_PLACEMENT_3D('',#3126,#2536,#2537);
#2275=AXIS2_PLACEMENT_3D('',#3128,#2538,#2539);
#2276=AXIS2_PLACEMENT_3D('',#3143,#2548,#2549);
#2277=AXIS2_PLACEMENT_3D('',#3147,#2552,#2553);
#2278=AXIS2_PLACEMENT_3D('',#3151,#2556,#2557);
#2279=AXIS2_PLACEMENT_3D('',#3155,#2560,#2561);
#2280=AXIS2_PLACEMENT_3D('',#3157,#2563,#2564);
#2281=AXIS2_PLACEMENT_3D('',#3161,#2567,#2568);
#2282=AXIS2_PLACEMENT_3D('',#3165,#2571,#2572);
#2283=AXIS2_PLACEMENT_3D('',#3169,#2575,#2576);
#2284=AXIS2_PLACEMENT_3D('',#3171,#2578,#2579);
#2285=AXIS2_PLACEMENT_3D('',#3172,#2580,#2581);
#2286=AXIS2_PLACEMENT_3D('',#3173,#2582,#2583);
#2287=AXIS2_PLACEMENT_3D('',#3174,#2584,#2585);
#2288=AXIS2_PLACEMENT_3D('',#3176,#2587,#2588);
#2289=AXIS2_PLACEMENT_3D('',#3178,#2590,#2591);
#2290=AXIS2_PLACEMENT_3D('',#3184,#2595,#2596);
#2291=AXIS2_PLACEMENT_3D('',#3189,#2599,#2600);
#2292=AXIS2_PLACEMENT_3D('',#3190,#2601,#2602);
#2293=AXIS2_PLACEMENT_3D('',#3192,#2603,#2604);
#2294=AXIS2_PLACEMENT_3D('',#3194,#2606,#2607);
#2295=AXIS2_PLACEMENT_3D('',#3198,#2610,#2611);
#2296=AXIS2_PLACEMENT_3D('',#3200,#2613,#2614);
#2297=AXIS2_PLACEMENT_3D('',#3201,#2615,#2616);
#2298=AXIS2_PLACEMENT_3D('',#3203,#2617,#2618);
#2299=AXIS2_PLACEMENT_3D('',#3206,#2620,#2621);
#2300=AXIS2_PLACEMENT_3D('',#3207,#2622,#2623);
#2301=AXIS2_PLACEMENT_3D('',#3208,#2624,#2625);
#2302=AXIS2_PLACEMENT_3D('',#3209,#2626,#2627);
#2303=AXIS2_PLACEMENT_3D('',#3218,#2632,#2633);
#2304=AXIS2_PLACEMENT_3D('',#3227,#2638,#2639);
#2305=AXIS2_PLACEMENT_3D('',#3230,#2642,#2643);
#2306=AXIS2_PLACEMENT_3D('',#3232,#2645,#2646);
#2307=AXIS2_PLACEMENT_3D('',#3234,#2648,#2649);
#2308=AXIS2_PLACEMENT_3D('',#3235,#2650,#2651);
#2309=AXIS2_PLACEMENT_3D('',#3244,#2656,#2657);
#2310=AXIS2_PLACEMENT_3D('',#3253,#2662,#2663);
#2311=AXIS2_PLACEMENT_3D('',#3256,#2666,#2667);
#2312=AXIS2_PLACEMENT_3D('',#3258,#2669,#2670);
#2313=AXIS2_PLACEMENT_3D('',#3260,#2672,#2673);
#2314=AXIS2_PLACEMENT_3D('',#3261,#2674,#2675);
#2315=AXIS2_PLACEMENT_3D('',#3270,#2680,#2681);
#2316=AXIS2_PLACEMENT_3D('',#3279,#2686,#2687);
#2317=AXIS2_PLACEMENT_3D('',#3282,#2690,#2691);
#2318=AXIS2_PLACEMENT_3D('',#3284,#2693,#2694);
#2319=AXIS2_PLACEMENT_3D('',#3286,#2696,#2697);
#2320=AXIS2_PLACEMENT_3D('',#3287,#2698,#2699);
#2321=AXIS2_PLACEMENT_3D('',#3296,#2704,#2705);
#2322=AXIS2_PLACEMENT_3D('',#3305,#2710,#2711);
#2323=AXIS2_PLACEMENT_3D('',#3308,#2714,#2715);
#2324=AXIS2_PLACEMENT_3D('',#3310,#2717,#2718);
#2325=AXIS2_PLACEMENT_3D('',#3312,#2720,#2721);
#2326=AXIS2_PLACEMENT_3D('',#3313,#2722,#2723);
#2327=AXIS2_PLACEMENT_3D('',#3322,#2728,#2729);
#2328=AXIS2_PLACEMENT_3D('',#3331,#2734,#2735);
#2329=AXIS2_PLACEMENT_3D('',#3334,#2738,#2739);
#2330=AXIS2_PLACEMENT_3D('',#3336,#2741,#2742);
#2331=AXIS2_PLACEMENT_3D('',#3338,#2744,#2745);
#2332=AXIS2_PLACEMENT_3D('',#3339,#2746,#2747);
#2333=AXIS2_PLACEMENT_3D('',#3348,#2752,#2753);
#2334=AXIS2_PLACEMENT_3D('',#3357,#2758,#2759);
#2335=AXIS2_PLACEMENT_3D('',#3360,#2762,#2763);
#2336=AXIS2_PLACEMENT_3D('',#3362,#2765,#2766);
#2337=AXIS2_PLACEMENT_3D('',#3364,#2768,#2769);
#2338=AXIS2_PLACEMENT_3D('',#3365,#2770,#2771);
#2339=AXIS2_PLACEMENT_3D('',#3374,#2776,#2777);
#2340=AXIS2_PLACEMENT_3D('',#3383,#2782,#2783);
#2341=AXIS2_PLACEMENT_3D('',#3386,#2786,#2787);
#2342=AXIS2_PLACEMENT_3D('',#3388,#2789,#2790);
#2343=AXIS2_PLACEMENT_3D('',#3390,#2792,#2793);
#2344=AXIS2_PLACEMENT_3D('',#3391,#2794,#2795);
#2345=AXIS2_PLACEMENT_3D('',#3400,#2800,#2801);
#2346=AXIS2_PLACEMENT_3D('',#3409,#2806,#2807);
#2347=AXIS2_PLACEMENT_3D('',#3412,#2810,#2811);
#2348=AXIS2_PLACEMENT_3D('',#3414,#2813,#2814);
#2349=AXIS2_PLACEMENT_3D('',#3416,#2816,#2817);
#2350=AXIS2_PLACEMENT_3D('',#3417,#2818,#2819);
#2351=AXIS2_PLACEMENT_3D('',#3426,#2824,#2825);
#2352=AXIS2_PLACEMENT_3D('',#3435,#2830,#2831);
#2353=AXIS2_PLACEMENT_3D('',#3438,#2834,#2835);
#2354=AXIS2_PLACEMENT_3D('',#3440,#2837,#2838);
#2355=AXIS2_PLACEMENT_3D('',#3442,#2840,#2841);
#2356=AXIS2_PLACEMENT_3D('',#3443,#2842,#2843);
#2357=AXIS2_PLACEMENT_3D('',#3452,#2848,#2849);
#2358=AXIS2_PLACEMENT_3D('',#3461,#2854,#2855);
#2359=AXIS2_PLACEMENT_3D('',#3464,#2858,#2859);
#2360=AXIS2_PLACEMENT_3D('',#3466,#2861,#2862);
#2361=AXIS2_PLACEMENT_3D('',#3468,#2864,#2865);
#2362=AXIS2_PLACEMENT_3D('',#3469,#2866,#2867);
#2363=AXIS2_PLACEMENT_3D('',#3478,#2872,#2873);
#2364=AXIS2_PLACEMENT_3D('',#3487,#2878,#2879);
#2365=AXIS2_PLACEMENT_3D('',#3490,#2882,#2883);
#2366=AXIS2_PLACEMENT_3D('',#3492,#2885,#2886);
#2367=AXIS2_PLACEMENT_3D('',#3494,#2888,#2889);
#2368=AXIS2_PLACEMENT_3D('',#3495,#2890,#2891);
#2369=AXIS2_PLACEMENT_3D('',#3504,#2896,#2897);
#2370=AXIS2_PLACEMENT_3D('',#3513,#2902,#2903);
#2371=AXIS2_PLACEMENT_3D('',#3516,#2906,#2907);
#2372=AXIS2_PLACEMENT_3D('',#3518,#2909,#2910);
#2373=AXIS2_PLACEMENT_3D('',#3520,#2912,#2913);
#2374=AXIS2_PLACEMENT_3D('',#3521,#2914,#2915);
#2375=AXIS2_PLACEMENT_3D('',#3530,#2920,#2921);
#2376=AXIS2_PLACEMENT_3D('',#3539,#2926,#2927);
#2377=AXIS2_PLACEMENT_3D('',#3542,#2930,#2931);
#2378=AXIS2_PLACEMENT_3D('',#3544,#2933,#2934);
#2379=AXIS2_PLACEMENT_3D('',#3546,#2936,#2937);
#2380=AXIS2_PLACEMENT_3D('',#3547,#2938,#2939);
#2381=AXIS2_PLACEMENT_3D('',#3556,#2944,#2945);
#2382=AXIS2_PLACEMENT_3D('',#3565,#2950,#2951);
#2383=AXIS2_PLACEMENT_3D('',#3568,#2954,#2955);
#2384=AXIS2_PLACEMENT_3D('',#3570,#2957,#2958);
#2385=AXIS2_PLACEMENT_3D('',#3572,#2960,#2961);
#2386=AXIS2_PLACEMENT_3D('',#3573,#2962,#2963);
#2387=DIRECTION('axis',(0.,0.,1.));
#2388=DIRECTION('refdir',(1.,0.,0.));
#2389=DIRECTION('axis',(0.,0.,1.));
#2390=DIRECTION('refdir',(1.,0.,0.));
#2391=DIRECTION('center_axis',(-6.12323399573677E-17,1.11022302462516E-16,
1.));
#2392=DIRECTION('ref_axis',(1.,6.12323399573676E-17,6.12323399573676E-17));
#2393=DIRECTION('center_axis',(-6.12323399573676E-17,-2.22044604925031E-16,
1.));
#2394=DIRECTION('ref_axis',(1.,6.12323399573676E-17,6.12323399573676E-17));
#2395=DIRECTION('',(6.12323399573677E-17,-1.11022302462516E-16,-1.));
#2396=DIRECTION('center_axis',(-6.12323399573676E-17,-2.22044604925031E-16,
1.));
#2397=DIRECTION('ref_axis',(1.,6.12323399573676E-17,6.12323399573676E-17));
#2398=DIRECTION('',(6.12323399573677E-17,-1.11022302462516E-16,-1.));
#2399=DIRECTION('center_axis',(6.12323399573677E-17,-1.60812264967664E-16,
-1.));
#2400=DIRECTION('ref_axis',(1.,6.12323399573676E-17,6.12323399573676E-17));
#2401=DIRECTION('',(-6.12323399573677E-17,1.11022302462516E-16,1.));
#2402=DIRECTION('center_axis',(-6.12323399573677E-17,1.60812264967664E-16,
1.));
#2403=DIRECTION('ref_axis',(1.,6.12323399573676E-17,6.12323399573676E-17));
#2404=DIRECTION('center_axis',(-6.12323399573677E-17,4.44089209850063E-16,
1.));
#2405=DIRECTION('ref_axis',(1.,6.12323399573677E-17,6.12323399573677E-17));
#2406=DIRECTION('center_axis',(-6.12323399573676E-17,-7.40148683083437E-17,
1.));
#2407=DIRECTION('ref_axis',(1.,6.12323399573677E-17,6.12323399573677E-17));
#2408=DIRECTION('',(6.12323399573677E-17,-4.44089209850062E-16,-1.));
#2409=DIRECTION('center_axis',(6.12323399573676E-17,2.22044604925031E-16,
-1.));
#2410=DIRECTION('ref_axis',(1.,6.12323399573677E-17,6.12323399573677E-17));
#2411=DIRECTION('center_axis',(-6.12323399573677E-17,4.44089209850063E-16,
1.));
#2412=DIRECTION('ref_axis',(1.,6.12323399573677E-17,6.12323399573677E-17));
#2413=DIRECTION('center_axis',(-6.12323399573676E-17,-7.40148683083437E-17,
1.));
#2414=DIRECTION('ref_axis',(1.,6.12323399573677E-17,6.12323399573677E-17));
#2415=DIRECTION('',(6.12323399573677E-17,-4.44089209850062E-16,-1.));
#2416=DIRECTION('center_axis',(-6.12323399573676E-17,-2.22044604925031E-16,
1.));
#2417=DIRECTION('ref_axis',(1.,6.12323399573677E-17,6.12323399573677E-17));
#2418=DIRECTION('center_axis',(-6.12323399573676E-17,-7.40148683083437E-17,
1.));
#2419=DIRECTION('ref_axis',(1.,0.,6.12323399573676E-17));
#2420=DIRECTION('center_axis',(-6.12323399573676E-17,-2.22044604925031E-16,
1.));
#2421=DIRECTION('ref_axis',(1.,0.,6.12323399573676E-17));
#2422=DIRECTION('center_axis',(-6.12323399573676E-17,-2.22044604925031E-16,
1.));
#2423=DIRECTION('ref_axis',(1.,6.12323399573676E-17,6.12323399573676E-17));
#2424=DIRECTION('center_axis',(6.12323399573676E-17,2.22044604925031E-16,
-1.));
#2425=DIRECTION('ref_axis',(1.,-9.9579925010296E-17,3.61864843853753E-15));
#2426=DIRECTION('center_axis',(6.12323399573676E-17,2.22044604925031E-16,
-1.));
#2427=DIRECTION('ref_axis',(1.,-9.9579925010296E-17,3.61864843853753E-15));
#2428=DIRECTION('center_axis',(-6.12323399573676E-17,-2.22044604925031E-16,
1.));
#2429=DIRECTION('ref_axis',(1.,0.,6.12323399573676E-17));
#2430=DIRECTION('center_axis',(6.12323399573676E-17,2.22044604925031E-16,
-1.));
#2431=DIRECTION('ref_axis',(1.,6.12323399573676E-17,6.12323399573676E-17));
#2432=DIRECTION('center_axis',(-6.12323399573676E-17,-2.22044604925031E-16,
1.));
#2433=DIRECTION('ref_axis',(1.,0.,6.12323399573676E-17));
#2434=DIRECTION('center_axis',(-2.17662862999183E-16,7.09435850581994E-18,
1.));
#2435=DIRECTION('ref_axis',(1.,-9.9579925010296E-17,3.61864843853753E-15));
#2436=DIRECTION('center_axis',(-6.12323399573676E-17,-2.22044604925031E-16,
1.));
#2437=DIRECTION('ref_axis',(1.,-9.9579925010296E-17,3.61864843853753E-15));
#2438=DIRECTION('',(-2.17662862999183E-16,7.09435850581994E-18,1.));
#2439=DIRECTION('center_axis',(-2.17662862999183E-16,7.09435850581994E-18,
1.));
#2440=DIRECTION('ref_axis',(1.,-9.9579925010296E-17,3.61864843853753E-15));
#2441=DIRECTION('center_axis',(-6.12323399573676E-17,-2.22044604925031E-16,
1.));
#2442=DIRECTION('ref_axis',(1.,-9.9579925010296E-17,3.61864843853753E-15));
#2443=DIRECTION('',(-2.17662862999183E-16,7.09435850581994E-18,1.));
#2444=DIRECTION('center_axis',(-0.258819045102521,-0.965925826289068,1.89897880313727E-16));
#2445=DIRECTION('ref_axis',(0.,-1.96596752199166E-16,-1.));
#2446=DIRECTION('',(-2.22205245122578E-16,2.5613646818372E-16,1.));
#2447=DIRECTION('',(-0.965925826289068,0.258819045102521,-2.76351908929564E-16));
#2448=DIRECTION('',(-2.22205245122578E-16,2.5613646818372E-16,1.));
#2449=DIRECTION('',(0.965925826289068,-0.258819045102521,1.16615271185797E-16));
#2450=DIRECTION('center_axis',(-0.707106781186548,-0.707106781186547,2.39929979204873E-17));
#2451=DIRECTION('ref_axis',(3.39312230611426E-17,0.,1.));
#2452=DIRECTION('',(-2.22205245122578E-16,2.5613646818372E-16,1.));
#2453=DIRECTION('',(-0.707106781186547,0.707106781186548,-3.26360327673879E-16));
#2454=DIRECTION('',(0.707106781186547,-0.707106781186548,2.00307048680152E-16));
#2455=DIRECTION('center_axis',(-0.965925826289068,-0.258819045102521,-1.48340788889548E-16));
#2456=DIRECTION('ref_axis',(-1.5357368532059E-16,0.,1.));
#2457=DIRECTION('',(-2.22205245122578E-16,2.5613646818372E-16,1.));
#2458=DIRECTION('',(-0.258819045102521,0.965925826289068,-2.88920760176421E-16));
#2459=DIRECTION('',(0.258819045102521,-0.965925826289068,2.303267142424E-16));
#2460=DIRECTION('center_axis',(-0.965925826289068,0.258819045102521,-2.80926781112034E-16));
#2461=DIRECTION('ref_axis',(-2.90836804924566E-16,0.,1.));
#2462=DIRECTION('',(-2.22205245122578E-16,2.5613646818372E-16,1.));
#2463=DIRECTION('',(0.258819045102521,0.965925826289068,-1.74065108313105E-16));
#2464=DIRECTION('',(-0.258819045102521,-0.965925826289068,1.98630522728082E-16));
#2465=DIRECTION('center_axis',(-0.707106781186547,0.707106781186548,-3.38238669203275E-16));
#2466=DIRECTION('ref_axis',(-4.78341713306299E-16,0.,1.));
#2467=DIRECTION('',(-2.22205245122578E-16,2.5613646818372E-16,1.));
#2468=DIRECTION('',(0.707106781186548,0.707106781186547,-1.25688512468564E-17));
#2469=DIRECTION('',(-0.707106781186548,-0.707106781186547,1.13711443056603E-16));
#2470=DIRECTION('center_axis',(-0.258819045102521,0.965925826289068,-3.04919779032521E-16));
#2471=DIRECTION('ref_axis',(0.,3.15676184168275E-16,1.));
#2472=DIRECTION('',(-2.22205245122578E-16,2.5613646818372E-16,1.));
#2473=DIRECTION('',(0.965925826289068,0.258819045102521,1.52295219360774E-16));
#2474=DIRECTION('',(-0.965925826289068,-0.258819045102521,-1.67652595207038E-18));
#2475=DIRECTION('center_axis',(-0.258819045102521,-0.965925826289068,1.89897880313727E-16));
#2476=DIRECTION('ref_axis',(0.,-1.96596752199166E-16,-1.));
#2477=DIRECTION('',(-2.22205245122578E-16,2.5613646818372E-16,1.));
#2478=DIRECTION('',(-0.965925826289068,0.258819045102521,-2.76351908929564E-16));
#2479=DIRECTION('',(-2.22205245122578E-16,2.5613646818372E-16,1.));
#2480=DIRECTION('',(0.965925826289068,-0.258819045102521,1.16615271185797E-16));
#2481=DIRECTION('center_axis',(-0.707106781186548,-0.707106781186547,2.39929979204873E-17));
#2482=DIRECTION('ref_axis',(3.39312230611426E-17,0.,1.));
#2483=DIRECTION('',(-2.22205245122578E-16,2.5613646818372E-16,1.));
#2484=DIRECTION('',(-0.707106781186547,0.707106781186548,-3.26360327673879E-16));
#2485=DIRECTION('',(0.707106781186547,-0.707106781186548,2.00307048680152E-16));
#2486=DIRECTION('center_axis',(-0.965925826289068,-0.258819045102521,-1.48340788889548E-16));
#2487=DIRECTION('ref_axis',(-1.5357368532059E-16,0.,1.));
#2488=DIRECTION('',(-2.22205245122578E-16,2.5613646818372E-16,1.));
#2489=DIRECTION('',(-0.258819045102521,0.965925826289068,-2.88920760176421E-16));
#2490=DIRECTION('',(0.258819045102521,-0.965925826289068,2.303267142424E-16));
#2491=DIRECTION('center_axis',(-0.965925826289068,0.258819045102521,-2.80926781112034E-16));
#2492=DIRECTION('ref_axis',(-2.90836804924566E-16,0.,1.));
#2493=DIRECTION('',(-2.22205245122578E-16,2.5613646818372E-16,1.));
#2494=DIRECTION('',(0.258819045102521,0.965925826289068,-1.74065108313105E-16));
#2495=DIRECTION('',(-0.258819045102521,-0.965925826289068,1.98630522728082E-16));
#2496=DIRECTION('center_axis',(-0.707106781186547,0.707106781186548,-3.38238669203275E-16));
#2497=DIRECTION('ref_axis',(-4.78341713306299E-16,0.,1.));
#2498=DIRECTION('',(-2.22205245122578E-16,2.5613646818372E-16,1.));
#2499=DIRECTION('',(0.707106781186548,0.707106781186547,-1.25688512468564E-17));
#2500=DIRECTION('',(-0.707106781186548,-0.707106781186547,1.13711443056603E-16));
#2501=DIRECTION('center_axis',(-0.258819045102521,0.965925826289068,-3.04919779032521E-16));
#2502=DIRECTION('ref_axis',(0.,3.15676184168275E-16,1.));
#2503=DIRECTION('',(-2.22205245122578E-16,2.5613646818372E-16,1.));
#2504=DIRECTION('',(0.965925826289068,0.258819045102521,1.52295219360774E-16));
#2505=DIRECTION('',(-0.965925826289068,-0.258819045102521,-1.67652595207038E-18));
#2506=DIRECTION('center_axis',(1.02790897934158E-16,-1.,2.65339609514962E-16));
#2507=DIRECTION('ref_axis',(0.,-2.65339609514962E-16,-1.));
#2508=DIRECTION('',(-6.12323399573677E-17,2.22044604925031E-16,1.));
#2509=DIRECTION('',(1.,1.02790897934158E-16,2.21884080860086E-16));
#2510=DIRECTION('',(6.12323399573677E-17,-2.22044604925031E-16,-1.));
#2511=DIRECTION('',(1.,1.02790897934158E-16,6.12323399573676E-17));
#2512=DIRECTION('center_axis',(0.707106781186548,0.707106781186547,-2.39929979204872E-17));
#2513=DIRECTION('ref_axis',(-3.39312230611425E-17,0.,-1.));
#2514=DIRECTION('',(-2.22205245122578E-16,2.5613646818372E-16,1.));
#2515=DIRECTION('',(0.707106781186547,-0.707106781186548,3.26360327673879E-16));
#2516=DIRECTION('',(-2.22205245122578E-16,2.5613646818372E-16,1.));
#2517=DIRECTION('',(-0.707106781186547,0.707106781186548,-2.00307048680152E-16));
#2518=DIRECTION('center_axis',(0.258819045102521,0.965925826289068,-1.89897880313727E-16));
#2519=DIRECTION('ref_axis',(0.,1.96596752199166E-16,1.));
#2520=DIRECTION('',(0.965925826289068,-0.258819045102521,2.76351908929564E-16));
#2521=DIRECTION('',(-0.965925826289068,0.258819045102521,-1.16615271185797E-16));
#2522=DIRECTION('center_axis',(0.707106781186548,0.707106781186547,-2.39929979204872E-17));
#2523=DIRECTION('ref_axis',(-3.39312230611425E-17,0.,-1.));
#2524=DIRECTION('',(-2.22205245122578E-16,2.5613646818372E-16,1.));
#2525=DIRECTION('',(0.707106781186547,-0.707106781186548,3.26360327673879E-16));
#2526=DIRECTION('',(-2.22205245122578E-16,2.5613646818372E-16,1.));
#2527=DIRECTION('',(-0.707106781186547,0.707106781186548,-2.00307048680152E-16));
#2528=DIRECTION('center_axis',(0.258819045102521,0.965925826289068,-1.89897880313727E-16));
#2529=DIRECTION('ref_axis',(0.,1.96596752199166E-16,1.));
#2530=DIRECTION('',(0.965925826289068,-0.258819045102521,2.76351908929564E-16));
#2531=DIRECTION('',(-0.965925826289068,0.258819045102521,-1.16615271185797E-16));
#2532=DIRECTION('center_axis',(-2.21884080860086E-16,2.39659120756841E-16,
1.));
#2533=DIRECTION('ref_axis',(1.,0.,2.21884080860086E-16));
#2534=DIRECTION('center_axis',(2.21884080860086E-16,-2.39659120756841E-16,
-1.));
#2535=DIRECTION('ref_axis',(1.,6.12323399573676E-17,6.12323399573676E-17));
#2536=DIRECTION('center_axis',(2.21884080860086E-16,-2.39659120756841E-16,
-1.));
#2537=DIRECTION('ref_axis',(1.,6.12323399573676E-17,6.12323399573676E-17));
#2538=DIRECTION('center_axis',(-2.21884080860086E-16,2.39659120756841E-16,
1.));
#2539=DIRECTION('ref_axis',(1.,6.12323399573676E-17,6.12323399573676E-17));
#2540=DIRECTION('',(0.25881904510252,-0.965925826289068,2.88920760176421E-16));
#2541=DIRECTION('',(-0.258819045102521,-0.965925826289068,1.74065108313105E-16));
#2542=DIRECTION('',(-0.707106781186548,-0.707106781186547,1.25688512468564E-17));
#2543=DIRECTION('',(-0.965925826289068,-0.25881904510252,-1.52295219360774E-16));
#2544=DIRECTION('',(0.25881904510252,-0.965925826289068,2.88920760176421E-16));
#2545=DIRECTION('',(-0.258819045102521,-0.965925826289068,1.74065108313105E-16));
#2546=DIRECTION('',(-0.707106781186548,-0.707106781186547,1.25688512468564E-17));
#2547=DIRECTION('',(-0.965925826289068,-0.25881904510252,-1.52295219360774E-16));
#2548=DIRECTION('center_axis',(0.25881904510252,-0.965925826289068,3.04919779032521E-16));
#2549=DIRECTION('ref_axis',(0.,-3.15676184168275E-16,-1.));
#2550=DIRECTION('',(-2.22205245122578E-16,2.5613646818372E-16,1.));
#2551=DIRECTION('',(0.965925826289068,0.25881904510252,1.67652595207049E-18));
#2552=DIRECTION('center_axis',(0.707106781186547,-0.707106781186548,3.38238669203275E-16));
#2553=DIRECTION('ref_axis',(4.78341713306299E-16,0.,-1.));
#2554=DIRECTION('',(-2.22205245122578E-16,2.5613646818372E-16,1.));
#2555=DIRECTION('',(0.707106781186548,0.707106781186547,-1.13711443056603E-16));
#2556=DIRECTION('center_axis',(0.965925826289068,-0.258819045102521,2.80926781112034E-16));
#2557=DIRECTION('ref_axis',(2.90836804924566E-16,0.,-1.));
#2558=DIRECTION('',(-2.22205245122578E-16,2.5613646818372E-16,1.));
#2559=DIRECTION('',(0.258819045102521,0.965925826289068,-1.98630522728082E-16));
#2560=DIRECTION('center_axis',(0.965925826289068,0.25881904510252,1.48340788889548E-16));
#2561=DIRECTION('ref_axis',(1.5357368532059E-16,0.,-1.));
#2562=DIRECTION('',(-0.25881904510252,0.965925826289068,-2.303267142424E-16));
#2563=DIRECTION('center_axis',(0.25881904510252,-0.965925826289068,3.04919779032521E-16));
#2564=DIRECTION('ref_axis',(0.,-3.15676184168275E-16,-1.));
#2565=DIRECTION('',(-2.22205245122578E-16,2.5613646818372E-16,1.));
#2566=DIRECTION('',(0.965925826289068,0.25881904510252,1.67652595207049E-18));
#2567=DIRECTION('center_axis',(0.707106781186547,-0.707106781186548,3.38238669203275E-16));
#2568=DIRECTION('ref_axis',(4.78341713306299E-16,0.,-1.));
#2569=DIRECTION('',(-2.22205245122578E-16,2.5613646818372E-16,1.));
#2570=DIRECTION('',(0.707106781186548,0.707106781186547,-1.13711443056603E-16));
#2571=DIRECTION('center_axis',(0.965925826289068,-0.258819045102521,2.80926781112034E-16));
#2572=DIRECTION('ref_axis',(2.90836804924566E-16,0.,-1.));
#2573=DIRECTION('',(-2.22205245122578E-16,2.5613646818372E-16,1.));
#2574=DIRECTION('',(0.258819045102521,0.965925826289068,-1.98630522728082E-16));
#2575=DIRECTION('center_axis',(0.965925826289068,0.25881904510252,1.48340788889548E-16));
#2576=DIRECTION('ref_axis',(1.5357368532059E-16,0.,-1.));
#2577=DIRECTION('',(-0.25881904510252,0.965925826289068,-2.303267142424E-16));
#2578=DIRECTION('center_axis',(-6.12323399573677E-17,2.22044604925031E-16,
1.));
#2579=DIRECTION('ref_axis',(1.,0.,6.12323399573677E-17));
#2580=DIRECTION('center_axis',(-6.12323399573677E-17,2.22044604925031E-16,
1.));
#2581=DIRECTION('ref_axis',(1.,6.12323399573676E-17,6.12323399573676E-17));
#2582=DIRECTION('center_axis',(6.12323399573677E-17,-2.22044604925031E-16,
-1.));
#2583=DIRECTION('ref_axis',(-1.,0.,-6.12323399573677E-17));
#2584=DIRECTION('center_axis',(-6.12323399573677E-17,2.22044604925031E-16,
1.));
#2585=DIRECTION('ref_axis',(1.,6.12323399573676E-17,6.12323399573676E-17));
#2586=DIRECTION('',(6.12323399573677E-17,-2.22044604925031E-16,-1.));
#2587=DIRECTION('center_axis',(-6.12323399573677E-17,2.22044604925031E-16,
1.));
#2588=DIRECTION('ref_axis',(1.,6.12323399573676E-17,6.12323399573676E-17));
#2589=DIRECTION('',(6.12323399573677E-17,-2.22044604925031E-16,-1.));
#2590=DIRECTION('center_axis',(1.,9.56755311833869E-18,6.12323399573676E-17));
#2591=DIRECTION('ref_axis',(6.12323399573676E-17,0.,-1.));
#2592=DIRECTION('',(9.56755311833868E-18,-1.,1.60812264967664E-16));
#2593=DIRECTION('',(6.12323399573677E-17,-1.60812264967664E-16,-1.));
#2594=DIRECTION('',(-9.56755311833868E-18,1.,-1.60812264967664E-16));
#2595=DIRECTION('center_axis',(6.12323399573677E-17,-1.60812264967664E-16,
-1.));
#2596=DIRECTION('ref_axis',(-1.,0.,-6.12323399573677E-17));
#2597=DIRECTION('',(-9.56755311833868E-18,1.,-1.60812264967664E-16));
#2598=DIRECTION('',(-1.,-3.91886975727153E-16,-6.12323399573676E-17));
#2599=DIRECTION('center_axis',(6.12323399573677E-17,-1.60812264967664E-16,
-1.));
#2600=DIRECTION('ref_axis',(1.,-9.95799250102974E-17,-4.37037055731008E-15));
#2601=DIRECTION('center_axis',(1.12813789882973E-17,2.14346200777658E-16,
1.));
#2602=DIRECTION('ref_axis',(1.,-9.95799250102974E-17,-4.37037055731008E-15));
#2603=DIRECTION('center_axis',(-6.12323399573677E-17,1.60812264967664E-16,
1.));
#2604=DIRECTION('ref_axis',(1.,-9.95799250102974E-17,-4.37037055731008E-15));
#2605=DIRECTION('',(1.12813789882973E-17,2.14346200777658E-16,1.));
#2606=DIRECTION('center_axis',(1.,9.56755311833869E-18,6.12323399573676E-17));
#2607=DIRECTION('ref_axis',(6.12323399573676E-17,0.,-1.));
#2608=DIRECTION('',(9.56755311833868E-18,-1.,1.60812264967664E-16));
#2609=DIRECTION('',(-6.12323399573677E-17,1.60812264967664E-16,1.));
#2610=DIRECTION('center_axis',(-3.91886975727153E-16,1.,-1.60812264967664E-16));
#2611=DIRECTION('ref_axis',(0.,1.60812264967664E-16,1.));
#2612=DIRECTION('',(-1.,-3.91886975727153E-16,-6.12323399573676E-17));
#2613=DIRECTION('center_axis',(-6.12323399573677E-17,1.60812264967664E-16,
1.));
#2614=DIRECTION('ref_axis',(1.,0.,6.12323399573677E-17));
#2615=DIRECTION('center_axis',(-1.42074239262458E-16,-4.7191480276549E-14,
1.));
#2616=DIRECTION('ref_axis',(1.,9.9579925010296E-17,3.47028474917478E-16));
#2617=DIRECTION('center_axis',(-3.47028474917478E-16,4.05919960325931E-16,
1.));
#2618=DIRECTION('ref_axis',(1.,9.9579925010296E-17,3.47028474917478E-16));
#2619=DIRECTION('',(1.42074239262458E-16,4.7191480276549E-14,-1.));
#2620=DIRECTION('center_axis',(-3.47028474917478E-16,4.05919960325931E-16,
1.));
#2621=DIRECTION('ref_axis',(1.,9.9579925010296E-17,3.47028474917478E-16));
#2622=DIRECTION('center_axis',(-3.47028474917478E-16,4.05919960325931E-16,
1.));
#2623=DIRECTION('ref_axis',(1.,0.,3.47028474917478E-16));
#2624=DIRECTION('center_axis',(-3.47028474917478E-16,4.05919960325931E-16,
1.));
#2625=DIRECTION('ref_axis',(1.,0.,3.47028474917478E-16));
#2626=DIRECTION('center_axis',(9.82076432919617E-17,-1.,1.68683577180441E-16));
#2627=DIRECTION('ref_axis',(0.,-1.68683577180441E-16,-1.));
#2628=DIRECTION('',(-1.4585172810378E-16,1.68683577180441E-16,1.));
#2629=DIRECTION('',(-1.,-9.82076432919618E-17,-3.38040606150594E-16));
#2630=DIRECTION('',(1.4585172810378E-16,-1.68683577180441E-16,-1.));
#2631=DIRECTION('',(1.,9.82076432919618E-17,3.38040606150594E-16));
#2632=DIRECTION('center_axis',(9.82076432919617E-17,-1.,1.68683577180441E-16));
#2633=DIRECTION('ref_axis',(0.,-1.68683577180441E-16,-1.));
#2634=DIRECTION('',(1.4585172810378E-16,-1.68683577180441E-16,-1.));
#2635=DIRECTION('',(-1.,-9.82076432919618E-17,-3.38040606150594E-16));
#2636=DIRECTION('',(-1.4585172810378E-16,1.68683577180441E-16,1.));
#2637=DIRECTION('',(1.,9.82076432919618E-17,3.38040606150594E-16));
#2638=DIRECTION('center_axis',(-3.38040606150594E-16,4.01960248501179E-16,
1.));
#2639=DIRECTION('ref_axis',(1.,0.,3.38040606150594E-16));
#2640=DIRECTION('',(-1.00971381988838E-16,1.,-4.01960248501179E-16));
#2641=DIRECTION('',(-1.00971381988838E-16,1.,-4.01960248501179E-16));
#2642=DIRECTION('center_axis',(1.,1.00971381988838E-16,1.4585172810378E-16));
#2643=DIRECTION('ref_axis',(1.4585172810378E-16,0.,-1.));
#2644=DIRECTION('',(-1.00971381988838E-16,1.,-4.01960248501179E-16));
#2645=DIRECTION('center_axis',(3.38040606150594E-16,-4.01960248501179E-16,
-1.));
#2646=DIRECTION('ref_axis',(-1.,0.,-3.38040606150594E-16));
#2647=DIRECTION('',(-1.00971381988838E-16,1.,-4.01960248501179E-16));
#2648=DIRECTION('center_axis',(-1.,-1.00971381988838E-16,-1.4585172810378E-16));
#2649=DIRECTION('ref_axis',(-1.4585172810378E-16,0.,1.));
#2650=DIRECTION('center_axis',(2.26077051935668E-17,1.,-1.68683577180441E-16));
#2651=DIRECTION('ref_axis',(0.,1.68683577180441E-16,1.));
#2652=DIRECTION('',(-1.4585172810378E-16,1.68683577180441E-16,1.));
#2653=DIRECTION('',(1.,-2.26077051935667E-17,3.38040606150594E-16));
#2654=DIRECTION('',(1.4585172810378E-16,-1.68683577180441E-16,-1.));
#2655=DIRECTION('',(-1.,2.26077051935667E-17,-3.38040606150594E-16));
#2656=DIRECTION('center_axis',(2.26077051935668E-17,1.,-1.68683577180441E-16));
#2657=DIRECTION('ref_axis',(0.,1.68683577180441E-16,1.));
#2658=DIRECTION('',(1.4585172810378E-16,-1.68683577180441E-16,-1.));
#2659=DIRECTION('',(1.,-2.26077051935667E-17,3.38040606150594E-16));
#2660=DIRECTION('',(-1.4585172810378E-16,1.68683577180441E-16,1.));
#2661=DIRECTION('',(-1.,2.26077051935667E-17,-3.38040606150594E-16));
#2662=DIRECTION('center_axis',(-3.38040606150594E-16,4.01960248501179E-16,
1.));
#2663=DIRECTION('ref_axis',(1.,0.,3.38040606150594E-16));
#2664=DIRECTION('',(-2.31651454856912E-17,-1.,4.01960248501179E-16));
#2665=DIRECTION('',(-2.31651454856912E-17,-1.,4.01960248501179E-16));
#2666=DIRECTION('center_axis',(-1.,2.31651454856912E-17,-1.4585172810378E-16));
#2667=DIRECTION('ref_axis',(-1.4585172810378E-16,0.,1.));
#2668=DIRECTION('',(-2.31651454856912E-17,-1.,4.01960248501179E-16));
#2669=DIRECTION('center_axis',(3.38040606150594E-16,-4.01960248501179E-16,
-1.));
#2670=DIRECTION('ref_axis',(-1.,0.,-3.38040606150594E-16));
#2671=DIRECTION('',(-2.31651454856912E-17,-1.,4.01960248501179E-16));
#2672=DIRECTION('center_axis',(1.,-2.31651454856912E-17,1.4585172810378E-16));
#2673=DIRECTION('ref_axis',(1.4585172810378E-16,0.,-1.));
#2674=DIRECTION('center_axis',(9.82076432919617E-17,-1.,1.68683577180441E-16));
#2675=DIRECTION('ref_axis',(0.,-1.68683577180441E-16,-1.));
#2676=DIRECTION('',(-1.4585172810378E-16,1.68683577180441E-16,1.));
#2677=DIRECTION('',(-1.,-9.82076432919618E-17,-3.38040606150594E-16));
#2678=DIRECTION('',(1.4585172810378E-16,-1.68683577180441E-16,-1.));
#2679=DIRECTION('',(1.,9.82076432919618E-17,3.38040606150594E-16));
#2680=DIRECTION('center_axis',(9.82076432919617E-17,-1.,1.68683577180441E-16));
#2681=DIRECTION('ref_axis',(0.,-1.68683577180441E-16,-1.));
#2682=DIRECTION('',(1.4585172810378E-16,-1.68683577180441E-16,-1.));
#2683=DIRECTION('',(-1.,-9.82076432919618E-17,-3.38040606150594E-16));
#2684=DIRECTION('',(-1.4585172810378E-16,1.68683577180441E-16,1.));
#2685=DIRECTION('',(1.,9.82076432919618E-17,3.38040606150594E-16));
#2686=DIRECTION('center_axis',(-3.38040606150594E-16,4.01960248501179E-16,
1.));
#2687=DIRECTION('ref_axis',(1.,0.,3.38040606150594E-16));
#2688=DIRECTION('',(-1.00971381988838E-16,1.,-4.01960248501179E-16));
#2689=DIRECTION('',(-1.00971381988838E-16,1.,-4.01960248501179E-16));
#2690=DIRECTION('center_axis',(1.,1.00971381988838E-16,1.4585172810378E-16));
#2691=DIRECTION('ref_axis',(1.4585172810378E-16,0.,-1.));
#2692=DIRECTION('',(-1.00971381988838E-16,1.,-4.01960248501179E-16));
#2693=DIRECTION('center_axis',(3.38040606150594E-16,-4.01960248501179E-16,
-1.));
#2694=DIRECTION('ref_axis',(-1.,0.,-3.38040606150594E-16));
#2695=DIRECTION('',(-1.00971381988838E-16,1.,-4.01960248501179E-16));
#2696=DIRECTION('center_axis',(-1.,-1.00971381988838E-16,-1.4585172810378E-16));
#2697=DIRECTION('ref_axis',(-1.4585172810378E-16,0.,1.));
#2698=DIRECTION('center_axis',(2.26077051935668E-17,1.,-1.68683577180441E-16));
#2699=DIRECTION('ref_axis',(0.,1.68683577180441E-16,1.));
#2700=DIRECTION('',(-1.4585172810378E-16,1.68683577180441E-16,1.));
#2701=DIRECTION('',(1.,-2.26077051935667E-17,3.38040606150594E-16));
#2702=DIRECTION('',(1.4585172810378E-16,-1.68683577180441E-16,-1.));
#2703=DIRECTION('',(-1.,2.26077051935667E-17,-3.38040606150594E-16));
#2704=DIRECTION('center_axis',(2.26077051935668E-17,1.,-1.68683577180441E-16));
#2705=DIRECTION('ref_axis',(0.,1.68683577180441E-16,1.));
#2706=DIRECTION('',(1.4585172810378E-16,-1.68683577180441E-16,-1.));
#2707=DIRECTION('',(1.,-2.26077051935667E-17,3.38040606150594E-16));
#2708=DIRECTION('',(-1.4585172810378E-16,1.68683577180441E-16,1.));
#2709=DIRECTION('',(-1.,2.26077051935667E-17,-3.38040606150594E-16));
#2710=DIRECTION('center_axis',(-3.38040606150594E-16,4.01960248501179E-16,
1.));
#2711=DIRECTION('ref_axis',(1.,0.,3.38040606150594E-16));
#2712=DIRECTION('',(-2.31651454856912E-17,-1.,4.01960248501179E-16));
#2713=DIRECTION('',(-2.31651454856912E-17,-1.,4.01960248501179E-16));
#2714=DIRECTION('center_axis',(-1.,2.31651454856912E-17,-1.4585172810378E-16));
#2715=DIRECTION('ref_axis',(-1.4585172810378E-16,0.,1.));
#2716=DIRECTION('',(-2.31651454856912E-17,-1.,4.01960248501179E-16));
#2717=DIRECTION('center_axis',(3.38040606150594E-16,-4.01960248501179E-16,
-1.));
#2718=DIRECTION('ref_axis',(-1.,0.,-3.38040606150594E-16));
#2719=DIRECTION('',(-2.31651454856912E-17,-1.,4.01960248501179E-16));
#2720=DIRECTION('center_axis',(1.,-2.31651454856912E-17,1.4585172810378E-16));
#2721=DIRECTION('ref_axis',(1.4585172810378E-16,0.,-1.));
#2722=DIRECTION('center_axis',(2.26077051935668E-17,1.,-1.68683577180441E-16));
#2723=DIRECTION('ref_axis',(0.,1.68683577180441E-16,1.));
#2724=DIRECTION('',(-1.4585172810378E-16,1.68683577180441E-16,1.));
#2725=DIRECTION('',(1.,-2.26077051935667E-17,3.38040606150594E-16));
#2726=DIRECTION('',(1.4585172810378E-16,-1.68683577180441E-16,-1.));
#2727=DIRECTION('',(-1.,2.26077051935667E-17,-3.38040606150594E-16));
#2728=DIRECTION('center_axis',(2.26077051935668E-17,1.,-1.68683577180441E-16));
#2729=DIRECTION('ref_axis',(0.,1.68683577180441E-16,1.));
#2730=DIRECTION('',(1.4585172810378E-16,-1.68683577180441E-16,-1.));
#2731=DIRECTION('',(1.,-2.26077051935667E-17,3.38040606150594E-16));
#2732=DIRECTION('',(-1.4585172810378E-16,1.68683577180441E-16,1.));
#2733=DIRECTION('',(-1.,2.26077051935667E-17,-3.38040606150594E-16));
#2734=DIRECTION('center_axis',(-3.38040606150594E-16,4.01960248501179E-16,
1.));
#2735=DIRECTION('ref_axis',(1.,0.,3.38040606150594E-16));
#2736=DIRECTION('',(-2.31651454856912E-17,-1.,4.01960248501179E-16));
#2737=DIRECTION('',(-2.31651454856912E-17,-1.,4.01960248501179E-16));
#2738=DIRECTION('center_axis',(-1.,2.31651454856912E-17,-1.4585172810378E-16));
#2739=DIRECTION('ref_axis',(-1.4585172810378E-16,0.,1.));
#2740=DIRECTION('',(-2.31651454856912E-17,-1.,4.01960248501179E-16));
#2741=DIRECTION('center_axis',(3.38040606150594E-16,-4.01960248501179E-16,
-1.));
#2742=DIRECTION('ref_axis',(-1.,0.,-3.38040606150594E-16));
#2743=DIRECTION('',(-2.31651454856912E-17,-1.,4.01960248501179E-16));
#2744=DIRECTION('center_axis',(1.,-2.31651454856912E-17,1.4585172810378E-16));
#2745=DIRECTION('ref_axis',(1.4585172810378E-16,0.,-1.));
#2746=DIRECTION('center_axis',(9.82076432919617E-17,-1.,1.68683577180441E-16));
#2747=DIRECTION('ref_axis',(0.,-1.68683577180441E-16,-1.));
#2748=DIRECTION('',(-1.4585172810378E-16,1.68683577180441E-16,1.));
#2749=DIRECTION('',(-1.,-9.82076432919618E-17,-3.38040606150594E-16));
#2750=DIRECTION('',(1.4585172810378E-16,-1.68683577180441E-16,-1.));
#2751=DIRECTION('',(1.,9.82076432919618E-17,3.38040606150594E-16));
#2752=DIRECTION('center_axis',(9.82076432919617E-17,-1.,1.68683577180441E-16));
#2753=DIRECTION('ref_axis',(0.,-1.68683577180441E-16,-1.));
#2754=DIRECTION('',(1.4585172810378E-16,-1.68683577180441E-16,-1.));
#2755=DIRECTION('',(-1.,-9.82076432919618E-17,-3.38040606150594E-16));
#2756=DIRECTION('',(-1.4585172810378E-16,1.68683577180441E-16,1.));
#2757=DIRECTION('',(1.,9.82076432919618E-17,3.38040606150594E-16));
#2758=DIRECTION('center_axis',(-3.38040606150594E-16,4.01960248501179E-16,
1.));
#2759=DIRECTION('ref_axis',(1.,0.,3.38040606150594E-16));
#2760=DIRECTION('',(-1.00971381988838E-16,1.,-4.01960248501179E-16));
#2761=DIRECTION('',(-1.00971381988838E-16,1.,-4.01960248501179E-16));
#2762=DIRECTION('center_axis',(1.,1.00971381988838E-16,1.4585172810378E-16));
#2763=DIRECTION('ref_axis',(1.4585172810378E-16,0.,-1.));
#2764=DIRECTION('',(-1.00971381988838E-16,1.,-4.01960248501179E-16));
#2765=DIRECTION('center_axis',(3.38040606150594E-16,-4.01960248501179E-16,
-1.));
#2766=DIRECTION('ref_axis',(-1.,0.,-3.38040606150594E-16));
#2767=DIRECTION('',(-1.00971381988838E-16,1.,-4.01960248501179E-16));
#2768=DIRECTION('center_axis',(-1.,-1.00971381988838E-16,-1.4585172810378E-16));
#2769=DIRECTION('ref_axis',(-1.4585172810378E-16,0.,1.));
#2770=DIRECTION('center_axis',(9.82076432919617E-17,-1.,1.68683577180441E-16));
#2771=DIRECTION('ref_axis',(0.,-1.68683577180441E-16,-1.));
#2772=DIRECTION('',(-1.4585172810378E-16,1.68683577180441E-16,1.));
#2773=DIRECTION('',(-1.,-9.82076432919618E-17,-3.38040606150594E-16));
#2774=DIRECTION('',(1.4585172810378E-16,-1.68683577180441E-16,-1.));
#2775=DIRECTION('',(1.,9.82076432919618E-17,3.38040606150594E-16));
#2776=DIRECTION('center_axis',(9.82076432919617E-17,-1.,1.68683577180441E-16));
#2777=DIRECTION('ref_axis',(0.,-1.68683577180441E-16,-1.));
#2778=DIRECTION('',(1.4585172810378E-16,-1.68683577180441E-16,-1.));
#2779=DIRECTION('',(-1.,-9.82076432919618E-17,-3.38040606150594E-16));
#2780=DIRECTION('',(-1.4585172810378E-16,1.68683577180441E-16,1.));
#2781=DIRECTION('',(1.,9.82076432919618E-17,3.38040606150594E-16));
#2782=DIRECTION('center_axis',(-3.38040606150594E-16,4.01960248501179E-16,
1.));
#2783=DIRECTION('ref_axis',(1.,0.,3.38040606150594E-16));
#2784=DIRECTION('',(-1.00971381988838E-16,1.,-4.01960248501179E-16));
#2785=DIRECTION('',(-1.00971381988838E-16,1.,-4.01960248501179E-16));
#2786=DIRECTION('center_axis',(1.,1.00971381988838E-16,1.4585172810378E-16));
#2787=DIRECTION('ref_axis',(1.4585172810378E-16,0.,-1.));
#2788=DIRECTION('',(-1.00971381988838E-16,1.,-4.01960248501179E-16));
#2789=DIRECTION('center_axis',(3.38040606150594E-16,-4.01960248501179E-16,
-1.));
#2790=DIRECTION('ref_axis',(-1.,0.,-3.38040606150594E-16));
#2791=DIRECTION('',(-1.00971381988838E-16,1.,-4.01960248501179E-16));
#2792=DIRECTION('center_axis',(-1.,-1.00971381988838E-16,-1.4585172810378E-16));
#2793=DIRECTION('ref_axis',(-1.4585172810378E-16,0.,1.));
#2794=DIRECTION('center_axis',(2.26077051935668E-17,1.,-1.68683577180441E-16));
#2795=DIRECTION('ref_axis',(0.,1.68683577180441E-16,1.));
#2796=DIRECTION('',(-1.4585172810378E-16,1.68683577180441E-16,1.));
#2797=DIRECTION('',(1.,-2.26077051935667E-17,3.38040606150594E-16));
#2798=DIRECTION('',(1.4585172810378E-16,-1.68683577180441E-16,-1.));
#2799=DIRECTION('',(-1.,2.26077051935667E-17,-3.38040606150594E-16));
#2800=DIRECTION('center_axis',(2.26077051935668E-17,1.,-1.68683577180441E-16));
#2801=DIRECTION('ref_axis',(0.,1.68683577180441E-16,1.));
#2802=DIRECTION('',(1.4585172810378E-16,-1.68683577180441E-16,-1.));
#2803=DIRECTION('',(1.,-2.26077051935667E-17,3.38040606150594E-16));
#2804=DIRECTION('',(-1.4585172810378E-16,1.68683577180441E-16,1.));
#2805=DIRECTION('',(-1.,2.26077051935667E-17,-3.38040606150594E-16));
#2806=DIRECTION('center_axis',(-3.38040606150594E-16,4.01960248501179E-16,
1.));
#2807=DIRECTION('ref_axis',(1.,0.,3.38040606150594E-16));
#2808=DIRECTION('',(-2.31651454856912E-17,-1.,4.01960248501179E-16));
#2809=DIRECTION('',(-2.31651454856912E-17,-1.,4.01960248501179E-16));
#2810=DIRECTION('center_axis',(-1.,2.31651454856912E-17,-1.4585172810378E-16));
#2811=DIRECTION('ref_axis',(-1.4585172810378E-16,0.,1.));
#2812=DIRECTION('',(-2.31651454856912E-17,-1.,4.01960248501179E-16));
#2813=DIRECTION('center_axis',(3.38040606150594E-16,-4.01960248501179E-16,
-1.));
#2814=DIRECTION('ref_axis',(-1.,0.,-3.38040606150594E-16));
#2815=DIRECTION('',(-2.31651454856912E-17,-1.,4.01960248501179E-16));
#2816=DIRECTION('center_axis',(1.,-2.31651454856912E-17,1.4585172810378E-16));
#2817=DIRECTION('ref_axis',(1.4585172810378E-16,0.,-1.));
#2818=DIRECTION('center_axis',(2.26077051935668E-17,1.,-1.68683577180441E-16));
#2819=DIRECTION('ref_axis',(0.,1.68683577180441E-16,1.));
#2820=DIRECTION('',(-1.4585172810378E-16,1.68683577180441E-16,1.));
#2821=DIRECTION('',(1.,-2.26077051935667E-17,3.38040606150594E-16));
#2822=DIRECTION('',(1.4585172810378E-16,-1.68683577180441E-16,-1.));
#2823=DIRECTION('',(-1.,2.26077051935667E-17,-3.38040606150594E-16));
#2824=DIRECTION('center_axis',(2.26077051935668E-17,1.,-1.68683577180441E-16));
#2825=DIRECTION('ref_axis',(0.,1.68683577180441E-16,1.));
#2826=DIRECTION('',(1.4585172810378E-16,-1.68683577180441E-16,-1.));
#2827=DIRECTION('',(1.,-2.26077051935667E-17,3.38040606150594E-16));
#2828=DIRECTION('',(-1.4585172810378E-16,1.68683577180441E-16,1.));
#2829=DIRECTION('',(-1.,2.26077051935667E-17,-3.38040606150594E-16));
#2830=DIRECTION('center_axis',(-3.38040606150594E-16,4.01960248501179E-16,
1.));
#2831=DIRECTION('ref_axis',(1.,0.,3.38040606150594E-16));
#2832=DIRECTION('',(-2.31651454856912E-17,-1.,4.01960248501179E-16));
#2833=DIRECTION('',(-2.31651454856912E-17,-1.,4.01960248501179E-16));
#2834=DIRECTION('center_axis',(-1.,2.31651454856912E-17,-1.4585172810378E-16));
#2835=DIRECTION('ref_axis',(-1.4585172810378E-16,0.,1.));
#2836=DIRECTION('',(-2.31651454856912E-17,-1.,4.01960248501179E-16));
#2837=DIRECTION('center_axis',(3.38040606150594E-16,-4.01960248501179E-16,
-1.));
#2838=DIRECTION('ref_axis',(-1.,0.,-3.38040606150594E-16));
#2839=DIRECTION('',(-2.31651454856912E-17,-1.,4.01960248501179E-16));
#2840=DIRECTION('center_axis',(1.,-2.31651454856912E-17,1.4585172810378E-16));
#2841=DIRECTION('ref_axis',(1.4585172810378E-16,0.,-1.));
#2842=DIRECTION('center_axis',(9.82076432919617E-17,-1.,1.68683577180441E-16));
#2843=DIRECTION('ref_axis',(0.,-1.68683577180441E-16,-1.));
#2844=DIRECTION('',(-1.4585172810378E-16,1.68683577180441E-16,1.));
#2845=DIRECTION('',(-1.,-9.82076432919618E-17,-3.38040606150594E-16));
#2846=DIRECTION('',(1.4585172810378E-16,-1.68683577180441E-16,-1.));
#2847=DIRECTION('',(1.,9.82076432919618E-17,3.38040606150594E-16));
#2848=DIRECTION('center_axis',(9.82076432919617E-17,-1.,1.68683577180441E-16));
#2849=DIRECTION('ref_axis',(0.,-1.68683577180441E-16,-1.));
#2850=DIRECTION('',(1.4585172810378E-16,-1.68683577180441E-16,-1.));
#2851=DIRECTION('',(-1.,-9.82076432919618E-17,-3.38040606150594E-16));
#2852=DIRECTION('',(-1.4585172810378E-16,1.68683577180441E-16,1.));
#2853=DIRECTION('',(1.,9.82076432919618E-17,3.38040606150594E-16));
#2854=DIRECTION('center_axis',(-3.38040606150594E-16,4.01960248501179E-16,
1.));
#2855=DIRECTION('ref_axis',(1.,0.,3.38040606150594E-16));
#2856=DIRECTION('',(-1.00971381988838E-16,1.,-4.01960248501179E-16));
#2857=DIRECTION('',(-1.00971381988838E-16,1.,-4.01960248501179E-16));
#2858=DIRECTION('center_axis',(1.,1.00971381988838E-16,1.4585172810378E-16));
#2859=DIRECTION('ref_axis',(1.4585172810378E-16,0.,-1.));
#2860=DIRECTION('',(-1.00971381988838E-16,1.,-4.01960248501179E-16));
#2861=DIRECTION('center_axis',(3.38040606150594E-16,-4.01960248501179E-16,
-1.));
#2862=DIRECTION('ref_axis',(-1.,0.,-3.38040606150594E-16));
#2863=DIRECTION('',(-1.00971381988838E-16,1.,-4.01960248501179E-16));
#2864=DIRECTION('center_axis',(-1.,-1.00971381988838E-16,-1.4585172810378E-16));
#2865=DIRECTION('ref_axis',(-1.4585172810378E-16,0.,1.));
#2866=DIRECTION('center_axis',(9.82076432919617E-17,-1.,1.68683577180441E-16));
#2867=DIRECTION('ref_axis',(0.,-1.68683577180441E-16,-1.));
#2868=DIRECTION('',(-1.4585172810378E-16,1.68683577180441E-16,1.));
#2869=DIRECTION('',(-1.,-9.82076432919618E-17,-3.38040606150594E-16));
#2870=DIRECTION('',(1.4585172810378E-16,-1.68683577180441E-16,-1.));
#2871=DIRECTION('',(1.,9.82076432919618E-17,3.38040606150594E-16));
#2872=DIRECTION('center_axis',(9.82076432919617E-17,-1.,1.68683577180441E-16));
#2873=DIRECTION('ref_axis',(0.,-1.68683577180441E-16,-1.));
#2874=DIRECTION('',(1.4585172810378E-16,-1.68683577180441E-16,-1.));
#2875=DIRECTION('',(-1.,-9.82076432919618E-17,-3.38040606150594E-16));
#2876=DIRECTION('',(-1.4585172810378E-16,1.68683577180441E-16,1.));
#2877=DIRECTION('',(1.,9.82076432919618E-17,3.38040606150594E-16));
#2878=DIRECTION('center_axis',(-3.38040606150594E-16,4.01960248501179E-16,
1.));
#2879=DIRECTION('ref_axis',(1.,0.,3.38040606150594E-16));
#2880=DIRECTION('',(-1.00971381988838E-16,1.,-4.01960248501179E-16));
#2881=DIRECTION('',(-1.00971381988838E-16,1.,-4.01960248501179E-16));
#2882=DIRECTION('center_axis',(1.,1.00971381988838E-16,1.4585172810378E-16));
#2883=DIRECTION('ref_axis',(1.4585172810378E-16,0.,-1.));
#2884=DIRECTION('',(-1.00971381988838E-16,1.,-4.01960248501179E-16));
#2885=DIRECTION('center_axis',(3.38040606150594E-16,-4.01960248501179E-16,
-1.));
#2886=DIRECTION('ref_axis',(-1.,0.,-3.38040606150594E-16));
#2887=DIRECTION('',(-1.00971381988838E-16,1.,-4.01960248501179E-16));
#2888=DIRECTION('center_axis',(-1.,-1.00971381988838E-16,-1.4585172810378E-16));
#2889=DIRECTION('ref_axis',(-1.4585172810378E-16,0.,1.));
#2890=DIRECTION('center_axis',(2.26077051935668E-17,1.,-1.68683577180441E-16));
#2891=DIRECTION('ref_axis',(0.,1.68683577180441E-16,1.));
#2892=DIRECTION('',(-1.4585172810378E-16,1.68683577180441E-16,1.));
#2893=DIRECTION('',(1.,-2.26077051935667E-17,3.38040606150594E-16));
#2894=DIRECTION('',(1.4585172810378E-16,-1.68683577180441E-16,-1.));
#2895=DIRECTION('',(-1.,2.26077051935667E-17,-3.38040606150594E-16));
#2896=DIRECTION('center_axis',(2.26077051935668E-17,1.,-1.68683577180441E-16));
#2897=DIRECTION('ref_axis',(0.,1.68683577180441E-16,1.));
#2898=DIRECTION('',(1.4585172810378E-16,-1.68683577180441E-16,-1.));
#2899=DIRECTION('',(1.,-2.26077051935667E-17,3.38040606150594E-16));
#2900=DIRECTION('',(-1.4585172810378E-16,1.68683577180441E-16,1.));
#2901=DIRECTION('',(-1.,2.26077051935667E-17,-3.38040606150594E-16));
#2902=DIRECTION('center_axis',(-3.38040606150594E-16,4.01960248501179E-16,
1.));
#2903=DIRECTION('ref_axis',(1.,0.,3.38040606150594E-16));
#2904=DIRECTION('',(-2.31651454856912E-17,-1.,4.01960248501179E-16));
#2905=DIRECTION('',(-2.31651454856912E-17,-1.,4.01960248501179E-16));
#2906=DIRECTION('center_axis',(-1.,2.31651454856912E-17,-1.4585172810378E-16));
#2907=DIRECTION('ref_axis',(-1.4585172810378E-16,0.,1.));
#2908=DIRECTION('',(-2.31651454856912E-17,-1.,4.01960248501179E-16));
#2909=DIRECTION('center_axis',(3.38040606150594E-16,-4.01960248501179E-16,
-1.));
#2910=DIRECTION('ref_axis',(-1.,0.,-3.38040606150594E-16));
#2911=DIRECTION('',(-2.31651454856912E-17,-1.,4.01960248501179E-16));
#2912=DIRECTION('center_axis',(1.,-2.31651454856912E-17,1.4585172810378E-16));
#2913=DIRECTION('ref_axis',(1.4585172810378E-16,0.,-1.));
#2914=DIRECTION('center_axis',(1.02790897934158E-16,-1.,2.65339609514962E-16));
#2915=DIRECTION('ref_axis',(0.,-2.65339609514962E-16,-1.));
#2916=DIRECTION('',(-2.19195428328751E-16,2.65339609514962E-16,1.));
#2917=DIRECTION('',(-1.,-1.02790897934158E-16,-2.24930816086032E-16));
#2918=DIRECTION('',(2.19195428328751E-16,-2.65339609514962E-16,-1.));
#2919=DIRECTION('',(1.,1.02790897934158E-16,2.24930816086032E-16));
#2920=DIRECTION('center_axis',(1.02790897934158E-16,-1.,2.65339609514962E-16));
#2921=DIRECTION('ref_axis',(0.,-2.65339609514962E-16,-1.));
#2922=DIRECTION('',(2.19195428328751E-16,-2.65339609514962E-16,-1.));
#2923=DIRECTION('',(-1.,-1.02790897934158E-16,-2.24930816086032E-16));
#2924=DIRECTION('',(-2.19195428328751E-16,2.65339609514962E-16,1.));
#2925=DIRECTION('',(1.,1.02790897934158E-16,2.24930816086032E-16));
#2926=DIRECTION('center_axis',(-2.24930816086032E-16,2.55537018108465E-16,
1.));
#2927=DIRECTION('ref_axis',(1.,0.,2.24930816086032E-16));
#2928=DIRECTION('',(-9.64692561729337E-17,1.,-2.55537018108465E-16));
#2929=DIRECTION('',(-9.64692561729337E-17,1.,-2.55537018108465E-16));
#2930=DIRECTION('center_axis',(1.,9.64692561729338E-17,2.19195428328751E-16));
#2931=DIRECTION('ref_axis',(2.19195428328751E-16,0.,-1.));
#2932=DIRECTION('',(-9.64692561729337E-17,1.,-2.55537018108465E-16));
#2933=DIRECTION('center_axis',(2.24930816086032E-16,-2.55537018108465E-16,
-1.));
#2934=DIRECTION('ref_axis',(-1.,0.,-2.24930816086032E-16));
#2935=DIRECTION('',(-9.64692561729337E-17,1.,-2.55537018108465E-16));
#2936=DIRECTION('center_axis',(-1.,-9.64692561729338E-17,-2.19195428328751E-16));
#2937=DIRECTION('ref_axis',(-2.19195428328751E-16,0.,1.));
#2938=DIRECTION('center_axis',(1.02790897934158E-16,-1.,2.65339609514962E-16));
#2939=DIRECTION('ref_axis',(0.,-2.65339609514962E-16,-1.));
#2940=DIRECTION('',(-2.19195428328751E-16,2.65339609514962E-16,1.));
#2941=DIRECTION('',(-1.,-1.02790897934158E-16,-2.24930816086032E-16));
#2942=DIRECTION('',(2.19195428328751E-16,-2.65339609514962E-16,-1.));
#2943=DIRECTION('',(1.,1.02790897934158E-16,2.24930816086032E-16));
#2944=DIRECTION('center_axis',(1.02790897934158E-16,-1.,2.65339609514962E-16));
#2945=DIRECTION('ref_axis',(0.,-2.65339609514962E-16,-1.));
#2946=DIRECTION('',(2.19195428328751E-16,-2.65339609514962E-16,-1.));
#2947=DIRECTION('',(-1.,-1.02790897934158E-16,-2.24930816086032E-16));
#2948=DIRECTION('',(-2.19195428328751E-16,2.65339609514962E-16,1.));
#2949=DIRECTION('',(1.,1.02790897934158E-16,2.24930816086032E-16));
#2950=DIRECTION('center_axis',(-2.24930816086032E-16,2.55537018108465E-16,
1.));
#2951=DIRECTION('ref_axis',(1.,0.,2.24930816086032E-16));
#2952=DIRECTION('',(-9.64692561729337E-17,1.,-2.55537018108465E-16));
#2953=DIRECTION('',(-9.64692561729337E-17,1.,-2.55537018108465E-16));
#2954=DIRECTION('center_axis',(1.,9.64692561729338E-17,2.19195428328751E-16));
#2955=DIRECTION('ref_axis',(2.19195428328751E-16,0.,-1.));
#2956=DIRECTION('',(-9.64692561729337E-17,1.,-2.55537018108465E-16));
#2957=DIRECTION('center_axis',(2.24930816086032E-16,-2.55537018108465E-16,
-1.));
#2958=DIRECTION('ref_axis',(-1.,0.,-2.24930816086032E-16));
#2959=DIRECTION('',(-9.64692561729337E-17,1.,-2.55537018108465E-16));
#2960=DIRECTION('center_axis',(-1.,-9.64692561729338E-17,-2.19195428328751E-16));
#2961=DIRECTION('ref_axis',(-2.19195428328751E-16,0.,1.));
#2962=DIRECTION('',(0.,0.,1.));
#2963=DIRECTION('',(1.,0.,0.));
#2964=CARTESIAN_POINT('',(0.,0.,0.));
#2965=CARTESIAN_POINT('',(0.,0.,0.));
#2966=CARTESIAN_POINT('Origin',(0.211700744628912,0.465000152587886,-1.47819519332545E-6));
#2967=CARTESIAN_POINT('',(-1.53829925537109,0.465000152587885,0.399998527765271));
#2968=CARTESIAN_POINT('Origin',(0.211700744628912,0.465000152587886,0.399998527765271));
#2969=CARTESIAN_POINT('',(-1.53829925537109,0.465000152587885,-1.47819519343261E-6));
#2970=CARTESIAN_POINT('',(-1.53829925537109,0.465000152587885,-1.47819519343261E-6));
#2971=CARTESIAN_POINT('Origin',(0.211700744628912,0.465000152587886,-1.47819519332545E-6));
#2972=CARTESIAN_POINT('',(-0.0582992553710892,-1.26404582713619,0.203846294941283));
#2973=CARTESIAN_POINT('',(-0.0582992553710892,-1.26404582713619,0.00384629494128274));
#2974=CARTESIAN_POINT('',(-0.0582992553710892,-1.26404582713619,-1.4781951931409E-6));
#2975=CARTESIAN_POINT('',(0.44170074462891,-1.26981972278823,0.203846294941283));
#2976=CARTESIAN_POINT('Origin',(0.211700744628912,0.465000152587886,0.203846294941283));
#2977=CARTESIAN_POINT('',(0.44170074462891,-1.26981972278823,0.00384629494128279));
#2978=CARTESIAN_POINT('',(0.44170074462891,-1.26981972278823,-1.47819519311107E-6));
#2979=CARTESIAN_POINT('Origin',(0.211700744628912,0.465000152587886,0.00384629494128263));
#2980=CARTESIAN_POINT('Origin',(0.211700744628912,0.515000152587886,0.249999952316281));
#2981=CARTESIAN_POINT('',(-1.28829925537109,0.515000152587886,0.499999952316282));
#2982=CARTESIAN_POINT('Origin',(0.211700744628912,0.515000152587886,0.499999952316281));
#2983=CARTESIAN_POINT('',(-1.28829925537109,0.515000152587886,0.399998527765271));
#2984=CARTESIAN_POINT('',(-1.28829925537109,0.515000152587886,0.249999952316281));
#2985=CARTESIAN_POINT('Origin',(0.211700744628912,0.515000152587886,0.399998527765271));
#2986=CARTESIAN_POINT('Origin',(0.211700744628912,0.515000152587886,0.249999952316281));
#2987=CARTESIAN_POINT('',(-0.538299255371088,0.515000152587886,0.499999952316282));
#2988=CARTESIAN_POINT('Origin',(0.211700744628912,0.515000152587886,0.499999952316281));
#2989=CARTESIAN_POINT('',(-0.538299255371088,0.515000152587886,0.399998527765271));
#2990=CARTESIAN_POINT('',(-0.538299255371088,0.515000152587886,0.249999952316281));
#2991=CARTESIAN_POINT('Origin',(0.211700744628912,0.515000152587886,0.399998527765271));
#2992=CARTESIAN_POINT('Origin',(0.961700744628912,0.515000152587886,0.499999952316282));
#2993=CARTESIAN_POINT('Origin',(0.211700744628912,0.465000152587886,0.399998527765271));
#2994=CARTESIAN_POINT('',(-0.288299255371088,0.515000152587886,0.399998527765271));
#2995=CARTESIAN_POINT('Origin',(0.211700744628912,0.515000152587886,0.399998527765271));
#2996=CARTESIAN_POINT('',(-0.462149255371079,0.51343795383465,0.399998527765271));
#2997=CARTESIAN_POINT('Origin',(-0.396299255371079,0.51343795383465,0.399998527765271));
#2998=CARTESIAN_POINT('',(0.749850744628916,0.513437953834649,0.399998527765271));
#2999=CARTESIAN_POINT('Origin',(0.815700744628916,0.513437953834649,0.399998527765272));
#3000=CARTESIAN_POINT('Origin',(0.211700744628912,0.465000152587886,0.399998527765271));
#3001=CARTESIAN_POINT('',(-0.0382992553710878,0.515000152587886,0.399998527765271));
#3002=CARTESIAN_POINT('Origin',(0.211700744628912,0.515000152587886,0.399998527765271));
#3003=CARTESIAN_POINT('Origin',(0.211700744628912,0.465000152587886,0.399998527765271));
#3004=CARTESIAN_POINT('Origin',(-0.396299255371079,0.51343795383465,-0.825850000000001));
#3005=CARTESIAN_POINT('',(-0.462149255371079,0.51343795383465,-1.47819519370999E-6));
#3006=CARTESIAN_POINT('Origin',(-0.396299255371079,0.51343795383465,-1.4781951934717E-6));
#3007=CARTESIAN_POINT('',(-0.462149255371079,0.51343795383465,-0.825850000000001));
#3008=CARTESIAN_POINT('Origin',(0.815700744628917,0.513437953834649,-0.82585));
#3009=CARTESIAN_POINT('',(0.749850744628916,0.513437953834649,-1.47819519348794E-6));
#3010=CARTESIAN_POINT('Origin',(0.815700744628916,0.513437953834649,-1.47819519324965E-6));
#3011=CARTESIAN_POINT('',(0.749850744628917,0.513437953834649,-0.82585));
#3012=CARTESIAN_POINT('Origin',(0.581939706122341,0.487352372708598,-1.48085));
#3013=CARTESIAN_POINT('',(0.581939706122341,0.487352372708598,-2.88657986402541E-15));
#3014=CARTESIAN_POINT('',(0.581939706122341,0.487352372708598,0.410756497613793));
#3015=CARTESIAN_POINT('',(0.581939706122341,0.487352372708598,-1.48085));
#3016=CARTESIAN_POINT('',(0.591955446863081,0.484668663065517,0.410756497613793));
#3017=CARTESIAN_POINT('',(0.406892185650147,0.534256214456193,0.410756497613793));
#3018=CARTESIAN_POINT('',(0.591955446863082,0.484668663065517,-2.88657986402541E-15));
#3019=CARTESIAN_POINT('',(0.591955446863082,0.484668663065517,-1.48085));
#3020=CARTESIAN_POINT('',(0.639018082206108,0.472058267931673,-2.77555756156289E-15));
#3021=CARTESIAN_POINT('Origin',(0.574607675024681,0.494684403806257,-1.48085));
#3022=CARTESIAN_POINT('',(0.574607675024681,0.494684403806258,-2.88657986402541E-15));
#3023=CARTESIAN_POINT('',(0.574607675024681,0.494684403806258,0.410756497613793));
#3024=CARTESIAN_POINT('',(0.574607675024681,0.494684403806257,-1.48085));
#3025=CARTESIAN_POINT('',(0.481291140986181,0.588000937844758,0.410756497613793));
#3026=CARTESIAN_POINT('',(0.603802005230332,0.465490073600607,-2.88657986402541E-15));
#3027=CARTESIAN_POINT('Origin',(0.5719239653816,0.504700144546998,-1.48085));
#3028=CARTESIAN_POINT('',(0.5719239653816,0.504700144546999,-2.88657986402541E-15));
#3029=CARTESIAN_POINT('',(0.5719239653816,0.504700144546999,0.410756497613793));
#3030=CARTESIAN_POINT('',(0.5719239653816,0.504700144546998,-1.48085));
#3031=CARTESIAN_POINT('',(0.559847269599797,0.54977098679224,0.410756497613793));
#3032=CARTESIAN_POINT('',(0.575318098766482,0.492033066306954,-2.99760216648792E-15));
#3033=CARTESIAN_POINT('Origin',(0.574607675024681,0.514715885287739,-1.48085));
#3034=CARTESIAN_POINT('',(0.574607675024681,0.514715885287739,-2.88657986402541E-15));
#3035=CARTESIAN_POINT('',(0.574607675024681,0.514715885287739,0.410756497613793));
#3036=CARTESIAN_POINT('',(0.574607675024681,0.514715885287739,-1.48085));
#3037=CARTESIAN_POINT('',(0.561189129197215,0.464637190495944,0.410756497613793));
#3038=CARTESIAN_POINT('',(0.579234955598244,0.531985131489153,-2.77555756156289E-15));
#3039=CARTESIAN_POINT('Origin',(0.581939706122341,0.522047916385399,-1.48085));
#3040=CARTESIAN_POINT('',(0.581939706122341,0.522047916385399,-2.88657986402541E-15));
#3041=CARTESIAN_POINT('',(0.581939706122341,0.522047916385399,0.410756497613793));
#3042=CARTESIAN_POINT('',(0.581939706122341,0.522047916385399,-1.48085));
#3043=CARTESIAN_POINT('',(0.484957166086766,0.425065376349824,0.410756497613793));
#3044=CARTESIAN_POINT('',(0.612618024799605,0.552726235062664,-2.88657986402541E-15));
#3045=CARTESIAN_POINT('Origin',(0.591955446863082,0.52473162602848,-1.48085));
#3046=CARTESIAN_POINT('',(0.591955446863082,0.52473162602848,-2.88657986402541E-15));
#3047=CARTESIAN_POINT('',(0.591955446863081,0.52473162602848,0.410756497613793));
#3048=CARTESIAN_POINT('',(0.591955446863082,0.52473162602848,-1.48085));
#3049=CARTESIAN_POINT('',(0.411900060796395,0.476485930739037,0.410756497613793));
#3050=CARTESIAN_POINT('',(0.6466009545867,0.539373845693012,-2.77555756156289E-15));
#3051=CARTESIAN_POINT('Origin',(-0.179256590173956,0.487352372708598,-1.48085));
#3052=CARTESIAN_POINT('',(-0.179256590173957,0.487352372708598,-2.88657986402541E-15));
#3053=CARTESIAN_POINT('',(-0.179256590173957,0.487352372708598,0.410756497613793));
#3054=CARTESIAN_POINT('',(-0.179256590173956,0.487352372708598,-1.48085));
#3055=CARTESIAN_POINT('',(-0.169240849433216,0.484668663065517,0.410756497613793));
#3056=CARTESIAN_POINT('',(0.000798795892729194,0.439106677419156,0.410756497613793));
#3057=CARTESIAN_POINT('',(-0.169240849433216,0.484668663065517,-2.88657986402541E-15));
#3058=CARTESIAN_POINT('',(-0.169240849433216,0.484668663065517,-1.48085));
#3059=CARTESIAN_POINT('',(0.23292469244869,0.376908730894636,-2.77555756156289E-15));
#3060=CARTESIAN_POINT('Origin',(-0.186588621271616,0.494684403806257,-1.48085));
#3061=CARTESIAN_POINT('',(-0.186588621271617,0.494684403806258,-2.88657986402541E-15));
#3062=CARTESIAN_POINT('',(-0.186588621271617,0.494684403806258,0.410756497613793));
#3063=CARTESIAN_POINT('',(-0.186588621271616,0.494684403806257,-1.48085));
#3064=CARTESIAN_POINT('',(-0.089606081236042,0.397701863770683,0.410756497613793));
#3065=CARTESIAN_POINT('',(0.0329047830081085,0.275190999526533,-2.88657986402541E-15));
#3066=CARTESIAN_POINT('Origin',(-0.189272330914697,0.504700144546998,-1.48085));
#3067=CARTESIAN_POINT('',(-0.189272330914698,0.504700144546999,-2.88657986402541E-15));
#3068=CARTESIAN_POINT('',(-0.189272330914698,0.504700144546999,0.410756497613793));
#3069=CARTESIAN_POINT('',(-0.189272330914697,0.504700144546998,-1.48085));
#3070=CARTESIAN_POINT('',(-0.175853785087231,0.454621449755203,0.410756497613793));
#3071=CARTESIAN_POINT('',(-0.160382955920547,0.396883529269917,-2.99760216648792E-15));
#3072=CARTESIAN_POINT('Origin',(-0.186588621271616,0.514715885287739,-1.48085));
#3073=CARTESIAN_POINT('',(-0.186588621271617,0.514715885287739,-2.88657986402541E-15));
#3074=CARTESIAN_POINT('',(-0.186588621271617,0.514715885287739,0.410756497613793));
#3075=CARTESIAN_POINT('',(-0.186588621271616,0.514715885287739,-1.48085));
#3076=CARTESIAN_POINT('',(-0.174511925489814,0.559786727532981,0.410756497613793));
#3077=CARTESIAN_POINT('',(-0.156466099088784,0.62713466852619,-2.88657986402541E-15));
#3078=CARTESIAN_POINT('Origin',(-0.179256590173956,0.522047916385399,-1.48085));
#3079=CARTESIAN_POINT('',(-0.179256590173957,0.522047916385399,-2.88657986402541E-15));
#3080=CARTESIAN_POINT('',(-0.179256590173957,0.522047916385399,0.410756497613793));
#3081=CARTESIAN_POINT('',(-0.179256590173956,0.522047916385399,-1.48085));
#3082=CARTESIAN_POINT('',(-0.0859400561354574,0.615364450423899,0.410756497613793));
#3083=CARTESIAN_POINT('',(0.0417208025773824,0.743025309136738,-2.99760216648792E-15));
#3084=CARTESIAN_POINT('Origin',(-0.169240849433216,0.52473162602848,-1.48085));
#3085=CARTESIAN_POINT('',(-0.169240849433216,0.52473162602848,-2.88657986402541E-15));
#3086=CARTESIAN_POINT('',(-0.169240849433216,0.52473162602848,0.410756497613793));
#3087=CARTESIAN_POINT('',(-0.169240849433216,0.52473162602848,-1.48085));
#3088=CARTESIAN_POINT('',(0.00580667103897679,0.571635467776075,0.410756497613793));
#3089=CARTESIAN_POINT('',(0.240507564829282,0.63452338273005,-2.77555756156289E-15));
#3090=CARTESIAN_POINT('Origin',(0.211357298714932,0.994620121983841,0.465803247613793));
#3091=CARTESIAN_POINT('',(0.0704043010904321,0.994620121983841,0.410756497613793));
#3092=CARTESIAN_POINT('',(0.0704043010904321,0.994620121983841,0.499999999999997));
#3093=CARTESIAN_POINT('',(0.0704043010904321,0.994620121983841,0.249999999999997));
#3094=CARTESIAN_POINT('',(0.352997188167392,0.994620121983841,0.410756497613793));
#3095=CARTESIAN_POINT('',(0.211357298714932,0.994620121983841,0.410756497613793));
#3096=CARTESIAN_POINT('',(0.352997188167392,0.994620121983841,0.499999999999997));
#3097=CARTESIAN_POINT('',(0.352997188167392,0.994620121983841,0.249999999999997));
#3098=CARTESIAN_POINT('',(0.336529021671922,0.994620121983841,0.499999999999997));
#3099=CARTESIAN_POINT('Origin',(0.609303218701482,0.514715885287739,-1.48085));
#3100=CARTESIAN_POINT('',(0.609303218701482,0.514715885287739,-2.88657986402541E-15));
#3101=CARTESIAN_POINT('',(0.609303218701482,0.514715885287739,0.410756497613793));
#3102=CARTESIAN_POINT('',(0.609303218701482,0.514715885287739,-1.48085));
#3103=CARTESIAN_POINT('',(0.601971187603822,0.522047916385399,0.410756497613793));
#3104=CARTESIAN_POINT('',(0.512320669114153,0.611698434875069,0.410756497613793));
#3105=CARTESIAN_POINT('',(0.601971187603822,0.522047916385399,-2.88657986402541E-15));
#3106=CARTESIAN_POINT('',(0.601971187603823,0.522047916385399,-1.48085));
#3107=CARTESIAN_POINT('',(0.634831533358303,0.489187570630918,-2.88657986402541E-15));
#3108=CARTESIAN_POINT('Origin',(0.601971187603823,0.522047916385399,-1.48085));
#3109=CARTESIAN_POINT('',(0.421915796761258,0.570293612954534,0.410756497613793));
#3110=CARTESIAN_POINT('',(0.654041693317219,0.508095666430014,-2.88657986402541E-15));
#3111=CARTESIAN_POINT('Origin',(-0.151893077594815,0.514715885287739,-1.48085));
#3112=CARTESIAN_POINT('',(-0.151893077594816,0.514715885287739,-2.88657986402541E-15));
#3113=CARTESIAN_POINT('',(-0.151893077594816,0.514715885287739,0.410756497613793));
#3114=CARTESIAN_POINT('',(-0.151893077594815,0.514715885287739,-1.48085));
#3115=CARTESIAN_POINT('',(-0.159225108692475,0.522047916385399,0.410756497613793));
#3116=CARTESIAN_POINT('',(-0.0585765531080709,0.421399360800994,0.410756497613793));
#3117=CARTESIAN_POINT('',(-0.159225108692475,0.522047916385399,-2.88657986402541E-15));
#3118=CARTESIAN_POINT('',(-0.159225108692475,0.522047916385399,-1.48085));
#3119=CARTESIAN_POINT('',(0.0639343111360795,0.298888496556844,-2.88657986402541E-15));
#3120=CARTESIAN_POINT('Origin',(-0.159225108692475,0.522047916385399,-1.48085));
#3121=CARTESIAN_POINT('',(0.0158224070038403,0.475144075917497,0.410756497613793));
#3122=CARTESIAN_POINT('',(0.247948303559801,0.412946129392977,-2.77555756156289E-15));
#3123=CARTESIAN_POINT('Origin',(0.211357298714932,0.504700163650508,0.410756497613793));
#3124=CARTESIAN_POINT('',(-0.288299255371088,0.515000152587886,0.410756497613793));
#3125=CARTESIAN_POINT('Origin',(0.211700744628912,0.515000152587886,0.410756497613793));
#3126=CARTESIAN_POINT('Origin',(0.211700744628912,0.515000152587886,0.410756497613793));
#3127=CARTESIAN_POINT('',(-0.0382992553710878,0.515000152587886,0.410756497613793));
#3128=CARTESIAN_POINT('Origin',(0.211700744628912,0.515000152587886,0.410756497613793));
#3129=CARTESIAN_POINT('',(-0.149209367951735,0.504700144546999,0.410756497613793));
#3130=CARTESIAN_POINT('',(-0.137132676945809,0.459629320125574,0.410756497613793));
#3131=CARTESIAN_POINT('',(-0.151893077594816,0.494684403806258,0.410756497613793));
#3132=CARTESIAN_POINT('',(-0.138474526991472,0.54476311642187,0.410756497613793));
#3133=CARTESIAN_POINT('',(-0.159225108692475,0.487352372708598,0.410756497613793));
#3134=CARTESIAN_POINT('',(-0.0622425591051461,0.584334922295928,0.410756497613793));
#3135=CARTESIAN_POINT('',(0.0108145414093472,0.532914359634652,0.410756497613793));
#3136=CARTESIAN_POINT('',(0.611986928344563,0.504700144546999,0.410756497613793));
#3137=CARTESIAN_POINT('',(0.598568377741219,0.554778857162611,0.410756497613793));
#3138=CARTESIAN_POINT('',(0.609303218701482,0.494684403806258,0.410756497613793));
#3139=CARTESIAN_POINT('',(0.597226527695556,0.449613579384833,0.410756497613793));
#3140=CARTESIAN_POINT('',(0.601971187603822,0.487352372708598,0.410756497613793));
#3141=CARTESIAN_POINT('',(0.508654663117077,0.394035848221853,0.410756497613793));
#3142=CARTESIAN_POINT('',(0.416907931166765,0.437764822597615,0.410756497613793));
#3143=CARTESIAN_POINT('Origin',(0.591955446863082,0.484668663065517,-1.48085));
#3144=CARTESIAN_POINT('',(0.601971187603822,0.487352372708598,-2.88657986402541E-15));
#3145=CARTESIAN_POINT('',(0.601971187603823,0.487352372708598,-1.48085));
#3146=CARTESIAN_POINT('',(0.651608824957071,0.50065273755159,-2.99760216648792E-15));
#3147=CARTESIAN_POINT('Origin',(0.601971187603823,0.487352372708598,-1.48085));
#3148=CARTESIAN_POINT('',(0.609303218701482,0.494684403806258,-2.88657986402541E-15));
#3149=CARTESIAN_POINT('',(0.609303218701482,0.494684403806257,-1.48085));
#3150=CARTESIAN_POINT('',(0.636315521829917,0.521696706934693,-2.88657986402541E-15));
#3151=CARTESIAN_POINT('Origin',(0.609303218701482,0.494684403806257,-1.48085));
#3152=CARTESIAN_POINT('',(0.611986928344563,0.504700144546999,-2.88657986402541E-15));
#3153=CARTESIAN_POINT('',(0.611986928344563,0.504700144546998,-1.48085));
#3154=CARTESIAN_POINT('',(0.615272354096586,0.516961520378042,-2.77555756156289E-15));
#3155=CARTESIAN_POINT('Origin',(0.611986928344563,0.504700144546998,-1.48085));
#3156=CARTESIAN_POINT('',(0.614039206907904,0.497040936677325,-2.99760216648792E-15));
#3157=CARTESIAN_POINT('Origin',(-0.169240849433216,0.484668663065517,-1.48085));
#3158=CARTESIAN_POINT('',(-0.159225108692475,0.487352372708598,-2.88657986402541E-15));
#3159=CARTESIAN_POINT('',(-0.159225108692475,0.487352372708598,-1.48085));
#3160=CARTESIAN_POINT('',(0.245515435199653,0.595802274588627,-2.99760216648792E-15));
#3161=CARTESIAN_POINT('Origin',(-0.159225108692475,0.487352372708598,-1.48085));
#3162=CARTESIAN_POINT('',(-0.151893077594816,0.494684403806258,-2.88657986402541E-15));
#3163=CARTESIAN_POINT('',(-0.151893077594815,0.494684403806257,-1.48085));
#3164=CARTESIAN_POINT('',(0.0654182996076937,0.711995781008767,-2.99760216648792E-15));
#3165=CARTESIAN_POINT('Origin',(-0.151893077594815,0.494684403806257,-1.48085));
#3166=CARTESIAN_POINT('',(-0.149209367951735,0.504700144546999,-2.88657986402541E-15));
#3167=CARTESIAN_POINT('',(-0.149209367951734,0.504700144546998,-1.48085));
#3168=CARTESIAN_POINT('',(-0.120428700590443,0.612111057415079,-2.88657986402541E-15));
#3169=CARTESIAN_POINT('Origin',(-0.149209367951734,0.504700144546998,-1.48085));
#3170=CARTESIAN_POINT('',(-0.121661847779124,0.401891399640288,-2.99760216648792E-15));
#3171=CARTESIAN_POINT('Origin',(0.461700744628912,0.515000152587886,0.499999999999997));
#3172=CARTESIAN_POINT('Origin',(0.211700744628912,0.515000152587886,0.499999999999997));
#3173=CARTESIAN_POINT('Origin',(0.711700744628912,0.515000152587886,-2.85404631479408E-15));
#3174=CARTESIAN_POINT('Origin',(0.211700744628912,0.515000152587886,0.249999999999997));
#3175=CARTESIAN_POINT('',(-0.288299255371088,0.515000152587886,0.249999999999997));
#3176=CARTESIAN_POINT('Origin',(0.211700744628912,0.515000152587886,0.249999999999997));
#3177=CARTESIAN_POINT('',(-0.0382992553710878,0.515000152587886,0.249999999999997));
#3178=CARTESIAN_POINT('Origin',(0.44170074462891,-2.38499984741211,0.103846294941283));
#3179=CARTESIAN_POINT('',(0.44170074462891,-3.98499984741212,0.203846294941283));
#3180=CARTESIAN_POINT('',(0.44170074462891,-2.38499984741211,0.203846294941283));
#3181=CARTESIAN_POINT('',(0.44170074462891,-3.98499984741212,0.00384629494128322));
#3182=CARTESIAN_POINT('',(0.44170074462891,-3.98499984741212,0.103846294941283));
#3183=CARTESIAN_POINT('',(0.44170074462891,-2.38499984741211,0.00384629494128297));
#3184=CARTESIAN_POINT('Origin',(0.191700744628911,-2.38499984741211,0.203846294941283));
#3185=CARTESIAN_POINT('',(-0.0582992553710892,-3.98499984741212,0.203846294941283));
#3186=CARTESIAN_POINT('',(-0.0582992553710892,-2.38499984741212,0.203846294941283));
#3187=CARTESIAN_POINT('',(0.191700744628911,-3.98499984741212,0.203846294941283));
#3188=CARTESIAN_POINT('',(0.135195886249283,-3.66186826027603,0.203846294941283));
#3189=CARTESIAN_POINT('Origin',(0.186045886249283,-3.66186826027603,0.203846294941283));
#3190=CARTESIAN_POINT('Origin',(0.186045886249283,-3.66186826027603,-0.163927013877972));
#3191=CARTESIAN_POINT('',(0.135195886249283,-3.66186826027603,0.00384629494128344));
#3192=CARTESIAN_POINT('Origin',(0.186045886249283,-3.66186826027603,0.00384629494128322));
#3193=CARTESIAN_POINT('',(0.135195886249283,-3.66186826027603,-0.163927013877972));
#3194=CARTESIAN_POINT('Origin',(-0.0582992553710892,-2.38499984741212,0.103846294941283));
#3195=CARTESIAN_POINT('',(-0.0582992553710892,-3.98499984741212,0.0038462949412832));
#3196=CARTESIAN_POINT('',(-0.0582992553710892,-2.38499984741212,0.00384629494128292));
#3197=CARTESIAN_POINT('',(-0.0582992553710892,-3.98499984741212,0.103846294941283));
#3198=CARTESIAN_POINT('Origin',(0.191700744628911,-3.98499984741212,0.103846294941283));
#3199=CARTESIAN_POINT('',(0.191700744628911,-3.98499984741212,0.00384629494128321));
#3200=CARTESIAN_POINT('Origin',(0.191700744628911,-2.38499984741211,0.00384629494128295));
#3201=CARTESIAN_POINT('Origin',(0.211357298714932,0.504700163650508,0.509990775784915));
#3202=CARTESIAN_POINT('',(-0.290281076285068,0.504700163650508,0.514694770069051));
#3203=CARTESIAN_POINT('Origin',(0.211357298714932,0.504700163650508,0.514694770069052));
#3204=CARTESIAN_POINT('',(-0.290281076285068,0.504700163650508,0.509990775784915));
#3205=CARTESIAN_POINT('',(-0.290281076285068,0.504700163650508,0.509990775784915));
#3206=CARTESIAN_POINT('Origin',(0.211357298714932,0.504700163650508,0.509990775784915));
#3207=CARTESIAN_POINT('Origin',(0.211357298714932,0.504700163650508,0.514694770069052));
#3208=CARTESIAN_POINT('Origin',(0.211357298714932,0.504700163650508,0.509990775784915));
#3209=CARTESIAN_POINT('Origin',(0.0511054468630804,0.563850941811728,0.51234277221112));
#3210=CARTESIAN_POINT('',(0.0820040070482655,0.563850941811728,0.509990775069051));
#3211=CARTESIAN_POINT('',(0.0820040070482655,0.563850941811728,0.514694769353188));
#3212=CARTESIAN_POINT('',(0.0820040070482655,0.563850941811728,0.51234277221112));
#3213=CARTESIAN_POINT('',(0.0202068866778952,0.563850941811728,0.514694769353188));
#3214=CARTESIAN_POINT('',(0.0511054468630804,0.563850941811728,0.514694769353188));
#3215=CARTESIAN_POINT('',(0.0202068866778952,0.563850941811728,0.509990775069051));
#3216=CARTESIAN_POINT('',(0.0202068866778952,0.563850941811728,0.51234277221112));
#3217=CARTESIAN_POINT('',(0.0511054468630804,0.563850941811728,0.509990775069051));
#3218=CARTESIAN_POINT('Origin',(0.0511054468630803,0.685780638409092,0.51234277221112));
#3219=CARTESIAN_POINT('',(0.0820040070482655,0.685780638409092,0.514694769353188));
#3220=CARTESIAN_POINT('',(0.0820040070482655,0.685780638409092,0.509990775069051));
#3221=CARTESIAN_POINT('',(0.0820040070482655,0.685780638409092,0.51234277221112));
#3222=CARTESIAN_POINT('',(0.0202068866778952,0.685780638409092,0.509990775069051));
#3223=CARTESIAN_POINT('',(0.0511054468630803,0.685780638409092,0.509990775069051));
#3224=CARTESIAN_POINT('',(0.0202068866778952,0.685780638409092,0.514694769353188));
#3225=CARTESIAN_POINT('',(0.0202068866778952,0.685780638409092,0.51234277221112));
#3226=CARTESIAN_POINT('',(0.0511054468630803,0.685780638409092,0.514694769353188));
#3227=CARTESIAN_POINT('Origin',(0.0511054468630804,0.62481579011041,0.509990775069051));
#3228=CARTESIAN_POINT('',(0.0202068866778952,0.62481579011041,0.509990775069051));
#3229=CARTESIAN_POINT('',(0.0820040070482655,0.62481579011041,0.509990775069051));
#3230=CARTESIAN_POINT('Origin',(0.0202068866778952,0.62481579011041,0.51234277221112));
#3231=CARTESIAN_POINT('',(0.0202068866778952,0.62481579011041,0.514694769353188));
#3232=CARTESIAN_POINT('Origin',(0.0511054468630804,0.62481579011041,0.514694769353188));
#3233=CARTESIAN_POINT('',(0.0820040070482655,0.62481579011041,0.514694769353188));
#3234=CARTESIAN_POINT('Origin',(0.0820040070482655,0.62481579011041,0.51234277221112));
#3235=CARTESIAN_POINT('Origin',(0.371609150566784,0.605714290663459,0.51234277221112));
#3236=CARTESIAN_POINT('',(0.340710590381599,0.605714290663459,0.509990775069051));
#3237=CARTESIAN_POINT('',(0.340710590381599,0.605714290663459,0.514694769353188));
#3238=CARTESIAN_POINT('',(0.340710590381599,0.605714290663459,0.51234277221112));
#3239=CARTESIAN_POINT('',(0.402507710751969,0.605714290663459,0.514694769353188));
#3240=CARTESIAN_POINT('',(0.371609150566784,0.605714290663459,0.514694769353188));
#3241=CARTESIAN_POINT('',(0.402507710751969,0.605714290663459,0.509990775069051));
#3242=CARTESIAN_POINT('',(0.402507710751969,0.605714290663459,0.51234277221112));
#3243=CARTESIAN_POINT('',(0.371609150566784,0.605714290663459,0.509990775069051));
#3244=CARTESIAN_POINT('Origin',(0.371609150566784,0.483784594066096,0.51234277221112));
#3245=CARTESIAN_POINT('',(0.340710590381599,0.483784594066096,0.514694769353188));
#3246=CARTESIAN_POINT('',(0.340710590381599,0.483784594066096,0.509990775069051));
#3247=CARTESIAN_POINT('',(0.340710590381599,0.483784594066096,0.51234277221112));
#3248=CARTESIAN_POINT('',(0.402507710751969,0.483784594066096,0.509990775069051));
#3249=CARTESIAN_POINT('',(0.371609150566784,0.483784594066096,0.509990775069051));
#3250=CARTESIAN_POINT('',(0.402507710751969,0.483784594066096,0.514694769353188));
#3251=CARTESIAN_POINT('',(0.402507710751969,0.483784594066096,0.51234277221112));
#3252=CARTESIAN_POINT('',(0.371609150566784,0.483784594066096,0.514694769353188));
#3253=CARTESIAN_POINT('Origin',(0.371609150566784,0.544749442364777,0.509990775069051));
#3254=CARTESIAN_POINT('',(0.402507710751969,0.544749442364777,0.509990775069051));
#3255=CARTESIAN_POINT('',(0.340710590381599,0.544749442364777,0.509990775069051));
#3256=CARTESIAN_POINT('Origin',(0.402507710751969,0.544749442364777,0.51234277221112));
#3257=CARTESIAN_POINT('',(0.402507710751969,0.544749442364777,0.514694769353188));
#3258=CARTESIAN_POINT('Origin',(0.371609150566784,0.544749442364777,0.514694769353188));
#3259=CARTESIAN_POINT('',(0.340710590381599,0.544749442364777,0.514694769353188));
#3260=CARTESIAN_POINT('Origin',(0.340710590381599,0.544749442364777,0.51234277221112));
#3261=CARTESIAN_POINT('Origin',(0.0511054468630804,0.403548247583145,0.51234277221112));
#3262=CARTESIAN_POINT('',(0.0820040070482655,0.403548247583145,0.509990775069051));
#3263=CARTESIAN_POINT('',(0.0820040070482655,0.403548247583145,0.514694769353188));
#3264=CARTESIAN_POINT('',(0.0820040070482655,0.403548247583145,0.51234277221112));
#3265=CARTESIAN_POINT('',(0.0202068866778952,0.403548247583145,0.514694769353188));
#3266=CARTESIAN_POINT('',(0.0511054468630804,0.403548247583145,0.514694769353188));
#3267=CARTESIAN_POINT('',(0.0202068866778952,0.403548247583145,0.509990775069051));
#3268=CARTESIAN_POINT('',(0.0202068866778952,0.403548247583145,0.51234277221112));
#3269=CARTESIAN_POINT('',(0.0511054468630804,0.403548247583145,0.509990775069051));
#3270=CARTESIAN_POINT('Origin',(0.0511054468630803,0.525477944180508,0.51234277221112));
#3271=CARTESIAN_POINT('',(0.0820040070482655,0.525477944180508,0.514694769353188));
#3272=CARTESIAN_POINT('',(0.0820040070482655,0.525477944180508,0.509990775069051));
#3273=CARTESIAN_POINT('',(0.0820040070482655,0.525477944180508,0.51234277221112));
#3274=CARTESIAN_POINT('',(0.0202068866778952,0.525477944180508,0.509990775069051));
#3275=CARTESIAN_POINT('',(0.0511054468630803,0.525477944180508,0.509990775069051));
#3276=CARTESIAN_POINT('',(0.0202068866778952,0.525477944180508,0.514694769353188));
#3277=CARTESIAN_POINT('',(0.0202068866778952,0.525477944180508,0.51234277221112));
#3278=CARTESIAN_POINT('',(0.0511054468630803,0.525477944180508,0.514694769353188));
#3279=CARTESIAN_POINT('Origin',(0.0511054468630804,0.464513095881827,0.509990775069051));
#3280=CARTESIAN_POINT('',(0.0202068866778952,0.464513095881827,0.509990775069051));
#3281=CARTESIAN_POINT('',(0.0820040070482655,0.464513095881827,0.509990775069051));
#3282=CARTESIAN_POINT('Origin',(0.0202068866778952,0.464513095881827,0.51234277221112));
#3283=CARTESIAN_POINT('',(0.0202068866778952,0.464513095881827,0.514694769353188));
#3284=CARTESIAN_POINT('Origin',(0.0511054468630804,0.464513095881827,0.514694769353188));
#3285=CARTESIAN_POINT('',(0.0820040070482655,0.464513095881827,0.514694769353188));
#3286=CARTESIAN_POINT('Origin',(0.0820040070482655,0.464513095881827,0.51234277221112));
#3287=CARTESIAN_POINT('Origin',(0.371609150566784,0.445411596434876,0.51234277221112));
#3288=CARTESIAN_POINT('',(0.340710590381599,0.445411596434876,0.509990775069052));
#3289=CARTESIAN_POINT('',(0.340710590381599,0.445411596434876,0.514694769353188));
#3290=CARTESIAN_POINT('',(0.340710590381599,0.445411596434876,0.51234277221112));
#3291=CARTESIAN_POINT('',(0.402507710751969,0.445411596434876,0.514694769353188));
#3292=CARTESIAN_POINT('',(0.371609150566784,0.445411596434876,0.514694769353188));
#3293=CARTESIAN_POINT('',(0.402507710751969,0.445411596434876,0.509990775069052));
#3294=CARTESIAN_POINT('',(0.402507710751969,0.445411596434876,0.51234277221112));
#3295=CARTESIAN_POINT('',(0.371609150566784,0.445411596434876,0.509990775069052));
#3296=CARTESIAN_POINT('Origin',(0.371609150566784,0.323481899837512,0.51234277221112));
#3297=CARTESIAN_POINT('',(0.340710590381599,0.323481899837512,0.514694769353188));
#3298=CARTESIAN_POINT('',(0.340710590381599,0.323481899837512,0.509990775069052));
#3299=CARTESIAN_POINT('',(0.340710590381599,0.323481899837512,0.51234277221112));
#3300=CARTESIAN_POINT('',(0.402507710751969,0.323481899837512,0.509990775069052));
#3301=CARTESIAN_POINT('',(0.371609150566784,0.323481899837512,0.509990775069052));
#3302=CARTESIAN_POINT('',(0.402507710751969,0.323481899837512,0.514694769353188));
#3303=CARTESIAN_POINT('',(0.402507710751969,0.323481899837512,0.51234277221112));
#3304=CARTESIAN_POINT('',(0.371609150566784,0.323481899837512,0.514694769353188));
#3305=CARTESIAN_POINT('Origin',(0.371609150566784,0.384446748136194,0.509990775069052));
#3306=CARTESIAN_POINT('',(0.402507710751969,0.384446748136194,0.509990775069052));
#3307=CARTESIAN_POINT('',(0.340710590381599,0.384446748136194,0.509990775069052));
#3308=CARTESIAN_POINT('Origin',(0.402507710751969,0.384446748136194,0.51234277221112));
#3309=CARTESIAN_POINT('',(0.402507710751969,0.384446748136194,0.514694769353188));
#3310=CARTESIAN_POINT('Origin',(0.371609150566784,0.384446748136194,0.514694769353188));
#3311=CARTESIAN_POINT('',(0.340710590381599,0.384446748136194,0.514694769353188));
#3312=CARTESIAN_POINT('Origin',(0.340710590381599,0.384446748136194,0.51234277221112));
#3313=CARTESIAN_POINT('Origin',(0.371609150566784,0.766016984892042,0.51234277221112));
#3314=CARTESIAN_POINT('',(0.340710590381599,0.766016984892042,0.509990775069051));
#3315=CARTESIAN_POINT('',(0.340710590381599,0.766016984892042,0.514694769353188));
#3316=CARTESIAN_POINT('',(0.340710590381599,0.766016984892042,0.51234277221112));
#3317=CARTESIAN_POINT('',(0.402507710751969,0.766016984892042,0.514694769353188));
#3318=CARTESIAN_POINT('',(0.371609150566784,0.766016984892042,0.514694769353188));
#3319=CARTESIAN_POINT('',(0.402507710751969,0.766016984892042,0.509990775069051));
#3320=CARTESIAN_POINT('',(0.402507710751969,0.766016984892042,0.51234277221112));
#3321=CARTESIAN_POINT('',(0.371609150566784,0.766016984892042,0.509990775069051));
#3322=CARTESIAN_POINT('Origin',(0.371609150566784,0.644087288294679,0.51234277221112));
#3323=CARTESIAN_POINT('',(0.340710590381599,0.644087288294679,0.514694769353188));
#3324=CARTESIAN_POINT('',(0.340710590381599,0.644087288294679,0.509990775069051));
#3325=CARTESIAN_POINT('',(0.340710590381599,0.644087288294679,0.51234277221112));
#3326=CARTESIAN_POINT('',(0.402507710751969,0.644087288294679,0.509990775069051));
#3327=CARTESIAN_POINT('',(0.371609150566784,0.644087288294679,0.509990775069051));
#3328=CARTESIAN_POINT('',(0.402507710751969,0.644087288294679,0.514694769353188));
#3329=CARTESIAN_POINT('',(0.402507710751969,0.644087288294679,0.51234277221112));
#3330=CARTESIAN_POINT('',(0.371609150566784,0.644087288294679,0.514694769353188));
#3331=CARTESIAN_POINT('Origin',(0.371609150566784,0.70505213659336,0.509990775069051));
#3332=CARTESIAN_POINT('',(0.402507710751969,0.70505213659336,0.509990775069051));
#3333=CARTESIAN_POINT('',(0.340710590381599,0.70505213659336,0.509990775069051));
#3334=CARTESIAN_POINT('Origin',(0.402507710751969,0.70505213659336,0.51234277221112));
#3335=CARTESIAN_POINT('',(0.402507710751969,0.70505213659336,0.514694769353188));
#3336=CARTESIAN_POINT('Origin',(0.371609150566784,0.70505213659336,0.514694769353188));
#3337=CARTESIAN_POINT('',(0.340710590381599,0.70505213659336,0.514694769353188));
#3338=CARTESIAN_POINT('Origin',(0.340710590381599,0.70505213659336,0.51234277221112));
#3339=CARTESIAN_POINT('Origin',(0.0511054468630804,0.724153636040311,0.51234277221112));
#3340=CARTESIAN_POINT('',(0.0820040070482655,0.724153636040311,0.509990775069051));
#3341=CARTESIAN_POINT('',(0.0820040070482655,0.724153636040311,0.514694769353188));
#3342=CARTESIAN_POINT('',(0.0820040070482655,0.724153636040311,0.51234277221112));
#3343=CARTESIAN_POINT('',(0.0202068866778952,0.724153636040311,0.514694769353188));
#3344=CARTESIAN_POINT('',(0.0511054468630804,0.724153636040311,0.514694769353188));
#3345=CARTESIAN_POINT('',(0.0202068866778952,0.724153636040311,0.509990775069051));
#3346=CARTESIAN_POINT('',(0.0202068866778952,0.724153636040311,0.51234277221112));
#3347=CARTESIAN_POINT('',(0.0511054468630804,0.724153636040311,0.509990775069051));
#3348=CARTESIAN_POINT('Origin',(0.0511054468630803,0.846083332637675,0.51234277221112));
#3349=CARTESIAN_POINT('',(0.0820040070482655,0.846083332637675,0.514694769353188));
#3350=CARTESIAN_POINT('',(0.0820040070482655,0.846083332637675,0.509990775069051));
#3351=CARTESIAN_POINT('',(0.0820040070482655,0.846083332637675,0.51234277221112));
#3352=CARTESIAN_POINT('',(0.0202068866778952,0.846083332637675,0.509990775069051));
#3353=CARTESIAN_POINT('',(0.0511054468630803,0.846083332637675,0.509990775069051));
#3354=CARTESIAN_POINT('',(0.0202068866778952,0.846083332637675,0.514694769353188));
#3355=CARTESIAN_POINT('',(0.0202068866778952,0.846083332637675,0.51234277221112));
#3356=CARTESIAN_POINT('',(0.0511054468630803,0.846083332637675,0.514694769353188));
#3357=CARTESIAN_POINT('Origin',(0.0511054468630804,0.785118484338993,0.509990775069051));
#3358=CARTESIAN_POINT('',(0.0202068866778952,0.785118484338993,0.509990775069051));
#3359=CARTESIAN_POINT('',(0.0820040070482655,0.785118484338993,0.509990775069051));
#3360=CARTESIAN_POINT('Origin',(0.0202068866778952,0.785118484338993,0.51234277221112));
#3361=CARTESIAN_POINT('',(0.0202068866778952,0.785118484338993,0.514694769353188));
#3362=CARTESIAN_POINT('Origin',(0.0511054468630804,0.785118484338993,0.514694769353188));
#3363=CARTESIAN_POINT('',(0.0820040070482655,0.785118484338993,0.514694769353188));
#3364=CARTESIAN_POINT('Origin',(0.0820040070482655,0.785118484338993,0.51234277221112));
#3365=CARTESIAN_POINT('Origin',(0.0511054468630806,0.243245553354562,0.51234277221112));
#3366=CARTESIAN_POINT('',(0.0820040070482657,0.243245553354562,0.509990775069051));
#3367=CARTESIAN_POINT('',(0.0820040070482657,0.243245553354562,0.514694769353188));
#3368=CARTESIAN_POINT('',(0.0820040070482657,0.243245553354562,0.51234277221112));
#3369=CARTESIAN_POINT('',(0.0202068866778954,0.243245553354562,0.514694769353188));
#3370=CARTESIAN_POINT('',(0.0511054468630805,0.243245553354562,0.514694769353188));
#3371=CARTESIAN_POINT('',(0.0202068866778954,0.243245553354562,0.509990775069051));
#3372=CARTESIAN_POINT('',(0.0202068866778954,0.243245553354562,0.51234277221112));
#3373=CARTESIAN_POINT('',(0.0511054468630806,0.243245553354562,0.509990775069051));
#3374=CARTESIAN_POINT('Origin',(0.0511054468630805,0.365175249951925,0.51234277221112));
#3375=CARTESIAN_POINT('',(0.0820040070482657,0.365175249951925,0.514694769353188));
#3376=CARTESIAN_POINT('',(0.0820040070482657,0.365175249951925,0.509990775069051));
#3377=CARTESIAN_POINT('',(0.0820040070482657,0.365175249951925,0.51234277221112));
#3378=CARTESIAN_POINT('',(0.0202068866778953,0.365175249951925,0.509990775069051));
#3379=CARTESIAN_POINT('',(0.0511054468630805,0.365175249951925,0.509990775069051));
#3380=CARTESIAN_POINT('',(0.0202068866778953,0.365175249951925,0.514694769353188));
#3381=CARTESIAN_POINT('',(0.0202068866778953,0.365175249951925,0.51234277221112));
#3382=CARTESIAN_POINT('',(0.0511054468630805,0.365175249951925,0.514694769353188));
#3383=CARTESIAN_POINT('Origin',(0.0511054468630805,0.304210401653243,0.509990775069051));
#3384=CARTESIAN_POINT('',(0.0202068866778953,0.304210401653243,0.509990775069051));
#3385=CARTESIAN_POINT('',(0.0820040070482657,0.304210401653243,0.509990775069051));
#3386=CARTESIAN_POINT('Origin',(0.0202068866778953,0.304210401653243,0.51234277221112));
#3387=CARTESIAN_POINT('',(0.0202068866778953,0.304210401653243,0.514694769353188));
#3388=CARTESIAN_POINT('Origin',(0.0511054468630805,0.304210401653243,0.514694769353188));
#3389=CARTESIAN_POINT('',(0.0820040070482657,0.304210401653243,0.514694769353188));
#3390=CARTESIAN_POINT('Origin',(0.0820040070482657,0.304210401653243,0.51234277221112));
#3391=CARTESIAN_POINT('Origin',(0.371609150566784,0.285108902206292,0.51234277221112));
#3392=CARTESIAN_POINT('',(0.340710590381599,0.285108902206292,0.509990775069052));
#3393=CARTESIAN_POINT('',(0.340710590381599,0.285108902206292,0.514694769353188));
#3394=CARTESIAN_POINT('',(0.340710590381599,0.285108902206292,0.51234277221112));
#3395=CARTESIAN_POINT('',(0.402507710751969,0.285108902206292,0.514694769353188));
#3396=CARTESIAN_POINT('',(0.371609150566784,0.285108902206292,0.514694769353188));
#3397=CARTESIAN_POINT('',(0.402507710751969,0.285108902206292,0.509990775069052));
#3398=CARTESIAN_POINT('',(0.402507710751969,0.285108902206292,0.51234277221112));
#3399=CARTESIAN_POINT('',(0.371609150566784,0.285108902206292,0.509990775069052));
#3400=CARTESIAN_POINT('Origin',(0.371609150566784,0.163179205608929,0.51234277221112));
#3401=CARTESIAN_POINT('',(0.340710590381599,0.163179205608929,0.514694769353188));
#3402=CARTESIAN_POINT('',(0.340710590381599,0.163179205608929,0.509990775069052));
#3403=CARTESIAN_POINT('',(0.340710590381599,0.163179205608929,0.51234277221112));
#3404=CARTESIAN_POINT('',(0.402507710751969,0.163179205608929,0.509990775069052));
#3405=CARTESIAN_POINT('',(0.371609150566784,0.163179205608929,0.509990775069052));
#3406=CARTESIAN_POINT('',(0.402507710751969,0.163179205608929,0.514694769353188));
#3407=CARTESIAN_POINT('',(0.402507710751969,0.163179205608929,0.51234277221112));
#3408=CARTESIAN_POINT('',(0.371609150566784,0.163179205608929,0.514694769353188));
#3409=CARTESIAN_POINT('Origin',(0.371609150566784,0.224144053907611,0.509990775069052));
#3410=CARTESIAN_POINT('',(0.402507710751969,0.224144053907611,0.509990775069052));
#3411=CARTESIAN_POINT('',(0.340710590381599,0.224144053907611,0.509990775069052));
#3412=CARTESIAN_POINT('Origin',(0.402507710751969,0.224144053907611,0.51234277221112));
#3413=CARTESIAN_POINT('',(0.402507710751969,0.224144053907611,0.514694769353188));
#3414=CARTESIAN_POINT('Origin',(0.371609150566784,0.224144053907611,0.514694769353188));
#3415=CARTESIAN_POINT('',(0.340710590381599,0.224144053907611,0.514694769353188));
#3416=CARTESIAN_POINT('Origin',(0.340710590381599,0.224144053907611,0.51234277221112));
#3417=CARTESIAN_POINT('Origin',(0.371609150566784,0.926319679120625,0.51234277221112));
#3418=CARTESIAN_POINT('',(0.340710590381599,0.926319679120625,0.509990775069051));
#3419=CARTESIAN_POINT('',(0.340710590381599,0.926319679120625,0.514694769353188));
#3420=CARTESIAN_POINT('',(0.340710590381599,0.926319679120625,0.51234277221112));
#3421=CARTESIAN_POINT('',(0.402507710751969,0.926319679120625,0.514694769353188));
#3422=CARTESIAN_POINT('',(0.371609150566784,0.926319679120625,0.514694769353188));
#3423=CARTESIAN_POINT('',(0.402507710751969,0.926319679120625,0.509990775069051));
#3424=CARTESIAN_POINT('',(0.402507710751969,0.926319679120625,0.51234277221112));
#3425=CARTESIAN_POINT('',(0.371609150566784,0.926319679120625,0.509990775069051));
#3426=CARTESIAN_POINT('Origin',(0.371609150566784,0.804389982523262,0.51234277221112));
#3427=CARTESIAN_POINT('',(0.340710590381599,0.804389982523262,0.514694769353188));
#3428=CARTESIAN_POINT('',(0.340710590381599,0.804389982523262,0.509990775069051));
#3429=CARTESIAN_POINT('',(0.340710590381599,0.804389982523262,0.51234277221112));
#3430=CARTESIAN_POINT('',(0.402507710751969,0.804389982523262,0.509990775069051));
#3431=CARTESIAN_POINT('',(0.371609150566784,0.804389982523262,0.509990775069051));
#3432=CARTESIAN_POINT('',(0.402507710751969,0.804389982523262,0.514694769353188));
#3433=CARTESIAN_POINT('',(0.402507710751969,0.804389982523262,0.51234277221112));
#3434=CARTESIAN_POINT('',(0.371609150566784,0.804389982523262,0.514694769353188));
#3435=CARTESIAN_POINT('Origin',(0.371609150566784,0.865354830821944,0.509990775069051));
#3436=CARTESIAN_POINT('',(0.402507710751969,0.865354830821944,0.509990775069051));
#3437=CARTESIAN_POINT('',(0.340710590381599,0.865354830821944,0.509990775069051));
#3438=CARTESIAN_POINT('Origin',(0.402507710751969,0.865354830821944,0.51234277221112));
#3439=CARTESIAN_POINT('',(0.402507710751969,0.865354830821944,0.514694769353188));
#3440=CARTESIAN_POINT('Origin',(0.371609150566784,0.865354830821944,0.514694769353188));
#3441=CARTESIAN_POINT('',(0.340710590381599,0.865354830821944,0.514694769353188));
#3442=CARTESIAN_POINT('Origin',(0.340710590381599,0.865354830821944,0.51234277221112));
#3443=CARTESIAN_POINT('Origin',(0.0511054468630804,0.884456330268894,0.512342772211119));
#3444=CARTESIAN_POINT('',(0.0820040070482655,0.884456330268894,0.509990775069051));
#3445=CARTESIAN_POINT('',(0.0820040070482655,0.884456330268894,0.514694769353188));
#3446=CARTESIAN_POINT('',(0.0820040070482655,0.884456330268894,0.51234277221112));
#3447=CARTESIAN_POINT('',(0.0202068866778952,0.884456330268894,0.514694769353188));
#3448=CARTESIAN_POINT('',(0.0511054468630804,0.884456330268894,0.514694769353188));
#3449=CARTESIAN_POINT('',(0.0202068866778952,0.884456330268894,0.509990775069051));
#3450=CARTESIAN_POINT('',(0.0202068866778952,0.884456330268894,0.512342772211119));
#3451=CARTESIAN_POINT('',(0.0511054468630804,0.884456330268894,0.509990775069051));
#3452=CARTESIAN_POINT('Origin',(0.0511054468630803,1.00638602686626,0.512342772211119));
#3453=CARTESIAN_POINT('',(0.0820040070482655,1.00638602686626,0.514694769353188));
#3454=CARTESIAN_POINT('',(0.0820040070482655,1.00638602686626,0.509990775069051));
#3455=CARTESIAN_POINT('',(0.0820040070482655,1.00638602686626,0.512342772211119));
#3456=CARTESIAN_POINT('',(0.0202068866778952,1.00638602686626,0.509990775069051));
#3457=CARTESIAN_POINT('',(0.0511054468630803,1.00638602686626,0.509990775069051));
#3458=CARTESIAN_POINT('',(0.0202068866778952,1.00638602686626,0.514694769353188));
#3459=CARTESIAN_POINT('',(0.0202068866778952,1.00638602686626,0.512342772211119));
#3460=CARTESIAN_POINT('',(0.0511054468630803,1.00638602686626,0.514694769353188));
#3461=CARTESIAN_POINT('Origin',(0.0511054468630804,0.945421178567576,0.509990775069051));
#3462=CARTESIAN_POINT('',(0.0202068866778952,0.945421178567576,0.509990775069051));
#3463=CARTESIAN_POINT('',(0.0820040070482655,0.945421178567576,0.509990775069051));
#3464=CARTESIAN_POINT('Origin',(0.0202068866778952,0.945421178567576,0.512342772211119));
#3465=CARTESIAN_POINT('',(0.0202068866778952,0.945421178567576,0.514694769353188));
#3466=CARTESIAN_POINT('Origin',(0.0511054468630804,0.945421178567576,0.514694769353188));
#3467=CARTESIAN_POINT('',(0.0820040070482655,0.945421178567576,0.514694769353188));
#3468=CARTESIAN_POINT('Origin',(0.0820040070482655,0.945421178567576,0.512342772211119));
#3469=CARTESIAN_POINT('Origin',(0.0511054468630804,0.0829937015027096,0.51234277221112));
#3470=CARTESIAN_POINT('',(0.0820040070482655,0.0829937015027096,0.509990775069052));
#3471=CARTESIAN_POINT('',(0.0820040070482655,0.0829937015027096,0.514694769353188));
#3472=CARTESIAN_POINT('',(0.0820040070482655,0.0829937015027096,0.51234277221112));
#3473=CARTESIAN_POINT('',(0.0202068866778952,0.0829937015027096,0.514694769353188));
#3474=CARTESIAN_POINT('',(0.0511054468630804,0.0829937015027096,0.514694769353188));
#3475=CARTESIAN_POINT('',(0.0202068866778952,0.0829937015027096,0.509990775069052));
#3476=CARTESIAN_POINT('',(0.0202068866778952,0.0829937015027096,0.51234277221112));
#3477=CARTESIAN_POINT('',(0.0511054468630804,0.0829937015027096,0.509990775069052));
#3478=CARTESIAN_POINT('Origin',(0.0511054468630803,0.204923398100073,0.51234277221112));
#3479=CARTESIAN_POINT('',(0.0820040070482655,0.204923398100073,0.514694769353188));
#3480=CARTESIAN_POINT('',(0.0820040070482655,0.204923398100073,0.509990775069052));
#3481=CARTESIAN_POINT('',(0.0820040070482655,0.204923398100073,0.51234277221112));
#3482=CARTESIAN_POINT('',(0.0202068866778952,0.204923398100073,0.509990775069052));
#3483=CARTESIAN_POINT('',(0.0511054468630803,0.204923398100073,0.509990775069052));
#3484=CARTESIAN_POINT('',(0.0202068866778952,0.204923398100073,0.514694769353188));
#3485=CARTESIAN_POINT('',(0.0202068866778952,0.204923398100073,0.51234277221112));
#3486=CARTESIAN_POINT('',(0.0511054468630803,0.204923398100073,0.514694769353188));
#3487=CARTESIAN_POINT('Origin',(0.0511054468630804,0.143958549801391,0.509990775069052));
#3488=CARTESIAN_POINT('',(0.0202068866778952,0.143958549801391,0.509990775069052));
#3489=CARTESIAN_POINT('',(0.0820040070482655,0.143958549801391,0.509990775069052));
#3490=CARTESIAN_POINT('Origin',(0.0202068866778952,0.143958549801391,0.51234277221112));
#3491=CARTESIAN_POINT('',(0.0202068866778952,0.143958549801391,0.514694769353188));
#3492=CARTESIAN_POINT('Origin',(0.0511054468630804,0.143958549801391,0.514694769353188));
#3493=CARTESIAN_POINT('',(0.0820040070482655,0.143958549801391,0.514694769353188));
#3494=CARTESIAN_POINT('Origin',(0.0820040070482655,0.143958549801391,0.51234277221112));
#3495=CARTESIAN_POINT('Origin',(0.371609150566784,0.124857050354441,0.51234277221112));
#3496=CARTESIAN_POINT('',(0.340710590381599,0.124857050354441,0.509990775069052));
#3497=CARTESIAN_POINT('',(0.340710590381599,0.124857050354441,0.514694769353188));
#3498=CARTESIAN_POINT('',(0.340710590381599,0.124857050354441,0.51234277221112));
#3499=CARTESIAN_POINT('',(0.402507710751969,0.124857050354441,0.514694769353188));
#3500=CARTESIAN_POINT('',(0.371609150566784,0.124857050354441,0.514694769353188));
#3501=CARTESIAN_POINT('',(0.402507710751969,0.124857050354441,0.509990775069052));
#3502=CARTESIAN_POINT('',(0.402507710751969,0.124857050354441,0.51234277221112));
#3503=CARTESIAN_POINT('',(0.371609150566784,0.124857050354441,0.509990775069052));
#3504=CARTESIAN_POINT('Origin',(0.371609150566784,0.00292735375707717,0.51234277221112));
#3505=CARTESIAN_POINT('',(0.340710590381599,0.00292735375707717,0.514694769353188));
#3506=CARTESIAN_POINT('',(0.340710590381599,0.00292735375707717,0.509990775069052));
#3507=CARTESIAN_POINT('',(0.340710590381599,0.00292735375707717,0.51234277221112));
#3508=CARTESIAN_POINT('',(0.402507710751969,0.00292735375707717,0.509990775069052));
#3509=CARTESIAN_POINT('',(0.371609150566784,0.00292735375707717,0.509990775069052));
#3510=CARTESIAN_POINT('',(0.402507710751969,0.00292735375707717,0.514694769353188));
#3511=CARTESIAN_POINT('',(0.402507710751969,0.00292735375707717,0.51234277221112));
#3512=CARTESIAN_POINT('',(0.371609150566784,0.00292735375707717,0.514694769353188));
#3513=CARTESIAN_POINT('Origin',(0.371609150566784,0.0638922020557588,0.509990775069052));
#3514=CARTESIAN_POINT('',(0.402507710751969,0.0638922020557588,0.509990775069052));
#3515=CARTESIAN_POINT('',(0.340710590381599,0.0638922020557588,0.509990775069052));
#3516=CARTESIAN_POINT('Origin',(0.402507710751969,0.0638922020557588,0.51234277221112));
#3517=CARTESIAN_POINT('',(0.402507710751969,0.0638922020557588,0.514694769353188));
#3518=CARTESIAN_POINT('Origin',(0.371609150566784,0.0638922020557588,0.514694769353188));
#3519=CARTESIAN_POINT('',(0.340710590381599,0.0638922020557588,0.514694769353188));
#3520=CARTESIAN_POINT('Origin',(0.340710590381599,0.0638922020557588,0.51234277221112));
#3521=CARTESIAN_POINT('Origin',(0.211357298714932,0.994620121983841,0.465803247613793));
#3522=CARTESIAN_POINT('',(0.712995673714932,0.994620121983841,0.409905775113793));
#3523=CARTESIAN_POINT('',(0.712995673714932,0.994620121983841,0.521700720113793));
#3524=CARTESIAN_POINT('',(0.712995673714932,0.994620121983841,0.465803247613793));
#3525=CARTESIAN_POINT('',(-0.290281076285068,0.994620121983841,0.521700720113793));
#3526=CARTESIAN_POINT('',(0.211357298714932,0.994620121983841,0.521700720113793));
#3527=CARTESIAN_POINT('',(-0.290281076285068,0.994620121983841,0.409905775113793));
#3528=CARTESIAN_POINT('',(-0.290281076285068,0.994620121983841,0.465803247613793));
#3529=CARTESIAN_POINT('',(0.211357298714932,0.994620121983841,0.409905775113793));
#3530=CARTESIAN_POINT('Origin',(0.211357298714932,1.04640150161347,0.465803247613793));
#3531=CARTESIAN_POINT('',(0.712995673714932,1.04640150161347,0.521700720113793));
#3532=CARTESIAN_POINT('',(0.712995673714932,1.04640150161347,0.409905775113793));
#3533=CARTESIAN_POINT('',(0.712995673714932,1.04640150161347,0.465803247613793));
#3534=CARTESIAN_POINT('',(-0.290281076285068,1.04640150161347,0.409905775113793));
#3535=CARTESIAN_POINT('',(0.211357298714932,1.04640150161347,0.409905775113793));
#3536=CARTESIAN_POINT('',(-0.290281076285068,1.04640150161347,0.521700720113793));
#3537=CARTESIAN_POINT('',(-0.290281076285068,1.04640150161347,0.465803247613793));
#3538=CARTESIAN_POINT('',(0.211357298714932,1.04640150161347,0.521700720113793));
#3539=CARTESIAN_POINT('Origin',(0.211357298714932,1.02051081179866,0.409905775113793));
#3540=CARTESIAN_POINT('',(-0.290281076285068,1.02051081179866,0.409905775113793));
#3541=CARTESIAN_POINT('',(0.712995673714932,1.02051081179866,0.409905775113793));
#3542=CARTESIAN_POINT('Origin',(-0.290281076285068,1.02051081179866,0.465803247613793));
#3543=CARTESIAN_POINT('',(-0.290281076285068,1.02051081179866,0.521700720113793));
#3544=CARTESIAN_POINT('Origin',(0.211357298714932,1.02051081179866,0.521700720113793));
#3545=CARTESIAN_POINT('',(0.712995673714932,1.02051081179866,0.521700720113793));
#3546=CARTESIAN_POINT('Origin',(0.712995673714932,1.02051081179866,0.465803247613793));
#3547=CARTESIAN_POINT('Origin',(0.211357298714932,-0.0370011743124552,0.465803247613793));
#3548=CARTESIAN_POINT('',(0.712995673714932,-0.0370011743124552,0.409905775113793));
#3549=CARTESIAN_POINT('',(0.712995673714932,-0.0370011743124551,0.521700720113793));
#3550=CARTESIAN_POINT('',(0.712995673714932,-0.0370011743124552,0.465803247613793));
#3551=CARTESIAN_POINT('',(-0.290281076285068,-0.0370011743124553,0.521700720113793));
#3552=CARTESIAN_POINT('',(0.211357298714932,-0.0370011743124552,0.521700720113793));
#3553=CARTESIAN_POINT('',(-0.290281076285068,-0.0370011743124553,0.409905775113793));
#3554=CARTESIAN_POINT('',(-0.290281076285068,-0.0370011743124553,0.465803247613793));
#3555=CARTESIAN_POINT('',(0.211357298714932,-0.0370011743124552,0.409905775113793));
#3556=CARTESIAN_POINT('Origin',(0.211357298714932,0.0147802053171744,0.465803247613793));
#3557=CARTESIAN_POINT('',(0.712995673714932,0.0147802053171745,0.521700720113793));
#3558=CARTESIAN_POINT('',(0.712995673714932,0.0147802053171745,0.409905775113793));
#3559=CARTESIAN_POINT('',(0.712995673714932,0.0147802053171745,0.465803247613793));
#3560=CARTESIAN_POINT('',(-0.290281076285068,0.0147802053171744,0.409905775113793));
#3561=CARTESIAN_POINT('',(0.211357298714932,0.0147802053171744,0.409905775113793));
#3562=CARTESIAN_POINT('',(-0.290281076285068,0.0147802053171744,0.521700720113793));
#3563=CARTESIAN_POINT('',(-0.290281076285068,0.0147802053171744,0.465803247613793));
#3564=CARTESIAN_POINT('',(0.211357298714932,0.0147802053171744,0.521700720113793));
#3565=CARTESIAN_POINT('Origin',(0.211357298714932,-0.0111104844976404,0.409905775113793));
#3566=CARTESIAN_POINT('',(-0.290281076285068,-0.0111104844976405,0.409905775113793));
#3567=CARTESIAN_POINT('',(0.712995673714932,-0.0111104844976404,0.409905775113793));
#3568=CARTESIAN_POINT('Origin',(-0.290281076285068,-0.0111104844976405,
0.465803247613793));
#3569=CARTESIAN_POINT('',(-0.290281076285068,-0.0111104844976404,0.521700720113793));
#3570=CARTESIAN_POINT('Origin',(0.211357298714932,-0.0111104844976404,0.521700720113793));
#3571=CARTESIAN_POINT('',(0.712995673714932,-0.0111104844976403,0.521700720113793));
#3572=CARTESIAN_POINT('Origin',(0.712995673714932,-0.0111104844976403,0.465803247613793));
#3573=CARTESIAN_POINT('',(0.,0.,0.));
#3574=UNCERTAINTY_MEASURE_WITH_UNIT(LENGTH_MEASURE(0.001),#3580,
'DISTANCE_ACCURACY_VALUE',
'Maximum model space distance between geometric entities at asserted c
onnectivities');
#3575=UNCERTAINTY_MEASURE_WITH_UNIT(LENGTH_MEASURE(0.001),#3580,
'DISTANCE_ACCURACY_VALUE',
'Maximum model space distance between geometric entities at asserted c
onnectivities');
#3576=UNCERTAINTY_MEASURE_WITH_UNIT(LENGTH_MEASURE(0.001),#3580,
'DISTANCE_ACCURACY_VALUE',
'Maximum model space distance between geometric entities at asserted c
onnectivities');
#3577=(
GEOMETRIC_REPRESENTATION_CONTEXT(3)
GLOBAL_UNCERTAINTY_ASSIGNED_CONTEXT((#3574))
GLOBAL_UNIT_ASSIGNED_CONTEXT((#3580,#3582,#3583))
REPRESENTATION_CONTEXT('','3D')
);
#3578=(
GEOMETRIC_REPRESENTATION_CONTEXT(3)
GLOBAL_UNCERTAINTY_ASSIGNED_CONTEXT((#3575))
GLOBAL_UNIT_ASSIGNED_CONTEXT((#3580,#3582,#3583))
REPRESENTATION_CONTEXT('','3D')
);
#3579=(
GEOMETRIC_REPRESENTATION_CONTEXT(3)
GLOBAL_UNCERTAINTY_ASSIGNED_CONTEXT((#3576))
GLOBAL_UNIT_ASSIGNED_CONTEXT((#3580,#3582,#3583))
REPRESENTATION_CONTEXT('','3D')
);
#3580=(
LENGTH_UNIT()
NAMED_UNIT(*)
SI_UNIT(.CENTI.,.METRE.)
);
#3581=(
LENGTH_UNIT()
NAMED_UNIT(*)
SI_UNIT($,.METRE.)
);
#3582=(
NAMED_UNIT(*)
PLANE_ANGLE_UNIT()
SI_UNIT($,.RADIAN.)
);
#3583=(
NAMED_UNIT(*)
SI_UNIT($,.STERADIAN.)
SOLID_ANGLE_UNIT()
);
#3584=SHAPE_DEFINITION_REPRESENTATION(#3586,#3589);
#3585=SHAPE_DEFINITION_REPRESENTATION(#3587,#3590);
#3586=PRODUCT_DEFINITION_SHAPE('',$,#3592);
#3587=PRODUCT_DEFINITION_SHAPE('',$,#3593);
#3588=PRODUCT_DEFINITION_SHAPE($,$,#14);
#3589=SHAPE_REPRESENTATION('',(#2230,#2386),#3577);
#3590=SHAPE_REPRESENTATION('',(#2231),#3578);
#3591=PRODUCT_DEFINITION_CONTEXT('part definition',#3599,'design');
#3592=PRODUCT_DEFINITION('2026-06-09-11-57-46-356',
'Shootex Target without eletronics',#3594,#3591);
#3593=PRODUCT_DEFINITION('2026-06-09-11-57-47-041','Component1',#3595,#3591);
#3594=PRODUCT_DEFINITION_FORMATION('',$,#3601);
#3595=PRODUCT_DEFINITION_FORMATION('',$,#3602);
#3596=PRODUCT_RELATED_PRODUCT_CATEGORY(
'Shootex Target without eletronics','Shootex Target without eletronics',
(#3601));
#3597=PRODUCT_RELATED_PRODUCT_CATEGORY('Component1','Component1',(#3602));
#3598=APPLICATION_PROTOCOL_DEFINITION('international standard',
'automotive_design',2009,#3599);
#3599=APPLICATION_CONTEXT(
'Core Data for Automotive Mechanical Design Process');
#3600=PRODUCT_CONTEXT('part definition',#3599,'mechanical');
#3601=PRODUCT('2026-06-09-11-57-46-356',
'Shootex Target without eletronics',$,(#3600));
#3602=PRODUCT('2026-06-09-11-57-47-041','Component1',$,(#3600));
#3603=PRESENTATION_STYLE_ASSIGNMENT((#3606));
#3604=PRESENTATION_STYLE_ASSIGNMENT((#3607));
#3605=PRESENTATION_STYLE_ASSIGNMENT((#3608));
#3606=SURFACE_STYLE_USAGE(.BOTH.,#3609);
#3607=SURFACE_STYLE_USAGE(.BOTH.,#3610);
#3608=SURFACE_STYLE_USAGE(.BOTH.,#3611);
#3609=SURFACE_SIDE_STYLE('',(#3612));
#3610=SURFACE_SIDE_STYLE('',(#3613));
#3611=SURFACE_SIDE_STYLE('',(#3614));
#3612=SURFACE_STYLE_FILL_AREA(#3615);
#3613=SURFACE_STYLE_FILL_AREA(#3616);
#3614=SURFACE_STYLE_FILL_AREA(#3617);
#3615=FILL_AREA_STYLE('Steel - Satin',(#3618));
#3616=FILL_AREA_STYLE('Base Material - Opaque',(#3619));
#3617=FILL_AREA_STYLE('Base Material - Opaque',(#3620));
#3618=FILL_AREA_STYLE_COLOUR('Steel - Satin',#3621);
#3619=FILL_AREA_STYLE_COLOUR('Base Material - Opaque',#3622);
#3620=FILL_AREA_STYLE_COLOUR('Base Material - Opaque',#3623);
#3621=COLOUR_RGB('Steel - Satin',0.627450980392157,0.627450980392157,0.627450980392157);
#3622=COLOUR_RGB('Base Material - Opaque',0.913725490196078,0.113725490196078,
0.176470588235294);
#3623=COLOUR_RGB('Base Material - Opaque',0.96078431372549,0.513725490196078,
0.12156862745098);
ENDSEC;
END-ISO-10303-21;
