ISO-10303-21;
HEADER;
/* Generated by software containing ST-Developer
 * from STEP Tools, Inc. (www.steptools.com) 
 */

FILE_DESCRIPTION(
/* description */ (''),
/* implementation_level */ '2;1');

FILE_NAME(
/* name */ 'Shootex2 back Panel without electronics.step',
/* time_stamp */ '2026-06-09T11:46:59+05:30',
/* author */ (''),
/* organization */ (''),
/* preprocessor_version */ 'ST-DEVELOPER v20.1',
/* originating_system */ 'Autodesk Translation Framework v15.8.0.0',
/* authorisation */ '');

FILE_SCHEMA (('AUTOMOTIVE_DESIGN { 1 0 10303 214 3 1 1 }'));
ENDSEC;

DATA;
#10=MECHANICAL_DESIGN_GEOMETRIC_PRESENTATION_REPRESENTATION('',(#17,#18),
#4653);
#11=ITEM_DEFINED_TRANSFORMATION($,$,#2897,#3104);
#12=(
REPRESENTATION_RELATIONSHIP($,$,#4664,#4663)
REPRESENTATION_RELATIONSHIP_WITH_TRANSFORMATION(#11)
SHAPE_REPRESENTATION_RELATIONSHIP()
);
#13=CONTEXT_DEPENDENT_SHAPE_REPRESENTATION(#12,#4662);
#14=NEXT_ASSEMBLY_USAGE_OCCURRENCE('Component1:1','Component1:1',
'Component1:1',#4666,#4667,'Component1:1');
#15=SHAPE_REPRESENTATION_RELATIONSHIP('SRR','None',#4664,#16);
#16=ADVANCED_BREP_SHAPE_REPRESENTATION('',(#19,#20),#4652);
#17=STYLED_ITEM('',(#4678),#19);
#18=STYLED_ITEM('',(#4678),#20);
#19=MANIFOLD_SOLID_BREP('Body1',#2882);
#20=MANIFOLD_SOLID_BREP('Body61',#2883);
#21=CYLINDRICAL_SURFACE('',#2907,0.13585);
#22=CYLINDRICAL_SURFACE('',#2918,0.13585);
#23=CYLINDRICAL_SURFACE('',#2923,0.13585);
#24=CYLINDRICAL_SURFACE('',#2925,0.13585);
#25=CYLINDRICAL_SURFACE('',#2937,0.13585);
#26=CYLINDRICAL_SURFACE('',#2938,0.13585);
#27=CYLINDRICAL_SURFACE('',#2948,0.13585);
#28=CYLINDRICAL_SURFACE('',#2970,0.13585);
#29=CYLINDRICAL_SURFACE('',#2976,0.13585);
#30=CYLINDRICAL_SURFACE('',#2978,0.13585);
#31=CYLINDRICAL_SURFACE('',#2991,0.13585);
#32=CYLINDRICAL_SURFACE('',#2998,0.13585);
#33=CYLINDRICAL_SURFACE('',#2999,0.13585);
#34=CYLINDRICAL_SURFACE('',#3008,0.13585);
#35=CYLINDRICAL_SURFACE('',#3009,0.13585);
#36=CYLINDRICAL_SURFACE('',#3020,0.13585);
#37=CYLINDRICAL_SURFACE('',#3021,0.13585);
#38=CYLINDRICAL_SURFACE('',#3032,0.13585);
#39=CYLINDRICAL_SURFACE('',#3033,0.13585);
#40=CYLINDRICAL_SURFACE('',#3036,0.13585);
#41=CYLINDRICAL_SURFACE('',#3039,0.13585);
#42=CYLINDRICAL_SURFACE('',#3047,0.13585);
#43=CYLINDRICAL_SURFACE('',#3050,0.13585);
#44=CYLINDRICAL_SURFACE('',#3060,0.13585);
#45=CYLINDRICAL_SURFACE('',#3068,0.13585);
#46=CYLINDRICAL_SURFACE('',#3077,0.13585);
#47=CYLINDRICAL_SURFACE('',#3085,0.13585);
#48=CYLINDRICAL_SURFACE('',#3096,0.13585);
#49=CYLINDRICAL_SURFACE('',#3098,0.13585);
#50=CIRCLE('',#2904,0.13585);
#51=CIRCLE('',#2906,0.13585);
#52=CIRCLE('',#2908,0.13585);
#53=CIRCLE('',#2915,0.13585);
#54=CIRCLE('',#2917,0.13585);
#55=CIRCLE('',#2919,0.13585);
#56=CIRCLE('',#2924,0.13585);
#57=CIRCLE('',#2926,0.13585);
#58=CIRCLE('',#2928,0.13585);
#59=CIRCLE('',#2930,0.13585);
#60=CIRCLE('',#2933,0.13585);
#61=CIRCLE('',#2935,0.13585);
#62=CIRCLE('',#2945,0.13585);
#63=CIRCLE('',#2947,0.13585);
#64=CIRCLE('',#2949,0.13585);
#65=CIRCLE('',#2957,0.13585);
#66=CIRCLE('',#2958,0.13585);
#67=CIRCLE('',#2960,0.13585);
#68=CIRCLE('',#2961,0.13585);
#69=CIRCLE('',#2962,0.13585);
#70=CIRCLE('',#2967,0.13585);
#71=CIRCLE('',#2969,0.13585);
#72=CIRCLE('',#2971,0.13585);
#73=CIRCLE('',#2977,0.13585);
#74=CIRCLE('',#2979,0.13585);
#75=CIRCLE('',#2988,0.13585);
#76=CIRCLE('',#2990,0.13585);
#77=CIRCLE('',#2992,0.13585);
#78=CIRCLE('',#2997,0.13585);
#79=CIRCLE('',#3001,0.13585);
#80=CIRCLE('',#3004,0.13585);
#81=CIRCLE('',#3006,0.13585);
#82=CIRCLE('',#3013,0.13585);
#83=CIRCLE('',#3016,0.13585);
#84=CIRCLE('',#3018,0.13585);
#85=CIRCLE('',#3025,0.13585);
#86=CIRCLE('',#3028,0.13585);
#87=CIRCLE('',#3030,0.13585);
#88=CIRCLE('',#3037,0.13585);
#89=CIRCLE('',#3038,0.13585);
#90=CIRCLE('',#3040,0.13585);
#91=CIRCLE('',#3041,0.13585);
#92=CIRCLE('',#3048,0.13585);
#93=CIRCLE('',#3049,0.13585);
#94=CIRCLE('',#3051,0.13585);
#95=CIRCLE('',#3052,0.13585);
#96=CIRCLE('',#3061,0.13585);
#97=CIRCLE('',#3062,0.13585);
#98=CIRCLE('',#3069,0.13585);
#99=CIRCLE('',#3070,0.13585);
#100=CIRCLE('',#3076,0.13585);
#101=CIRCLE('',#3078,0.13585);
#102=CIRCLE('',#3084,0.13585);
#103=CIRCLE('',#3086,0.13585);
#104=CIRCLE('',#3091,0.13585);
#105=CIRCLE('',#3093,0.13585);
#106=CIRCLE('',#3097,0.13585);
#107=CIRCLE('',#3099,0.13585);
#108=FACE_BOUND('',#324,.T.);
#109=FACE_BOUND('',#325,.T.);
#110=FACE_BOUND('',#327,.T.);
#111=FACE_BOUND('',#328,.T.);
#112=FACE_BOUND('',#330,.T.);
#113=FACE_BOUND('',#331,.T.);
#114=FACE_BOUND('',#332,.T.);
#115=FACE_BOUND('',#333,.T.);
#116=FACE_BOUND('',#334,.T.);
#117=FACE_BOUND('',#338,.T.);
#118=FACE_BOUND('',#340,.T.);
#119=FACE_BOUND('',#345,.T.);
#120=FACE_BOUND('',#349,.T.);
#121=FACE_BOUND('',#351,.T.);
#122=FACE_BOUND('',#356,.T.);
#123=FACE_BOUND('',#360,.T.);
#124=FACE_BOUND('',#361,.T.);
#125=FACE_BOUND('',#362,.T.);
#126=FACE_BOUND('',#364,.T.);
#127=FACE_BOUND('',#367,.T.);
#128=FACE_BOUND('',#369,.T.);
#129=FACE_BOUND('',#379,.T.);
#130=FACE_BOUND('',#381,.T.);
#131=FACE_BOUND('',#386,.T.);
#132=FACE_BOUND('',#391,.T.);
#133=FACE_BOUND('',#392,.T.);
#134=FACE_BOUND('',#394,.T.);
#135=FACE_BOUND('',#395,.T.);
#136=FACE_BOUND('',#396,.T.);
#137=FACE_BOUND('',#398,.T.);
#138=FACE_BOUND('',#402,.T.);
#139=FACE_BOUND('',#404,.T.);
#140=FACE_BOUND('',#409,.T.);
#141=FACE_BOUND('',#416,.T.);
#142=FACE_BOUND('',#417,.T.);
#143=FACE_BOUND('',#420,.T.);
#144=FACE_BOUND('',#424,.T.);
#145=FACE_BOUND('',#426,.T.);
#146=FACE_BOUND('',#431,.T.);
#147=FACE_BOUND('',#433,.T.);
#148=FACE_BOUND('',#434,.T.);
#149=FACE_BOUND('',#435,.T.);
#150=FACE_BOUND('',#439,.T.);
#151=FACE_BOUND('',#442,.T.);
#152=FACE_BOUND('',#444,.T.);
#153=FACE_BOUND('',#451,.T.);
#154=FACE_BOUND('',#454,.T.);
#155=FACE_BOUND('',#456,.T.);
#156=FACE_BOUND('',#463,.T.);
#157=FACE_BOUND('',#466,.T.);
#158=FACE_BOUND('',#468,.T.);
#159=FACE_BOUND('',#477,.T.);
#160=FACE_BOUND('',#478,.T.);
#161=FACE_BOUND('',#480,.T.);
#162=FACE_BOUND('',#481,.T.);
#163=FACE_BOUND('',#488,.T.);
#164=FACE_BOUND('',#489,.T.);
#165=FACE_BOUND('',#491,.T.);
#166=FACE_BOUND('',#492,.T.);
#167=FACE_BOUND('',#502,.T.);
#168=FACE_BOUND('',#509,.T.);
#169=FACE_BOUND('',#512,.T.);
#170=FACE_BOUND('',#519,.T.);
#171=FACE_BOUND('',#525,.T.);
#172=FACE_BOUND('',#527,.T.);
#173=FACE_BOUND('',#533,.T.);
#174=FACE_BOUND('',#537,.T.);
#175=FACE_OUTER_BOUND('',#323,.T.);
#176=FACE_OUTER_BOUND('',#326,.T.);
#177=FACE_OUTER_BOUND('',#329,.T.);
#178=FACE_OUTER_BOUND('',#335,.T.);
#179=FACE_OUTER_BOUND('',#336,.T.);
#180=FACE_OUTER_BOUND('',#337,.T.);
#181=FACE_OUTER_BOUND('',#339,.T.);
#182=FACE_OUTER_BOUND('',#341,.T.);
#183=FACE_OUTER_BOUND('',#342,.T.);
#184=FACE_OUTER_BOUND('',#343,.T.);
#185=FACE_OUTER_BOUND('',#344,.T.);
#186=FACE_OUTER_BOUND('',#346,.T.);
#187=FACE_OUTER_BOUND('',#347,.T.);
#188=FACE_OUTER_BOUND('',#348,.T.);
#189=FACE_OUTER_BOUND('',#350,.T.);
#190=FACE_OUTER_BOUND('',#352,.T.);
#191=FACE_OUTER_BOUND('',#353,.T.);
#192=FACE_OUTER_BOUND('',#354,.T.);
#193=FACE_OUTER_BOUND('',#355,.T.);
#194=FACE_OUTER_BOUND('',#357,.T.);
#195=FACE_OUTER_BOUND('',#358,.T.);
#196=FACE_OUTER_BOUND('',#359,.T.);
#197=FACE_OUTER_BOUND('',#363,.T.);
#198=FACE_OUTER_BOUND('',#365,.T.);
#199=FACE_OUTER_BOUND('',#366,.T.);
#200=FACE_OUTER_BOUND('',#368,.T.);
#201=FACE_OUTER_BOUND('',#370,.T.);
#202=FACE_OUTER_BOUND('',#371,.T.);
#203=FACE_OUTER_BOUND('',#372,.T.);
#204=FACE_OUTER_BOUND('',#373,.T.);
#205=FACE_OUTER_BOUND('',#374,.T.);
#206=FACE_OUTER_BOUND('',#375,.T.);
#207=FACE_OUTER_BOUND('',#376,.T.);
#208=FACE_OUTER_BOUND('',#377,.T.);
#209=FACE_OUTER_BOUND('',#378,.T.);
#210=FACE_OUTER_BOUND('',#380,.T.);
#211=FACE_OUTER_BOUND('',#382,.T.);
#212=FACE_OUTER_BOUND('',#383,.T.);
#213=FACE_OUTER_BOUND('',#384,.T.);
#214=FACE_OUTER_BOUND('',#385,.T.);
#215=FACE_OUTER_BOUND('',#387,.T.);
#216=FACE_OUTER_BOUND('',#388,.T.);
#217=FACE_OUTER_BOUND('',#389,.T.);
#218=FACE_OUTER_BOUND('',#390,.T.);
#219=FACE_OUTER_BOUND('',#393,.T.);
#220=FACE_OUTER_BOUND('',#397,.T.);
#221=FACE_OUTER_BOUND('',#399,.T.);
#222=FACE_OUTER_BOUND('',#400,.T.);
#223=FACE_OUTER_BOUND('',#401,.T.);
#224=FACE_OUTER_BOUND('',#403,.T.);
#225=FACE_OUTER_BOUND('',#405,.T.);
#226=FACE_OUTER_BOUND('',#406,.T.);
#227=FACE_OUTER_BOUND('',#407,.T.);
#228=FACE_OUTER_BOUND('',#408,.T.);
#229=FACE_OUTER_BOUND('',#410,.T.);
#230=FACE_OUTER_BOUND('',#411,.T.);
#231=FACE_OUTER_BOUND('',#412,.T.);
#232=FACE_OUTER_BOUND('',#413,.T.);
#233=FACE_OUTER_BOUND('',#414,.T.);
#234=FACE_OUTER_BOUND('',#415,.T.);
#235=FACE_OUTER_BOUND('',#418,.T.);
#236=FACE_OUTER_BOUND('',#419,.T.);
#237=FACE_OUTER_BOUND('',#421,.T.);
#238=FACE_OUTER_BOUND('',#422,.T.);
#239=FACE_OUTER_BOUND('',#423,.T.);
#240=FACE_OUTER_BOUND('',#425,.T.);
#241=FACE_OUTER_BOUND('',#427,.T.);
#242=FACE_OUTER_BOUND('',#428,.T.);
#243=FACE_OUTER_BOUND('',#429,.T.);
#244=FACE_OUTER_BOUND('',#430,.T.);
#245=FACE_OUTER_BOUND('',#432,.T.);
#246=FACE_OUTER_BOUND('',#436,.T.);
#247=FACE_OUTER_BOUND('',#437,.T.);
#248=FACE_OUTER_BOUND('',#438,.T.);
#249=FACE_OUTER_BOUND('',#440,.T.);
#250=FACE_OUTER_BOUND('',#441,.T.);
#251=FACE_OUTER_BOUND('',#443,.T.);
#252=FACE_OUTER_BOUND('',#445,.T.);
#253=FACE_OUTER_BOUND('',#446,.T.);
#254=FACE_OUTER_BOUND('',#447,.T.);
#255=FACE_OUTER_BOUND('',#448,.T.);
#256=FACE_OUTER_BOUND('',#449,.T.);
#257=FACE_OUTER_BOUND('',#450,.T.);
#258=FACE_OUTER_BOUND('',#452,.T.);
#259=FACE_OUTER_BOUND('',#453,.T.);
#260=FACE_OUTER_BOUND('',#455,.T.);
#261=FACE_OUTER_BOUND('',#457,.T.);
#262=FACE_OUTER_BOUND('',#458,.T.);
#263=FACE_OUTER_BOUND('',#459,.T.);
#264=FACE_OUTER_BOUND('',#460,.T.);
#265=FACE_OUTER_BOUND('',#461,.T.);
#266=FACE_OUTER_BOUND('',#462,.T.);
#267=FACE_OUTER_BOUND('',#464,.T.);
#268=FACE_OUTER_BOUND('',#465,.T.);
#269=FACE_OUTER_BOUND('',#467,.T.);
#270=FACE_OUTER_BOUND('',#469,.T.);
#271=FACE_OUTER_BOUND('',#470,.T.);
#272=FACE_OUTER_BOUND('',#471,.T.);
#273=FACE_OUTER_BOUND('',#472,.T.);
#274=FACE_OUTER_BOUND('',#473,.T.);
#275=FACE_OUTER_BOUND('',#474,.T.);
#276=FACE_OUTER_BOUND('',#475,.T.);
#277=FACE_OUTER_BOUND('',#476,.T.);
#278=FACE_OUTER_BOUND('',#479,.T.);
#279=FACE_OUTER_BOUND('',#482,.T.);
#280=FACE_OUTER_BOUND('',#483,.T.);
#281=FACE_OUTER_BOUND('',#484,.T.);
#282=FACE_OUTER_BOUND('',#485,.T.);
#283=FACE_OUTER_BOUND('',#486,.T.);
#284=FACE_OUTER_BOUND('',#487,.T.);
#285=FACE_OUTER_BOUND('',#490,.T.);
#286=FACE_OUTER_BOUND('',#493,.T.);
#287=FACE_OUTER_BOUND('',#494,.T.);
#288=FACE_OUTER_BOUND('',#495,.T.);
#289=FACE_OUTER_BOUND('',#496,.T.);
#290=FACE_OUTER_BOUND('',#497,.T.);
#291=FACE_OUTER_BOUND('',#498,.T.);
#292=FACE_OUTER_BOUND('',#499,.T.);
#293=FACE_OUTER_BOUND('',#500,.T.);
#294=FACE_OUTER_BOUND('',#501,.T.);
#295=FACE_OUTER_BOUND('',#503,.T.);
#296=FACE_OUTER_BOUND('',#504,.T.);
#297=FACE_OUTER_BOUND('',#505,.T.);
#298=FACE_OUTER_BOUND('',#506,.T.);
#299=FACE_OUTER_BOUND('',#507,.T.);
#300=FACE_OUTER_BOUND('',#508,.T.);
#301=FACE_OUTER_BOUND('',#510,.T.);
#302=FACE_OUTER_BOUND('',#511,.T.);
#303=FACE_OUTER_BOUND('',#513,.T.);
#304=FACE_OUTER_BOUND('',#514,.T.);
#305=FACE_OUTER_BOUND('',#515,.T.);
#306=FACE_OUTER_BOUND('',#516,.T.);
#307=FACE_OUTER_BOUND('',#517,.T.);
#308=FACE_OUTER_BOUND('',#518,.T.);
#309=FACE_OUTER_BOUND('',#520,.T.);
#310=FACE_OUTER_BOUND('',#521,.T.);
#311=FACE_OUTER_BOUND('',#522,.T.);
#312=FACE_OUTER_BOUND('',#523,.T.);
#313=FACE_OUTER_BOUND('',#524,.T.);
#314=FACE_OUTER_BOUND('',#526,.T.);
#315=FACE_OUTER_BOUND('',#528,.T.);
#316=FACE_OUTER_BOUND('',#529,.T.);
#317=FACE_OUTER_BOUND('',#530,.T.);
#318=FACE_OUTER_BOUND('',#531,.T.);
#319=FACE_OUTER_BOUND('',#532,.T.);
#320=FACE_OUTER_BOUND('',#534,.T.);
#321=FACE_OUTER_BOUND('',#535,.T.);
#322=FACE_OUTER_BOUND('',#536,.T.);
#323=EDGE_LOOP('',(#1841,#1842,#1843,#1844,#1845,#1846,#1847,#1848,#1849,
#1850,#1851,#1852));
#324=EDGE_LOOP('',(#1853,#1854,#1855,#1856));
#325=EDGE_LOOP('',(#1857,#1858,#1859,#1860));
#326=EDGE_LOOP('',(#1861,#1862,#1863,#1864,#1865,#1866,#1867,#1868,#1869,
#1870,#1871,#1872));
#327=EDGE_LOOP('',(#1873,#1874,#1875,#1876));
#328=EDGE_LOOP('',(#1877,#1878,#1879,#1880));
#329=EDGE_LOOP('',(#1881,#1882,#1883,#1884,#1885,#1886,#1887,#1888,#1889,
#1890,#1891,#1892));
#330=EDGE_LOOP('',(#1893,#1894,#1895,#1896));
#331=EDGE_LOOP('',(#1897,#1898,#1899,#1900));
#332=EDGE_LOOP('',(#1901,#1902,#1903,#1904));
#333=EDGE_LOOP('',(#1905,#1906,#1907,#1908));
#334=EDGE_LOOP('',(#1909,#1910,#1911,#1912));
#335=EDGE_LOOP('',(#1913,#1914,#1915,#1916,#1917,#1918));
#336=EDGE_LOOP('',(#1919,#1920,#1921,#1922));
#337=EDGE_LOOP('',(#1923,#1924,#1925,#1926));
#338=EDGE_LOOP('',(#1927));
#339=EDGE_LOOP('',(#1928,#1929,#1930,#1931));
#340=EDGE_LOOP('',(#1932));
#341=EDGE_LOOP('',(#1933,#1934,#1935,#1936));
#342=EDGE_LOOP('',(#1937,#1938,#1939,#1940));
#343=EDGE_LOOP('',(#1941,#1942,#1943,#1944,#1945,#1946));
#344=EDGE_LOOP('',(#1947,#1948,#1949,#1950));
#345=EDGE_LOOP('',(#1951));
#346=EDGE_LOOP('',(#1952,#1953,#1954,#1955,#1956,#1957));
#347=EDGE_LOOP('',(#1958,#1959,#1960,#1961));
#348=EDGE_LOOP('',(#1962,#1963,#1964,#1965));
#349=EDGE_LOOP('',(#1966));
#350=EDGE_LOOP('',(#1967,#1968,#1969,#1970));
#351=EDGE_LOOP('',(#1971));
#352=EDGE_LOOP('',(#1972,#1973,#1974,#1975));
#353=EDGE_LOOP('',(#1976,#1977,#1978,#1979));
#354=EDGE_LOOP('',(#1980,#1981,#1982,#1983,#1984,#1985));
#355=EDGE_LOOP('',(#1986,#1987,#1988,#1989));
#356=EDGE_LOOP('',(#1990));
#357=EDGE_LOOP('',(#1991,#1992,#1993,#1994));
#358=EDGE_LOOP('',(#1995,#1996,#1997,#1998));
#359=EDGE_LOOP('',(#1999,#2000,#2001,#2002));
#360=EDGE_LOOP('',(#2003));
#361=EDGE_LOOP('',(#2004));
#362=EDGE_LOOP('',(#2005));
#363=EDGE_LOOP('',(#2006,#2007,#2008,#2009));
#364=EDGE_LOOP('',(#2010));
#365=EDGE_LOOP('',(#2011,#2012,#2013,#2014,#2015,#2016));
#366=EDGE_LOOP('',(#2017,#2018,#2019,#2020));
#367=EDGE_LOOP('',(#2021));
#368=EDGE_LOOP('',(#2022,#2023,#2024,#2025));
#369=EDGE_LOOP('',(#2026));
#370=EDGE_LOOP('',(#2027,#2028,#2029,#2030));
#371=EDGE_LOOP('',(#2031,#2032,#2033,#2034));
#372=EDGE_LOOP('',(#2035,#2036,#2037,#2038));
#373=EDGE_LOOP('',(#2039,#2040,#2041,#2042));
#374=EDGE_LOOP('',(#2043,#2044,#2045,#2046,#2047,#2048));
#375=EDGE_LOOP('',(#2049,#2050,#2051,#2052));
#376=EDGE_LOOP('',(#2053,#2054,#2055,#2056,#2057,#2058));
#377=EDGE_LOOP('',(#2059,#2060,#2061,#2062));
#378=EDGE_LOOP('',(#2063,#2064,#2065,#2066));
#379=EDGE_LOOP('',(#2067));
#380=EDGE_LOOP('',(#2068,#2069,#2070,#2071));
#381=EDGE_LOOP('',(#2072));
#382=EDGE_LOOP('',(#2073,#2074,#2075,#2076));
#383=EDGE_LOOP('',(#2077,#2078,#2079,#2080));
#384=EDGE_LOOP('',(#2081,#2082,#2083,#2084,#2085,#2086));
#385=EDGE_LOOP('',(#2087,#2088,#2089,#2090));
#386=EDGE_LOOP('',(#2091));
#387=EDGE_LOOP('',(#2092,#2093,#2094,#2095));
#388=EDGE_LOOP('',(#2096,#2097,#2098,#2099));
#389=EDGE_LOOP('',(#2100,#2101,#2102,#2103));
#390=EDGE_LOOP('',(#2104,#2105,#2106,#2107));
#391=EDGE_LOOP('',(#2108));
#392=EDGE_LOOP('',(#2109));
#393=EDGE_LOOP('',(#2110,#2111,#2112,#2113));
#394=EDGE_LOOP('',(#2114));
#395=EDGE_LOOP('',(#2115));
#396=EDGE_LOOP('',(#2116));
#397=EDGE_LOOP('',(#2117,#2118,#2119,#2120,#2121,#2122,#2123,#2124,#2125,
#2126,#2127,#2128));
#398=EDGE_LOOP('',(#2129,#2130,#2131,#2132));
#399=EDGE_LOOP('',(#2133,#2134,#2135,#2136,#2137,#2138));
#400=EDGE_LOOP('',(#2139,#2140,#2141,#2142));
#401=EDGE_LOOP('',(#2143,#2144,#2145,#2146));
#402=EDGE_LOOP('',(#2147));
#403=EDGE_LOOP('',(#2148,#2149,#2150,#2151));
#404=EDGE_LOOP('',(#2152));
#405=EDGE_LOOP('',(#2153,#2154,#2155,#2156));
#406=EDGE_LOOP('',(#2157,#2158,#2159,#2160));
#407=EDGE_LOOP('',(#2161,#2162,#2163,#2164,#2165,#2166));
#408=EDGE_LOOP('',(#2167,#2168,#2169,#2170));
#409=EDGE_LOOP('',(#2171));
#410=EDGE_LOOP('',(#2172,#2173,#2174,#2175));
#411=EDGE_LOOP('',(#2176,#2177,#2178,#2179));
#412=EDGE_LOOP('',(#2180,#2181,#2182,#2183));
#413=EDGE_LOOP('',(#2184,#2185,#2186,#2187));
#414=EDGE_LOOP('',(#2188,#2189,#2190,#2191));
#415=EDGE_LOOP('',(#2192,#2193,#2194,#2195));
#416=EDGE_LOOP('',(#2196));
#417=EDGE_LOOP('',(#2197));
#418=EDGE_LOOP('',(#2198,#2199,#2200,#2201));
#419=EDGE_LOOP('',(#2202,#2203,#2204,#2205,#2206,#2207,#2208,#2209,#2210,
#2211,#2212,#2213));
#420=EDGE_LOOP('',(#2214,#2215,#2216,#2217));
#421=EDGE_LOOP('',(#2218,#2219,#2220,#2221,#2222,#2223));
#422=EDGE_LOOP('',(#2224,#2225,#2226,#2227));
#423=EDGE_LOOP('',(#2228,#2229,#2230,#2231));
#424=EDGE_LOOP('',(#2232));
#425=EDGE_LOOP('',(#2233,#2234,#2235,#2236));
#426=EDGE_LOOP('',(#2237));
#427=EDGE_LOOP('',(#2238,#2239,#2240,#2241));
#428=EDGE_LOOP('',(#2242,#2243,#2244,#2245));
#429=EDGE_LOOP('',(#2246,#2247,#2248,#2249,#2250,#2251));
#430=EDGE_LOOP('',(#2252,#2253,#2254,#2255));
#431=EDGE_LOOP('',(#2256));
#432=EDGE_LOOP('',(#2257,#2258,#2259,#2260,#2261,#2262,#2263,#2264,#2265,
#2266,#2267,#2268));
#433=EDGE_LOOP('',(#2269,#2270,#2271,#2272));
#434=EDGE_LOOP('',(#2273));
#435=EDGE_LOOP('',(#2274,#2275,#2276,#2277));
#436=EDGE_LOOP('',(#2278,#2279,#2280,#2281));
#437=EDGE_LOOP('',(#2282,#2283,#2284,#2285));
#438=EDGE_LOOP('',(#2286,#2287,#2288,#2289));
#439=EDGE_LOOP('',(#2290));
#440=EDGE_LOOP('',(#2291,#2292,#2293,#2294,#2295,#2296));
#441=EDGE_LOOP('',(#2297,#2298,#2299,#2300));
#442=EDGE_LOOP('',(#2301));
#443=EDGE_LOOP('',(#2302,#2303,#2304,#2305));
#444=EDGE_LOOP('',(#2306));
#445=EDGE_LOOP('',(#2307,#2308,#2309,#2310));
#446=EDGE_LOOP('',(#2311,#2312,#2313,#2314));
#447=EDGE_LOOP('',(#2315,#2316,#2317,#2318));
#448=EDGE_LOOP('',(#2319,#2320,#2321,#2322));
#449=EDGE_LOOP('',(#2323,#2324,#2325,#2326,#2327,#2328));
#450=EDGE_LOOP('',(#2329,#2330,#2331,#2332));
#451=EDGE_LOOP('',(#2333));
#452=EDGE_LOOP('',(#2334,#2335,#2336,#2337,#2338,#2339));
#453=EDGE_LOOP('',(#2340,#2341,#2342,#2343));
#454=EDGE_LOOP('',(#2344));
#455=EDGE_LOOP('',(#2345,#2346,#2347,#2348));
#456=EDGE_LOOP('',(#2349));
#457=EDGE_LOOP('',(#2350,#2351,#2352,#2353));
#458=EDGE_LOOP('',(#2354,#2355,#2356,#2357));
#459=EDGE_LOOP('',(#2358,#2359,#2360,#2361));
#460=EDGE_LOOP('',(#2362,#2363,#2364,#2365));
#461=EDGE_LOOP('',(#2366,#2367,#2368,#2369,#2370,#2371));
#462=EDGE_LOOP('',(#2372,#2373,#2374,#2375));
#463=EDGE_LOOP('',(#2376));
#464=EDGE_LOOP('',(#2377,#2378,#2379,#2380,#2381,#2382));
#465=EDGE_LOOP('',(#2383,#2384,#2385,#2386));
#466=EDGE_LOOP('',(#2387));
#467=EDGE_LOOP('',(#2388,#2389,#2390,#2391));
#468=EDGE_LOOP('',(#2392));
#469=EDGE_LOOP('',(#2393,#2394,#2395,#2396));
#470=EDGE_LOOP('',(#2397,#2398,#2399,#2400));
#471=EDGE_LOOP('',(#2401,#2402,#2403,#2404));
#472=EDGE_LOOP('',(#2405,#2406,#2407,#2408));
#473=EDGE_LOOP('',(#2409,#2410,#2411,#2412,#2413,#2414));
#474=EDGE_LOOP('',(#2415,#2416,#2417,#2418));
#475=EDGE_LOOP('',(#2419,#2420,#2421,#2422));
#476=EDGE_LOOP('',(#2423,#2424,#2425,#2426));
#477=EDGE_LOOP('',(#2427));
#478=EDGE_LOOP('',(#2428));
#479=EDGE_LOOP('',(#2429,#2430,#2431,#2432));
#480=EDGE_LOOP('',(#2433));
#481=EDGE_LOOP('',(#2434));
#482=EDGE_LOOP('',(#2435,#2436,#2437,#2438));
#483=EDGE_LOOP('',(#2439,#2440,#2441,#2442));
#484=EDGE_LOOP('',(#2443,#2444,#2445,#2446));
#485=EDGE_LOOP('',(#2447,#2448,#2449,#2450));
#486=EDGE_LOOP('',(#2451,#2452,#2453,#2454));
#487=EDGE_LOOP('',(#2455,#2456,#2457,#2458));
#488=EDGE_LOOP('',(#2459));
#489=EDGE_LOOP('',(#2460));
#490=EDGE_LOOP('',(#2461,#2462,#2463,#2464));
#491=EDGE_LOOP('',(#2465));
#492=EDGE_LOOP('',(#2466));
#493=EDGE_LOOP('',(#2467,#2468,#2469,#2470));
#494=EDGE_LOOP('',(#2471,#2472,#2473,#2474));
#495=EDGE_LOOP('',(#2475,#2476,#2477,#2478));
#496=EDGE_LOOP('',(#2479,#2480,#2481,#2482));
#497=EDGE_LOOP('',(#2483,#2484,#2485,#2486));
#498=EDGE_LOOP('',(#2487,#2488,#2489,#2490));
#499=EDGE_LOOP('',(#2491));
#500=EDGE_LOOP('',(#2492,#2493,#2494,#2495));
#501=EDGE_LOOP('',(#2496,#2497,#2498,#2499));
#502=EDGE_LOOP('',(#2500));
#503=EDGE_LOOP('',(#2501,#2502,#2503,#2504));
#504=EDGE_LOOP('',(#2505,#2506,#2507,#2508));
#505=EDGE_LOOP('',(#2509,#2510,#2511,#2512));
#506=EDGE_LOOP('',(#2513));
#507=EDGE_LOOP('',(#2514,#2515,#2516,#2517));
#508=EDGE_LOOP('',(#2518,#2519,#2520,#2521));
#509=EDGE_LOOP('',(#2522));
#510=EDGE_LOOP('',(#2523,#2524,#2525,#2526));
#511=EDGE_LOOP('',(#2527,#2528,#2529,#2530));
#512=EDGE_LOOP('',(#2531));
#513=EDGE_LOOP('',(#2532,#2533,#2534,#2535));
#514=EDGE_LOOP('',(#2536));
#515=EDGE_LOOP('',(#2537,#2538,#2539,#2540));
#516=EDGE_LOOP('',(#2541,#2542,#2543,#2544));
#517=EDGE_LOOP('',(#2545,#2546,#2547,#2548));
#518=EDGE_LOOP('',(#2549,#2550,#2551,#2552));
#519=EDGE_LOOP('',(#2553));
#520=EDGE_LOOP('',(#2554,#2555,#2556,#2557));
#521=EDGE_LOOP('',(#2558));
#522=EDGE_LOOP('',(#2559,#2560,#2561,#2562));
#523=EDGE_LOOP('',(#2563,#2564,#2565,#2566));
#524=EDGE_LOOP('',(#2567,#2568,#2569,#2570));
#525=EDGE_LOOP('',(#2571));
#526=EDGE_LOOP('',(#2572,#2573,#2574,#2575));
#527=EDGE_LOOP('',(#2576));
#528=EDGE_LOOP('',(#2577,#2578,#2579,#2580));
#529=EDGE_LOOP('',(#2581,#2582,#2583,#2584,#2585,#2586));
#530=EDGE_LOOP('',(#2587,#2588,#2589,#2590));
#531=EDGE_LOOP('',(#2591,#2592,#2593,#2594));
#532=EDGE_LOOP('',(#2595,#2596,#2597,#2598));
#533=EDGE_LOOP('',(#2599));
#534=EDGE_LOOP('',(#2600,#2601,#2602,#2603));
#535=EDGE_LOOP('',(#2604,#2605,#2606,#2607,#2608,#2609));
#536=EDGE_LOOP('',(#2610,#2611,#2612,#2613));
#537=EDGE_LOOP('',(#2614));
#538=LINE('',#3857,#867);
#539=LINE('',#3859,#868);
#540=LINE('',#3861,#869);
#541=LINE('',#3863,#870);
#542=LINE('',#3865,#871);
#543=LINE('',#3867,#872);
#544=LINE('',#3869,#873);
#545=LINE('',#3871,#874);
#546=LINE('',#3873,#875);
#547=LINE('',#3875,#876);
#548=LINE('',#3877,#877);
#549=LINE('',#3878,#878);
#550=LINE('',#3881,#879);
#551=LINE('',#3883,#880);
#552=LINE('',#3885,#881);
#553=LINE('',#3886,#882);
#554=LINE('',#3889,#883);
#555=LINE('',#3891,#884);
#556=LINE('',#3893,#885);
#557=LINE('',#3894,#886);
#558=LINE('',#3898,#887);
#559=LINE('',#3900,#888);
#560=LINE('',#3902,#889);
#561=LINE('',#3904,#890);
#562=LINE('',#3906,#891);
#563=LINE('',#3908,#892);
#564=LINE('',#3910,#893);
#565=LINE('',#3912,#894);
#566=LINE('',#3914,#895);
#567=LINE('',#3916,#896);
#568=LINE('',#3918,#897);
#569=LINE('',#3919,#898);
#570=LINE('',#3922,#899);
#571=LINE('',#3924,#900);
#572=LINE('',#3926,#901);
#573=LINE('',#3927,#902);
#574=LINE('',#3930,#903);
#575=LINE('',#3932,#904);
#576=LINE('',#3934,#905);
#577=LINE('',#3935,#906);
#578=LINE('',#3938,#907);
#579=LINE('',#3939,#908);
#580=LINE('',#3941,#909);
#581=LINE('',#3943,#910);
#582=LINE('',#3944,#911);
#583=LINE('',#3945,#912);
#584=LINE('',#3947,#913);
#585=LINE('',#3948,#914);
#586=LINE('',#3951,#915);
#587=LINE('',#3953,#916);
#588=LINE('',#3955,#917);
#589=LINE('',#3956,#918);
#590=LINE('',#3959,#919);
#591=LINE('',#3961,#920);
#592=LINE('',#3963,#921);
#593=LINE('',#3964,#922);
#594=LINE('',#3967,#923);
#595=LINE('',#3969,#924);
#596=LINE('',#3971,#925);
#597=LINE('',#3972,#926);
#598=LINE('',#3975,#927);
#599=LINE('',#3977,#928);
#600=LINE('',#3979,#929);
#601=LINE('',#3980,#930);
#602=LINE('',#3983,#931);
#603=LINE('',#3985,#932);
#604=LINE('',#3987,#933);
#605=LINE('',#3988,#934);
#606=LINE('',#3991,#935);
#607=LINE('',#3993,#936);
#608=LINE('',#3995,#937);
#609=LINE('',#3997,#938);
#610=LINE('',#3998,#939);
#611=LINE('',#4001,#940);
#612=LINE('',#4002,#941);
#613=LINE('',#4005,#942);
#614=LINE('',#4006,#943);
#615=LINE('',#4011,#944);
#616=LINE('',#4012,#945);
#617=LINE('',#4017,#946);
#618=LINE('',#4021,#947);
#619=LINE('',#4022,#948);
#620=LINE('',#4024,#949);
#621=LINE('',#4028,#950);
#622=LINE('',#4030,#951);
#623=LINE('',#4032,#952);
#624=LINE('',#4034,#953);
#625=LINE('',#4035,#954);
#626=LINE('',#4038,#955);
#627=LINE('',#4039,#956);
#628=LINE('',#4042,#957);
#629=LINE('',#4043,#958);
#630=LINE('',#4048,#959);
#631=LINE('',#4049,#960);
#632=LINE('',#4054,#961);
#633=LINE('',#4058,#962);
#634=LINE('',#4059,#963);
#635=LINE('',#4061,#964);
#636=LINE('',#4066,#965);
#637=LINE('',#4070,#966);
#638=LINE('',#4074,#967);
#639=LINE('',#4076,#968);
#640=LINE('',#4078,#969);
#641=LINE('',#4079,#970);
#642=LINE('',#4084,#971);
#643=LINE('',#4086,#972);
#644=LINE('',#4087,#973);
#645=LINE('',#4092,#974);
#646=LINE('',#4094,#975);
#647=LINE('',#4096,#976);
#648=LINE('',#4097,#977);
#649=LINE('',#4101,#978);
#650=LINE('',#4102,#979);
#651=LINE('',#4103,#980);
#652=LINE('',#4108,#981);
#653=LINE('',#4109,#982);
#654=LINE('',#4113,#983);
#655=LINE('',#4115,#984);
#656=LINE('',#4117,#985);
#657=LINE('',#4119,#986);
#658=LINE('',#4123,#987);
#659=LINE('',#4125,#988);
#660=LINE('',#4126,#989);
#661=LINE('',#4129,#990);
#662=LINE('',#4131,#991);
#663=LINE('',#4133,#992);
#664=LINE('',#4135,#993);
#665=LINE('',#4136,#994);
#666=LINE('',#4139,#995);
#667=LINE('',#4140,#996);
#668=LINE('',#4143,#997);
#669=LINE('',#4144,#998);
#670=LINE('',#4149,#999);
#671=LINE('',#4150,#1000);
#672=LINE('',#4155,#1001);
#673=LINE('',#4159,#1002);
#674=LINE('',#4160,#1003);
#675=LINE('',#4162,#1004);
#676=LINE('',#4167,#1005);
#677=LINE('',#4168,#1006);
#678=LINE('',#4169,#1007);
#679=LINE('',#4173,#1008);
#680=LINE('',#4175,#1009);
#681=LINE('',#4177,#1010);
#682=LINE('',#4178,#1011);
#683=LINE('',#4182,#1012);
#684=LINE('',#4183,#1013);
#685=LINE('',#4184,#1014);
#686=LINE('',#4186,#1015);
#687=LINE('',#4187,#1016);
#688=LINE('',#4194,#1017);
#689=LINE('',#4196,#1018);
#690=LINE('',#4197,#1019);
#691=LINE('',#4206,#1020);
#692=LINE('',#4208,#1021);
#693=LINE('',#4210,#1022);
#694=LINE('',#4212,#1023);
#695=LINE('',#4213,#1024);
#696=LINE('',#4214,#1025);
#697=LINE('',#4217,#1026);
#698=LINE('',#4219,#1027);
#699=LINE('',#4221,#1028);
#700=LINE('',#4223,#1029);
#701=LINE('',#4224,#1030);
#702=LINE('',#4227,#1031);
#703=LINE('',#4228,#1032);
#704=LINE('',#4231,#1033);
#705=LINE('',#4232,#1034);
#706=LINE('',#4237,#1035);
#707=LINE('',#4238,#1036);
#708=LINE('',#4243,#1037);
#709=LINE('',#4247,#1038);
#710=LINE('',#4248,#1039);
#711=LINE('',#4250,#1040);
#712=LINE('',#4254,#1041);
#713=LINE('',#4255,#1042);
#714=LINE('',#4259,#1043);
#715=LINE('',#4263,#1044);
#716=LINE('',#4266,#1045);
#717=LINE('',#4267,#1046);
#718=LINE('',#4270,#1047);
#719=LINE('',#4272,#1048);
#720=LINE('',#4273,#1049);
#721=LINE('',#4275,#1050);
#722=LINE('',#4277,#1051);
#723=LINE('',#4279,#1052);
#724=LINE('',#4283,#1053);
#725=LINE('',#4285,#1054);
#726=LINE('',#4287,#1055);
#727=LINE('',#4289,#1056);
#728=LINE('',#4291,#1057);
#729=LINE('',#4292,#1058);
#730=LINE('',#4295,#1059);
#731=LINE('',#4297,#1060);
#732=LINE('',#4298,#1061);
#733=LINE('',#4301,#1062);
#734=LINE('',#4302,#1063);
#735=LINE('',#4307,#1064);
#736=LINE('',#4308,#1065);
#737=LINE('',#4313,#1066);
#738=LINE('',#4317,#1067);
#739=LINE('',#4318,#1068);
#740=LINE('',#4321,#1069);
#741=LINE('',#4322,#1070);
#742=LINE('',#4324,#1071);
#743=LINE('',#4327,#1072);
#744=LINE('',#4329,#1073);
#745=LINE('',#4331,#1074);
#746=LINE('',#4332,#1075);
#747=LINE('',#4334,#1076);
#748=LINE('',#4335,#1077);
#749=LINE('',#4340,#1078);
#750=LINE('',#4342,#1079);
#751=LINE('',#4344,#1080);
#752=LINE('',#4345,#1081);
#753=LINE('',#4347,#1082);
#754=LINE('',#4349,#1083);
#755=LINE('',#4352,#1084);
#756=LINE('',#4354,#1085);
#757=LINE('',#4355,#1086);
#758=LINE('',#4360,#1087);
#759=LINE('',#4362,#1088);
#760=LINE('',#4364,#1089);
#761=LINE('',#4365,#1090);
#762=LINE('',#4369,#1091);
#763=LINE('',#4370,#1092);
#764=LINE('',#4371,#1093);
#765=LINE('',#4376,#1094);
#766=LINE('',#4377,#1095);
#767=LINE('',#4381,#1096);
#768=LINE('',#4383,#1097);
#769=LINE('',#4385,#1098);
#770=LINE('',#4387,#1099);
#771=LINE('',#4391,#1100);
#772=LINE('',#4393,#1101);
#773=LINE('',#4394,#1102);
#774=LINE('',#4399,#1103);
#775=LINE('',#4401,#1104);
#776=LINE('',#4403,#1105);
#777=LINE('',#4404,#1106);
#778=LINE('',#4408,#1107);
#779=LINE('',#4409,#1108);
#780=LINE('',#4410,#1109);
#781=LINE('',#4415,#1110);
#782=LINE('',#4416,#1111);
#783=LINE('',#4420,#1112);
#784=LINE('',#4422,#1113);
#785=LINE('',#4424,#1114);
#786=LINE('',#4426,#1115);
#787=LINE('',#4430,#1116);
#788=LINE('',#4432,#1117);
#789=LINE('',#4433,#1118);
#790=LINE('',#4438,#1119);
#791=LINE('',#4440,#1120);
#792=LINE('',#4442,#1121);
#793=LINE('',#4443,#1122);
#794=LINE('',#4447,#1123);
#795=LINE('',#4448,#1124);
#796=LINE('',#4449,#1125);
#797=LINE('',#4454,#1126);
#798=LINE('',#4455,#1127);
#799=LINE('',#4459,#1128);
#800=LINE('',#4461,#1129);
#801=LINE('',#4463,#1130);
#802=LINE('',#4465,#1131);
#803=LINE('',#4471,#1132);
#804=LINE('',#4477,#1133);
#805=LINE('',#4481,#1134);
#806=LINE('',#4483,#1135);
#807=LINE('',#4484,#1136);
#808=LINE('',#4487,#1137);
#809=LINE('',#4489,#1138);
#810=LINE('',#4490,#1139);
#811=LINE('',#4492,#1140);
#812=LINE('',#4494,#1141);
#813=LINE('',#4500,#1142);
#814=LINE('',#4506,#1143);
#815=LINE('',#4510,#1144);
#816=LINE('',#4512,#1145);
#817=LINE('',#4513,#1146);
#818=LINE('',#4516,#1147);
#819=LINE('',#4518,#1148);
#820=LINE('',#4519,#1149);
#821=LINE('',#4521,#1150);
#822=LINE('',#4523,#1151);
#823=LINE('',#4527,#1152);
#824=LINE('',#4529,#1153);
#825=LINE('',#4530,#1154);
#826=LINE('',#4532,#1155);
#827=LINE('',#4537,#1156);
#828=LINE('',#4541,#1157);
#829=LINE('',#4545,#1158);
#830=LINE('',#4547,#1159);
#831=LINE('',#4548,#1160);
#832=LINE('',#4550,#1161);
#833=LINE('',#4555,#1162);
#834=LINE('',#4559,#1163);
#835=LINE('',#4563,#1164);
#836=LINE('',#4565,#1165);
#837=LINE('',#4566,#1166);
#838=LINE('',#4568,#1167);
#839=LINE('',#4573,#1168);
#840=LINE('',#4577,#1169);
#841=LINE('',#4581,#1170);
#842=LINE('',#4583,#1171);
#843=LINE('',#4584,#1172);
#844=LINE('',#4586,#1173);
#845=LINE('',#4591,#1174);
#846=LINE('',#4595,#1175);
#847=LINE('',#4600,#1176);
#848=LINE('',#4602,#1177);
#849=LINE('',#4604,#1178);
#850=LINE('',#4605,#1179);
#851=LINE('',#4610,#1180);
#852=LINE('',#4612,#1181);
#853=LINE('',#4613,#1182);
#854=LINE('',#4618,#1183);
#855=LINE('',#4620,#1184);
#856=LINE('',#4621,#1185);
#857=LINE('',#4624,#1186);
#858=LINE('',#4626,#1187);
#859=LINE('',#4627,#1188);
#860=LINE('',#4630,#1189);
#861=LINE('',#4634,#1190);
#862=LINE('',#4638,#1191);
#863=LINE('',#4639,#1192);
#864=LINE('',#4642,#1193);
#865=LINE('',#4643,#1194);
#866=LINE('',#4645,#1195);
#867=VECTOR('',#3111,1.);
#868=VECTOR('',#3112,1.);
#869=VECTOR('',#3113,1.);
#870=VECTOR('',#3114,1.);
#871=VECTOR('',#3115,0.4785);
#872=VECTOR('',#3116,1.);
#873=VECTOR('',#3117,1.);
#874=VECTOR('',#3118,1.);
#875=VECTOR('',#3119,1.);
#876=VECTOR('',#3120,1.);
#877=VECTOR('',#3121,0.4785);
#878=VECTOR('',#3122,1.);
#879=VECTOR('',#3123,1.);
#880=VECTOR('',#3124,1.);
#881=VECTOR('',#3125,1.);
#882=VECTOR('',#3126,1.);
#883=VECTOR('',#3127,1.);
#884=VECTOR('',#3128,1.);
#885=VECTOR('',#3129,1.);
#886=VECTOR('',#3130,1.);
#887=VECTOR('',#3133,1.);
#888=VECTOR('',#3134,1.);
#889=VECTOR('',#3135,1.);
#890=VECTOR('',#3136,1.);
#891=VECTOR('',#3137,0.4785);
#892=VECTOR('',#3138,1.);
#893=VECTOR('',#3139,1.);
#894=VECTOR('',#3140,1.);
#895=VECTOR('',#3141,1.);
#896=VECTOR('',#3142,1.);
#897=VECTOR('',#3143,0.4785);
#898=VECTOR('',#3144,1.);
#899=VECTOR('',#3145,1.);
#900=VECTOR('',#3146,1.);
#901=VECTOR('',#3147,1.);
#902=VECTOR('',#3148,1.);
#903=VECTOR('',#3149,1.);
#904=VECTOR('',#3150,1.);
#905=VECTOR('',#3151,1.);
#906=VECTOR('',#3152,1.);
#907=VECTOR('',#3155,1.);
#908=VECTOR('',#3156,0.995);
#909=VECTOR('',#3157,1.);
#910=VECTOR('',#3158,1.);
#911=VECTOR('',#3159,1.);
#912=VECTOR('',#3160,0.995);
#913=VECTOR('',#3161,1.);
#914=VECTOR('',#3162,1.);
#915=VECTOR('',#3163,0.102876311278022);
#916=VECTOR('',#3164,0.015);
#917=VECTOR('',#3165,0.102876311278022);
#918=VECTOR('',#3166,0.015);
#919=VECTOR('',#3167,0.102876311278022);
#920=VECTOR('',#3168,0.015);
#921=VECTOR('',#3169,0.102876311278022);
#922=VECTOR('',#3170,0.015);
#923=VECTOR('',#3171,1.);
#924=VECTOR('',#3172,1.);
#925=VECTOR('',#3173,1.);
#926=VECTOR('',#3174,1.);
#927=VECTOR('',#3175,1.);
#928=VECTOR('',#3176,1.);
#929=VECTOR('',#3177,1.);
#930=VECTOR('',#3178,1.);
#931=VECTOR('',#3179,1.);
#932=VECTOR('',#3180,1.);
#933=VECTOR('',#3181,1.);
#934=VECTOR('',#3182,1.);
#935=VECTOR('',#3185,0.1);
#936=VECTOR('',#3186,1.);
#937=VECTOR('',#3187,1.);
#938=VECTOR('',#3188,0.1);
#939=VECTOR('',#3189,0.1);
#940=VECTOR('',#3192,0.1);
#941=VECTOR('',#3193,1.);
#942=VECTOR('',#3196,1.);
#943=VECTOR('',#3197,0.0400849999999998);
#944=VECTOR('',#3202,1.);
#945=VECTOR('',#3203,1.);
#946=VECTOR('',#3208,0.13585);
#947=VECTOR('',#3213,0.1);
#948=VECTOR('',#3214,0.0399999999999998);
#949=VECTOR('',#3217,0.1);
#950=VECTOR('',#3222,0.1);
#951=VECTOR('',#3223,1.);
#952=VECTOR('',#3224,1.);
#953=VECTOR('',#3225,0.1);
#954=VECTOR('',#3226,0.1);
#955=VECTOR('',#3229,0.1);
#956=VECTOR('',#3230,1.);
#957=VECTOR('',#3233,1.);
#958=VECTOR('',#3234,0.0400849999999998);
#959=VECTOR('',#3239,1.);
#960=VECTOR('',#3240,1.);
#961=VECTOR('',#3245,0.13585);
#962=VECTOR('',#3250,0.1);
#963=VECTOR('',#3251,0.0399999999999998);
#964=VECTOR('',#3254,0.1);
#965=VECTOR('',#3261,0.13585);
#966=VECTOR('',#3266,0.13585);
#967=VECTOR('',#3269,1.);
#968=VECTOR('',#3270,0.995);
#969=VECTOR('',#3271,1.);
#970=VECTOR('',#3272,0.995);
#971=VECTOR('',#3277,0.1);
#972=VECTOR('',#3278,0.0399999999999998);
#973=VECTOR('',#3279,0.1);
#974=VECTOR('',#3284,0.1);
#975=VECTOR('',#3285,1.);
#976=VECTOR('',#3286,1.);
#977=VECTOR('',#3287,0.1);
#978=VECTOR('',#3290,1.);
#979=VECTOR('',#3291,0.0400849999999998);
#980=VECTOR('',#3292,1.);
#981=VECTOR('',#3297,1.);
#982=VECTOR('',#3298,1.);
#983=VECTOR('',#3303,0.1);
#984=VECTOR('',#3306,0.13585);
#985=VECTOR('',#3309,0.13585);
#986=VECTOR('',#3312,0.1);
#987=VECTOR('',#3317,0.4785);
#988=VECTOR('',#3318,0.139999999999999);
#989=VECTOR('',#3319,0.4785);
#990=VECTOR('',#3322,0.1);
#991=VECTOR('',#3323,1.);
#992=VECTOR('',#3324,1.);
#993=VECTOR('',#3325,0.1);
#994=VECTOR('',#3326,0.1);
#995=VECTOR('',#3329,0.1);
#996=VECTOR('',#3330,1.);
#997=VECTOR('',#3333,1.);
#998=VECTOR('',#3334,0.0400849999999998);
#999=VECTOR('',#3339,1.);
#1000=VECTOR('',#3340,1.);
#1001=VECTOR('',#3345,0.13585);
#1002=VECTOR('',#3350,0.1);
#1003=VECTOR('',#3351,0.0399999999999998);
#1004=VECTOR('',#3354,0.1);
#1005=VECTOR('',#3359,0.139999999999999);
#1006=VECTOR('',#3360,0.00400000000000006);
#1007=VECTOR('',#3361,0.00400000000000006);
#1008=VECTOR('',#3364,0.139999999999999);
#1009=VECTOR('',#3365,0.00400000000000006);
#1010=VECTOR('',#3366,0.139999999999999);
#1011=VECTOR('',#3367,0.00400000000000006);
#1012=VECTOR('',#3370,1.);
#1013=VECTOR('',#3371,0.4785);
#1014=VECTOR('',#3372,0.4785);
#1015=VECTOR('',#3375,0.4785);
#1016=VECTOR('',#3376,0.4785);
#1017=VECTOR('',#3383,0.995);
#1018=VECTOR('',#3384,1.);
#1019=VECTOR('',#3385,0.995);
#1020=VECTOR('',#3394,0.4785);
#1021=VECTOR('',#3395,0.00400000000000006);
#1022=VECTOR('',#3396,0.4785);
#1023=VECTOR('',#3397,0.00400000000000006);
#1024=VECTOR('',#3398,0.4785);
#1025=VECTOR('',#3399,0.995);
#1026=VECTOR('',#3402,0.1);
#1027=VECTOR('',#3403,1.);
#1028=VECTOR('',#3404,1.);
#1029=VECTOR('',#3405,0.1);
#1030=VECTOR('',#3406,0.1);
#1031=VECTOR('',#3409,0.1);
#1032=VECTOR('',#3410,1.);
#1033=VECTOR('',#3413,1.);
#1034=VECTOR('',#3414,0.0400849999999998);
#1035=VECTOR('',#3419,1.);
#1036=VECTOR('',#3420,1.);
#1037=VECTOR('',#3425,0.13585);
#1038=VECTOR('',#3430,0.1);
#1039=VECTOR('',#3431,0.0399999999999998);
#1040=VECTOR('',#3434,0.1);
#1041=VECTOR('',#3439,0.4785);
#1042=VECTOR('',#3440,0.139999999999999);
#1043=VECTOR('',#3445,0.13585);
#1044=VECTOR('',#3450,0.13585);
#1045=VECTOR('',#3453,0.00400000000000006);
#1046=VECTOR('',#3454,0.139999999999999);
#1047=VECTOR('',#3457,0.139999999999999);
#1048=VECTOR('',#3458,0.139999999999999);
#1049=VECTOR('',#3459,0.00400000000000006);
#1050=VECTOR('',#3462,0.4785);
#1051=VECTOR('',#3465,0.4785);
#1052=VECTOR('',#3468,0.995);
#1053=VECTOR('',#3471,1.);
#1054=VECTOR('',#3472,0.1);
#1055=VECTOR('',#3473,1.);
#1056=VECTOR('',#3474,1.);
#1057=VECTOR('',#3475,0.1);
#1058=VECTOR('',#3476,0.1);
#1059=VECTOR('',#3479,1.);
#1060=VECTOR('',#3480,0.1);
#1061=VECTOR('',#3481,1.);
#1062=VECTOR('',#3484,1.);
#1063=VECTOR('',#3485,0.0400849999999998);
#1064=VECTOR('',#3490,1.);
#1065=VECTOR('',#3491,1.);
#1066=VECTOR('',#3496,0.13585);
#1067=VECTOR('',#3501,0.1);
#1068=VECTOR('',#3502,0.0399999999999998);
#1069=VECTOR('',#3505,1.);
#1070=VECTOR('',#3506,0.1);
#1071=VECTOR('',#3509,1.);
#1072=VECTOR('',#3512,1.);
#1073=VECTOR('',#3513,1.);
#1074=VECTOR('',#3514,1.);
#1075=VECTOR('',#3515,1.);
#1076=VECTOR('',#3516,1.);
#1077=VECTOR('',#3517,1.);
#1078=VECTOR('',#3520,1.);
#1079=VECTOR('',#3521,1.);
#1080=VECTOR('',#3522,1.);
#1081=VECTOR('',#3523,1.);
#1082=VECTOR('',#3526,0.13585);
#1083=VECTOR('',#3529,0.13585);
#1084=VECTOR('',#3532,0.1);
#1085=VECTOR('',#3533,0.0399999999999998);
#1086=VECTOR('',#3534,0.1);
#1087=VECTOR('',#3539,0.1);
#1088=VECTOR('',#3540,1.);
#1089=VECTOR('',#3541,1.);
#1090=VECTOR('',#3542,0.1);
#1091=VECTOR('',#3545,1.);
#1092=VECTOR('',#3546,0.0400849999999998);
#1093=VECTOR('',#3547,1.);
#1094=VECTOR('',#3552,1.);
#1095=VECTOR('',#3553,1.);
#1096=VECTOR('',#3558,0.1);
#1097=VECTOR('',#3561,0.13585);
#1098=VECTOR('',#3564,0.13585);
#1099=VECTOR('',#3567,0.1);
#1100=VECTOR('',#3572,0.1);
#1101=VECTOR('',#3573,0.0399999999999998);
#1102=VECTOR('',#3574,0.1);
#1103=VECTOR('',#3579,0.1);
#1104=VECTOR('',#3580,1.);
#1105=VECTOR('',#3581,1.);
#1106=VECTOR('',#3582,0.1);
#1107=VECTOR('',#3585,1.);
#1108=VECTOR('',#3586,0.0400849999999998);
#1109=VECTOR('',#3587,1.);
#1110=VECTOR('',#3592,1.);
#1111=VECTOR('',#3593,1.);
#1112=VECTOR('',#3598,0.1);
#1113=VECTOR('',#3601,0.13585);
#1114=VECTOR('',#3604,0.13585);
#1115=VECTOR('',#3607,0.1);
#1116=VECTOR('',#3612,0.1);
#1117=VECTOR('',#3613,0.0399999999999998);
#1118=VECTOR('',#3614,0.1);
#1119=VECTOR('',#3619,0.1);
#1120=VECTOR('',#3620,1.);
#1121=VECTOR('',#3621,1.);
#1122=VECTOR('',#3622,0.1);
#1123=VECTOR('',#3625,1.);
#1124=VECTOR('',#3626,0.0400849999999998);
#1125=VECTOR('',#3627,1.);
#1126=VECTOR('',#3632,1.);
#1127=VECTOR('',#3633,1.);
#1128=VECTOR('',#3638,0.1);
#1129=VECTOR('',#3641,0.13585);
#1130=VECTOR('',#3644,0.13585);
#1131=VECTOR('',#3647,0.1);
#1132=VECTOR('',#3654,0.13585);
#1133=VECTOR('',#3661,0.13585);
#1134=VECTOR('',#3666,0.1);
#1135=VECTOR('',#3667,0.1);
#1136=VECTOR('',#3668,0.102876311278022);
#1137=VECTOR('',#3671,0.1);
#1138=VECTOR('',#3672,0.102876311278022);
#1139=VECTOR('',#3673,0.1);
#1140=VECTOR('',#3676,0.015);
#1141=VECTOR('',#3679,0.015);
#1142=VECTOR('',#3686,0.13585);
#1143=VECTOR('',#3693,0.13585);
#1144=VECTOR('',#3698,0.1);
#1145=VECTOR('',#3699,0.1);
#1146=VECTOR('',#3700,0.102876311278022);
#1147=VECTOR('',#3703,0.1);
#1148=VECTOR('',#3704,0.102876311278022);
#1149=VECTOR('',#3705,0.1);
#1150=VECTOR('',#3708,0.015);
#1151=VECTOR('',#3711,0.015);
#1152=VECTOR('',#3716,0.025);
#1153=VECTOR('',#3717,0.133824996948242);
#1154=VECTOR('',#3718,0.025);
#1155=VECTOR('',#3721,0.025);
#1156=VECTOR('',#3726,0.13585);
#1157=VECTOR('',#3733,0.025);
#1158=VECTOR('',#3738,0.025);
#1159=VECTOR('',#3739,0.133824996948242);
#1160=VECTOR('',#3740,0.025);
#1161=VECTOR('',#3743,0.025);
#1162=VECTOR('',#3748,0.13585);
#1163=VECTOR('',#3755,0.025);
#1164=VECTOR('',#3760,0.025);
#1165=VECTOR('',#3761,0.133824996948242);
#1166=VECTOR('',#3762,0.025);
#1167=VECTOR('',#3765,0.025);
#1168=VECTOR('',#3770,0.13585);
#1169=VECTOR('',#3777,0.025);
#1170=VECTOR('',#3782,0.025);
#1171=VECTOR('',#3783,0.133824996948242);
#1172=VECTOR('',#3784,0.025);
#1173=VECTOR('',#3787,0.025);
#1174=VECTOR('',#3792,0.13585);
#1175=VECTOR('',#3799,0.025);
#1176=VECTOR('',#3804,1.);
#1177=VECTOR('',#3805,0.0400849999999998);
#1178=VECTOR('',#3806,1.);
#1179=VECTOR('',#3807,1.);
#1180=VECTOR('',#3812,1.);
#1181=VECTOR('',#3813,1.);
#1182=VECTOR('',#3814,1.);
#1183=VECTOR('',#3819,0.1);
#1184=VECTOR('',#3820,0.0399999999999998);
#1185=VECTOR('',#3821,0.1);
#1186=VECTOR('',#3824,0.1);
#1187=VECTOR('',#3825,0.1);
#1188=VECTOR('',#3826,0.1);
#1189=VECTOR('',#3829,0.13585);
#1190=VECTOR('',#3834,0.13585);
#1191=VECTOR('',#3839,0.0399999999999998);
#1192=VECTOR('',#3840,0.1);
#1193=VECTOR('',#3843,0.1);
#1194=VECTOR('',#3844,0.0399999999999998);
#1195=VECTOR('',#3847,0.1);
#1196=VERTEX_POINT('',#3855);
#1197=VERTEX_POINT('',#3856);
#1198=VERTEX_POINT('',#3858);
#1199=VERTEX_POINT('',#3860);
#1200=VERTEX_POINT('',#3862);
#1201=VERTEX_POINT('',#3864);
#1202=VERTEX_POINT('',#3866);
#1203=VERTEX_POINT('',#3868);
#1204=VERTEX_POINT('',#3870);
#1205=VERTEX_POINT('',#3872);
#1206=VERTEX_POINT('',#3874);
#1207=VERTEX_POINT('',#3876);
#1208=VERTEX_POINT('',#3879);
#1209=VERTEX_POINT('',#3880);
#1210=VERTEX_POINT('',#3882);
#1211=VERTEX_POINT('',#3884);
#1212=VERTEX_POINT('',#3887);
#1213=VERTEX_POINT('',#3888);
#1214=VERTEX_POINT('',#3890);
#1215=VERTEX_POINT('',#3892);
#1216=VERTEX_POINT('',#3896);
#1217=VERTEX_POINT('',#3897);
#1218=VERTEX_POINT('',#3899);
#1219=VERTEX_POINT('',#3901);
#1220=VERTEX_POINT('',#3903);
#1221=VERTEX_POINT('',#3905);
#1222=VERTEX_POINT('',#3907);
#1223=VERTEX_POINT('',#3909);
#1224=VERTEX_POINT('',#3911);
#1225=VERTEX_POINT('',#3913);
#1226=VERTEX_POINT('',#3915);
#1227=VERTEX_POINT('',#3917);
#1228=VERTEX_POINT('',#3920);
#1229=VERTEX_POINT('',#3921);
#1230=VERTEX_POINT('',#3923);
#1231=VERTEX_POINT('',#3925);
#1232=VERTEX_POINT('',#3928);
#1233=VERTEX_POINT('',#3929);
#1234=VERTEX_POINT('',#3931);
#1235=VERTEX_POINT('',#3933);
#1236=VERTEX_POINT('',#3937);
#1237=VERTEX_POINT('',#3940);
#1238=VERTEX_POINT('',#3942);
#1239=VERTEX_POINT('',#3946);
#1240=VERTEX_POINT('',#3949);
#1241=VERTEX_POINT('',#3950);
#1242=VERTEX_POINT('',#3952);
#1243=VERTEX_POINT('',#3954);
#1244=VERTEX_POINT('',#3957);
#1245=VERTEX_POINT('',#3958);
#1246=VERTEX_POINT('',#3960);
#1247=VERTEX_POINT('',#3962);
#1248=VERTEX_POINT('',#3965);
#1249=VERTEX_POINT('',#3966);
#1250=VERTEX_POINT('',#3968);
#1251=VERTEX_POINT('',#3970);
#1252=VERTEX_POINT('',#3973);
#1253=VERTEX_POINT('',#3974);
#1254=VERTEX_POINT('',#3976);
#1255=VERTEX_POINT('',#3978);
#1256=VERTEX_POINT('',#3981);
#1257=VERTEX_POINT('',#3982);
#1258=VERTEX_POINT('',#3984);
#1259=VERTEX_POINT('',#3986);
#1260=VERTEX_POINT('',#3990);
#1261=VERTEX_POINT('',#3992);
#1262=VERTEX_POINT('',#3994);
#1263=VERTEX_POINT('',#3996);
#1264=VERTEX_POINT('',#4000);
#1265=VERTEX_POINT('',#4004);
#1266=VERTEX_POINT('',#4007);
#1267=VERTEX_POINT('',#4010);
#1268=VERTEX_POINT('',#4013);
#1269=VERTEX_POINT('',#4016);
#1270=VERTEX_POINT('',#4020);
#1271=VERTEX_POINT('',#4027);
#1272=VERTEX_POINT('',#4029);
#1273=VERTEX_POINT('',#4031);
#1274=VERTEX_POINT('',#4033);
#1275=VERTEX_POINT('',#4037);
#1276=VERTEX_POINT('',#4041);
#1277=VERTEX_POINT('',#4044);
#1278=VERTEX_POINT('',#4047);
#1279=VERTEX_POINT('',#4050);
#1280=VERTEX_POINT('',#4053);
#1281=VERTEX_POINT('',#4057);
#1282=VERTEX_POINT('',#4064);
#1283=VERTEX_POINT('',#4068);
#1284=VERTEX_POINT('',#4072);
#1285=VERTEX_POINT('',#4073);
#1286=VERTEX_POINT('',#4075);
#1287=VERTEX_POINT('',#4077);
#1288=VERTEX_POINT('',#4080);
#1289=VERTEX_POINT('',#4083);
#1290=VERTEX_POINT('',#4085);
#1291=VERTEX_POINT('',#4088);
#1292=VERTEX_POINT('',#4091);
#1293=VERTEX_POINT('',#4093);
#1294=VERTEX_POINT('',#4095);
#1295=VERTEX_POINT('',#4099);
#1296=VERTEX_POINT('',#4100);
#1297=VERTEX_POINT('',#4104);
#1298=VERTEX_POINT('',#4107);
#1299=VERTEX_POINT('',#4110);
#1300=VERTEX_POINT('',#4122);
#1301=VERTEX_POINT('',#4124);
#1302=VERTEX_POINT('',#4128);
#1303=VERTEX_POINT('',#4130);
#1304=VERTEX_POINT('',#4132);
#1305=VERTEX_POINT('',#4134);
#1306=VERTEX_POINT('',#4138);
#1307=VERTEX_POINT('',#4142);
#1308=VERTEX_POINT('',#4145);
#1309=VERTEX_POINT('',#4148);
#1310=VERTEX_POINT('',#4151);
#1311=VERTEX_POINT('',#4154);
#1312=VERTEX_POINT('',#4158);
#1313=VERTEX_POINT('',#4165);
#1314=VERTEX_POINT('',#4166);
#1315=VERTEX_POINT('',#4171);
#1316=VERTEX_POINT('',#4172);
#1317=VERTEX_POINT('',#4174);
#1318=VERTEX_POINT('',#4176);
#1319=VERTEX_POINT('',#4180);
#1320=VERTEX_POINT('',#4181);
#1321=VERTEX_POINT('',#4188);
#1322=VERTEX_POINT('',#4190);
#1323=VERTEX_POINT('',#4193);
#1324=VERTEX_POINT('',#4195);
#1325=VERTEX_POINT('',#4198);
#1326=VERTEX_POINT('',#4200);
#1327=VERTEX_POINT('',#4202);
#1328=VERTEX_POINT('',#4205);
#1329=VERTEX_POINT('',#4207);
#1330=VERTEX_POINT('',#4209);
#1331=VERTEX_POINT('',#4211);
#1332=VERTEX_POINT('',#4216);
#1333=VERTEX_POINT('',#4218);
#1334=VERTEX_POINT('',#4220);
#1335=VERTEX_POINT('',#4222);
#1336=VERTEX_POINT('',#4226);
#1337=VERTEX_POINT('',#4230);
#1338=VERTEX_POINT('',#4233);
#1339=VERTEX_POINT('',#4236);
#1340=VERTEX_POINT('',#4239);
#1341=VERTEX_POINT('',#4242);
#1342=VERTEX_POINT('',#4246);
#1343=VERTEX_POINT('',#4253);
#1344=VERTEX_POINT('',#4257);
#1345=VERTEX_POINT('',#4261);
#1346=VERTEX_POINT('',#4265);
#1347=VERTEX_POINT('',#4269);
#1348=VERTEX_POINT('',#4271);
#1349=VERTEX_POINT('',#4281);
#1350=VERTEX_POINT('',#4282);
#1351=VERTEX_POINT('',#4284);
#1352=VERTEX_POINT('',#4286);
#1353=VERTEX_POINT('',#4288);
#1354=VERTEX_POINT('',#4290);
#1355=VERTEX_POINT('',#4294);
#1356=VERTEX_POINT('',#4296);
#1357=VERTEX_POINT('',#4300);
#1358=VERTEX_POINT('',#4303);
#1359=VERTEX_POINT('',#4306);
#1360=VERTEX_POINT('',#4309);
#1361=VERTEX_POINT('',#4312);
#1362=VERTEX_POINT('',#4316);
#1363=VERTEX_POINT('',#4320);
#1364=VERTEX_POINT('',#4326);
#1365=VERTEX_POINT('',#4328);
#1366=VERTEX_POINT('',#4330);
#1367=VERTEX_POINT('',#4333);
#1368=VERTEX_POINT('',#4336);
#1369=VERTEX_POINT('',#4338);
#1370=VERTEX_POINT('',#4339);
#1371=VERTEX_POINT('',#4341);
#1372=VERTEX_POINT('',#4343);
#1373=VERTEX_POINT('',#4351);
#1374=VERTEX_POINT('',#4353);
#1375=VERTEX_POINT('',#4356);
#1376=VERTEX_POINT('',#4359);
#1377=VERTEX_POINT('',#4361);
#1378=VERTEX_POINT('',#4363);
#1379=VERTEX_POINT('',#4367);
#1380=VERTEX_POINT('',#4368);
#1381=VERTEX_POINT('',#4372);
#1382=VERTEX_POINT('',#4375);
#1383=VERTEX_POINT('',#4378);
#1384=VERTEX_POINT('',#4390);
#1385=VERTEX_POINT('',#4392);
#1386=VERTEX_POINT('',#4395);
#1387=VERTEX_POINT('',#4398);
#1388=VERTEX_POINT('',#4400);
#1389=VERTEX_POINT('',#4402);
#1390=VERTEX_POINT('',#4406);
#1391=VERTEX_POINT('',#4407);
#1392=VERTEX_POINT('',#4411);
#1393=VERTEX_POINT('',#4414);
#1394=VERTEX_POINT('',#4417);
#1395=VERTEX_POINT('',#4429);
#1396=VERTEX_POINT('',#4431);
#1397=VERTEX_POINT('',#4434);
#1398=VERTEX_POINT('',#4437);
#1399=VERTEX_POINT('',#4439);
#1400=VERTEX_POINT('',#4441);
#1401=VERTEX_POINT('',#4445);
#1402=VERTEX_POINT('',#4446);
#1403=VERTEX_POINT('',#4450);
#1404=VERTEX_POINT('',#4453);
#1405=VERTEX_POINT('',#4456);
#1406=VERTEX_POINT('',#4468);
#1407=VERTEX_POINT('',#4470);
#1408=VERTEX_POINT('',#4474);
#1409=VERTEX_POINT('',#4476);
#1410=VERTEX_POINT('',#4480);
#1411=VERTEX_POINT('',#4482);
#1412=VERTEX_POINT('',#4486);
#1413=VERTEX_POINT('',#4488);
#1414=VERTEX_POINT('',#4497);
#1415=VERTEX_POINT('',#4499);
#1416=VERTEX_POINT('',#4503);
#1417=VERTEX_POINT('',#4505);
#1418=VERTEX_POINT('',#4509);
#1419=VERTEX_POINT('',#4511);
#1420=VERTEX_POINT('',#4515);
#1421=VERTEX_POINT('',#4517);
#1422=VERTEX_POINT('',#4526);
#1423=VERTEX_POINT('',#4528);
#1424=VERTEX_POINT('',#4534);
#1425=VERTEX_POINT('',#4536);
#1426=VERTEX_POINT('',#4544);
#1427=VERTEX_POINT('',#4546);
#1428=VERTEX_POINT('',#4552);
#1429=VERTEX_POINT('',#4554);
#1430=VERTEX_POINT('',#4562);
#1431=VERTEX_POINT('',#4564);
#1432=VERTEX_POINT('',#4569);
#1433=VERTEX_POINT('',#4572);
#1434=VERTEX_POINT('',#4580);
#1435=VERTEX_POINT('',#4582);
#1436=VERTEX_POINT('',#4587);
#1437=VERTEX_POINT('',#4590);
#1438=VERTEX_POINT('',#4598);
#1439=VERTEX_POINT('',#4599);
#1440=VERTEX_POINT('',#4601);
#1441=VERTEX_POINT('',#4603);
#1442=VERTEX_POINT('',#4606);
#1443=VERTEX_POINT('',#4609);
#1444=VERTEX_POINT('',#4611);
#1445=VERTEX_POINT('',#4614);
#1446=VERTEX_POINT('',#4617);
#1447=VERTEX_POINT('',#4619);
#1448=VERTEX_POINT('',#4623);
#1449=VERTEX_POINT('',#4625);
#1450=VERTEX_POINT('',#4629);
#1451=VERTEX_POINT('',#4633);
#1452=VERTEX_POINT('',#4637);
#1453=VERTEX_POINT('',#4641);
#1454=EDGE_CURVE('',#1196,#1197,#538,.T.);
#1455=EDGE_CURVE('',#1198,#1196,#539,.T.);
#1456=EDGE_CURVE('',#1199,#1198,#540,.T.);
#1457=EDGE_CURVE('',#1199,#1200,#541,.T.);
#1458=EDGE_CURVE('',#1200,#1201,#542,.T.);
#1459=EDGE_CURVE('',#1202,#1201,#543,.T.);
#1460=EDGE_CURVE('',#1203,#1202,#544,.T.);
#1461=EDGE_CURVE('',#1204,#1203,#545,.T.);
#1462=EDGE_CURVE('',#1205,#1204,#546,.T.);
#1463=EDGE_CURVE('',#1206,#1205,#547,.T.);
#1464=EDGE_CURVE('',#1207,#1206,#548,.T.);
#1465=EDGE_CURVE('',#1207,#1197,#549,.T.);
#1466=EDGE_CURVE('',#1208,#1209,#550,.T.);
#1467=EDGE_CURVE('',#1210,#1208,#551,.T.);
#1468=EDGE_CURVE('',#1211,#1210,#552,.T.);
#1469=EDGE_CURVE('',#1209,#1211,#553,.T.);
#1470=EDGE_CURVE('',#1212,#1213,#554,.T.);
#1471=EDGE_CURVE('',#1214,#1212,#555,.T.);
#1472=EDGE_CURVE('',#1215,#1214,#556,.T.);
#1473=EDGE_CURVE('',#1213,#1215,#557,.T.);
#1474=EDGE_CURVE('',#1216,#1217,#558,.T.);
#1475=EDGE_CURVE('',#1218,#1216,#559,.T.);
#1476=EDGE_CURVE('',#1219,#1218,#560,.T.);
#1477=EDGE_CURVE('',#1220,#1219,#561,.T.);
#1478=EDGE_CURVE('',#1221,#1220,#562,.T.);
#1479=EDGE_CURVE('',#1221,#1222,#563,.T.);
#1480=EDGE_CURVE('',#1223,#1222,#564,.T.);
#1481=EDGE_CURVE('',#1224,#1223,#565,.T.);
#1482=EDGE_CURVE('',#1225,#1224,#566,.T.);
#1483=EDGE_CURVE('',#1225,#1226,#567,.T.);
#1484=EDGE_CURVE('',#1226,#1227,#568,.T.);
#1485=EDGE_CURVE('',#1217,#1227,#569,.T.);
#1486=EDGE_CURVE('',#1228,#1229,#570,.T.);
#1487=EDGE_CURVE('',#1229,#1230,#571,.T.);
#1488=EDGE_CURVE('',#1230,#1231,#572,.T.);
#1489=EDGE_CURVE('',#1231,#1228,#573,.T.);
#1490=EDGE_CURVE('',#1232,#1233,#574,.T.);
#1491=EDGE_CURVE('',#1233,#1234,#575,.T.);
#1492=EDGE_CURVE('',#1234,#1235,#576,.T.);
#1493=EDGE_CURVE('',#1235,#1232,#577,.T.);
#1494=EDGE_CURVE('',#1197,#1236,#578,.T.);
#1495=EDGE_CURVE('',#1226,#1207,#579,.T.);
#1496=EDGE_CURVE('',#1237,#1225,#580,.T.);
#1497=EDGE_CURVE('',#1238,#1237,#581,.T.);
#1498=EDGE_CURVE('',#1222,#1238,#582,.T.);
#1499=EDGE_CURVE('',#1221,#1200,#583,.T.);
#1500=EDGE_CURVE('',#1239,#1199,#584,.T.);
#1501=EDGE_CURVE('',#1236,#1239,#585,.T.);
#1502=EDGE_CURVE('',#1240,#1241,#586,.T.);
#1503=EDGE_CURVE('',#1242,#1241,#587,.T.);
#1504=EDGE_CURVE('',#1242,#1243,#588,.T.);
#1505=EDGE_CURVE('',#1243,#1240,#589,.T.);
#1506=EDGE_CURVE('',#1244,#1245,#590,.T.);
#1507=EDGE_CURVE('',#1246,#1245,#591,.T.);
#1508=EDGE_CURVE('',#1246,#1247,#592,.T.);
#1509=EDGE_CURVE('',#1247,#1244,#593,.T.);
#1510=EDGE_CURVE('',#1248,#1249,#594,.T.);
#1511=EDGE_CURVE('',#1249,#1250,#595,.T.);
#1512=EDGE_CURVE('',#1250,#1251,#596,.T.);
#1513=EDGE_CURVE('',#1251,#1248,#597,.T.);
#1514=EDGE_CURVE('',#1252,#1253,#598,.T.);
#1515=EDGE_CURVE('',#1253,#1254,#599,.T.);
#1516=EDGE_CURVE('',#1254,#1255,#600,.T.);
#1517=EDGE_CURVE('',#1255,#1252,#601,.T.);
#1518=EDGE_CURVE('',#1256,#1257,#602,.T.);
#1519=EDGE_CURVE('',#1258,#1256,#603,.T.);
#1520=EDGE_CURVE('',#1259,#1258,#604,.T.);
#1521=EDGE_CURVE('',#1257,#1259,#605,.T.);
#1522=EDGE_CURVE('',#1249,#1260,#606,.T.);
#1523=EDGE_CURVE('',#1260,#1261,#607,.T.);
#1524=EDGE_CURVE('',#1261,#1262,#608,.T.);
#1525=EDGE_CURVE('',#1263,#1262,#609,.T.);
#1526=EDGE_CURVE('',#1250,#1263,#610,.T.);
#1527=EDGE_CURVE('',#1248,#1264,#611,.T.);
#1528=EDGE_CURVE('',#1264,#1260,#612,.T.);
#1529=EDGE_CURVE('',#1265,#1264,#613,.T.);
#1530=EDGE_CURVE('',#1261,#1265,#614,.T.);
#1531=EDGE_CURVE('',#1266,#1266,#50,.T.);
#1532=EDGE_CURVE('',#1267,#1265,#615,.T.);
#1533=EDGE_CURVE('',#1262,#1267,#616,.T.);
#1534=EDGE_CURVE('',#1268,#1268,#51,.T.);
#1535=EDGE_CURVE('',#1268,#1269,#617,.T.);
#1536=EDGE_CURVE('',#1269,#1269,#52,.T.);
#1537=EDGE_CURVE('',#1267,#1270,#618,.T.);
#1538=EDGE_CURVE('',#1270,#1263,#619,.T.);
#1539=EDGE_CURVE('',#1251,#1270,#620,.T.);
#1540=EDGE_CURVE('',#1253,#1271,#621,.T.);
#1541=EDGE_CURVE('',#1271,#1272,#622,.T.);
#1542=EDGE_CURVE('',#1272,#1273,#623,.T.);
#1543=EDGE_CURVE('',#1274,#1273,#624,.T.);
#1544=EDGE_CURVE('',#1254,#1274,#625,.T.);
#1545=EDGE_CURVE('',#1252,#1275,#626,.T.);
#1546=EDGE_CURVE('',#1275,#1271,#627,.T.);
#1547=EDGE_CURVE('',#1276,#1275,#628,.T.);
#1548=EDGE_CURVE('',#1272,#1276,#629,.T.);
#1549=EDGE_CURVE('',#1277,#1277,#53,.T.);
#1550=EDGE_CURVE('',#1278,#1276,#630,.T.);
#1551=EDGE_CURVE('',#1273,#1278,#631,.T.);
#1552=EDGE_CURVE('',#1279,#1279,#54,.T.);
#1553=EDGE_CURVE('',#1279,#1280,#632,.T.);
#1554=EDGE_CURVE('',#1280,#1280,#55,.T.);
#1555=EDGE_CURVE('',#1278,#1281,#633,.T.);
#1556=EDGE_CURVE('',#1281,#1274,#634,.T.);
#1557=EDGE_CURVE('',#1255,#1281,#635,.T.);
#1558=EDGE_CURVE('',#1282,#1282,#56,.T.);
#1559=EDGE_CURVE('',#1282,#1266,#636,.T.);
#1560=EDGE_CURVE('',#1283,#1283,#57,.T.);
#1561=EDGE_CURVE('',#1283,#1277,#637,.T.);
#1562=EDGE_CURVE('',#1284,#1285,#638,.T.);
#1563=EDGE_CURVE('',#1286,#1284,#639,.T.);
#1564=EDGE_CURVE('',#1287,#1286,#640,.T.);
#1565=EDGE_CURVE('',#1287,#1285,#641,.T.);
#1566=EDGE_CURVE('',#1288,#1288,#58,.T.);
#1567=EDGE_CURVE('',#1258,#1289,#642,.T.);
#1568=EDGE_CURVE('',#1290,#1289,#643,.T.);
#1569=EDGE_CURVE('',#1259,#1290,#644,.T.);
#1570=EDGE_CURVE('',#1291,#1291,#59,.T.);
#1571=EDGE_CURVE('',#1256,#1292,#645,.T.);
#1572=EDGE_CURVE('',#1292,#1293,#646,.T.);
#1573=EDGE_CURVE('',#1293,#1294,#647,.T.);
#1574=EDGE_CURVE('',#1289,#1294,#648,.T.);
#1575=EDGE_CURVE('',#1295,#1296,#649,.T.);
#1576=EDGE_CURVE('',#1293,#1295,#650,.T.);
#1577=EDGE_CURVE('',#1296,#1292,#651,.T.);
#1578=EDGE_CURVE('',#1297,#1297,#60,.T.);
#1579=EDGE_CURVE('',#1298,#1295,#652,.T.);
#1580=EDGE_CURVE('',#1294,#1298,#653,.T.);
#1581=EDGE_CURVE('',#1299,#1299,#61,.T.);
#1582=EDGE_CURVE('',#1257,#1296,#654,.T.);
#1583=EDGE_CURVE('',#1299,#1291,#655,.T.);
#1584=EDGE_CURVE('',#1288,#1297,#656,.T.);
#1585=EDGE_CURVE('',#1298,#1290,#657,.T.);
#1586=EDGE_CURVE('',#1300,#1285,#658,.T.);
#1587=EDGE_CURVE('',#1301,#1300,#659,.T.);
#1588=EDGE_CURVE('',#1301,#1284,#660,.T.);
#1589=EDGE_CURVE('',#1233,#1302,#661,.T.);
#1590=EDGE_CURVE('',#1302,#1303,#662,.T.);
#1591=EDGE_CURVE('',#1303,#1304,#663,.T.);
#1592=EDGE_CURVE('',#1305,#1304,#664,.T.);
#1593=EDGE_CURVE('',#1234,#1305,#665,.T.);
#1594=EDGE_CURVE('',#1232,#1306,#666,.T.);
#1595=EDGE_CURVE('',#1306,#1302,#667,.T.);
#1596=EDGE_CURVE('',#1307,#1306,#668,.T.);
#1597=EDGE_CURVE('',#1303,#1307,#669,.T.);
#1598=EDGE_CURVE('',#1308,#1308,#62,.T.);
#1599=EDGE_CURVE('',#1309,#1307,#670,.T.);
#1600=EDGE_CURVE('',#1304,#1309,#671,.T.);
#1601=EDGE_CURVE('',#1310,#1310,#63,.T.);
#1602=EDGE_CURVE('',#1310,#1311,#672,.T.);
#1603=EDGE_CURVE('',#1311,#1311,#64,.T.);
#1604=EDGE_CURVE('',#1309,#1312,#673,.T.);
#1605=EDGE_CURVE('',#1312,#1305,#674,.T.);
#1606=EDGE_CURVE('',#1235,#1312,#675,.T.);
#1607=EDGE_CURVE('',#1313,#1314,#676,.T.);
#1608=EDGE_CURVE('',#1314,#1301,#677,.T.);
#1609=EDGE_CURVE('',#1300,#1313,#678,.T.);
#1610=EDGE_CURVE('',#1315,#1316,#679,.T.);
#1611=EDGE_CURVE('',#1316,#1317,#680,.T.);
#1612=EDGE_CURVE('',#1317,#1318,#681,.T.);
#1613=EDGE_CURVE('',#1318,#1315,#682,.T.);
#1614=EDGE_CURVE('',#1319,#1320,#683,.T.);
#1615=EDGE_CURVE('',#1319,#1318,#684,.T.);
#1616=EDGE_CURVE('',#1320,#1317,#685,.T.);
#1617=EDGE_CURVE('',#1313,#1316,#686,.T.);
#1618=EDGE_CURVE('',#1314,#1315,#687,.T.);
#1619=EDGE_CURVE('',#1321,#1321,#65,.T.);
#1620=EDGE_CURVE('',#1322,#1322,#66,.T.);
#1621=EDGE_CURVE('',#1323,#1320,#688,.T.);
#1622=EDGE_CURVE('',#1323,#1324,#689,.T.);
#1623=EDGE_CURVE('',#1324,#1319,#690,.T.);
#1624=EDGE_CURVE('',#1325,#1325,#67,.T.);
#1625=EDGE_CURVE('',#1326,#1326,#68,.T.);
#1626=EDGE_CURVE('',#1327,#1327,#69,.T.);
#1627=EDGE_CURVE('',#1328,#1287,#691,.T.);
#1628=EDGE_CURVE('',#1329,#1328,#692,.T.);
#1629=EDGE_CURVE('',#1329,#1330,#693,.T.);
#1630=EDGE_CURVE('',#1331,#1330,#694,.T.);
#1631=EDGE_CURVE('',#1323,#1331,#695,.T.);
#1632=EDGE_CURVE('',#1227,#1206,#696,.T.);
#1633=EDGE_CURVE('',#1229,#1332,#697,.T.);
#1634=EDGE_CURVE('',#1332,#1333,#698,.T.);
#1635=EDGE_CURVE('',#1333,#1334,#699,.T.);
#1636=EDGE_CURVE('',#1335,#1334,#700,.T.);
#1637=EDGE_CURVE('',#1230,#1335,#701,.T.);
#1638=EDGE_CURVE('',#1228,#1336,#702,.T.);
#1639=EDGE_CURVE('',#1336,#1332,#703,.T.);
#1640=EDGE_CURVE('',#1337,#1336,#704,.T.);
#1641=EDGE_CURVE('',#1333,#1337,#705,.T.);
#1642=EDGE_CURVE('',#1338,#1338,#70,.T.);
#1643=EDGE_CURVE('',#1339,#1337,#706,.T.);
#1644=EDGE_CURVE('',#1334,#1339,#707,.T.);
#1645=EDGE_CURVE('',#1340,#1340,#71,.T.);
#1646=EDGE_CURVE('',#1340,#1341,#708,.T.);
#1647=EDGE_CURVE('',#1341,#1341,#72,.T.);
#1648=EDGE_CURVE('',#1339,#1342,#709,.T.);
#1649=EDGE_CURVE('',#1342,#1335,#710,.T.);
#1650=EDGE_CURVE('',#1231,#1342,#711,.T.);
#1651=EDGE_CURVE('',#1343,#1286,#712,.T.);
#1652=EDGE_CURVE('',#1328,#1343,#713,.T.);
#1653=EDGE_CURVE('',#1344,#1344,#73,.T.);
#1654=EDGE_CURVE('',#1344,#1308,#714,.T.);
#1655=EDGE_CURVE('',#1345,#1345,#74,.T.);
#1656=EDGE_CURVE('',#1345,#1338,#715,.T.);
#1657=EDGE_CURVE('',#1343,#1346,#716,.T.);
#1658=EDGE_CURVE('',#1346,#1329,#717,.T.);
#1659=EDGE_CURVE('',#1347,#1331,#718,.T.);
#1660=EDGE_CURVE('',#1330,#1348,#719,.T.);
#1661=EDGE_CURVE('',#1348,#1347,#720,.T.);
#1662=EDGE_CURVE('',#1346,#1348,#721,.T.);
#1663=EDGE_CURVE('',#1324,#1347,#722,.T.);
#1664=EDGE_CURVE('',#1220,#1201,#723,.T.);
#1665=EDGE_CURVE('',#1349,#1350,#724,.T.);
#1666=EDGE_CURVE('',#1349,#1351,#725,.T.);
#1667=EDGE_CURVE('',#1351,#1352,#726,.T.);
#1668=EDGE_CURVE('',#1352,#1353,#727,.T.);
#1669=EDGE_CURVE('',#1354,#1353,#728,.T.);
#1670=EDGE_CURVE('',#1350,#1354,#729,.T.);
#1671=EDGE_CURVE('',#1355,#1349,#730,.T.);
#1672=EDGE_CURVE('',#1355,#1356,#731,.T.);
#1673=EDGE_CURVE('',#1356,#1351,#732,.T.);
#1674=EDGE_CURVE('',#1357,#1356,#733,.T.);
#1675=EDGE_CURVE('',#1352,#1357,#734,.T.);
#1676=EDGE_CURVE('',#1358,#1358,#75,.T.);
#1677=EDGE_CURVE('',#1359,#1357,#735,.T.);
#1678=EDGE_CURVE('',#1353,#1359,#736,.T.);
#1679=EDGE_CURVE('',#1360,#1360,#76,.T.);
#1680=EDGE_CURVE('',#1360,#1361,#737,.T.);
#1681=EDGE_CURVE('',#1361,#1361,#77,.T.);
#1682=EDGE_CURVE('',#1359,#1362,#738,.T.);
#1683=EDGE_CURVE('',#1362,#1354,#739,.T.);
#1684=EDGE_CURVE('',#1363,#1355,#740,.T.);
#1685=EDGE_CURVE('',#1363,#1362,#741,.T.);
#1686=EDGE_CURVE('',#1350,#1363,#742,.T.);
#1687=EDGE_CURVE('',#1217,#1364,#743,.T.);
#1688=EDGE_CURVE('',#1365,#1205,#744,.T.);
#1689=EDGE_CURVE('',#1366,#1365,#745,.T.);
#1690=EDGE_CURVE('',#1202,#1366,#746,.T.);
#1691=EDGE_CURVE('',#1367,#1219,#747,.T.);
#1692=EDGE_CURVE('',#1364,#1367,#748,.T.);
#1693=EDGE_CURVE('',#1368,#1368,#78,.T.);
#1694=EDGE_CURVE('',#1369,#1370,#749,.T.);
#1695=EDGE_CURVE('',#1371,#1369,#750,.T.);
#1696=EDGE_CURVE('',#1372,#1371,#751,.T.);
#1697=EDGE_CURVE('',#1370,#1372,#752,.T.);
#1698=EDGE_CURVE('',#1368,#1325,#753,.T.);
#1699=EDGE_CURVE('',#1358,#1326,#754,.T.);
#1700=EDGE_CURVE('',#1371,#1373,#755,.T.);
#1701=EDGE_CURVE('',#1374,#1373,#756,.T.);
#1702=EDGE_CURVE('',#1372,#1374,#757,.T.);
#1703=EDGE_CURVE('',#1375,#1375,#79,.T.);
#1704=EDGE_CURVE('',#1369,#1376,#758,.T.);
#1705=EDGE_CURVE('',#1376,#1377,#759,.T.);
#1706=EDGE_CURVE('',#1377,#1378,#760,.T.);
#1707=EDGE_CURVE('',#1373,#1378,#761,.T.);
#1708=EDGE_CURVE('',#1379,#1380,#762,.T.);
#1709=EDGE_CURVE('',#1377,#1379,#763,.T.);
#1710=EDGE_CURVE('',#1380,#1376,#764,.T.);
#1711=EDGE_CURVE('',#1381,#1381,#80,.T.);
#1712=EDGE_CURVE('',#1382,#1379,#765,.T.);
#1713=EDGE_CURVE('',#1378,#1382,#766,.T.);
#1714=EDGE_CURVE('',#1383,#1383,#81,.T.);
#1715=EDGE_CURVE('',#1370,#1380,#767,.T.);
#1716=EDGE_CURVE('',#1383,#1375,#768,.T.);
#1717=EDGE_CURVE('',#1381,#1327,#769,.T.);
#1718=EDGE_CURVE('',#1382,#1374,#770,.T.);
#1719=EDGE_CURVE('',#1210,#1384,#771,.T.);
#1720=EDGE_CURVE('',#1385,#1384,#772,.T.);
#1721=EDGE_CURVE('',#1211,#1385,#773,.T.);
#1722=EDGE_CURVE('',#1386,#1386,#82,.T.);
#1723=EDGE_CURVE('',#1208,#1387,#774,.T.);
#1724=EDGE_CURVE('',#1387,#1388,#775,.T.);
#1725=EDGE_CURVE('',#1388,#1389,#776,.T.);
#1726=EDGE_CURVE('',#1384,#1389,#777,.T.);
#1727=EDGE_CURVE('',#1390,#1391,#778,.T.);
#1728=EDGE_CURVE('',#1388,#1390,#779,.T.);
#1729=EDGE_CURVE('',#1391,#1387,#780,.T.);
#1730=EDGE_CURVE('',#1392,#1392,#83,.T.);
#1731=EDGE_CURVE('',#1393,#1390,#781,.T.);
#1732=EDGE_CURVE('',#1389,#1393,#782,.T.);
#1733=EDGE_CURVE('',#1394,#1394,#84,.T.);
#1734=EDGE_CURVE('',#1209,#1391,#783,.T.);
#1735=EDGE_CURVE('',#1394,#1386,#784,.T.);
#1736=EDGE_CURVE('',#1392,#1322,#785,.T.);
#1737=EDGE_CURVE('',#1393,#1385,#786,.T.);
#1738=EDGE_CURVE('',#1214,#1395,#787,.T.);
#1739=EDGE_CURVE('',#1396,#1395,#788,.T.);
#1740=EDGE_CURVE('',#1215,#1396,#789,.T.);
#1741=EDGE_CURVE('',#1397,#1397,#85,.T.);
#1742=EDGE_CURVE('',#1212,#1398,#790,.T.);
#1743=EDGE_CURVE('',#1398,#1399,#791,.T.);
#1744=EDGE_CURVE('',#1399,#1400,#792,.T.);
#1745=EDGE_CURVE('',#1395,#1400,#793,.T.);
#1746=EDGE_CURVE('',#1401,#1402,#794,.T.);
#1747=EDGE_CURVE('',#1399,#1401,#795,.T.);
#1748=EDGE_CURVE('',#1402,#1398,#796,.T.);
#1749=EDGE_CURVE('',#1403,#1403,#86,.T.);
#1750=EDGE_CURVE('',#1404,#1401,#797,.T.);
#1751=EDGE_CURVE('',#1400,#1404,#798,.T.);
#1752=EDGE_CURVE('',#1405,#1405,#87,.T.);
#1753=EDGE_CURVE('',#1213,#1402,#799,.T.);
#1754=EDGE_CURVE('',#1405,#1397,#800,.T.);
#1755=EDGE_CURVE('',#1403,#1321,#801,.T.);
#1756=EDGE_CURVE('',#1404,#1396,#802,.T.);
#1757=EDGE_CURVE('',#1406,#1406,#88,.T.);
#1758=EDGE_CURVE('',#1406,#1407,#803,.T.);
#1759=EDGE_CURVE('',#1407,#1407,#89,.T.);
#1760=EDGE_CURVE('',#1408,#1408,#90,.T.);
#1761=EDGE_CURVE('',#1408,#1409,#804,.T.);
#1762=EDGE_CURVE('',#1409,#1409,#91,.T.);
#1763=EDGE_CURVE('',#1247,#1410,#805,.T.);
#1764=EDGE_CURVE('',#1411,#1246,#806,.T.);
#1765=EDGE_CURVE('',#1410,#1411,#807,.T.);
#1766=EDGE_CURVE('',#1412,#1244,#808,.T.);
#1767=EDGE_CURVE('',#1413,#1412,#809,.T.);
#1768=EDGE_CURVE('',#1245,#1413,#810,.T.);
#1769=EDGE_CURVE('',#1411,#1413,#811,.T.);
#1770=EDGE_CURVE('',#1410,#1412,#812,.T.);
#1771=EDGE_CURVE('',#1414,#1414,#92,.T.);
#1772=EDGE_CURVE('',#1414,#1415,#813,.T.);
#1773=EDGE_CURVE('',#1415,#1415,#93,.T.);
#1774=EDGE_CURVE('',#1416,#1416,#94,.T.);
#1775=EDGE_CURVE('',#1416,#1417,#814,.T.);
#1776=EDGE_CURVE('',#1417,#1417,#95,.T.);
#1777=EDGE_CURVE('',#1243,#1418,#815,.T.);
#1778=EDGE_CURVE('',#1419,#1242,#816,.T.);
#1779=EDGE_CURVE('',#1418,#1419,#817,.T.);
#1780=EDGE_CURVE('',#1420,#1240,#818,.T.);
#1781=EDGE_CURVE('',#1421,#1420,#819,.T.);
#1782=EDGE_CURVE('',#1241,#1421,#820,.T.);
#1783=EDGE_CURVE('',#1419,#1421,#821,.T.);
#1784=EDGE_CURVE('',#1418,#1420,#822,.T.);
#1785=EDGE_CURVE('',#1237,#1422,#823,.T.);
#1786=EDGE_CURVE('',#1423,#1422,#824,.T.);
#1787=EDGE_CURVE('',#1238,#1423,#825,.T.);
#1788=EDGE_CURVE('',#1422,#1224,#826,.T.);
#1789=EDGE_CURVE('',#1424,#1424,#96,.T.);
#1790=EDGE_CURVE('',#1424,#1425,#827,.T.);
#1791=EDGE_CURVE('',#1425,#1425,#97,.T.);
#1792=EDGE_CURVE('',#1223,#1423,#828,.T.);
#1793=EDGE_CURVE('',#1426,#1365,#829,.T.);
#1794=EDGE_CURVE('',#1427,#1426,#830,.T.);
#1795=EDGE_CURVE('',#1427,#1366,#831,.T.);
#1796=EDGE_CURVE('',#1426,#1204,#832,.T.);
#1797=EDGE_CURVE('',#1428,#1428,#98,.T.);
#1798=EDGE_CURVE('',#1428,#1429,#833,.T.);
#1799=EDGE_CURVE('',#1429,#1429,#99,.T.);
#1800=EDGE_CURVE('',#1203,#1427,#834,.T.);
#1801=EDGE_CURVE('',#1430,#1367,#835,.T.);
#1802=EDGE_CURVE('',#1431,#1430,#836,.T.);
#1803=EDGE_CURVE('',#1431,#1364,#837,.T.);
#1804=EDGE_CURVE('',#1430,#1218,#838,.T.);
#1805=EDGE_CURVE('',#1432,#1432,#100,.T.);
#1806=EDGE_CURVE('',#1432,#1433,#839,.T.);
#1807=EDGE_CURVE('',#1433,#1433,#101,.T.);
#1808=EDGE_CURVE('',#1216,#1431,#840,.T.);
#1809=EDGE_CURVE('',#1239,#1434,#841,.T.);
#1810=EDGE_CURVE('',#1435,#1434,#842,.T.);
#1811=EDGE_CURVE('',#1236,#1435,#843,.T.);
#1812=EDGE_CURVE('',#1434,#1198,#844,.T.);
#1813=EDGE_CURVE('',#1436,#1436,#102,.T.);
#1814=EDGE_CURVE('',#1436,#1437,#845,.T.);
#1815=EDGE_CURVE('',#1437,#1437,#103,.T.);
#1816=EDGE_CURVE('',#1196,#1435,#846,.T.);
#1817=EDGE_CURVE('',#1438,#1439,#847,.T.);
#1818=EDGE_CURVE('',#1440,#1438,#848,.T.);
#1819=EDGE_CURVE('',#1441,#1440,#849,.T.);
#1820=EDGE_CURVE('',#1439,#1441,#850,.T.);
#1821=EDGE_CURVE('',#1442,#1442,#104,.T.);
#1822=EDGE_CURVE('',#1443,#1438,#851,.T.);
#1823=EDGE_CURVE('',#1444,#1443,#852,.T.);
#1824=EDGE_CURVE('',#1440,#1444,#853,.T.);
#1825=EDGE_CURVE('',#1445,#1445,#105,.T.);
#1826=EDGE_CURVE('',#1446,#1441,#854,.T.);
#1827=EDGE_CURVE('',#1447,#1446,#855,.T.);
#1828=EDGE_CURVE('',#1447,#1439,#856,.T.);
#1829=EDGE_CURVE('',#1448,#1444,#857,.T.);
#1830=EDGE_CURVE('',#1449,#1448,#858,.T.);
#1831=EDGE_CURVE('',#1446,#1449,#859,.T.);
#1832=EDGE_CURVE('',#1445,#1450,#860,.T.);
#1833=EDGE_CURVE('',#1450,#1450,#106,.T.);
#1834=EDGE_CURVE('',#1442,#1451,#861,.T.);
#1835=EDGE_CURVE('',#1451,#1451,#107,.T.);
#1836=EDGE_CURVE('',#1449,#1452,#862,.T.);
#1837=EDGE_CURVE('',#1452,#1447,#863,.T.);
#1838=EDGE_CURVE('',#1443,#1453,#864,.T.);
#1839=EDGE_CURVE('',#1453,#1448,#865,.T.);
#1840=EDGE_CURVE('',#1452,#1453,#866,.T.);
#1841=ORIENTED_EDGE('',*,*,#1454,.F.);
#1842=ORIENTED_EDGE('',*,*,#1455,.F.);
#1843=ORIENTED_EDGE('',*,*,#1456,.F.);
#1844=ORIENTED_EDGE('',*,*,#1457,.T.);
#1845=ORIENTED_EDGE('',*,*,#1458,.T.);
#1846=ORIENTED_EDGE('',*,*,#1459,.F.);
#1847=ORIENTED_EDGE('',*,*,#1460,.F.);
#1848=ORIENTED_EDGE('',*,*,#1461,.F.);
#1849=ORIENTED_EDGE('',*,*,#1462,.F.);
#1850=ORIENTED_EDGE('',*,*,#1463,.F.);
#1851=ORIENTED_EDGE('',*,*,#1464,.F.);
#1852=ORIENTED_EDGE('',*,*,#1465,.T.);
#1853=ORIENTED_EDGE('',*,*,#1466,.F.);
#1854=ORIENTED_EDGE('',*,*,#1467,.F.);
#1855=ORIENTED_EDGE('',*,*,#1468,.F.);
#1856=ORIENTED_EDGE('',*,*,#1469,.F.);
#1857=ORIENTED_EDGE('',*,*,#1470,.F.);
#1858=ORIENTED_EDGE('',*,*,#1471,.F.);
#1859=ORIENTED_EDGE('',*,*,#1472,.F.);
#1860=ORIENTED_EDGE('',*,*,#1473,.F.);
#1861=ORIENTED_EDGE('',*,*,#1474,.F.);
#1862=ORIENTED_EDGE('',*,*,#1475,.F.);
#1863=ORIENTED_EDGE('',*,*,#1476,.F.);
#1864=ORIENTED_EDGE('',*,*,#1477,.F.);
#1865=ORIENTED_EDGE('',*,*,#1478,.F.);
#1866=ORIENTED_EDGE('',*,*,#1479,.T.);
#1867=ORIENTED_EDGE('',*,*,#1480,.F.);
#1868=ORIENTED_EDGE('',*,*,#1481,.F.);
#1869=ORIENTED_EDGE('',*,*,#1482,.F.);
#1870=ORIENTED_EDGE('',*,*,#1483,.T.);
#1871=ORIENTED_EDGE('',*,*,#1484,.T.);
#1872=ORIENTED_EDGE('',*,*,#1485,.F.);
#1873=ORIENTED_EDGE('',*,*,#1486,.T.);
#1874=ORIENTED_EDGE('',*,*,#1487,.T.);
#1875=ORIENTED_EDGE('',*,*,#1488,.T.);
#1876=ORIENTED_EDGE('',*,*,#1489,.T.);
#1877=ORIENTED_EDGE('',*,*,#1490,.T.);
#1878=ORIENTED_EDGE('',*,*,#1491,.T.);
#1879=ORIENTED_EDGE('',*,*,#1492,.T.);
#1880=ORIENTED_EDGE('',*,*,#1493,.T.);
#1881=ORIENTED_EDGE('',*,*,#1494,.F.);
#1882=ORIENTED_EDGE('',*,*,#1465,.F.);
#1883=ORIENTED_EDGE('',*,*,#1495,.F.);
#1884=ORIENTED_EDGE('',*,*,#1483,.F.);
#1885=ORIENTED_EDGE('',*,*,#1496,.F.);
#1886=ORIENTED_EDGE('',*,*,#1497,.F.);
#1887=ORIENTED_EDGE('',*,*,#1498,.F.);
#1888=ORIENTED_EDGE('',*,*,#1479,.F.);
#1889=ORIENTED_EDGE('',*,*,#1499,.T.);
#1890=ORIENTED_EDGE('',*,*,#1457,.F.);
#1891=ORIENTED_EDGE('',*,*,#1500,.F.);
#1892=ORIENTED_EDGE('',*,*,#1501,.F.);
#1893=ORIENTED_EDGE('',*,*,#1502,.T.);
#1894=ORIENTED_EDGE('',*,*,#1503,.F.);
#1895=ORIENTED_EDGE('',*,*,#1504,.T.);
#1896=ORIENTED_EDGE('',*,*,#1505,.T.);
#1897=ORIENTED_EDGE('',*,*,#1506,.T.);
#1898=ORIENTED_EDGE('',*,*,#1507,.F.);
#1899=ORIENTED_EDGE('',*,*,#1508,.T.);
#1900=ORIENTED_EDGE('',*,*,#1509,.T.);
#1901=ORIENTED_EDGE('',*,*,#1510,.T.);
#1902=ORIENTED_EDGE('',*,*,#1511,.T.);
#1903=ORIENTED_EDGE('',*,*,#1512,.T.);
#1904=ORIENTED_EDGE('',*,*,#1513,.T.);
#1905=ORIENTED_EDGE('',*,*,#1514,.T.);
#1906=ORIENTED_EDGE('',*,*,#1515,.T.);
#1907=ORIENTED_EDGE('',*,*,#1516,.T.);
#1908=ORIENTED_EDGE('',*,*,#1517,.T.);
#1909=ORIENTED_EDGE('',*,*,#1518,.F.);
#1910=ORIENTED_EDGE('',*,*,#1519,.F.);
#1911=ORIENTED_EDGE('',*,*,#1520,.F.);
#1912=ORIENTED_EDGE('',*,*,#1521,.F.);
#1913=ORIENTED_EDGE('',*,*,#1511,.F.);
#1914=ORIENTED_EDGE('',*,*,#1522,.T.);
#1915=ORIENTED_EDGE('',*,*,#1523,.T.);
#1916=ORIENTED_EDGE('',*,*,#1524,.T.);
#1917=ORIENTED_EDGE('',*,*,#1525,.F.);
#1918=ORIENTED_EDGE('',*,*,#1526,.F.);
#1919=ORIENTED_EDGE('',*,*,#1510,.F.);
#1920=ORIENTED_EDGE('',*,*,#1527,.T.);
#1921=ORIENTED_EDGE('',*,*,#1528,.T.);
#1922=ORIENTED_EDGE('',*,*,#1522,.F.);
#1923=ORIENTED_EDGE('',*,*,#1529,.F.);
#1924=ORIENTED_EDGE('',*,*,#1530,.F.);
#1925=ORIENTED_EDGE('',*,*,#1523,.F.);
#1926=ORIENTED_EDGE('',*,*,#1528,.F.);
#1927=ORIENTED_EDGE('',*,*,#1531,.F.);
#1928=ORIENTED_EDGE('',*,*,#1532,.F.);
#1929=ORIENTED_EDGE('',*,*,#1533,.F.);
#1930=ORIENTED_EDGE('',*,*,#1524,.F.);
#1931=ORIENTED_EDGE('',*,*,#1530,.T.);
#1932=ORIENTED_EDGE('',*,*,#1534,.F.);
#1933=ORIENTED_EDGE('',*,*,#1534,.T.);
#1934=ORIENTED_EDGE('',*,*,#1535,.T.);
#1935=ORIENTED_EDGE('',*,*,#1536,.F.);
#1936=ORIENTED_EDGE('',*,*,#1535,.F.);
#1937=ORIENTED_EDGE('',*,*,#1533,.T.);
#1938=ORIENTED_EDGE('',*,*,#1537,.T.);
#1939=ORIENTED_EDGE('',*,*,#1538,.T.);
#1940=ORIENTED_EDGE('',*,*,#1525,.T.);
#1941=ORIENTED_EDGE('',*,*,#1513,.F.);
#1942=ORIENTED_EDGE('',*,*,#1539,.T.);
#1943=ORIENTED_EDGE('',*,*,#1537,.F.);
#1944=ORIENTED_EDGE('',*,*,#1532,.T.);
#1945=ORIENTED_EDGE('',*,*,#1529,.T.);
#1946=ORIENTED_EDGE('',*,*,#1527,.F.);
#1947=ORIENTED_EDGE('',*,*,#1512,.F.);
#1948=ORIENTED_EDGE('',*,*,#1526,.T.);
#1949=ORIENTED_EDGE('',*,*,#1538,.F.);
#1950=ORIENTED_EDGE('',*,*,#1539,.F.);
#1951=ORIENTED_EDGE('',*,*,#1536,.T.);
#1952=ORIENTED_EDGE('',*,*,#1515,.F.);
#1953=ORIENTED_EDGE('',*,*,#1540,.T.);
#1954=ORIENTED_EDGE('',*,*,#1541,.T.);
#1955=ORIENTED_EDGE('',*,*,#1542,.T.);
#1956=ORIENTED_EDGE('',*,*,#1543,.F.);
#1957=ORIENTED_EDGE('',*,*,#1544,.F.);
#1958=ORIENTED_EDGE('',*,*,#1514,.F.);
#1959=ORIENTED_EDGE('',*,*,#1545,.T.);
#1960=ORIENTED_EDGE('',*,*,#1546,.T.);
#1961=ORIENTED_EDGE('',*,*,#1540,.F.);
#1962=ORIENTED_EDGE('',*,*,#1547,.F.);
#1963=ORIENTED_EDGE('',*,*,#1548,.F.);
#1964=ORIENTED_EDGE('',*,*,#1541,.F.);
#1965=ORIENTED_EDGE('',*,*,#1546,.F.);
#1966=ORIENTED_EDGE('',*,*,#1549,.F.);
#1967=ORIENTED_EDGE('',*,*,#1550,.F.);
#1968=ORIENTED_EDGE('',*,*,#1551,.F.);
#1969=ORIENTED_EDGE('',*,*,#1542,.F.);
#1970=ORIENTED_EDGE('',*,*,#1548,.T.);
#1971=ORIENTED_EDGE('',*,*,#1552,.F.);
#1972=ORIENTED_EDGE('',*,*,#1552,.T.);
#1973=ORIENTED_EDGE('',*,*,#1553,.T.);
#1974=ORIENTED_EDGE('',*,*,#1554,.F.);
#1975=ORIENTED_EDGE('',*,*,#1553,.F.);
#1976=ORIENTED_EDGE('',*,*,#1551,.T.);
#1977=ORIENTED_EDGE('',*,*,#1555,.T.);
#1978=ORIENTED_EDGE('',*,*,#1556,.T.);
#1979=ORIENTED_EDGE('',*,*,#1543,.T.);
#1980=ORIENTED_EDGE('',*,*,#1517,.F.);
#1981=ORIENTED_EDGE('',*,*,#1557,.T.);
#1982=ORIENTED_EDGE('',*,*,#1555,.F.);
#1983=ORIENTED_EDGE('',*,*,#1550,.T.);
#1984=ORIENTED_EDGE('',*,*,#1547,.T.);
#1985=ORIENTED_EDGE('',*,*,#1545,.F.);
#1986=ORIENTED_EDGE('',*,*,#1516,.F.);
#1987=ORIENTED_EDGE('',*,*,#1544,.T.);
#1988=ORIENTED_EDGE('',*,*,#1556,.F.);
#1989=ORIENTED_EDGE('',*,*,#1557,.F.);
#1990=ORIENTED_EDGE('',*,*,#1554,.T.);
#1991=ORIENTED_EDGE('',*,*,#1558,.F.);
#1992=ORIENTED_EDGE('',*,*,#1559,.T.);
#1993=ORIENTED_EDGE('',*,*,#1531,.T.);
#1994=ORIENTED_EDGE('',*,*,#1559,.F.);
#1995=ORIENTED_EDGE('',*,*,#1560,.F.);
#1996=ORIENTED_EDGE('',*,*,#1561,.T.);
#1997=ORIENTED_EDGE('',*,*,#1549,.T.);
#1998=ORIENTED_EDGE('',*,*,#1561,.F.);
#1999=ORIENTED_EDGE('',*,*,#1562,.F.);
#2000=ORIENTED_EDGE('',*,*,#1563,.F.);
#2001=ORIENTED_EDGE('',*,*,#1564,.F.);
#2002=ORIENTED_EDGE('',*,*,#1565,.T.);
#2003=ORIENTED_EDGE('',*,*,#1558,.T.);
#2004=ORIENTED_EDGE('',*,*,#1560,.T.);
#2005=ORIENTED_EDGE('',*,*,#1566,.T.);
#2006=ORIENTED_EDGE('',*,*,#1520,.T.);
#2007=ORIENTED_EDGE('',*,*,#1567,.T.);
#2008=ORIENTED_EDGE('',*,*,#1568,.F.);
#2009=ORIENTED_EDGE('',*,*,#1569,.F.);
#2010=ORIENTED_EDGE('',*,*,#1570,.T.);
#2011=ORIENTED_EDGE('',*,*,#1519,.T.);
#2012=ORIENTED_EDGE('',*,*,#1571,.T.);
#2013=ORIENTED_EDGE('',*,*,#1572,.T.);
#2014=ORIENTED_EDGE('',*,*,#1573,.T.);
#2015=ORIENTED_EDGE('',*,*,#1574,.F.);
#2016=ORIENTED_EDGE('',*,*,#1567,.F.);
#2017=ORIENTED_EDGE('',*,*,#1575,.F.);
#2018=ORIENTED_EDGE('',*,*,#1576,.F.);
#2019=ORIENTED_EDGE('',*,*,#1572,.F.);
#2020=ORIENTED_EDGE('',*,*,#1577,.F.);
#2021=ORIENTED_EDGE('',*,*,#1578,.F.);
#2022=ORIENTED_EDGE('',*,*,#1579,.F.);
#2023=ORIENTED_EDGE('',*,*,#1580,.F.);
#2024=ORIENTED_EDGE('',*,*,#1573,.F.);
#2025=ORIENTED_EDGE('',*,*,#1576,.T.);
#2026=ORIENTED_EDGE('',*,*,#1581,.F.);
#2027=ORIENTED_EDGE('',*,*,#1518,.T.);
#2028=ORIENTED_EDGE('',*,*,#1582,.T.);
#2029=ORIENTED_EDGE('',*,*,#1577,.T.);
#2030=ORIENTED_EDGE('',*,*,#1571,.F.);
#2031=ORIENTED_EDGE('',*,*,#1581,.T.);
#2032=ORIENTED_EDGE('',*,*,#1583,.T.);
#2033=ORIENTED_EDGE('',*,*,#1570,.F.);
#2034=ORIENTED_EDGE('',*,*,#1583,.F.);
#2035=ORIENTED_EDGE('',*,*,#1566,.F.);
#2036=ORIENTED_EDGE('',*,*,#1584,.T.);
#2037=ORIENTED_EDGE('',*,*,#1578,.T.);
#2038=ORIENTED_EDGE('',*,*,#1584,.F.);
#2039=ORIENTED_EDGE('',*,*,#1580,.T.);
#2040=ORIENTED_EDGE('',*,*,#1585,.T.);
#2041=ORIENTED_EDGE('',*,*,#1568,.T.);
#2042=ORIENTED_EDGE('',*,*,#1574,.T.);
#2043=ORIENTED_EDGE('',*,*,#1521,.T.);
#2044=ORIENTED_EDGE('',*,*,#1569,.T.);
#2045=ORIENTED_EDGE('',*,*,#1585,.F.);
#2046=ORIENTED_EDGE('',*,*,#1579,.T.);
#2047=ORIENTED_EDGE('',*,*,#1575,.T.);
#2048=ORIENTED_EDGE('',*,*,#1582,.F.);
#2049=ORIENTED_EDGE('',*,*,#1562,.T.);
#2050=ORIENTED_EDGE('',*,*,#1586,.F.);
#2051=ORIENTED_EDGE('',*,*,#1587,.F.);
#2052=ORIENTED_EDGE('',*,*,#1588,.T.);
#2053=ORIENTED_EDGE('',*,*,#1491,.F.);
#2054=ORIENTED_EDGE('',*,*,#1589,.T.);
#2055=ORIENTED_EDGE('',*,*,#1590,.T.);
#2056=ORIENTED_EDGE('',*,*,#1591,.T.);
#2057=ORIENTED_EDGE('',*,*,#1592,.F.);
#2058=ORIENTED_EDGE('',*,*,#1593,.F.);
#2059=ORIENTED_EDGE('',*,*,#1490,.F.);
#2060=ORIENTED_EDGE('',*,*,#1594,.T.);
#2061=ORIENTED_EDGE('',*,*,#1595,.T.);
#2062=ORIENTED_EDGE('',*,*,#1589,.F.);
#2063=ORIENTED_EDGE('',*,*,#1596,.F.);
#2064=ORIENTED_EDGE('',*,*,#1597,.F.);
#2065=ORIENTED_EDGE('',*,*,#1590,.F.);
#2066=ORIENTED_EDGE('',*,*,#1595,.F.);
#2067=ORIENTED_EDGE('',*,*,#1598,.F.);
#2068=ORIENTED_EDGE('',*,*,#1599,.F.);
#2069=ORIENTED_EDGE('',*,*,#1600,.F.);
#2070=ORIENTED_EDGE('',*,*,#1591,.F.);
#2071=ORIENTED_EDGE('',*,*,#1597,.T.);
#2072=ORIENTED_EDGE('',*,*,#1601,.F.);
#2073=ORIENTED_EDGE('',*,*,#1601,.T.);
#2074=ORIENTED_EDGE('',*,*,#1602,.T.);
#2075=ORIENTED_EDGE('',*,*,#1603,.F.);
#2076=ORIENTED_EDGE('',*,*,#1602,.F.);
#2077=ORIENTED_EDGE('',*,*,#1600,.T.);
#2078=ORIENTED_EDGE('',*,*,#1604,.T.);
#2079=ORIENTED_EDGE('',*,*,#1605,.T.);
#2080=ORIENTED_EDGE('',*,*,#1592,.T.);
#2081=ORIENTED_EDGE('',*,*,#1493,.F.);
#2082=ORIENTED_EDGE('',*,*,#1606,.T.);
#2083=ORIENTED_EDGE('',*,*,#1604,.F.);
#2084=ORIENTED_EDGE('',*,*,#1599,.T.);
#2085=ORIENTED_EDGE('',*,*,#1596,.T.);
#2086=ORIENTED_EDGE('',*,*,#1594,.F.);
#2087=ORIENTED_EDGE('',*,*,#1492,.F.);
#2088=ORIENTED_EDGE('',*,*,#1593,.T.);
#2089=ORIENTED_EDGE('',*,*,#1605,.F.);
#2090=ORIENTED_EDGE('',*,*,#1606,.F.);
#2091=ORIENTED_EDGE('',*,*,#1603,.T.);
#2092=ORIENTED_EDGE('',*,*,#1607,.T.);
#2093=ORIENTED_EDGE('',*,*,#1608,.T.);
#2094=ORIENTED_EDGE('',*,*,#1587,.T.);
#2095=ORIENTED_EDGE('',*,*,#1609,.T.);
#2096=ORIENTED_EDGE('',*,*,#1610,.T.);
#2097=ORIENTED_EDGE('',*,*,#1611,.T.);
#2098=ORIENTED_EDGE('',*,*,#1612,.T.);
#2099=ORIENTED_EDGE('',*,*,#1613,.T.);
#2100=ORIENTED_EDGE('',*,*,#1614,.F.);
#2101=ORIENTED_EDGE('',*,*,#1615,.T.);
#2102=ORIENTED_EDGE('',*,*,#1612,.F.);
#2103=ORIENTED_EDGE('',*,*,#1616,.F.);
#2104=ORIENTED_EDGE('',*,*,#1617,.T.);
#2105=ORIENTED_EDGE('',*,*,#1610,.F.);
#2106=ORIENTED_EDGE('',*,*,#1618,.F.);
#2107=ORIENTED_EDGE('',*,*,#1607,.F.);
#2108=ORIENTED_EDGE('',*,*,#1619,.T.);
#2109=ORIENTED_EDGE('',*,*,#1620,.T.);
#2110=ORIENTED_EDGE('',*,*,#1614,.T.);
#2111=ORIENTED_EDGE('',*,*,#1621,.F.);
#2112=ORIENTED_EDGE('',*,*,#1622,.T.);
#2113=ORIENTED_EDGE('',*,*,#1623,.T.);
#2114=ORIENTED_EDGE('',*,*,#1624,.T.);
#2115=ORIENTED_EDGE('',*,*,#1625,.T.);
#2116=ORIENTED_EDGE('',*,*,#1626,.T.);
#2117=ORIENTED_EDGE('',*,*,#1565,.F.);
#2118=ORIENTED_EDGE('',*,*,#1627,.F.);
#2119=ORIENTED_EDGE('',*,*,#1628,.F.);
#2120=ORIENTED_EDGE('',*,*,#1629,.T.);
#2121=ORIENTED_EDGE('',*,*,#1630,.F.);
#2122=ORIENTED_EDGE('',*,*,#1631,.F.);
#2123=ORIENTED_EDGE('',*,*,#1621,.T.);
#2124=ORIENTED_EDGE('',*,*,#1616,.T.);
#2125=ORIENTED_EDGE('',*,*,#1611,.F.);
#2126=ORIENTED_EDGE('',*,*,#1617,.F.);
#2127=ORIENTED_EDGE('',*,*,#1609,.F.);
#2128=ORIENTED_EDGE('',*,*,#1586,.T.);
#2129=ORIENTED_EDGE('',*,*,#1464,.T.);
#2130=ORIENTED_EDGE('',*,*,#1632,.F.);
#2131=ORIENTED_EDGE('',*,*,#1484,.F.);
#2132=ORIENTED_EDGE('',*,*,#1495,.T.);
#2133=ORIENTED_EDGE('',*,*,#1487,.F.);
#2134=ORIENTED_EDGE('',*,*,#1633,.T.);
#2135=ORIENTED_EDGE('',*,*,#1634,.T.);
#2136=ORIENTED_EDGE('',*,*,#1635,.T.);
#2137=ORIENTED_EDGE('',*,*,#1636,.F.);
#2138=ORIENTED_EDGE('',*,*,#1637,.F.);
#2139=ORIENTED_EDGE('',*,*,#1486,.F.);
#2140=ORIENTED_EDGE('',*,*,#1638,.T.);
#2141=ORIENTED_EDGE('',*,*,#1639,.T.);
#2142=ORIENTED_EDGE('',*,*,#1633,.F.);
#2143=ORIENTED_EDGE('',*,*,#1640,.F.);
#2144=ORIENTED_EDGE('',*,*,#1641,.F.);
#2145=ORIENTED_EDGE('',*,*,#1634,.F.);
#2146=ORIENTED_EDGE('',*,*,#1639,.F.);
#2147=ORIENTED_EDGE('',*,*,#1642,.F.);
#2148=ORIENTED_EDGE('',*,*,#1643,.F.);
#2149=ORIENTED_EDGE('',*,*,#1644,.F.);
#2150=ORIENTED_EDGE('',*,*,#1635,.F.);
#2151=ORIENTED_EDGE('',*,*,#1641,.T.);
#2152=ORIENTED_EDGE('',*,*,#1645,.F.);
#2153=ORIENTED_EDGE('',*,*,#1645,.T.);
#2154=ORIENTED_EDGE('',*,*,#1646,.T.);
#2155=ORIENTED_EDGE('',*,*,#1647,.F.);
#2156=ORIENTED_EDGE('',*,*,#1646,.F.);
#2157=ORIENTED_EDGE('',*,*,#1644,.T.);
#2158=ORIENTED_EDGE('',*,*,#1648,.T.);
#2159=ORIENTED_EDGE('',*,*,#1649,.T.);
#2160=ORIENTED_EDGE('',*,*,#1636,.T.);
#2161=ORIENTED_EDGE('',*,*,#1489,.F.);
#2162=ORIENTED_EDGE('',*,*,#1650,.T.);
#2163=ORIENTED_EDGE('',*,*,#1648,.F.);
#2164=ORIENTED_EDGE('',*,*,#1643,.T.);
#2165=ORIENTED_EDGE('',*,*,#1640,.T.);
#2166=ORIENTED_EDGE('',*,*,#1638,.F.);
#2167=ORIENTED_EDGE('',*,*,#1488,.F.);
#2168=ORIENTED_EDGE('',*,*,#1637,.T.);
#2169=ORIENTED_EDGE('',*,*,#1649,.F.);
#2170=ORIENTED_EDGE('',*,*,#1650,.F.);
#2171=ORIENTED_EDGE('',*,*,#1647,.T.);
#2172=ORIENTED_EDGE('',*,*,#1564,.T.);
#2173=ORIENTED_EDGE('',*,*,#1651,.F.);
#2174=ORIENTED_EDGE('',*,*,#1652,.F.);
#2175=ORIENTED_EDGE('',*,*,#1627,.T.);
#2176=ORIENTED_EDGE('',*,*,#1653,.F.);
#2177=ORIENTED_EDGE('',*,*,#1654,.T.);
#2178=ORIENTED_EDGE('',*,*,#1598,.T.);
#2179=ORIENTED_EDGE('',*,*,#1654,.F.);
#2180=ORIENTED_EDGE('',*,*,#1655,.F.);
#2181=ORIENTED_EDGE('',*,*,#1656,.T.);
#2182=ORIENTED_EDGE('',*,*,#1642,.T.);
#2183=ORIENTED_EDGE('',*,*,#1656,.F.);
#2184=ORIENTED_EDGE('',*,*,#1652,.T.);
#2185=ORIENTED_EDGE('',*,*,#1657,.T.);
#2186=ORIENTED_EDGE('',*,*,#1658,.T.);
#2187=ORIENTED_EDGE('',*,*,#1628,.T.);
#2188=ORIENTED_EDGE('',*,*,#1659,.T.);
#2189=ORIENTED_EDGE('',*,*,#1630,.T.);
#2190=ORIENTED_EDGE('',*,*,#1660,.T.);
#2191=ORIENTED_EDGE('',*,*,#1661,.T.);
#2192=ORIENTED_EDGE('',*,*,#1662,.T.);
#2193=ORIENTED_EDGE('',*,*,#1660,.F.);
#2194=ORIENTED_EDGE('',*,*,#1629,.F.);
#2195=ORIENTED_EDGE('',*,*,#1658,.F.);
#2196=ORIENTED_EDGE('',*,*,#1653,.T.);
#2197=ORIENTED_EDGE('',*,*,#1655,.T.);
#2198=ORIENTED_EDGE('',*,*,#1622,.F.);
#2199=ORIENTED_EDGE('',*,*,#1631,.T.);
#2200=ORIENTED_EDGE('',*,*,#1659,.F.);
#2201=ORIENTED_EDGE('',*,*,#1663,.F.);
#2202=ORIENTED_EDGE('',*,*,#1588,.F.);
#2203=ORIENTED_EDGE('',*,*,#1608,.F.);
#2204=ORIENTED_EDGE('',*,*,#1618,.T.);
#2205=ORIENTED_EDGE('',*,*,#1613,.F.);
#2206=ORIENTED_EDGE('',*,*,#1615,.F.);
#2207=ORIENTED_EDGE('',*,*,#1623,.F.);
#2208=ORIENTED_EDGE('',*,*,#1663,.T.);
#2209=ORIENTED_EDGE('',*,*,#1661,.F.);
#2210=ORIENTED_EDGE('',*,*,#1662,.F.);
#2211=ORIENTED_EDGE('',*,*,#1657,.F.);
#2212=ORIENTED_EDGE('',*,*,#1651,.T.);
#2213=ORIENTED_EDGE('',*,*,#1563,.T.);
#2214=ORIENTED_EDGE('',*,*,#1499,.F.);
#2215=ORIENTED_EDGE('',*,*,#1478,.T.);
#2216=ORIENTED_EDGE('',*,*,#1664,.T.);
#2217=ORIENTED_EDGE('',*,*,#1458,.F.);
#2218=ORIENTED_EDGE('',*,*,#1665,.F.);
#2219=ORIENTED_EDGE('',*,*,#1666,.T.);
#2220=ORIENTED_EDGE('',*,*,#1667,.T.);
#2221=ORIENTED_EDGE('',*,*,#1668,.T.);
#2222=ORIENTED_EDGE('',*,*,#1669,.F.);
#2223=ORIENTED_EDGE('',*,*,#1670,.F.);
#2224=ORIENTED_EDGE('',*,*,#1671,.F.);
#2225=ORIENTED_EDGE('',*,*,#1672,.T.);
#2226=ORIENTED_EDGE('',*,*,#1673,.T.);
#2227=ORIENTED_EDGE('',*,*,#1666,.F.);
#2228=ORIENTED_EDGE('',*,*,#1674,.F.);
#2229=ORIENTED_EDGE('',*,*,#1675,.F.);
#2230=ORIENTED_EDGE('',*,*,#1667,.F.);
#2231=ORIENTED_EDGE('',*,*,#1673,.F.);
#2232=ORIENTED_EDGE('',*,*,#1676,.F.);
#2233=ORIENTED_EDGE('',*,*,#1677,.F.);
#2234=ORIENTED_EDGE('',*,*,#1678,.F.);
#2235=ORIENTED_EDGE('',*,*,#1668,.F.);
#2236=ORIENTED_EDGE('',*,*,#1675,.T.);
#2237=ORIENTED_EDGE('',*,*,#1679,.F.);
#2238=ORIENTED_EDGE('',*,*,#1679,.T.);
#2239=ORIENTED_EDGE('',*,*,#1680,.T.);
#2240=ORIENTED_EDGE('',*,*,#1681,.F.);
#2241=ORIENTED_EDGE('',*,*,#1680,.F.);
#2242=ORIENTED_EDGE('',*,*,#1678,.T.);
#2243=ORIENTED_EDGE('',*,*,#1682,.T.);
#2244=ORIENTED_EDGE('',*,*,#1683,.T.);
#2245=ORIENTED_EDGE('',*,*,#1669,.T.);
#2246=ORIENTED_EDGE('',*,*,#1684,.F.);
#2247=ORIENTED_EDGE('',*,*,#1685,.T.);
#2248=ORIENTED_EDGE('',*,*,#1682,.F.);
#2249=ORIENTED_EDGE('',*,*,#1677,.T.);
#2250=ORIENTED_EDGE('',*,*,#1674,.T.);
#2251=ORIENTED_EDGE('',*,*,#1672,.F.);
#2252=ORIENTED_EDGE('',*,*,#1686,.F.);
#2253=ORIENTED_EDGE('',*,*,#1670,.T.);
#2254=ORIENTED_EDGE('',*,*,#1683,.F.);
#2255=ORIENTED_EDGE('',*,*,#1685,.F.);
#2256=ORIENTED_EDGE('',*,*,#1681,.T.);
#2257=ORIENTED_EDGE('',*,*,#1687,.F.);
#2258=ORIENTED_EDGE('',*,*,#1485,.T.);
#2259=ORIENTED_EDGE('',*,*,#1632,.T.);
#2260=ORIENTED_EDGE('',*,*,#1463,.T.);
#2261=ORIENTED_EDGE('',*,*,#1688,.F.);
#2262=ORIENTED_EDGE('',*,*,#1689,.F.);
#2263=ORIENTED_EDGE('',*,*,#1690,.F.);
#2264=ORIENTED_EDGE('',*,*,#1459,.T.);
#2265=ORIENTED_EDGE('',*,*,#1664,.F.);
#2266=ORIENTED_EDGE('',*,*,#1477,.T.);
#2267=ORIENTED_EDGE('',*,*,#1691,.F.);
#2268=ORIENTED_EDGE('',*,*,#1692,.F.);
#2269=ORIENTED_EDGE('',*,*,#1671,.T.);
#2270=ORIENTED_EDGE('',*,*,#1665,.T.);
#2271=ORIENTED_EDGE('',*,*,#1686,.T.);
#2272=ORIENTED_EDGE('',*,*,#1684,.T.);
#2273=ORIENTED_EDGE('',*,*,#1693,.T.);
#2274=ORIENTED_EDGE('',*,*,#1694,.F.);
#2275=ORIENTED_EDGE('',*,*,#1695,.F.);
#2276=ORIENTED_EDGE('',*,*,#1696,.F.);
#2277=ORIENTED_EDGE('',*,*,#1697,.F.);
#2278=ORIENTED_EDGE('',*,*,#1693,.F.);
#2279=ORIENTED_EDGE('',*,*,#1698,.T.);
#2280=ORIENTED_EDGE('',*,*,#1624,.F.);
#2281=ORIENTED_EDGE('',*,*,#1698,.F.);
#2282=ORIENTED_EDGE('',*,*,#1676,.T.);
#2283=ORIENTED_EDGE('',*,*,#1699,.T.);
#2284=ORIENTED_EDGE('',*,*,#1625,.F.);
#2285=ORIENTED_EDGE('',*,*,#1699,.F.);
#2286=ORIENTED_EDGE('',*,*,#1696,.T.);
#2287=ORIENTED_EDGE('',*,*,#1700,.T.);
#2288=ORIENTED_EDGE('',*,*,#1701,.F.);
#2289=ORIENTED_EDGE('',*,*,#1702,.F.);
#2290=ORIENTED_EDGE('',*,*,#1703,.T.);
#2291=ORIENTED_EDGE('',*,*,#1695,.T.);
#2292=ORIENTED_EDGE('',*,*,#1704,.T.);
#2293=ORIENTED_EDGE('',*,*,#1705,.T.);
#2294=ORIENTED_EDGE('',*,*,#1706,.T.);
#2295=ORIENTED_EDGE('',*,*,#1707,.F.);
#2296=ORIENTED_EDGE('',*,*,#1700,.F.);
#2297=ORIENTED_EDGE('',*,*,#1708,.F.);
#2298=ORIENTED_EDGE('',*,*,#1709,.F.);
#2299=ORIENTED_EDGE('',*,*,#1705,.F.);
#2300=ORIENTED_EDGE('',*,*,#1710,.F.);
#2301=ORIENTED_EDGE('',*,*,#1711,.F.);
#2302=ORIENTED_EDGE('',*,*,#1712,.F.);
#2303=ORIENTED_EDGE('',*,*,#1713,.F.);
#2304=ORIENTED_EDGE('',*,*,#1706,.F.);
#2305=ORIENTED_EDGE('',*,*,#1709,.T.);
#2306=ORIENTED_EDGE('',*,*,#1714,.F.);
#2307=ORIENTED_EDGE('',*,*,#1694,.T.);
#2308=ORIENTED_EDGE('',*,*,#1715,.T.);
#2309=ORIENTED_EDGE('',*,*,#1710,.T.);
#2310=ORIENTED_EDGE('',*,*,#1704,.F.);
#2311=ORIENTED_EDGE('',*,*,#1714,.T.);
#2312=ORIENTED_EDGE('',*,*,#1716,.T.);
#2313=ORIENTED_EDGE('',*,*,#1703,.F.);
#2314=ORIENTED_EDGE('',*,*,#1716,.F.);
#2315=ORIENTED_EDGE('',*,*,#1711,.T.);
#2316=ORIENTED_EDGE('',*,*,#1717,.T.);
#2317=ORIENTED_EDGE('',*,*,#1626,.F.);
#2318=ORIENTED_EDGE('',*,*,#1717,.F.);
#2319=ORIENTED_EDGE('',*,*,#1713,.T.);
#2320=ORIENTED_EDGE('',*,*,#1718,.T.);
#2321=ORIENTED_EDGE('',*,*,#1701,.T.);
#2322=ORIENTED_EDGE('',*,*,#1707,.T.);
#2323=ORIENTED_EDGE('',*,*,#1697,.T.);
#2324=ORIENTED_EDGE('',*,*,#1702,.T.);
#2325=ORIENTED_EDGE('',*,*,#1718,.F.);
#2326=ORIENTED_EDGE('',*,*,#1712,.T.);
#2327=ORIENTED_EDGE('',*,*,#1708,.T.);
#2328=ORIENTED_EDGE('',*,*,#1715,.F.);
#2329=ORIENTED_EDGE('',*,*,#1468,.T.);
#2330=ORIENTED_EDGE('',*,*,#1719,.T.);
#2331=ORIENTED_EDGE('',*,*,#1720,.F.);
#2332=ORIENTED_EDGE('',*,*,#1721,.F.);
#2333=ORIENTED_EDGE('',*,*,#1722,.T.);
#2334=ORIENTED_EDGE('',*,*,#1467,.T.);
#2335=ORIENTED_EDGE('',*,*,#1723,.T.);
#2336=ORIENTED_EDGE('',*,*,#1724,.T.);
#2337=ORIENTED_EDGE('',*,*,#1725,.T.);
#2338=ORIENTED_EDGE('',*,*,#1726,.F.);
#2339=ORIENTED_EDGE('',*,*,#1719,.F.);
#2340=ORIENTED_EDGE('',*,*,#1727,.F.);
#2341=ORIENTED_EDGE('',*,*,#1728,.F.);
#2342=ORIENTED_EDGE('',*,*,#1724,.F.);
#2343=ORIENTED_EDGE('',*,*,#1729,.F.);
#2344=ORIENTED_EDGE('',*,*,#1730,.F.);
#2345=ORIENTED_EDGE('',*,*,#1731,.F.);
#2346=ORIENTED_EDGE('',*,*,#1732,.F.);
#2347=ORIENTED_EDGE('',*,*,#1725,.F.);
#2348=ORIENTED_EDGE('',*,*,#1728,.T.);
#2349=ORIENTED_EDGE('',*,*,#1733,.F.);
#2350=ORIENTED_EDGE('',*,*,#1466,.T.);
#2351=ORIENTED_EDGE('',*,*,#1734,.T.);
#2352=ORIENTED_EDGE('',*,*,#1729,.T.);
#2353=ORIENTED_EDGE('',*,*,#1723,.F.);
#2354=ORIENTED_EDGE('',*,*,#1733,.T.);
#2355=ORIENTED_EDGE('',*,*,#1735,.T.);
#2356=ORIENTED_EDGE('',*,*,#1722,.F.);
#2357=ORIENTED_EDGE('',*,*,#1735,.F.);
#2358=ORIENTED_EDGE('',*,*,#1730,.T.);
#2359=ORIENTED_EDGE('',*,*,#1736,.T.);
#2360=ORIENTED_EDGE('',*,*,#1620,.F.);
#2361=ORIENTED_EDGE('',*,*,#1736,.F.);
#2362=ORIENTED_EDGE('',*,*,#1732,.T.);
#2363=ORIENTED_EDGE('',*,*,#1737,.T.);
#2364=ORIENTED_EDGE('',*,*,#1720,.T.);
#2365=ORIENTED_EDGE('',*,*,#1726,.T.);
#2366=ORIENTED_EDGE('',*,*,#1469,.T.);
#2367=ORIENTED_EDGE('',*,*,#1721,.T.);
#2368=ORIENTED_EDGE('',*,*,#1737,.F.);
#2369=ORIENTED_EDGE('',*,*,#1731,.T.);
#2370=ORIENTED_EDGE('',*,*,#1727,.T.);
#2371=ORIENTED_EDGE('',*,*,#1734,.F.);
#2372=ORIENTED_EDGE('',*,*,#1472,.T.);
#2373=ORIENTED_EDGE('',*,*,#1738,.T.);
#2374=ORIENTED_EDGE('',*,*,#1739,.F.);
#2375=ORIENTED_EDGE('',*,*,#1740,.F.);
#2376=ORIENTED_EDGE('',*,*,#1741,.T.);
#2377=ORIENTED_EDGE('',*,*,#1471,.T.);
#2378=ORIENTED_EDGE('',*,*,#1742,.T.);
#2379=ORIENTED_EDGE('',*,*,#1743,.T.);
#2380=ORIENTED_EDGE('',*,*,#1744,.T.);
#2381=ORIENTED_EDGE('',*,*,#1745,.F.);
#2382=ORIENTED_EDGE('',*,*,#1738,.F.);
#2383=ORIENTED_EDGE('',*,*,#1746,.F.);
#2384=ORIENTED_EDGE('',*,*,#1747,.F.);
#2385=ORIENTED_EDGE('',*,*,#1743,.F.);
#2386=ORIENTED_EDGE('',*,*,#1748,.F.);
#2387=ORIENTED_EDGE('',*,*,#1749,.F.);
#2388=ORIENTED_EDGE('',*,*,#1750,.F.);
#2389=ORIENTED_EDGE('',*,*,#1751,.F.);
#2390=ORIENTED_EDGE('',*,*,#1744,.F.);
#2391=ORIENTED_EDGE('',*,*,#1747,.T.);
#2392=ORIENTED_EDGE('',*,*,#1752,.F.);
#2393=ORIENTED_EDGE('',*,*,#1470,.T.);
#2394=ORIENTED_EDGE('',*,*,#1753,.T.);
#2395=ORIENTED_EDGE('',*,*,#1748,.T.);
#2396=ORIENTED_EDGE('',*,*,#1742,.F.);
#2397=ORIENTED_EDGE('',*,*,#1752,.T.);
#2398=ORIENTED_EDGE('',*,*,#1754,.T.);
#2399=ORIENTED_EDGE('',*,*,#1741,.F.);
#2400=ORIENTED_EDGE('',*,*,#1754,.F.);
#2401=ORIENTED_EDGE('',*,*,#1749,.T.);
#2402=ORIENTED_EDGE('',*,*,#1755,.T.);
#2403=ORIENTED_EDGE('',*,*,#1619,.F.);
#2404=ORIENTED_EDGE('',*,*,#1755,.F.);
#2405=ORIENTED_EDGE('',*,*,#1751,.T.);
#2406=ORIENTED_EDGE('',*,*,#1756,.T.);
#2407=ORIENTED_EDGE('',*,*,#1739,.T.);
#2408=ORIENTED_EDGE('',*,*,#1745,.T.);
#2409=ORIENTED_EDGE('',*,*,#1473,.T.);
#2410=ORIENTED_EDGE('',*,*,#1740,.T.);
#2411=ORIENTED_EDGE('',*,*,#1756,.F.);
#2412=ORIENTED_EDGE('',*,*,#1750,.T.);
#2413=ORIENTED_EDGE('',*,*,#1746,.T.);
#2414=ORIENTED_EDGE('',*,*,#1753,.F.);
#2415=ORIENTED_EDGE('',*,*,#1757,.F.);
#2416=ORIENTED_EDGE('',*,*,#1758,.T.);
#2417=ORIENTED_EDGE('',*,*,#1759,.F.);
#2418=ORIENTED_EDGE('',*,*,#1758,.F.);
#2419=ORIENTED_EDGE('',*,*,#1760,.F.);
#2420=ORIENTED_EDGE('',*,*,#1761,.T.);
#2421=ORIENTED_EDGE('',*,*,#1762,.F.);
#2422=ORIENTED_EDGE('',*,*,#1761,.F.);
#2423=ORIENTED_EDGE('',*,*,#1763,.F.);
#2424=ORIENTED_EDGE('',*,*,#1508,.F.);
#2425=ORIENTED_EDGE('',*,*,#1764,.F.);
#2426=ORIENTED_EDGE('',*,*,#1765,.F.);
#2427=ORIENTED_EDGE('',*,*,#1759,.T.);
#2428=ORIENTED_EDGE('',*,*,#1762,.T.);
#2429=ORIENTED_EDGE('',*,*,#1766,.F.);
#2430=ORIENTED_EDGE('',*,*,#1767,.F.);
#2431=ORIENTED_EDGE('',*,*,#1768,.F.);
#2432=ORIENTED_EDGE('',*,*,#1506,.F.);
#2433=ORIENTED_EDGE('',*,*,#1757,.T.);
#2434=ORIENTED_EDGE('',*,*,#1760,.T.);
#2435=ORIENTED_EDGE('',*,*,#1769,.F.);
#2436=ORIENTED_EDGE('',*,*,#1764,.T.);
#2437=ORIENTED_EDGE('',*,*,#1507,.T.);
#2438=ORIENTED_EDGE('',*,*,#1768,.T.);
#2439=ORIENTED_EDGE('',*,*,#1770,.F.);
#2440=ORIENTED_EDGE('',*,*,#1765,.T.);
#2441=ORIENTED_EDGE('',*,*,#1769,.T.);
#2442=ORIENTED_EDGE('',*,*,#1767,.T.);
#2443=ORIENTED_EDGE('',*,*,#1509,.F.);
#2444=ORIENTED_EDGE('',*,*,#1763,.T.);
#2445=ORIENTED_EDGE('',*,*,#1770,.T.);
#2446=ORIENTED_EDGE('',*,*,#1766,.T.);
#2447=ORIENTED_EDGE('',*,*,#1771,.F.);
#2448=ORIENTED_EDGE('',*,*,#1772,.T.);
#2449=ORIENTED_EDGE('',*,*,#1773,.F.);
#2450=ORIENTED_EDGE('',*,*,#1772,.F.);
#2451=ORIENTED_EDGE('',*,*,#1774,.F.);
#2452=ORIENTED_EDGE('',*,*,#1775,.T.);
#2453=ORIENTED_EDGE('',*,*,#1776,.F.);
#2454=ORIENTED_EDGE('',*,*,#1775,.F.);
#2455=ORIENTED_EDGE('',*,*,#1777,.F.);
#2456=ORIENTED_EDGE('',*,*,#1504,.F.);
#2457=ORIENTED_EDGE('',*,*,#1778,.F.);
#2458=ORIENTED_EDGE('',*,*,#1779,.F.);
#2459=ORIENTED_EDGE('',*,*,#1773,.T.);
#2460=ORIENTED_EDGE('',*,*,#1776,.T.);
#2461=ORIENTED_EDGE('',*,*,#1780,.F.);
#2462=ORIENTED_EDGE('',*,*,#1781,.F.);
#2463=ORIENTED_EDGE('',*,*,#1782,.F.);
#2464=ORIENTED_EDGE('',*,*,#1502,.F.);
#2465=ORIENTED_EDGE('',*,*,#1771,.T.);
#2466=ORIENTED_EDGE('',*,*,#1774,.T.);
#2467=ORIENTED_EDGE('',*,*,#1783,.F.);
#2468=ORIENTED_EDGE('',*,*,#1778,.T.);
#2469=ORIENTED_EDGE('',*,*,#1503,.T.);
#2470=ORIENTED_EDGE('',*,*,#1782,.T.);
#2471=ORIENTED_EDGE('',*,*,#1784,.F.);
#2472=ORIENTED_EDGE('',*,*,#1779,.T.);
#2473=ORIENTED_EDGE('',*,*,#1783,.T.);
#2474=ORIENTED_EDGE('',*,*,#1781,.T.);
#2475=ORIENTED_EDGE('',*,*,#1505,.F.);
#2476=ORIENTED_EDGE('',*,*,#1777,.T.);
#2477=ORIENTED_EDGE('',*,*,#1784,.T.);
#2478=ORIENTED_EDGE('',*,*,#1780,.T.);
#2479=ORIENTED_EDGE('',*,*,#1497,.T.);
#2480=ORIENTED_EDGE('',*,*,#1785,.T.);
#2481=ORIENTED_EDGE('',*,*,#1786,.F.);
#2482=ORIENTED_EDGE('',*,*,#1787,.F.);
#2483=ORIENTED_EDGE('',*,*,#1496,.T.);
#2484=ORIENTED_EDGE('',*,*,#1482,.T.);
#2485=ORIENTED_EDGE('',*,*,#1788,.F.);
#2486=ORIENTED_EDGE('',*,*,#1785,.F.);
#2487=ORIENTED_EDGE('',*,*,#1789,.F.);
#2488=ORIENTED_EDGE('',*,*,#1790,.T.);
#2489=ORIENTED_EDGE('',*,*,#1791,.F.);
#2490=ORIENTED_EDGE('',*,*,#1790,.F.);
#2491=ORIENTED_EDGE('',*,*,#1791,.T.);
#2492=ORIENTED_EDGE('',*,*,#1481,.T.);
#2493=ORIENTED_EDGE('',*,*,#1792,.T.);
#2494=ORIENTED_EDGE('',*,*,#1786,.T.);
#2495=ORIENTED_EDGE('',*,*,#1788,.T.);
#2496=ORIENTED_EDGE('',*,*,#1498,.T.);
#2497=ORIENTED_EDGE('',*,*,#1787,.T.);
#2498=ORIENTED_EDGE('',*,*,#1792,.F.);
#2499=ORIENTED_EDGE('',*,*,#1480,.T.);
#2500=ORIENTED_EDGE('',*,*,#1789,.T.);
#2501=ORIENTED_EDGE('',*,*,#1689,.T.);
#2502=ORIENTED_EDGE('',*,*,#1793,.F.);
#2503=ORIENTED_EDGE('',*,*,#1794,.F.);
#2504=ORIENTED_EDGE('',*,*,#1795,.T.);
#2505=ORIENTED_EDGE('',*,*,#1688,.T.);
#2506=ORIENTED_EDGE('',*,*,#1462,.T.);
#2507=ORIENTED_EDGE('',*,*,#1796,.F.);
#2508=ORIENTED_EDGE('',*,*,#1793,.T.);
#2509=ORIENTED_EDGE('',*,*,#1797,.F.);
#2510=ORIENTED_EDGE('',*,*,#1798,.T.);
#2511=ORIENTED_EDGE('',*,*,#1799,.F.);
#2512=ORIENTED_EDGE('',*,*,#1798,.F.);
#2513=ORIENTED_EDGE('',*,*,#1799,.T.);
#2514=ORIENTED_EDGE('',*,*,#1461,.T.);
#2515=ORIENTED_EDGE('',*,*,#1800,.T.);
#2516=ORIENTED_EDGE('',*,*,#1794,.T.);
#2517=ORIENTED_EDGE('',*,*,#1796,.T.);
#2518=ORIENTED_EDGE('',*,*,#1690,.T.);
#2519=ORIENTED_EDGE('',*,*,#1795,.F.);
#2520=ORIENTED_EDGE('',*,*,#1800,.F.);
#2521=ORIENTED_EDGE('',*,*,#1460,.T.);
#2522=ORIENTED_EDGE('',*,*,#1797,.T.);
#2523=ORIENTED_EDGE('',*,*,#1692,.T.);
#2524=ORIENTED_EDGE('',*,*,#1801,.F.);
#2525=ORIENTED_EDGE('',*,*,#1802,.F.);
#2526=ORIENTED_EDGE('',*,*,#1803,.T.);
#2527=ORIENTED_EDGE('',*,*,#1691,.T.);
#2528=ORIENTED_EDGE('',*,*,#1476,.T.);
#2529=ORIENTED_EDGE('',*,*,#1804,.F.);
#2530=ORIENTED_EDGE('',*,*,#1801,.T.);
#2531=ORIENTED_EDGE('',*,*,#1805,.T.);
#2532=ORIENTED_EDGE('',*,*,#1805,.F.);
#2533=ORIENTED_EDGE('',*,*,#1806,.T.);
#2534=ORIENTED_EDGE('',*,*,#1807,.F.);
#2535=ORIENTED_EDGE('',*,*,#1806,.F.);
#2536=ORIENTED_EDGE('',*,*,#1807,.T.);
#2537=ORIENTED_EDGE('',*,*,#1475,.T.);
#2538=ORIENTED_EDGE('',*,*,#1808,.T.);
#2539=ORIENTED_EDGE('',*,*,#1802,.T.);
#2540=ORIENTED_EDGE('',*,*,#1804,.T.);
#2541=ORIENTED_EDGE('',*,*,#1687,.T.);
#2542=ORIENTED_EDGE('',*,*,#1803,.F.);
#2543=ORIENTED_EDGE('',*,*,#1808,.F.);
#2544=ORIENTED_EDGE('',*,*,#1474,.T.);
#2545=ORIENTED_EDGE('',*,*,#1501,.T.);
#2546=ORIENTED_EDGE('',*,*,#1809,.T.);
#2547=ORIENTED_EDGE('',*,*,#1810,.F.);
#2548=ORIENTED_EDGE('',*,*,#1811,.F.);
#2549=ORIENTED_EDGE('',*,*,#1500,.T.);
#2550=ORIENTED_EDGE('',*,*,#1456,.T.);
#2551=ORIENTED_EDGE('',*,*,#1812,.F.);
#2552=ORIENTED_EDGE('',*,*,#1809,.F.);
#2553=ORIENTED_EDGE('',*,*,#1813,.T.);
#2554=ORIENTED_EDGE('',*,*,#1813,.F.);
#2555=ORIENTED_EDGE('',*,*,#1814,.T.);
#2556=ORIENTED_EDGE('',*,*,#1815,.F.);
#2557=ORIENTED_EDGE('',*,*,#1814,.F.);
#2558=ORIENTED_EDGE('',*,*,#1815,.T.);
#2559=ORIENTED_EDGE('',*,*,#1455,.T.);
#2560=ORIENTED_EDGE('',*,*,#1816,.T.);
#2561=ORIENTED_EDGE('',*,*,#1810,.T.);
#2562=ORIENTED_EDGE('',*,*,#1812,.T.);
#2563=ORIENTED_EDGE('',*,*,#1494,.T.);
#2564=ORIENTED_EDGE('',*,*,#1811,.T.);
#2565=ORIENTED_EDGE('',*,*,#1816,.F.);
#2566=ORIENTED_EDGE('',*,*,#1454,.T.);
#2567=ORIENTED_EDGE('',*,*,#1817,.F.);
#2568=ORIENTED_EDGE('',*,*,#1818,.F.);
#2569=ORIENTED_EDGE('',*,*,#1819,.F.);
#2570=ORIENTED_EDGE('',*,*,#1820,.F.);
#2571=ORIENTED_EDGE('',*,*,#1821,.F.);
#2572=ORIENTED_EDGE('',*,*,#1822,.F.);
#2573=ORIENTED_EDGE('',*,*,#1823,.F.);
#2574=ORIENTED_EDGE('',*,*,#1824,.F.);
#2575=ORIENTED_EDGE('',*,*,#1818,.T.);
#2576=ORIENTED_EDGE('',*,*,#1825,.F.);
#2577=ORIENTED_EDGE('',*,*,#1820,.T.);
#2578=ORIENTED_EDGE('',*,*,#1826,.F.);
#2579=ORIENTED_EDGE('',*,*,#1827,.F.);
#2580=ORIENTED_EDGE('',*,*,#1828,.T.);
#2581=ORIENTED_EDGE('',*,*,#1819,.T.);
#2582=ORIENTED_EDGE('',*,*,#1824,.T.);
#2583=ORIENTED_EDGE('',*,*,#1829,.F.);
#2584=ORIENTED_EDGE('',*,*,#1830,.F.);
#2585=ORIENTED_EDGE('',*,*,#1831,.F.);
#2586=ORIENTED_EDGE('',*,*,#1826,.T.);
#2587=ORIENTED_EDGE('',*,*,#1825,.T.);
#2588=ORIENTED_EDGE('',*,*,#1832,.T.);
#2589=ORIENTED_EDGE('',*,*,#1833,.F.);
#2590=ORIENTED_EDGE('',*,*,#1832,.F.);
#2591=ORIENTED_EDGE('',*,*,#1821,.T.);
#2592=ORIENTED_EDGE('',*,*,#1834,.T.);
#2593=ORIENTED_EDGE('',*,*,#1835,.F.);
#2594=ORIENTED_EDGE('',*,*,#1834,.F.);
#2595=ORIENTED_EDGE('',*,*,#1827,.T.);
#2596=ORIENTED_EDGE('',*,*,#1831,.T.);
#2597=ORIENTED_EDGE('',*,*,#1836,.T.);
#2598=ORIENTED_EDGE('',*,*,#1837,.T.);
#2599=ORIENTED_EDGE('',*,*,#1835,.T.);
#2600=ORIENTED_EDGE('',*,*,#1823,.T.);
#2601=ORIENTED_EDGE('',*,*,#1838,.T.);
#2602=ORIENTED_EDGE('',*,*,#1839,.T.);
#2603=ORIENTED_EDGE('',*,*,#1829,.T.);
#2604=ORIENTED_EDGE('',*,*,#1817,.T.);
#2605=ORIENTED_EDGE('',*,*,#1828,.F.);
#2606=ORIENTED_EDGE('',*,*,#1837,.F.);
#2607=ORIENTED_EDGE('',*,*,#1840,.T.);
#2608=ORIENTED_EDGE('',*,*,#1838,.F.);
#2609=ORIENTED_EDGE('',*,*,#1822,.T.);
#2610=ORIENTED_EDGE('',*,*,#1830,.T.);
#2611=ORIENTED_EDGE('',*,*,#1839,.F.);
#2612=ORIENTED_EDGE('',*,*,#1840,.F.);
#2613=ORIENTED_EDGE('',*,*,#1836,.F.);
#2614=ORIENTED_EDGE('',*,*,#1833,.T.);
#2615=PLANE('',#2898);
#2616=PLANE('',#2899);
#2617=PLANE('',#2900);
#2618=PLANE('',#2901);
#2619=PLANE('',#2902);
#2620=PLANE('',#2903);
#2621=PLANE('',#2905);
#2622=PLANE('',#2909);
#2623=PLANE('',#2910);
#2624=PLANE('',#2911);
#2625=PLANE('',#2912);
#2626=PLANE('',#2913);
#2627=PLANE('',#2914);
#2628=PLANE('',#2916);
#2629=PLANE('',#2920);
#2630=PLANE('',#2921);
#2631=PLANE('',#2922);
#2632=PLANE('',#2927);
#2633=PLANE('',#2929);
#2634=PLANE('',#2931);
#2635=PLANE('',#2932);
#2636=PLANE('',#2934);
#2637=PLANE('',#2936);
#2638=PLANE('',#2939);
#2639=PLANE('',#2940);
#2640=PLANE('',#2941);
#2641=PLANE('',#2942);
#2642=PLANE('',#2943);
#2643=PLANE('',#2944);
#2644=PLANE('',#2946);
#2645=PLANE('',#2950);
#2646=PLANE('',#2951);
#2647=PLANE('',#2952);
#2648=PLANE('',#2953);
#2649=PLANE('',#2954);
#2650=PLANE('',#2955);
#2651=PLANE('',#2956);
#2652=PLANE('',#2959);
#2653=PLANE('',#2963);
#2654=PLANE('',#2964);
#2655=PLANE('',#2965);
#2656=PLANE('',#2966);
#2657=PLANE('',#2968);
#2658=PLANE('',#2972);
#2659=PLANE('',#2973);
#2660=PLANE('',#2974);
#2661=PLANE('',#2975);
#2662=PLANE('',#2980);
#2663=PLANE('',#2981);
#2664=PLANE('',#2982);
#2665=PLANE('',#2983);
#2666=PLANE('',#2984);
#2667=PLANE('',#2985);
#2668=PLANE('',#2986);
#2669=PLANE('',#2987);
#2670=PLANE('',#2989);
#2671=PLANE('',#2993);
#2672=PLANE('',#2994);
#2673=PLANE('',#2995);
#2674=PLANE('',#2996);
#2675=PLANE('',#3000);
#2676=PLANE('',#3002);
#2677=PLANE('',#3003);
#2678=PLANE('',#3005);
#2679=PLANE('',#3007);
#2680=PLANE('',#3010);
#2681=PLANE('',#3011);
#2682=PLANE('',#3012);
#2683=PLANE('',#3014);
#2684=PLANE('',#3015);
#2685=PLANE('',#3017);
#2686=PLANE('',#3019);
#2687=PLANE('',#3022);
#2688=PLANE('',#3023);
#2689=PLANE('',#3024);
#2690=PLANE('',#3026);
#2691=PLANE('',#3027);
#2692=PLANE('',#3029);
#2693=PLANE('',#3031);
#2694=PLANE('',#3034);
#2695=PLANE('',#3035);
#2696=PLANE('',#3042);
#2697=PLANE('',#3043);
#2698=PLANE('',#3044);
#2699=PLANE('',#3045);
#2700=PLANE('',#3046);
#2701=PLANE('',#3053);
#2702=PLANE('',#3054);
#2703=PLANE('',#3055);
#2704=PLANE('',#3056);
#2705=PLANE('',#3057);
#2706=PLANE('',#3058);
#2707=PLANE('',#3059);
#2708=PLANE('',#3063);
#2709=PLANE('',#3064);
#2710=PLANE('',#3065);
#2711=PLANE('',#3066);
#2712=PLANE('',#3067);
#2713=PLANE('',#3071);
#2714=PLANE('',#3072);
#2715=PLANE('',#3073);
#2716=PLANE('',#3074);
#2717=PLANE('',#3075);
#2718=PLANE('',#3079);
#2719=PLANE('',#3080);
#2720=PLANE('',#3081);
#2721=PLANE('',#3082);
#2722=PLANE('',#3083);
#2723=PLANE('',#3087);
#2724=PLANE('',#3088);
#2725=PLANE('',#3089);
#2726=PLANE('',#3090);
#2727=PLANE('',#3092);
#2728=PLANE('',#3094);
#2729=PLANE('',#3095);
#2730=PLANE('',#3100);
#2731=PLANE('',#3101);
#2732=PLANE('',#3102);
#2733=PLANE('',#3103);
#2734=ADVANCED_FACE('',(#175,#108,#109),#2615,.F.);
#2735=ADVANCED_FACE('',(#176,#110,#111),#2616,.F.);
#2736=ADVANCED_FACE('',(#177,#112,#113,#114,#115,#116),#2617,.F.);
#2737=ADVANCED_FACE('',(#178),#2618,.F.);
#2738=ADVANCED_FACE('',(#179),#2619,.F.);
#2739=ADVANCED_FACE('',(#180,#117),#2620,.F.);
#2740=ADVANCED_FACE('',(#181,#118),#2621,.T.);
#2741=ADVANCED_FACE('',(#182),#21,.F.);
#2742=ADVANCED_FACE('',(#183),#2622,.F.);
#2743=ADVANCED_FACE('',(#184),#2623,.F.);
#2744=ADVANCED_FACE('',(#185,#119),#2624,.F.);
#2745=ADVANCED_FACE('',(#186),#2625,.F.);
#2746=ADVANCED_FACE('',(#187),#2626,.F.);
#2747=ADVANCED_FACE('',(#188,#120),#2627,.F.);
#2748=ADVANCED_FACE('',(#189,#121),#2628,.T.);
#2749=ADVANCED_FACE('',(#190),#22,.F.);
#2750=ADVANCED_FACE('',(#191),#2629,.F.);
#2751=ADVANCED_FACE('',(#192),#2630,.F.);
#2752=ADVANCED_FACE('',(#193,#122),#2631,.F.);
#2753=ADVANCED_FACE('',(#194),#23,.F.);
#2754=ADVANCED_FACE('',(#195),#24,.F.);
#2755=ADVANCED_FACE('',(#196,#123,#124,#125),#2632,.F.);
#2756=ADVANCED_FACE('',(#197,#126),#2633,.F.);
#2757=ADVANCED_FACE('',(#198),#2634,.F.);
#2758=ADVANCED_FACE('',(#199,#127),#2635,.F.);
#2759=ADVANCED_FACE('',(#200,#128),#2636,.T.);
#2760=ADVANCED_FACE('',(#201),#2637,.F.);
#2761=ADVANCED_FACE('',(#202),#25,.F.);
#2762=ADVANCED_FACE('',(#203),#26,.F.);
#2763=ADVANCED_FACE('',(#204),#2638,.F.);
#2764=ADVANCED_FACE('',(#205),#2639,.F.);
#2765=ADVANCED_FACE('',(#206),#2640,.F.);
#2766=ADVANCED_FACE('',(#207),#2641,.F.);
#2767=ADVANCED_FACE('',(#208),#2642,.F.);
#2768=ADVANCED_FACE('',(#209,#129),#2643,.F.);
#2769=ADVANCED_FACE('',(#210,#130),#2644,.T.);
#2770=ADVANCED_FACE('',(#211),#27,.F.);
#2771=ADVANCED_FACE('',(#212),#2645,.F.);
#2772=ADVANCED_FACE('',(#213),#2646,.F.);
#2773=ADVANCED_FACE('',(#214,#131),#2647,.F.);
#2774=ADVANCED_FACE('',(#215),#2648,.T.);
#2775=ADVANCED_FACE('',(#216),#2649,.F.);
#2776=ADVANCED_FACE('',(#217),#2650,.F.);
#2777=ADVANCED_FACE('',(#218,#132,#133),#2651,.F.);
#2778=ADVANCED_FACE('',(#219,#134,#135,#136),#2652,.F.);
#2779=ADVANCED_FACE('',(#220,#137),#2653,.F.);
#2780=ADVANCED_FACE('',(#221),#2654,.F.);
#2781=ADVANCED_FACE('',(#222),#2655,.F.);
#2782=ADVANCED_FACE('',(#223,#138),#2656,.F.);
#2783=ADVANCED_FACE('',(#224,#139),#2657,.T.);
#2784=ADVANCED_FACE('',(#225),#28,.F.);
#2785=ADVANCED_FACE('',(#226),#2658,.F.);
#2786=ADVANCED_FACE('',(#227),#2659,.F.);
#2787=ADVANCED_FACE('',(#228,#140),#2660,.F.);
#2788=ADVANCED_FACE('',(#229),#2661,.F.);
#2789=ADVANCED_FACE('',(#230),#29,.F.);
#2790=ADVANCED_FACE('',(#231),#30,.F.);
#2791=ADVANCED_FACE('',(#232),#2662,.T.);
#2792=ADVANCED_FACE('',(#233),#2663,.F.);
#2793=ADVANCED_FACE('',(#234,#141,#142),#2664,.F.);
#2794=ADVANCED_FACE('',(#235),#2665,.F.);
#2795=ADVANCED_FACE('',(#236,#143),#2666,.F.);
#2796=ADVANCED_FACE('',(#237),#2667,.F.);
#2797=ADVANCED_FACE('',(#238),#2668,.F.);
#2798=ADVANCED_FACE('',(#239,#144),#2669,.F.);
#2799=ADVANCED_FACE('',(#240,#145),#2670,.T.);
#2800=ADVANCED_FACE('',(#241),#31,.F.);
#2801=ADVANCED_FACE('',(#242),#2671,.F.);
#2802=ADVANCED_FACE('',(#243),#2672,.F.);
#2803=ADVANCED_FACE('',(#244,#146),#2673,.F.);
#2804=ADVANCED_FACE('',(#245,#147,#148,#149),#2674,.F.);
#2805=ADVANCED_FACE('',(#246),#32,.F.);
#2806=ADVANCED_FACE('',(#247),#33,.F.);
#2807=ADVANCED_FACE('',(#248,#150),#2675,.F.);
#2808=ADVANCED_FACE('',(#249),#2676,.F.);
#2809=ADVANCED_FACE('',(#250,#151),#2677,.F.);
#2810=ADVANCED_FACE('',(#251,#152),#2678,.T.);
#2811=ADVANCED_FACE('',(#252),#2679,.F.);
#2812=ADVANCED_FACE('',(#253),#34,.F.);
#2813=ADVANCED_FACE('',(#254),#35,.F.);
#2814=ADVANCED_FACE('',(#255),#2680,.F.);
#2815=ADVANCED_FACE('',(#256),#2681,.F.);
#2816=ADVANCED_FACE('',(#257,#153),#2682,.F.);
#2817=ADVANCED_FACE('',(#258),#2683,.F.);
#2818=ADVANCED_FACE('',(#259,#154),#2684,.F.);
#2819=ADVANCED_FACE('',(#260,#155),#2685,.T.);
#2820=ADVANCED_FACE('',(#261),#2686,.F.);
#2821=ADVANCED_FACE('',(#262),#36,.F.);
#2822=ADVANCED_FACE('',(#263),#37,.F.);
#2823=ADVANCED_FACE('',(#264),#2687,.F.);
#2824=ADVANCED_FACE('',(#265),#2688,.F.);
#2825=ADVANCED_FACE('',(#266,#156),#2689,.F.);
#2826=ADVANCED_FACE('',(#267),#2690,.F.);
#2827=ADVANCED_FACE('',(#268,#157),#2691,.F.);
#2828=ADVANCED_FACE('',(#269,#158),#2692,.T.);
#2829=ADVANCED_FACE('',(#270),#2693,.F.);
#2830=ADVANCED_FACE('',(#271),#38,.F.);
#2831=ADVANCED_FACE('',(#272),#39,.F.);
#2832=ADVANCED_FACE('',(#273),#2694,.F.);
#2833=ADVANCED_FACE('',(#274),#2695,.F.);
#2834=ADVANCED_FACE('',(#275),#40,.F.);
#2835=ADVANCED_FACE('',(#276),#41,.F.);
#2836=ADVANCED_FACE('',(#277,#159,#160),#2696,.F.);
#2837=ADVANCED_FACE('',(#278,#161,#162),#2697,.T.);
#2838=ADVANCED_FACE('',(#279),#2698,.T.);
#2839=ADVANCED_FACE('',(#280),#2699,.T.);
#2840=ADVANCED_FACE('',(#281),#2700,.T.);
#2841=ADVANCED_FACE('',(#282),#42,.F.);
#2842=ADVANCED_FACE('',(#283),#43,.F.);
#2843=ADVANCED_FACE('',(#284,#163,#164),#2701,.F.);
#2844=ADVANCED_FACE('',(#285,#165,#166),#2702,.T.);
#2845=ADVANCED_FACE('',(#286),#2703,.T.);
#2846=ADVANCED_FACE('',(#287),#2704,.T.);
#2847=ADVANCED_FACE('',(#288),#2705,.T.);
#2848=ADVANCED_FACE('',(#289),#2706,.F.);
#2849=ADVANCED_FACE('',(#290),#2707,.F.);
#2850=ADVANCED_FACE('',(#291),#44,.F.);
#2851=ADVANCED_FACE('',(#292),#2708,.T.);
#2852=ADVANCED_FACE('',(#293),#2709,.F.);
#2853=ADVANCED_FACE('',(#294,#167),#2710,.F.);
#2854=ADVANCED_FACE('',(#295),#2711,.F.);
#2855=ADVANCED_FACE('',(#296),#2712,.F.);
#2856=ADVANCED_FACE('',(#297),#45,.F.);
#2857=ADVANCED_FACE('',(#298),#2713,.T.);
#2858=ADVANCED_FACE('',(#299),#2714,.T.);
#2859=ADVANCED_FACE('',(#300,#168),#2715,.F.);
#2860=ADVANCED_FACE('',(#301),#2716,.F.);
#2861=ADVANCED_FACE('',(#302,#169),#2717,.F.);
#2862=ADVANCED_FACE('',(#303),#46,.F.);
#2863=ADVANCED_FACE('',(#304),#2718,.T.);
#2864=ADVANCED_FACE('',(#305),#2719,.T.);
#2865=ADVANCED_FACE('',(#306),#2720,.F.);
#2866=ADVANCED_FACE('',(#307),#2721,.F.);
#2867=ADVANCED_FACE('',(#308,#170),#2722,.F.);
#2868=ADVANCED_FACE('',(#309),#47,.F.);
#2869=ADVANCED_FACE('',(#310),#2723,.T.);
#2870=ADVANCED_FACE('',(#311),#2724,.F.);
#2871=ADVANCED_FACE('',(#312),#2725,.F.);
#2872=ADVANCED_FACE('',(#313,#171),#2726,.F.);
#2873=ADVANCED_FACE('',(#314,#172),#2727,.T.);
#2874=ADVANCED_FACE('',(#315),#2728,.F.);
#2875=ADVANCED_FACE('',(#316),#2729,.F.);
#2876=ADVANCED_FACE('',(#317),#48,.F.);
#2877=ADVANCED_FACE('',(#318),#49,.F.);
#2878=ADVANCED_FACE('',(#319,#173),#2730,.T.);
#2879=ADVANCED_FACE('',(#320),#2731,.F.);
#2880=ADVANCED_FACE('',(#321),#2732,.F.);
#2881=ADVANCED_FACE('',(#322,#174),#2733,.F.);
#2882=CLOSED_SHELL('',(#2734,#2735,#2736,#2737,#2738,#2739,#2740,#2741,
#2742,#2743,#2744,#2745,#2746,#2747,#2748,#2749,#2750,#2751,#2752,#2753,
#2754,#2755,#2756,#2757,#2758,#2759,#2760,#2761,#2762,#2763,#2764,#2765,
#2766,#2767,#2768,#2769,#2770,#2771,#2772,#2773,#2774,#2775,#2776,#2777,
#2778,#2779,#2780,#2781,#2782,#2783,#2784,#2785,#2786,#2787,#2788,#2789,
#2790,#2791,#2792,#2793,#2794,#2795,#2796,#2797,#2798,#2799,#2800,#2801,
#2802,#2803,#2804,#2805,#2806,#2807,#2808,#2809,#2810,#2811,#2812,#2813,
#2814,#2815,#2816,#2817,#2818,#2819,#2820,#2821,#2822,#2823,#2824,#2825,
#2826,#2827,#2828,#2829,#2830,#2831,#2832,#2833,#2834,#2835,#2836,#2837,
#2838,#2839,#2840,#2841,#2842,#2843,#2844,#2845,#2846,#2847,#2848,#2849,
#2850,#2851,#2852,#2853,#2854,#2855,#2856,#2857,#2858,#2859,#2860,#2861,
#2862,#2863,#2864,#2865,#2866,#2867,#2868,#2869,#2870,#2871));
#2883=CLOSED_SHELL('',(#2872,#2873,#2874,#2875,#2876,#2877,#2878,#2879,
#2880,#2881));
#2884=DERIVED_UNIT_ELEMENT(#2886,1.);
#2885=DERIVED_UNIT_ELEMENT(#4655,-3.);
#2886=(
MASS_UNIT()
NAMED_UNIT(*)
SI_UNIT(.KILO.,.GRAM.)
);
#2887=DERIVED_UNIT((#2884,#2885));
#2888=MEASURE_REPRESENTATION_ITEM('density measure',
POSITIVE_RATIO_MEASURE(7850.),#2887);
#2889=PROPERTY_DEFINITION_REPRESENTATION(#2894,#2891);
#2890=PROPERTY_DEFINITION_REPRESENTATION(#2895,#2892);
#2891=REPRESENTATION('material name',(#2893),#4652);
#2892=REPRESENTATION('density',(#2888),#4652);
#2893=DESCRIPTIVE_REPRESENTATION_ITEM('Steel','Steel');
#2894=PROPERTY_DEFINITION('material property','material name',#4667);
#2895=PROPERTY_DEFINITION('material property','density of part',#4667);
#2896=AXIS2_PLACEMENT_3D('',#3852,#3105,#3106);
#2897=AXIS2_PLACEMENT_3D('',#3853,#3107,#3108);
#2898=AXIS2_PLACEMENT_3D('',#3854,#3109,#3110);
#2899=AXIS2_PLACEMENT_3D('',#3895,#3131,#3132);
#2900=AXIS2_PLACEMENT_3D('',#3936,#3153,#3154);
#2901=AXIS2_PLACEMENT_3D('',#3989,#3183,#3184);
#2902=AXIS2_PLACEMENT_3D('',#3999,#3190,#3191);
#2903=AXIS2_PLACEMENT_3D('',#4003,#3194,#3195);
#2904=AXIS2_PLACEMENT_3D('',#4008,#3198,#3199);
#2905=AXIS2_PLACEMENT_3D('',#4009,#3200,#3201);
#2906=AXIS2_PLACEMENT_3D('',#4014,#3204,#3205);
#2907=AXIS2_PLACEMENT_3D('',#4015,#3206,#3207);
#2908=AXIS2_PLACEMENT_3D('',#4018,#3209,#3210);
#2909=AXIS2_PLACEMENT_3D('',#4019,#3211,#3212);
#2910=AXIS2_PLACEMENT_3D('',#4023,#3215,#3216);
#2911=AXIS2_PLACEMENT_3D('',#4025,#3218,#3219);
#2912=AXIS2_PLACEMENT_3D('',#4026,#3220,#3221);
#2913=AXIS2_PLACEMENT_3D('',#4036,#3227,#3228);
#2914=AXIS2_PLACEMENT_3D('',#4040,#3231,#3232);
#2915=AXIS2_PLACEMENT_3D('',#4045,#3235,#3236);
#2916=AXIS2_PLACEMENT_3D('',#4046,#3237,#3238);
#2917=AXIS2_PLACEMENT_3D('',#4051,#3241,#3242);
#2918=AXIS2_PLACEMENT_3D('',#4052,#3243,#3244);
#2919=AXIS2_PLACEMENT_3D('',#4055,#3246,#3247);
#2920=AXIS2_PLACEMENT_3D('',#4056,#3248,#3249);
#2921=AXIS2_PLACEMENT_3D('',#4060,#3252,#3253);
#2922=AXIS2_PLACEMENT_3D('',#4062,#3255,#3256);
#2923=AXIS2_PLACEMENT_3D('',#4063,#3257,#3258);
#2924=AXIS2_PLACEMENT_3D('',#4065,#3259,#3260);
#2925=AXIS2_PLACEMENT_3D('',#4067,#3262,#3263);
#2926=AXIS2_PLACEMENT_3D('',#4069,#3264,#3265);
#2927=AXIS2_PLACEMENT_3D('',#4071,#3267,#3268);
#2928=AXIS2_PLACEMENT_3D('',#4081,#3273,#3274);
#2929=AXIS2_PLACEMENT_3D('',#4082,#3275,#3276);
#2930=AXIS2_PLACEMENT_3D('',#4089,#3280,#3281);
#2931=AXIS2_PLACEMENT_3D('',#4090,#3282,#3283);
#2932=AXIS2_PLACEMENT_3D('',#4098,#3288,#3289);
#2933=AXIS2_PLACEMENT_3D('',#4105,#3293,#3294);
#2934=AXIS2_PLACEMENT_3D('',#4106,#3295,#3296);
#2935=AXIS2_PLACEMENT_3D('',#4111,#3299,#3300);
#2936=AXIS2_PLACEMENT_3D('',#4112,#3301,#3302);
#2937=AXIS2_PLACEMENT_3D('',#4114,#3304,#3305);
#2938=AXIS2_PLACEMENT_3D('',#4116,#3307,#3308);
#2939=AXIS2_PLACEMENT_3D('',#4118,#3310,#3311);
#2940=AXIS2_PLACEMENT_3D('',#4120,#3313,#3314);
#2941=AXIS2_PLACEMENT_3D('',#4121,#3315,#3316);
#2942=AXIS2_PLACEMENT_3D('',#4127,#3320,#3321);
#2943=AXIS2_PLACEMENT_3D('',#4137,#3327,#3328);
#2944=AXIS2_PLACEMENT_3D('',#4141,#3331,#3332);
#2945=AXIS2_PLACEMENT_3D('',#4146,#3335,#3336);
#2946=AXIS2_PLACEMENT_3D('',#4147,#3337,#3338);
#2947=AXIS2_PLACEMENT_3D('',#4152,#3341,#3342);
#2948=AXIS2_PLACEMENT_3D('',#4153,#3343,#3344);
#2949=AXIS2_PLACEMENT_3D('',#4156,#3346,#3347);
#2950=AXIS2_PLACEMENT_3D('',#4157,#3348,#3349);
#2951=AXIS2_PLACEMENT_3D('',#4161,#3352,#3353);
#2952=AXIS2_PLACEMENT_3D('',#4163,#3355,#3356);
#2953=AXIS2_PLACEMENT_3D('',#4164,#3357,#3358);
#2954=AXIS2_PLACEMENT_3D('',#4170,#3362,#3363);
#2955=AXIS2_PLACEMENT_3D('',#4179,#3368,#3369);
#2956=AXIS2_PLACEMENT_3D('',#4185,#3373,#3374);
#2957=AXIS2_PLACEMENT_3D('',#4189,#3377,#3378);
#2958=AXIS2_PLACEMENT_3D('',#4191,#3379,#3380);
#2959=AXIS2_PLACEMENT_3D('',#4192,#3381,#3382);
#2960=AXIS2_PLACEMENT_3D('',#4199,#3386,#3387);
#2961=AXIS2_PLACEMENT_3D('',#4201,#3388,#3389);
#2962=AXIS2_PLACEMENT_3D('',#4203,#3390,#3391);
#2963=AXIS2_PLACEMENT_3D('',#4204,#3392,#3393);
#2964=AXIS2_PLACEMENT_3D('',#4215,#3400,#3401);
#2965=AXIS2_PLACEMENT_3D('',#4225,#3407,#3408);
#2966=AXIS2_PLACEMENT_3D('',#4229,#3411,#3412);
#2967=AXIS2_PLACEMENT_3D('',#4234,#3415,#3416);
#2968=AXIS2_PLACEMENT_3D('',#4235,#3417,#3418);
#2969=AXIS2_PLACEMENT_3D('',#4240,#3421,#3422);
#2970=AXIS2_PLACEMENT_3D('',#4241,#3423,#3424);
#2971=AXIS2_PLACEMENT_3D('',#4244,#3426,#3427);
#2972=AXIS2_PLACEMENT_3D('',#4245,#3428,#3429);
#2973=AXIS2_PLACEMENT_3D('',#4249,#3432,#3433);
#2974=AXIS2_PLACEMENT_3D('',#4251,#3435,#3436);
#2975=AXIS2_PLACEMENT_3D('',#4252,#3437,#3438);
#2976=AXIS2_PLACEMENT_3D('',#4256,#3441,#3442);
#2977=AXIS2_PLACEMENT_3D('',#4258,#3443,#3444);
#2978=AXIS2_PLACEMENT_3D('',#4260,#3446,#3447);
#2979=AXIS2_PLACEMENT_3D('',#4262,#3448,#3449);
#2980=AXIS2_PLACEMENT_3D('',#4264,#3451,#3452);
#2981=AXIS2_PLACEMENT_3D('',#4268,#3455,#3456);
#2982=AXIS2_PLACEMENT_3D('',#4274,#3460,#3461);
#2983=AXIS2_PLACEMENT_3D('',#4276,#3463,#3464);
#2984=AXIS2_PLACEMENT_3D('',#4278,#3466,#3467);
#2985=AXIS2_PLACEMENT_3D('',#4280,#3469,#3470);
#2986=AXIS2_PLACEMENT_3D('',#4293,#3477,#3478);
#2987=AXIS2_PLACEMENT_3D('',#4299,#3482,#3483);
#2988=AXIS2_PLACEMENT_3D('',#4304,#3486,#3487);
#2989=AXIS2_PLACEMENT_3D('',#4305,#3488,#3489);
#2990=AXIS2_PLACEMENT_3D('',#4310,#3492,#3493);
#2991=AXIS2_PLACEMENT_3D('',#4311,#3494,#3495);
#2992=AXIS2_PLACEMENT_3D('',#4314,#3497,#3498);
#2993=AXIS2_PLACEMENT_3D('',#4315,#3499,#3500);
#2994=AXIS2_PLACEMENT_3D('',#4319,#3503,#3504);
#2995=AXIS2_PLACEMENT_3D('',#4323,#3507,#3508);
#2996=AXIS2_PLACEMENT_3D('',#4325,#3510,#3511);
#2997=AXIS2_PLACEMENT_3D('',#4337,#3518,#3519);
#2998=AXIS2_PLACEMENT_3D('',#4346,#3524,#3525);
#2999=AXIS2_PLACEMENT_3D('',#4348,#3527,#3528);
#3000=AXIS2_PLACEMENT_3D('',#4350,#3530,#3531);
#3001=AXIS2_PLACEMENT_3D('',#4357,#3535,#3536);
#3002=AXIS2_PLACEMENT_3D('',#4358,#3537,#3538);
#3003=AXIS2_PLACEMENT_3D('',#4366,#3543,#3544);
#3004=AXIS2_PLACEMENT_3D('',#4373,#3548,#3549);
#3005=AXIS2_PLACEMENT_3D('',#4374,#3550,#3551);
#3006=AXIS2_PLACEMENT_3D('',#4379,#3554,#3555);
#3007=AXIS2_PLACEMENT_3D('',#4380,#3556,#3557);
#3008=AXIS2_PLACEMENT_3D('',#4382,#3559,#3560);
#3009=AXIS2_PLACEMENT_3D('',#4384,#3562,#3563);
#3010=AXIS2_PLACEMENT_3D('',#4386,#3565,#3566);
#3011=AXIS2_PLACEMENT_3D('',#4388,#3568,#3569);
#3012=AXIS2_PLACEMENT_3D('',#4389,#3570,#3571);
#3013=AXIS2_PLACEMENT_3D('',#4396,#3575,#3576);
#3014=AXIS2_PLACEMENT_3D('',#4397,#3577,#3578);
#3015=AXIS2_PLACEMENT_3D('',#4405,#3583,#3584);
#3016=AXIS2_PLACEMENT_3D('',#4412,#3588,#3589);
#3017=AXIS2_PLACEMENT_3D('',#4413,#3590,#3591);
#3018=AXIS2_PLACEMENT_3D('',#4418,#3594,#3595);
#3019=AXIS2_PLACEMENT_3D('',#4419,#3596,#3597);
#3020=AXIS2_PLACEMENT_3D('',#4421,#3599,#3600);
#3021=AXIS2_PLACEMENT_3D('',#4423,#3602,#3603);
#3022=AXIS2_PLACEMENT_3D('',#4425,#3605,#3606);
#3023=AXIS2_PLACEMENT_3D('',#4427,#3608,#3609);
#3024=AXIS2_PLACEMENT_3D('',#4428,#3610,#3611);
#3025=AXIS2_PLACEMENT_3D('',#4435,#3615,#3616);
#3026=AXIS2_PLACEMENT_3D('',#4436,#3617,#3618);
#3027=AXIS2_PLACEMENT_3D('',#4444,#3623,#3624);
#3028=AXIS2_PLACEMENT_3D('',#4451,#3628,#3629);
#3029=AXIS2_PLACEMENT_3D('',#4452,#3630,#3631);
#3030=AXIS2_PLACEMENT_3D('',#4457,#3634,#3635);
#3031=AXIS2_PLACEMENT_3D('',#4458,#3636,#3637);
#3032=AXIS2_PLACEMENT_3D('',#4460,#3639,#3640);
#3033=AXIS2_PLACEMENT_3D('',#4462,#3642,#3643);
#3034=AXIS2_PLACEMENT_3D('',#4464,#3645,#3646);
#3035=AXIS2_PLACEMENT_3D('',#4466,#3648,#3649);
#3036=AXIS2_PLACEMENT_3D('',#4467,#3650,#3651);
#3037=AXIS2_PLACEMENT_3D('',#4469,#3652,#3653);
#3038=AXIS2_PLACEMENT_3D('',#4472,#3655,#3656);
#3039=AXIS2_PLACEMENT_3D('',#4473,#3657,#3658);
#3040=AXIS2_PLACEMENT_3D('',#4475,#3659,#3660);
#3041=AXIS2_PLACEMENT_3D('',#4478,#3662,#3663);
#3042=AXIS2_PLACEMENT_3D('',#4479,#3664,#3665);
#3043=AXIS2_PLACEMENT_3D('',#4485,#3669,#3670);
#3044=AXIS2_PLACEMENT_3D('',#4491,#3674,#3675);
#3045=AXIS2_PLACEMENT_3D('',#4493,#3677,#3678);
#3046=AXIS2_PLACEMENT_3D('',#4495,#3680,#3681);
#3047=AXIS2_PLACEMENT_3D('',#4496,#3682,#3683);
#3048=AXIS2_PLACEMENT_3D('',#4498,#3684,#3685);
#3049=AXIS2_PLACEMENT_3D('',#4501,#3687,#3688);
#3050=AXIS2_PLACEMENT_3D('',#4502,#3689,#3690);
#3051=AXIS2_PLACEMENT_3D('',#4504,#3691,#3692);
#3052=AXIS2_PLACEMENT_3D('',#4507,#3694,#3695);
#3053=AXIS2_PLACEMENT_3D('',#4508,#3696,#3697);
#3054=AXIS2_PLACEMENT_3D('',#4514,#3701,#3702);
#3055=AXIS2_PLACEMENT_3D('',#4520,#3706,#3707);
#3056=AXIS2_PLACEMENT_3D('',#4522,#3709,#3710);
#3057=AXIS2_PLACEMENT_3D('',#4524,#3712,#3713);
#3058=AXIS2_PLACEMENT_3D('',#4525,#3714,#3715);
#3059=AXIS2_PLACEMENT_3D('',#4531,#3719,#3720);
#3060=AXIS2_PLACEMENT_3D('',#4533,#3722,#3723);
#3061=AXIS2_PLACEMENT_3D('',#4535,#3724,#3725);
#3062=AXIS2_PLACEMENT_3D('',#4538,#3727,#3728);
#3063=AXIS2_PLACEMENT_3D('',#4539,#3729,#3730);
#3064=AXIS2_PLACEMENT_3D('',#4540,#3731,#3732);
#3065=AXIS2_PLACEMENT_3D('',#4542,#3734,#3735);
#3066=AXIS2_PLACEMENT_3D('',#4543,#3736,#3737);
#3067=AXIS2_PLACEMENT_3D('',#4549,#3741,#3742);
#3068=AXIS2_PLACEMENT_3D('',#4551,#3744,#3745);
#3069=AXIS2_PLACEMENT_3D('',#4553,#3746,#3747);
#3070=AXIS2_PLACEMENT_3D('',#4556,#3749,#3750);
#3071=AXIS2_PLACEMENT_3D('',#4557,#3751,#3752);
#3072=AXIS2_PLACEMENT_3D('',#4558,#3753,#3754);
#3073=AXIS2_PLACEMENT_3D('',#4560,#3756,#3757);
#3074=AXIS2_PLACEMENT_3D('',#4561,#3758,#3759);
#3075=AXIS2_PLACEMENT_3D('',#4567,#3763,#3764);
#3076=AXIS2_PLACEMENT_3D('',#4570,#3766,#3767);
#3077=AXIS2_PLACEMENT_3D('',#4571,#3768,#3769);
#3078=AXIS2_PLACEMENT_3D('',#4574,#3771,#3772);
#3079=AXIS2_PLACEMENT_3D('',#4575,#3773,#3774);
#3080=AXIS2_PLACEMENT_3D('',#4576,#3775,#3776);
#3081=AXIS2_PLACEMENT_3D('',#4578,#3778,#3779);
#3082=AXIS2_PLACEMENT_3D('',#4579,#3780,#3781);
#3083=AXIS2_PLACEMENT_3D('',#4585,#3785,#3786);
#3084=AXIS2_PLACEMENT_3D('',#4588,#3788,#3789);
#3085=AXIS2_PLACEMENT_3D('',#4589,#3790,#3791);
#3086=AXIS2_PLACEMENT_3D('',#4592,#3793,#3794);
#3087=AXIS2_PLACEMENT_3D('',#4593,#3795,#3796);
#3088=AXIS2_PLACEMENT_3D('',#4594,#3797,#3798);
#3089=AXIS2_PLACEMENT_3D('',#4596,#3800,#3801);
#3090=AXIS2_PLACEMENT_3D('',#4597,#3802,#3803);
#3091=AXIS2_PLACEMENT_3D('',#4607,#3808,#3809);
#3092=AXIS2_PLACEMENT_3D('',#4608,#3810,#3811);
#3093=AXIS2_PLACEMENT_3D('',#4615,#3815,#3816);
#3094=AXIS2_PLACEMENT_3D('',#4616,#3817,#3818);
#3095=AXIS2_PLACEMENT_3D('',#4622,#3822,#3823);
#3096=AXIS2_PLACEMENT_3D('',#4628,#3827,#3828);
#3097=AXIS2_PLACEMENT_3D('',#4631,#3830,#3831);
#3098=AXIS2_PLACEMENT_3D('',#4632,#3832,#3833);
#3099=AXIS2_PLACEMENT_3D('',#4635,#3835,#3836);
#3100=AXIS2_PLACEMENT_3D('',#4636,#3837,#3838);
#3101=AXIS2_PLACEMENT_3D('',#4640,#3841,#3842);
#3102=AXIS2_PLACEMENT_3D('',#4644,#3845,#3846);
#3103=AXIS2_PLACEMENT_3D('',#4646,#3848,#3849);
#3104=AXIS2_PLACEMENT_3D('',#4647,#3850,#3851);
#3105=DIRECTION('axis',(0.,0.,1.));
#3106=DIRECTION('refdir',(1.,0.,0.));
#3107=DIRECTION('axis',(0.,0.,1.));
#3108=DIRECTION('refdir',(1.,0.,0.));
#3109=DIRECTION('center_axis',(1.,6.79076164738208E-17,8.32434064871881E-19));
#3110=DIRECTION('ref_axis',(8.32434064871881E-19,0.,-1.));
#3111=DIRECTION('',(8.32434064871901E-19,-2.93300411080931E-16,-1.));
#3112=DIRECTION('',(-6.79076164738208E-17,1.,-2.74663467287649E-16));
#3113=DIRECTION('',(-8.32434064871901E-19,2.93300411080931E-16,1.));
#3114=DIRECTION('',(6.79076164738208E-17,-1.,2.15369328408578E-16));
#3115=DIRECTION('',(-8.32434064871923E-19,6.18632327760388E-16,1.));
#3116=DIRECTION('',(6.79076164738208E-17,-1.,2.15369328408578E-16));
#3117=DIRECTION('',(-8.32434064871901E-19,2.93300411080931E-16,1.));
#3118=DIRECTION('',(6.79076164738208E-17,-1.,2.74663467287649E-16));
#3119=DIRECTION('',(8.32434064871901E-19,-2.93300411080931E-16,-1.));
#3120=DIRECTION('',(6.79076164738208E-17,-1.,2.15369328408578E-16));
#3121=DIRECTION('',(-8.32434064871923E-19,6.18632327760388E-16,1.));
#3122=DIRECTION('',(6.79076164738208E-17,-1.,2.15369328408578E-16));
#3123=DIRECTION('',(-8.32434064871896E-19,2.22044604925031E-16,1.));
#3124=DIRECTION('',(6.79076164738208E-17,-1.,2.22044604925031E-16));
#3125=DIRECTION('',(8.32434064871896E-19,-2.22044604925031E-16,-1.));
#3126=DIRECTION('',(-6.79076164738208E-17,1.,-2.22044604925031E-16));
#3127=DIRECTION('',(-8.32434064871896E-19,2.22044604925031E-16,1.));
#3128=DIRECTION('',(6.79076164738208E-17,-1.,2.22044604925031E-16));
#3129=DIRECTION('',(8.32434064871896E-19,-2.22044604925031E-16,-1.));
#3130=DIRECTION('',(-6.79076164738208E-17,1.,-2.22044604925031E-16));
#3131=DIRECTION('center_axis',(-1.,-6.79076164738208E-17,-8.32434064871881E-19));
#3132=DIRECTION('ref_axis',(-8.32434064871881E-19,0.,1.));
#3133=DIRECTION('',(-8.32434064871901E-19,2.93300411080931E-16,1.));
#3134=DIRECTION('',(-6.79076164738208E-17,1.,-2.74663467287649E-16));
#3135=DIRECTION('',(8.32434064871901E-19,-2.93300411080931E-16,-1.));
#3136=DIRECTION('',(-6.79076164738208E-17,1.,-2.15369328408578E-16));
#3137=DIRECTION('',(-8.32434064871923E-19,6.18632327760388E-16,1.));
#3138=DIRECTION('',(-6.79076164738208E-17,1.,-2.15369328408578E-16));
#3139=DIRECTION('',(8.32434064871901E-19,-2.93300411080931E-16,-1.));
#3140=DIRECTION('',(6.79076164738208E-17,-1.,2.74663467287649E-16));
#3141=DIRECTION('',(-8.32434064871901E-19,2.93300411080931E-16,1.));
#3142=DIRECTION('',(-6.79076164738208E-17,1.,-2.15369328408578E-16));
#3143=DIRECTION('',(-8.32434064871923E-19,6.18632327760388E-16,1.));
#3144=DIRECTION('',(-6.79076164738208E-17,1.,-2.15369328408578E-16));
#3145=DIRECTION('',(-8.32434064871896E-19,2.22044604925031E-16,1.));
#3146=DIRECTION('',(-6.79076164738208E-17,1.,-2.22044604925031E-16));
#3147=DIRECTION('',(8.32434064871896E-19,-2.22044604925031E-16,-1.));
#3148=DIRECTION('',(6.79076164738208E-17,-1.,2.22044604925031E-16));
#3149=DIRECTION('',(-8.32434064871896E-19,2.22044604925031E-16,1.));
#3150=DIRECTION('',(-6.79076164738208E-17,1.,-2.22044604925031E-16));
#3151=DIRECTION('',(8.32434064871896E-19,-2.22044604925031E-16,-1.));
#3152=DIRECTION('',(6.79076164738208E-17,-1.,2.22044604925031E-16));
#3153=DIRECTION('center_axis',(2.98472305222529E-17,-2.15369328408578E-16,
-1.));
#3154=DIRECTION('ref_axis',(-1.,0.,-2.98472305222529E-17));
#3155=DIRECTION('',(-1.,1.19862820925717E-15,-2.98472305222532E-17));
#3156=DIRECTION('',(1.,2.51953169481708E-16,2.98472305222529E-17));
#3157=DIRECTION('',(-1.,1.19862820925717E-15,-2.98472305222532E-17));
#3158=DIRECTION('',(3.2866927783273E-17,1.,-2.15369328408578E-16));
#3159=DIRECTION('',(1.,-1.19862820925717E-15,2.98472305222532E-17));
#3160=DIRECTION('',(1.,2.51953169481708E-16,2.98472305222529E-17));
#3161=DIRECTION('',(1.,-1.19862820925717E-15,2.98472305222532E-17));
#3162=DIRECTION('',(-3.2866927783273E-17,-1.,2.15369328408578E-16));
#3163=DIRECTION('',(-6.12323399573677E-17,1.,-2.22044604925031E-16));
#3164=DIRECTION('',(-1.,-6.12323399573678E-17,-4.08215599715785E-16));
#3165=DIRECTION('',(6.12323399573677E-17,-1.,2.22044604925031E-16));
#3166=DIRECTION('',(-1.,-6.12323399573678E-17,-4.08215599715785E-16));
#3167=DIRECTION('',(-6.12323399573677E-17,1.,-2.22044604925031E-16));
#3168=DIRECTION('',(-1.,-6.12323399573678E-17,-4.08215599715785E-16));
#3169=DIRECTION('',(6.12323399573677E-17,-1.,2.22044604925031E-16));
#3170=DIRECTION('',(-1.,-6.12323399573678E-17,-4.08215599715785E-16));
#3171=DIRECTION('',(-1.,-6.12323399573677E-17,-2.98472305222529E-17));
#3172=DIRECTION('',(-6.12323399573676E-17,1.,-2.15369328408578E-16));
#3173=DIRECTION('',(1.,6.12323399573677E-17,2.98472305222529E-17));
#3174=DIRECTION('',(6.12323399573676E-17,-1.,2.15369328408578E-16));
#3175=DIRECTION('',(-1.,-6.12323399573677E-17,-2.98472305222529E-17));
#3176=DIRECTION('',(-6.12323399573676E-17,1.,-2.15369328408578E-16));
#3177=DIRECTION('',(1.,6.12323399573677E-17,2.98472305222529E-17));
#3178=DIRECTION('',(6.12323399573676E-17,-1.,2.15369328408578E-16));
#3179=DIRECTION('',(1.,6.12323399573677E-17,2.98472305222529E-17));
#3180=DIRECTION('',(6.12323399573676E-17,-1.,2.15369328408578E-16));
#3181=DIRECTION('',(-1.,-6.12323399573677E-17,-2.98472305222529E-17));
#3182=DIRECTION('',(-6.12323399573676E-17,1.,-2.15369328408578E-16));
#3183=DIRECTION('center_axis',(1.,6.12323399573676E-17,-8.57252759403147E-17));
#3184=DIRECTION('ref_axis',(-8.57252759403147E-17,0.,-1.));
#3185=DIRECTION('',(8.57252759403147E-17,2.22044604925031E-16,1.));
#3186=DIRECTION('',(-6.12323399573677E-17,1.,-2.22044604925031E-16));
#3187=DIRECTION('',(8.57252759403147E-17,2.22044604925031E-16,1.));
#3188=DIRECTION('',(6.12323399573677E-17,-1.,2.22044604925031E-16));
#3189=DIRECTION('',(8.57252759403147E-17,2.22044604925031E-16,1.));
#3190=DIRECTION('center_axis',(-6.12323399573676E-17,1.,-2.22044604925031E-16));
#3191=DIRECTION('ref_axis',(0.,2.22044604925031E-16,1.));
#3192=DIRECTION('',(8.57252759403147E-17,2.22044604925031E-16,1.));
#3193=DIRECTION('',(-1.,-6.12323399573676E-17,2.14040519957252E-16));
#3194=DIRECTION('center_axis',(-2.14040519957252E-16,-2.22044604925031E-16,
-1.));
#3195=DIRECTION('ref_axis',(-1.,0.,2.14040519957252E-16));
#3196=DIRECTION('',(6.12323399573677E-17,-1.,2.22044604925031E-16));
#3197=DIRECTION('',(1.,6.11544342735002E-17,-2.14040519957252E-16));
#3198=DIRECTION('center_axis',(2.14040519957252E-16,2.22044604925031E-16,
1.));
#3199=DIRECTION('ref_axis',(6.12323399573677E-17,-1.,2.20842850815564E-16));
#3200=DIRECTION('center_axis',(6.11544342735002E-17,-1.,2.22044604925031E-16));
#3201=DIRECTION('ref_axis',(0.,-2.22044604925031E-16,-1.));
#3202=DIRECTION('',(-8.57252759403147E-17,-2.22044604925031E-16,-1.));
#3203=DIRECTION('',(1.,6.11544342735002E-17,-2.14313189850788E-16));
#3204=DIRECTION('center_axis',(6.11544342735002E-17,-1.,2.22044604925031E-16));
#3205=DIRECTION('ref_axis',(0.,-5.02586638732746E-16,-1.));
#3206=DIRECTION('center_axis',(-3.97377536262154E-17,1.,-5.08071343368059E-16));
#3207=DIRECTION('ref_axis',(0.,-5.02586638732746E-16,-1.));
#3208=DIRECTION('',(-3.97377536262154E-17,1.,-5.08071343368059E-16));
#3209=DIRECTION('center_axis',(6.12323399573676E-17,-1.,2.22044604925031E-16));
#3210=DIRECTION('ref_axis',(0.,-5.02586638732746E-16,-1.));
#3211=DIRECTION('center_axis',(-2.14313189850787E-16,-2.22044604925031E-16,
-1.));
#3212=DIRECTION('ref_axis',(-1.,0.,2.14313189850787E-16));
#3213=DIRECTION('',(-6.12323399573677E-17,1.,-2.22044604925031E-16));
#3214=DIRECTION('',(-1.,-6.12323399573676E-17,2.14313189850787E-16));
#3215=DIRECTION('center_axis',(-1.,-6.12323399573676E-17,8.57252759403147E-17));
#3216=DIRECTION('ref_axis',(8.57252759403147E-17,0.,1.));
#3217=DIRECTION('',(8.57252759403147E-17,2.22044604925031E-16,1.));
#3218=DIRECTION('center_axis',(6.12323399573676E-17,-1.,2.22044604925031E-16));
#3219=DIRECTION('ref_axis',(0.,-2.22044604925031E-16,-1.));
#3220=DIRECTION('center_axis',(1.,6.12323399573676E-17,-8.57252759403147E-17));
#3221=DIRECTION('ref_axis',(-8.57252759403147E-17,0.,-1.));
#3222=DIRECTION('',(8.57252759403147E-17,2.22044604925031E-16,1.));
#3223=DIRECTION('',(-6.12323399573677E-17,1.,-2.22044604925031E-16));
#3224=DIRECTION('',(8.57252759403147E-17,2.22044604925031E-16,1.));
#3225=DIRECTION('',(6.12323399573677E-17,-1.,2.22044604925031E-16));
#3226=DIRECTION('',(8.57252759403147E-17,2.22044604925031E-16,1.));
#3227=DIRECTION('center_axis',(-6.12323399573676E-17,1.,-2.22044604925031E-16));
#3228=DIRECTION('ref_axis',(0.,2.22044604925031E-16,1.));
#3229=DIRECTION('',(8.57252759403147E-17,2.22044604925031E-16,1.));
#3230=DIRECTION('',(-1.,-6.12323399573676E-17,2.14040519957252E-16));
#3231=DIRECTION('center_axis',(-2.14040519957252E-16,-2.22044604925031E-16,
-1.));
#3232=DIRECTION('ref_axis',(-1.,0.,2.14040519957252E-16));
#3233=DIRECTION('',(6.12323399573677E-17,-1.,2.22044604925031E-16));
#3234=DIRECTION('',(1.,6.11544342735002E-17,-2.14040519957252E-16));
#3235=DIRECTION('center_axis',(2.14040519957252E-16,2.22044604925031E-16,
1.));
#3236=DIRECTION('ref_axis',(6.12323399573677E-17,-1.,2.20842850815564E-16));
#3237=DIRECTION('center_axis',(6.11544342735002E-17,-1.,2.22044604925031E-16));
#3238=DIRECTION('ref_axis',(0.,-2.22044604925031E-16,-1.));
#3239=DIRECTION('',(-8.57252759403147E-17,-2.22044604925031E-16,-1.));
#3240=DIRECTION('',(1.,6.11544342735002E-17,-2.14313189850788E-16));
#3241=DIRECTION('center_axis',(6.11544342735002E-17,-1.,2.22044604925031E-16));
#3242=DIRECTION('ref_axis',(0.,-5.02586638732746E-16,-1.));
#3243=DIRECTION('center_axis',(-3.97377536262154E-17,1.,-5.08071343368059E-16));
#3244=DIRECTION('ref_axis',(0.,-5.02586638732746E-16,-1.));
#3245=DIRECTION('',(-3.97377536262154E-17,1.,-5.08071343368059E-16));
#3246=DIRECTION('center_axis',(6.12323399573676E-17,-1.,2.22044604925031E-16));
#3247=DIRECTION('ref_axis',(0.,-5.02586638732746E-16,-1.));
#3248=DIRECTION('center_axis',(-2.14313189850787E-16,-2.22044604925031E-16,
-1.));
#3249=DIRECTION('ref_axis',(-1.,0.,2.14313189850787E-16));
#3250=DIRECTION('',(-6.12323399573677E-17,1.,-2.22044604925031E-16));
#3251=DIRECTION('',(-1.,-6.12323399573676E-17,2.14313189850787E-16));
#3252=DIRECTION('center_axis',(-1.,-6.12323399573676E-17,8.57252759403147E-17));
#3253=DIRECTION('ref_axis',(8.57252759403147E-17,0.,1.));
#3254=DIRECTION('',(8.57252759403147E-17,2.22044604925031E-16,1.));
#3255=DIRECTION('center_axis',(6.12323399573676E-17,-1.,2.22044604925031E-16));
#3256=DIRECTION('ref_axis',(0.,-2.22044604925031E-16,-1.));
#3257=DIRECTION('center_axis',(-2.18277925721708E-17,2.23252898584836E-16,
1.));
#3258=DIRECTION('ref_axis',(6.12323399573677E-17,-1.,2.20842850815564E-16));
#3259=DIRECTION('center_axis',(-2.98472305222529E-17,2.15369328408578E-16,
1.));
#3260=DIRECTION('ref_axis',(6.12323399573677E-17,-1.,2.20842850815564E-16));
#3261=DIRECTION('',(-2.18277925721708E-17,2.23252898584836E-16,1.));
#3262=DIRECTION('center_axis',(-2.18277925721708E-17,2.23252898584836E-16,
1.));
#3263=DIRECTION('ref_axis',(6.12323399573677E-17,-1.,2.20842850815564E-16));
#3264=DIRECTION('center_axis',(-2.98472305222529E-17,2.15369328408578E-16,
1.));
#3265=DIRECTION('ref_axis',(6.12323399573677E-17,-1.,2.20842850815564E-16));
#3266=DIRECTION('',(-2.18277925721708E-17,2.23252898584836E-16,1.));
#3267=DIRECTION('center_axis',(-2.98472305222529E-17,2.15369328408578E-16,
1.));
#3268=DIRECTION('ref_axis',(1.,0.,2.98472305222529E-17));
#3269=DIRECTION('',(-6.79076164738208E-17,1.,-2.15369328408578E-16));
#3270=DIRECTION('',(1.,2.51953169481708E-16,2.98472305222529E-17));
#3271=DIRECTION('',(6.79076164738208E-17,-1.,2.15369328408578E-16));
#3272=DIRECTION('',(1.,2.51953169481708E-16,2.98472305222529E-17));
#3273=DIRECTION('center_axis',(-2.98472305222529E-17,2.15369328408578E-16,
1.));
#3274=DIRECTION('ref_axis',(6.12323399573677E-17,-1.,2.20842850815564E-16));
#3275=DIRECTION('center_axis',(6.12323399573676E-17,-1.,2.22044604925031E-16));
#3276=DIRECTION('ref_axis',(0.,-2.22044604925031E-16,-1.));
#3277=DIRECTION('',(8.57252759403146E-17,2.22044604925031E-16,1.));
#3278=DIRECTION('',(-1.,-6.12323399573676E-17,2.14313189850787E-16));
#3279=DIRECTION('',(8.57252759403146E-17,2.22044604925031E-16,1.));
#3280=DIRECTION('center_axis',(6.12323399573676E-17,-1.,2.22044604925031E-16));
#3281=DIRECTION('ref_axis',(4.56516727558456E-32,-5.02586638732746E-16,
-1.));
#3282=DIRECTION('center_axis',(1.,6.12323399573676E-17,-8.57252759403147E-17));
#3283=DIRECTION('ref_axis',(-8.57252759403147E-17,0.,-1.));
#3284=DIRECTION('',(8.57252759403146E-17,2.22044604925031E-16,1.));
#3285=DIRECTION('',(-6.12323399573677E-17,1.,-2.22044604925031E-16));
#3286=DIRECTION('',(8.57252759403146E-17,2.22044604925031E-16,1.));
#3287=DIRECTION('',(6.12323399573677E-17,-1.,2.22044604925031E-16));
#3288=DIRECTION('center_axis',(-2.14040519957252E-16,-2.22044604925031E-16,
-1.));
#3289=DIRECTION('ref_axis',(-1.,0.,2.14040519957252E-16));
#3290=DIRECTION('',(6.12323399573677E-17,-1.,2.22044604925031E-16));
#3291=DIRECTION('',(1.,6.11544342735002E-17,-2.14040519957252E-16));
#3292=DIRECTION('',(-1.,-6.12323399573676E-17,2.14040519957252E-16));
#3293=DIRECTION('center_axis',(2.14040519957252E-16,2.22044604925031E-16,
1.));
#3294=DIRECTION('ref_axis',(6.12323399573677E-17,-1.,2.20842850815564E-16));
#3295=DIRECTION('center_axis',(6.11544342735002E-17,-1.,2.22044604925031E-16));
#3296=DIRECTION('ref_axis',(0.,-2.22044604925031E-16,-1.));
#3297=DIRECTION('',(-8.57252759403146E-17,-2.22044604925031E-16,-1.));
#3298=DIRECTION('',(1.,6.11544342735002E-17,-2.14313189850788E-16));
#3299=DIRECTION('center_axis',(6.11544342735002E-17,-1.,2.22044604925031E-16));
#3300=DIRECTION('ref_axis',(4.56516727558456E-32,-5.02586638732746E-16,
-1.));
#3301=DIRECTION('center_axis',(-6.12323399573676E-17,1.,-2.22044604925031E-16));
#3302=DIRECTION('ref_axis',(0.,2.22044604925031E-16,1.));
#3303=DIRECTION('',(8.57252759403146E-17,2.22044604925031E-16,1.));
#3304=DIRECTION('center_axis',(-3.97377536262154E-17,1.,-5.08071343368059E-16));
#3305=DIRECTION('ref_axis',(4.56516727558456E-32,-5.02586638732746E-16,
-1.));
#3306=DIRECTION('',(-3.97377536262154E-17,1.,-5.08071343368059E-16));
#3307=DIRECTION('center_axis',(-2.18277925721708E-17,2.23252898584836E-16,
1.));
#3308=DIRECTION('ref_axis',(6.12323399573677E-17,-1.,2.20842850815564E-16));
#3309=DIRECTION('',(-2.18277925721708E-17,2.23252898584836E-16,1.));
#3310=DIRECTION('center_axis',(-2.14313189850787E-16,-2.22044604925031E-16,
-1.));
#3311=DIRECTION('ref_axis',(-1.,0.,2.14313189850787E-16));
#3312=DIRECTION('',(-6.12323399573677E-17,1.,-2.22044604925031E-16));
#3313=DIRECTION('center_axis',(-1.,-6.12323399573676E-17,8.57252759403147E-17));
#3314=DIRECTION('ref_axis',(8.57252759403147E-17,0.,1.));
#3315=DIRECTION('center_axis',(1.,6.79076164738208E-17,8.32434064871881E-19));
#3316=DIRECTION('ref_axis',(8.32434064871881E-19,0.,-1.));
#3317=DIRECTION('',(-8.32434064871923E-19,6.18632327760388E-16,1.));
#3318=DIRECTION('',(-6.79076164738208E-17,1.,-4.24385279841031E-16));
#3319=DIRECTION('',(-8.32434064871923E-19,6.18632327760388E-16,1.));
#3320=DIRECTION('center_axis',(-2.4492935982947E-17,-2.22044604925031E-16,
-1.));
#3321=DIRECTION('ref_axis',(-1.,0.,2.4492935982947E-17));
#3322=DIRECTION('',(1.,6.12323399573677E-17,-2.4492935982947E-17));
#3323=DIRECTION('',(-6.12323399573677E-17,1.,-2.22044604925031E-16));
#3324=DIRECTION('',(1.,6.12323399573677E-17,-2.4492935982947E-17));
#3325=DIRECTION('',(6.12323399573677E-17,-1.,2.22044604925031E-16));
#3326=DIRECTION('',(1.,6.12323399573677E-17,-2.4492935982947E-17));
#3327=DIRECTION('center_axis',(-6.12323399573677E-17,1.,-2.22044604925031E-16));
#3328=DIRECTION('ref_axis',(0.,2.22044604925031E-16,1.));
#3329=DIRECTION('',(1.,6.12323399573677E-17,-2.4492935982947E-17));
#3330=DIRECTION('',(1.52886085683751E-16,2.22044604925031E-16,1.));
#3331=DIRECTION('center_axis',(-1.,-6.12323399573676E-17,1.52886085683751E-16));
#3332=DIRECTION('ref_axis',(1.52886085683751E-16,0.,1.));
#3333=DIRECTION('',(6.12323399573677E-17,-1.,2.22044604925031E-16));
#3334=DIRECTION('',(-1.52886085683751E-16,-2.2176209838016E-16,-1.));
#3335=DIRECTION('center_axis',(1.,6.12323399573676E-17,-1.52886085683751E-16));
#3336=DIRECTION('ref_axis',(6.09009371016175E-17,-1.,2.22044604925031E-16));
#3337=DIRECTION('center_axis',(6.12323399573677E-17,-1.,2.2176209838016E-16));
#3338=DIRECTION('ref_axis',(0.,-2.2176209838016E-16,-1.));
#3339=DIRECTION('',(-1.,-6.12323399573677E-17,2.4492935982947E-17));
#3340=DIRECTION('',(-1.5308084989342E-16,-2.2176209838016E-16,-1.));
#3341=DIRECTION('center_axis',(6.12323399573677E-17,-1.,2.2176209838016E-16));
#3342=DIRECTION('ref_axis',(-1.,-3.42644725018799E-16,-6.12323399573676E-17));
#3343=DIRECTION('center_axis',(-3.46383990981608E-16,1.,-2.45080691157007E-16));
#3344=DIRECTION('ref_axis',(-1.,-3.42644725018799E-16,-6.12323399573676E-17));
#3345=DIRECTION('',(-3.46383990981608E-16,1.,-2.45080691157007E-16));
#3346=DIRECTION('center_axis',(6.12323399573677E-17,-1.,2.22044604925031E-16));
#3347=DIRECTION('ref_axis',(-1.,-3.42644725018799E-16,-6.12323399573676E-17));
#3348=DIRECTION('center_axis',(-1.,-6.12323399573676E-17,1.5308084989342E-16));
#3349=DIRECTION('ref_axis',(1.5308084989342E-16,0.,1.));
#3350=DIRECTION('',(-6.12323399573677E-17,1.,-2.22044604925031E-16));
#3351=DIRECTION('',(1.5308084989342E-16,2.22044604925031E-16,1.));
#3352=DIRECTION('center_axis',(2.4492935982947E-17,2.22044604925031E-16,
1.));
#3353=DIRECTION('ref_axis',(1.,0.,-2.4492935982947E-17));
#3354=DIRECTION('',(1.,6.12323399573677E-17,-2.4492935982947E-17));
#3355=DIRECTION('center_axis',(6.12323399573677E-17,-1.,2.22044604925031E-16));
#3356=DIRECTION('ref_axis',(0.,-2.22044604925031E-16,-1.));
#3357=DIRECTION('center_axis',(1.19122485293564E-14,-4.2438527984103E-16,
-1.));
#3358=DIRECTION('ref_axis',(-1.,0.,-1.19122485293564E-14));
#3359=DIRECTION('',(6.79076164738208E-17,-1.,4.24385279841031E-16));
#3360=DIRECTION('',(-1.,-8.59272496872535E-14,-1.19122485293564E-14));
#3361=DIRECTION('',(1.,8.59272496872535E-14,1.19122485293564E-14));
#3362=DIRECTION('center_axis',(1.19122485293564E-14,-4.2438527984103E-16,
-1.));
#3363=DIRECTION('ref_axis',(-1.,0.,-1.19122485293564E-14));
#3364=DIRECTION('',(-6.79076164738208E-17,1.,-4.24385279841031E-16));
#3365=DIRECTION('',(-1.,-8.59272496872535E-14,-1.19122485293564E-14));
#3366=DIRECTION('',(6.79076164738208E-17,-1.,4.24385279841031E-16));
#3367=DIRECTION('',(1.,8.59272496872535E-14,1.19122485293564E-14));
#3368=DIRECTION('center_axis',(1.,6.79076164738208E-17,8.32434064871881E-19));
#3369=DIRECTION('ref_axis',(8.32434064871881E-19,0.,-1.));
#3370=DIRECTION('',(-6.79076164738208E-17,1.,-2.15369328408578E-16));
#3371=DIRECTION('',(-8.32434064871923E-19,6.18632327760388E-16,1.));
#3372=DIRECTION('',(-8.32434064871923E-19,6.18632327760388E-16,1.));
#3373=DIRECTION('center_axis',(-1.,-6.79076164738208E-17,-8.32434064871881E-19));
#3374=DIRECTION('ref_axis',(-8.32434064871881E-19,0.,1.));
#3375=DIRECTION('',(-8.32434064871923E-19,6.18632327760388E-16,1.));
#3376=DIRECTION('',(-8.32434064871923E-19,6.18632327760388E-16,1.));
#3377=DIRECTION('center_axis',(-1.,-6.79076164738208E-17,-8.32434064871881E-19));
#3378=DIRECTION('ref_axis',(6.09009371016175E-17,-1.,2.22044604925031E-16));
#3379=DIRECTION('center_axis',(-1.,-6.79076164738208E-17,-8.32434064871881E-19));
#3380=DIRECTION('ref_axis',(6.09009371016175E-17,-1.,2.22044604925031E-16));
#3381=DIRECTION('center_axis',(2.98472305222529E-17,-2.15369328408578E-16,
-1.));
#3382=DIRECTION('ref_axis',(-1.,0.,-2.98472305222529E-17));
#3383=DIRECTION('',(1.,2.51953169481708E-16,2.98472305222529E-17));
#3384=DIRECTION('',(6.79076164738208E-17,-1.,2.15369328408578E-16));
#3385=DIRECTION('',(1.,2.51953169481708E-16,2.98472305222529E-17));
#3386=DIRECTION('center_axis',(2.98472305222529E-17,-2.15369328408578E-16,
-1.));
#3387=DIRECTION('ref_axis',(6.12323399573677E-17,-1.,2.20842850815564E-16));
#3388=DIRECTION('center_axis',(2.98472305222529E-17,-2.15369328408578E-16,
-1.));
#3389=DIRECTION('ref_axis',(6.12323399573677E-17,-1.,2.20842850815564E-16));
#3390=DIRECTION('center_axis',(2.98472305222529E-17,-2.15369328408578E-16,
-1.));
#3391=DIRECTION('ref_axis',(6.12323399573677E-17,-1.,2.20842850815564E-16));
#3392=DIRECTION('center_axis',(2.5195316948171E-16,-1.,-8.56439727423711E-14));
#3393=DIRECTION('ref_axis',(0.,8.56439727423711E-14,-1.));
#3394=DIRECTION('',(-8.32434064871923E-19,6.18632327760388E-16,1.));
#3395=DIRECTION('',(1.,8.59272496872535E-14,1.19122485293564E-14));
#3396=DIRECTION('',(-8.32434064871923E-19,6.18632327760388E-16,1.));
#3397=DIRECTION('',(-1.,-8.59272496872535E-14,-1.19122485293564E-14));
#3398=DIRECTION('',(-8.32434064871923E-19,6.18632327760388E-16,1.));
#3399=DIRECTION('',(1.,2.51953169481708E-16,2.98472305222529E-17));
#3400=DIRECTION('center_axis',(-2.4492935982947E-17,-2.22044604925031E-16,
-1.));
#3401=DIRECTION('ref_axis',(-1.,0.,2.4492935982947E-17));
#3402=DIRECTION('',(1.,6.12323399573677E-17,-2.4492935982947E-17));
#3403=DIRECTION('',(-6.12323399573677E-17,1.,-2.22044604925031E-16));
#3404=DIRECTION('',(1.,6.12323399573677E-17,-2.4492935982947E-17));
#3405=DIRECTION('',(6.12323399573677E-17,-1.,2.22044604925031E-16));
#3406=DIRECTION('',(1.,6.12323399573677E-17,-2.4492935982947E-17));
#3407=DIRECTION('center_axis',(-6.12323399573677E-17,1.,-2.22044604925031E-16));
#3408=DIRECTION('ref_axis',(0.,2.22044604925031E-16,1.));
#3409=DIRECTION('',(1.,6.12323399573677E-17,-2.4492935982947E-17));
#3410=DIRECTION('',(1.52886085683751E-16,2.22044604925031E-16,1.));
#3411=DIRECTION('center_axis',(-1.,-6.12323399573676E-17,1.52886085683751E-16));
#3412=DIRECTION('ref_axis',(1.52886085683751E-16,0.,1.));
#3413=DIRECTION('',(6.12323399573677E-17,-1.,2.22044604925031E-16));
#3414=DIRECTION('',(-1.52886085683751E-16,-2.2176209838016E-16,-1.));
#3415=DIRECTION('center_axis',(1.,6.12323399573676E-17,-1.52886085683751E-16));
#3416=DIRECTION('ref_axis',(6.09009371016175E-17,-1.,2.22044604925031E-16));
#3417=DIRECTION('center_axis',(6.12323399573677E-17,-1.,2.2176209838016E-16));
#3418=DIRECTION('ref_axis',(0.,-2.2176209838016E-16,-1.));
#3419=DIRECTION('',(-1.,-6.12323399573677E-17,2.4492935982947E-17));
#3420=DIRECTION('',(-1.5308084989342E-16,-2.2176209838016E-16,-1.));
#3421=DIRECTION('center_axis',(6.12323399573677E-17,-1.,2.2176209838016E-16));
#3422=DIRECTION('ref_axis',(-1.,-3.42644725018799E-16,-6.12323399573676E-17));
#3423=DIRECTION('center_axis',(-3.46383990981608E-16,1.,-2.45080691157007E-16));
#3424=DIRECTION('ref_axis',(-1.,-3.42644725018799E-16,-6.12323399573676E-17));
#3425=DIRECTION('',(-3.46383990981608E-16,1.,-2.45080691157007E-16));
#3426=DIRECTION('center_axis',(6.12323399573677E-17,-1.,2.22044604925031E-16));
#3427=DIRECTION('ref_axis',(-1.,-3.42644725018799E-16,-6.12323399573676E-17));
#3428=DIRECTION('center_axis',(-1.,-6.12323399573676E-17,1.5308084989342E-16));
#3429=DIRECTION('ref_axis',(1.5308084989342E-16,0.,1.));
#3430=DIRECTION('',(-6.12323399573677E-17,1.,-2.22044604925031E-16));
#3431=DIRECTION('',(1.5308084989342E-16,2.22044604925031E-16,1.));
#3432=DIRECTION('center_axis',(2.4492935982947E-17,2.22044604925031E-16,
1.));
#3433=DIRECTION('ref_axis',(1.,0.,-2.4492935982947E-17));
#3434=DIRECTION('',(1.,6.12323399573677E-17,-2.4492935982947E-17));
#3435=DIRECTION('center_axis',(6.12323399573677E-17,-1.,2.22044604925031E-16));
#3436=DIRECTION('ref_axis',(0.,-2.22044604925031E-16,-1.));
#3437=DIRECTION('center_axis',(-1.,-6.79076164738208E-17,-8.32434064871881E-19));
#3438=DIRECTION('ref_axis',(-8.32434064871881E-19,0.,1.));
#3439=DIRECTION('',(-8.32434064871923E-19,6.18632327760388E-16,1.));
#3440=DIRECTION('',(6.79076164738208E-17,-1.,4.24385279841031E-16));
#3441=DIRECTION('center_axis',(1.,6.15655461983862E-17,8.33933387705569E-17));
#3442=DIRECTION('ref_axis',(6.09009371016175E-17,-1.,2.22044604925031E-16));
#3443=DIRECTION('center_axis',(1.,6.79076164738208E-17,8.32434064871881E-19));
#3444=DIRECTION('ref_axis',(6.09009371016175E-17,-1.,2.22044604925031E-16));
#3445=DIRECTION('',(1.,6.15655461983862E-17,8.33933387705569E-17));
#3446=DIRECTION('center_axis',(1.,6.15655461983862E-17,8.33933387705569E-17));
#3447=DIRECTION('ref_axis',(6.09009371016175E-17,-1.,2.22044604925031E-16));
#3448=DIRECTION('center_axis',(1.,6.79076164738208E-17,8.32434064871881E-19));
#3449=DIRECTION('ref_axis',(6.09009371016175E-17,-1.,2.22044604925031E-16));
#3450=DIRECTION('',(1.,6.15655461983862E-17,8.33933387705569E-17));
#3451=DIRECTION('center_axis',(1.19122485293564E-14,-4.2438527984103E-16,
-1.));
#3452=DIRECTION('ref_axis',(-1.,0.,-1.19122485293564E-14));
#3453=DIRECTION('',(-1.,-8.59272496872535E-14,-1.19122485293564E-14));
#3454=DIRECTION('',(-6.79076164738208E-17,1.,-4.24385279841031E-16));
#3455=DIRECTION('center_axis',(1.19122485293564E-14,-4.2438527984103E-16,
-1.));
#3456=DIRECTION('ref_axis',(-1.,0.,-1.19122485293564E-14));
#3457=DIRECTION('',(-6.79076164738208E-17,1.,-4.24385279841031E-16));
#3458=DIRECTION('',(6.79076164738208E-17,-1.,4.24385279841031E-16));
#3459=DIRECTION('',(1.,8.59272496872535E-14,1.19122485293564E-14));
#3460=DIRECTION('center_axis',(1.,6.79076164738208E-17,8.32434064871881E-19));
#3461=DIRECTION('ref_axis',(8.32434064871881E-19,0.,-1.));
#3462=DIRECTION('',(-8.32434064871923E-19,6.18632327760388E-16,1.));
#3463=DIRECTION('center_axis',(-1.,-6.79076164738208E-17,-8.32434064871881E-19));
#3464=DIRECTION('ref_axis',(-8.32434064871881E-19,0.,1.));
#3465=DIRECTION('',(-8.32434064871923E-19,6.18632327760388E-16,1.));
#3466=DIRECTION('center_axis',(-2.5195316948171E-16,1.,8.56439727423711E-14));
#3467=DIRECTION('ref_axis',(0.,-8.56439727423711E-14,1.));
#3468=DIRECTION('',(1.,2.51953169481708E-16,2.98472305222529E-17));
#3469=DIRECTION('center_axis',(-1.,-6.12323399573677E-17,-3.67394039744207E-17));
#3470=DIRECTION('ref_axis',(-3.67394039744207E-17,0.,1.));
#3471=DIRECTION('',(-6.12323399573677E-17,1.,-2.15369328408578E-16));
#3472=DIRECTION('',(3.67394039744207E-17,-2.22044604925031E-16,-1.));
#3473=DIRECTION('',(-6.12323399573677E-17,1.,-2.22044604925031E-16));
#3474=DIRECTION('',(3.67394039744207E-17,-2.22044604925031E-16,-1.));
#3475=DIRECTION('',(6.12323399573677E-17,-1.,2.22044604925031E-16));
#3476=DIRECTION('',(3.67394039744207E-17,-2.22044604925031E-16,-1.));
#3477=DIRECTION('center_axis',(-6.12323399573677E-17,1.,-2.22044604925031E-16));
#3478=DIRECTION('ref_axis',(0.,2.22044604925031E-16,1.));
#3479=DIRECTION('',(1.,6.12323399573677E-17,2.98472305222529E-17));
#3480=DIRECTION('',(3.67394039744207E-17,-2.22044604925031E-16,-1.));
#3481=DIRECTION('',(1.,6.12323399573676E-17,-9.17316514102511E-17));
#3482=DIRECTION('center_axis',(9.1731651410251E-17,2.22044604925031E-16,
1.));
#3483=DIRECTION('ref_axis',(1.,0.,-9.1731651410251E-17));
#3484=DIRECTION('',(6.12323399573677E-17,-1.,2.22044604925031E-16));
#3485=DIRECTION('',(-1.,-6.11544342735002E-17,9.17316514102511E-17));
#3486=DIRECTION('center_axis',(-9.1731651410251E-17,-2.22044604925031E-16,
-1.));
#3487=DIRECTION('ref_axis',(6.12323399573677E-17,-1.,2.20842850815564E-16));
#3488=DIRECTION('center_axis',(6.11544342735002E-17,-1.,2.22044604925031E-16));
#3489=DIRECTION('ref_axis',(0.,-2.22044604925031E-16,-1.));
#3490=DIRECTION('',(-3.67394039744207E-17,2.22044604925031E-16,1.));
#3491=DIRECTION('',(-1.,-6.11544342735002E-17,9.18485099360522E-17));
#3492=DIRECTION('center_axis',(6.11544342735002E-17,-1.,2.22044604925031E-16));
#3493=DIRECTION('ref_axis',(-1.22464679914735E-16,-6.09009371016176E-17,
1.));
#3494=DIRECTION('center_axis',(-8.33933387705569E-17,1.,6.15655461983862E-17));
#3495=DIRECTION('ref_axis',(-1.22464679914735E-16,-6.09009371016176E-17,
1.));
#3496=DIRECTION('',(-8.33933387705569E-17,1.,6.15655461983862E-17));
#3497=DIRECTION('center_axis',(6.12323399573677E-17,-1.,2.22044604925031E-16));
#3498=DIRECTION('ref_axis',(-1.22464679914735E-16,-6.09009371016176E-17,
1.));
#3499=DIRECTION('center_axis',(9.18485099360522E-17,2.22044604925031E-16,
1.));
#3500=DIRECTION('ref_axis',(1.,0.,-9.18485099360522E-17));
#3501=DIRECTION('',(-6.12323399573677E-17,1.,-2.22044604925031E-16));
#3502=DIRECTION('',(1.,6.12323399573676E-17,-9.18485099360522E-17));
#3503=DIRECTION('center_axis',(1.,6.12323399573677E-17,3.67394039744207E-17));
#3504=DIRECTION('ref_axis',(3.67394039744207E-17,0.,-1.));
#3505=DIRECTION('',(6.12323399573677E-17,-1.,2.15369328408578E-16));
#3506=DIRECTION('',(3.67394039744207E-17,-2.22044604925031E-16,-1.));
#3507=DIRECTION('center_axis',(6.12323399573677E-17,-1.,2.22044604925031E-16));
#3508=DIRECTION('ref_axis',(0.,-2.22044604925031E-16,-1.));
#3509=DIRECTION('',(-1.,-6.12323399573677E-17,-2.98472305222529E-17));
#3510=DIRECTION('center_axis',(-2.98472305222529E-17,2.15369328408578E-16,
1.));
#3511=DIRECTION('ref_axis',(1.,0.,2.98472305222529E-17));
#3512=DIRECTION('',(1.,-1.19862820925717E-15,2.98472305222532E-17));
#3513=DIRECTION('',(1.,-1.19862820925717E-15,2.98472305222532E-17));
#3514=DIRECTION('',(3.2866927783273E-17,1.,-2.15369328408578E-16));
#3515=DIRECTION('',(-1.,1.19862820925717E-15,-2.98472305222532E-17));
#3516=DIRECTION('',(-1.,1.19862820925717E-15,-2.98472305222532E-17));
#3517=DIRECTION('',(-3.2866927783273E-17,-1.,2.15369328408578E-16));
#3518=DIRECTION('center_axis',(-2.98472305222529E-17,2.15369328408578E-16,
1.));
#3519=DIRECTION('ref_axis',(6.12323399573677E-17,-1.,2.20842850815564E-16));
#3520=DIRECTION('',(-1.,-6.12323399573677E-17,-2.98472305222529E-17));
#3521=DIRECTION('',(6.12323399573677E-17,-1.,2.15369328408578E-16));
#3522=DIRECTION('',(1.,6.12323399573677E-17,2.98472305222529E-17));
#3523=DIRECTION('',(-6.12323399573677E-17,1.,-2.15369328408578E-16));
#3524=DIRECTION('center_axis',(-1.44958884968943E-16,2.23252898584836E-16,
1.));
#3525=DIRECTION('ref_axis',(6.12323399573677E-17,-1.,2.20842850815564E-16));
#3526=DIRECTION('',(-1.44958884968943E-16,2.23252898584836E-16,1.));
#3527=DIRECTION('center_axis',(-1.44958884968943E-16,2.23252898584836E-16,
1.));
#3528=DIRECTION('ref_axis',(6.12323399573677E-17,-1.,2.20842850815564E-16));
#3529=DIRECTION('',(-1.44958884968943E-16,2.23252898584836E-16,1.));
#3530=DIRECTION('center_axis',(6.12323399573677E-17,-1.,2.22044604925031E-16));
#3531=DIRECTION('ref_axis',(0.,-2.22044604925031E-16,-1.));
#3532=DIRECTION('',(3.67394039744207E-17,-2.22044604925031E-16,-1.));
#3533=DIRECTION('',(1.,6.12323399573676E-17,-9.18485099360522E-17));
#3534=DIRECTION('',(3.67394039744207E-17,-2.22044604925031E-16,-1.));
#3535=DIRECTION('center_axis',(6.12323399573677E-17,-1.,2.22044604925031E-16));
#3536=DIRECTION('ref_axis',(-1.22464679914735E-16,-6.09009371016176E-17,
1.));
#3537=DIRECTION('center_axis',(-1.,-6.12323399573677E-17,-3.67394039744207E-17));
#3538=DIRECTION('ref_axis',(-3.67394039744207E-17,0.,1.));
#3539=DIRECTION('',(3.67394039744207E-17,-2.22044604925031E-16,-1.));
#3540=DIRECTION('',(-6.12323399573677E-17,1.,-2.22044604925031E-16));
#3541=DIRECTION('',(3.67394039744207E-17,-2.22044604925031E-16,-1.));
#3542=DIRECTION('',(6.12323399573677E-17,-1.,2.22044604925031E-16));
#3543=DIRECTION('center_axis',(9.1731651410251E-17,2.22044604925031E-16,
1.));
#3544=DIRECTION('ref_axis',(1.,0.,-9.1731651410251E-17));
#3545=DIRECTION('',(6.12323399573677E-17,-1.,2.22044604925031E-16));
#3546=DIRECTION('',(-1.,-6.11544342735002E-17,9.17316514102511E-17));
#3547=DIRECTION('',(1.,6.12323399573676E-17,-9.17316514102511E-17));
#3548=DIRECTION('center_axis',(-9.1731651410251E-17,-2.22044604925031E-16,
-1.));
#3549=DIRECTION('ref_axis',(6.12323399573677E-17,-1.,2.20842850815564E-16));
#3550=DIRECTION('center_axis',(6.11544342735002E-17,-1.,2.22044604925031E-16));
#3551=DIRECTION('ref_axis',(0.,-2.22044604925031E-16,-1.));
#3552=DIRECTION('',(-3.67394039744207E-17,2.22044604925031E-16,1.));
#3553=DIRECTION('',(-1.,-6.11544342735002E-17,9.18485099360522E-17));
#3554=DIRECTION('center_axis',(6.11544342735002E-17,-1.,2.22044604925031E-16));
#3555=DIRECTION('ref_axis',(-1.22464679914735E-16,-6.09009371016176E-17,
1.));
#3556=DIRECTION('center_axis',(-6.12323399573677E-17,1.,-2.22044604925031E-16));
#3557=DIRECTION('ref_axis',(0.,2.22044604925031E-16,1.));
#3558=DIRECTION('',(3.67394039744207E-17,-2.22044604925031E-16,-1.));
#3559=DIRECTION('center_axis',(-8.33933387705569E-17,1.,6.15655461983862E-17));
#3560=DIRECTION('ref_axis',(-1.22464679914735E-16,-6.09009371016176E-17,
1.));
#3561=DIRECTION('',(-8.33933387705569E-17,1.,6.15655461983862E-17));
#3562=DIRECTION('center_axis',(-1.44958884968943E-16,2.23252898584836E-16,
1.));
#3563=DIRECTION('ref_axis',(6.12323399573677E-17,-1.,2.20842850815564E-16));
#3564=DIRECTION('',(-1.44958884968943E-16,2.23252898584836E-16,1.));
#3565=DIRECTION('center_axis',(9.18485099360522E-17,2.22044604925031E-16,
1.));
#3566=DIRECTION('ref_axis',(1.,0.,-9.18485099360522E-17));
#3567=DIRECTION('',(-6.12323399573677E-17,1.,-2.22044604925031E-16));
#3568=DIRECTION('center_axis',(1.,6.12323399573677E-17,3.67394039744207E-17));
#3569=DIRECTION('ref_axis',(3.67394039744207E-17,0.,-1.));
#3570=DIRECTION('center_axis',(6.12323399573677E-17,-1.,2.22044604925031E-16));
#3571=DIRECTION('ref_axis',(0.,-2.22044604925031E-16,-1.));
#3572=DIRECTION('',(-1.,-6.12323399573677E-17,-9.79717439317883E-17));
#3573=DIRECTION('',(-3.06161699786844E-17,-2.22044604925031E-16,-1.));
#3574=DIRECTION('',(-1.,-6.12323399573677E-17,-9.79717439317883E-17));
#3575=DIRECTION('center_axis',(6.12323399573677E-17,-1.,2.22044604925031E-16));
#3576=DIRECTION('ref_axis',(1.,-2.20842850815564E-16,1.83697019872103E-16));
#3577=DIRECTION('center_axis',(-9.79717439317883E-17,2.22044604925031E-16,
1.));
#3578=DIRECTION('ref_axis',(1.,0.,9.79717439317883E-17));
#3579=DIRECTION('',(-1.,-6.12323399573677E-17,-9.79717439317883E-17));
#3580=DIRECTION('',(-6.12323399573677E-17,1.,-2.22044604925031E-16));
#3581=DIRECTION('',(-1.,-6.12323399573677E-17,-9.79717439317883E-17));
#3582=DIRECTION('',(6.12323399573677E-17,-1.,2.22044604925031E-16));
#3583=DIRECTION('center_axis',(1.,6.12323399573676E-17,-3.05772171367508E-17));
#3584=DIRECTION('ref_axis',(-3.05772171367508E-17,0.,-1.));
#3585=DIRECTION('',(6.12323399573677E-17,-1.,2.22044604925031E-16));
#3586=DIRECTION('',(3.05772171367507E-17,2.2176209838016E-16,1.));
#3587=DIRECTION('',(-3.05772171367507E-17,-2.22044604925031E-16,-1.));
#3588=DIRECTION('center_axis',(-1.,-6.12323399573676E-17,3.05772171367508E-17));
#3589=DIRECTION('ref_axis',(6.09009371016175E-17,-1.,2.22044604925031E-16));
#3590=DIRECTION('center_axis',(6.12323399573677E-17,-1.,2.2176209838016E-16));
#3591=DIRECTION('ref_axis',(0.,-2.2176209838016E-16,-1.));
#3592=DIRECTION('',(1.,6.12323399573677E-17,9.79717439317883E-17));
#3593=DIRECTION('',(3.06161699786844E-17,2.2176209838016E-16,1.));
#3594=DIRECTION('center_axis',(6.12323399573677E-17,-1.,2.2176209838016E-16));
#3595=DIRECTION('ref_axis',(1.,-2.20842850815564E-16,1.83697019872103E-16));
#3596=DIRECTION('center_axis',(-6.12323399573677E-17,1.,-2.22044604925031E-16));
#3597=DIRECTION('ref_axis',(0.,2.22044604925031E-16,1.));
#3598=DIRECTION('',(-1.,-6.12323399573677E-17,-9.79717439317883E-17));
#3599=DIRECTION('center_axis',(2.23252898584836E-16,1.,-2.01425106012666E-16));
#3600=DIRECTION('ref_axis',(1.,-2.20842850815564E-16,1.83697019872103E-16));
#3601=DIRECTION('',(2.23252898584836E-16,1.,-2.01425106012666E-16));
#3602=DIRECTION('center_axis',(1.,6.15655461983862E-17,2.06524431167329E-16));
#3603=DIRECTION('ref_axis',(6.09009371016175E-17,-1.,2.22044604925031E-16));
#3604=DIRECTION('',(1.,6.15655461983862E-17,2.06524431167329E-16));
#3605=DIRECTION('center_axis',(1.,6.12323399573676E-17,-3.06161699786845E-17));
#3606=DIRECTION('ref_axis',(-3.06161699786845E-17,0.,-1.));
#3607=DIRECTION('',(-6.12323399573677E-17,1.,-2.22044604925031E-16));
#3608=DIRECTION('center_axis',(9.79717439317883E-17,-2.22044604925031E-16,
-1.));
#3609=DIRECTION('ref_axis',(-1.,0.,-9.79717439317883E-17));
#3610=DIRECTION('center_axis',(6.12323399573676E-17,-1.,2.22044604925031E-16));
#3611=DIRECTION('ref_axis',(0.,-2.22044604925031E-16,-1.));
#3612=DIRECTION('',(-1.,-6.12323399573676E-17,1.46957615897682E-16));
#3613=DIRECTION('',(-2.75545529808155E-16,-2.22044604925031E-16,-1.));
#3614=DIRECTION('',(-1.,-6.12323399573676E-17,1.46957615897682E-16));
#3615=DIRECTION('center_axis',(6.12323399573676E-17,-1.,2.22044604925031E-16));
#3616=DIRECTION('ref_axis',(1.,-2.20842850815564E-16,-6.12323399573677E-17));
#3617=DIRECTION('center_axis',(1.46957615897682E-16,2.22044604925031E-16,
1.));
#3618=DIRECTION('ref_axis',(1.,0.,-1.46957615897682E-16));
#3619=DIRECTION('',(-1.,-6.12323399573676E-17,1.46957615897682E-16));
#3620=DIRECTION('',(-6.12323399573677E-17,1.,-2.22044604925031E-16));
#3621=DIRECTION('',(-1.,-6.12323399573676E-17,1.46957615897682E-16));
#3622=DIRECTION('',(6.12323399573677E-17,-1.,2.22044604925031E-16));
#3623=DIRECTION('center_axis',(1.,6.12323399573676E-17,-2.75194954230752E-16));
#3624=DIRECTION('ref_axis',(-2.75194954230752E-16,0.,-1.));
#3625=DIRECTION('',(6.12323399573677E-17,-1.,2.22044604925031E-16));
#3626=DIRECTION('',(2.75194954230752E-16,2.2176209838016E-16,1.));
#3627=DIRECTION('',(-2.75194954230752E-16,-2.22044604925031E-16,-1.));
#3628=DIRECTION('center_axis',(-1.,-6.12323399573676E-17,2.75194954230752E-16));
#3629=DIRECTION('ref_axis',(6.09009371016175E-17,-1.,2.22044604925031E-16));
#3630=DIRECTION('center_axis',(6.12323399573677E-17,-1.,2.2176209838016E-16));
#3631=DIRECTION('ref_axis',(0.,-2.2176209838016E-16,-1.));
#3632=DIRECTION('',(1.,6.12323399573676E-17,-1.46957615897682E-16));
#3633=DIRECTION('',(2.75545529808155E-16,2.2176209838016E-16,1.));
#3634=DIRECTION('center_axis',(6.12323399573677E-17,-1.,2.2176209838016E-16));
#3635=DIRECTION('ref_axis',(1.,-2.20842850815564E-16,-6.12323399573677E-17));
#3636=DIRECTION('center_axis',(-6.12323399573676E-17,1.,-2.22044604925031E-16));
#3637=DIRECTION('ref_axis',(0.,2.22044604925031E-16,1.));
#3638=DIRECTION('',(-1.,-6.12323399573676E-17,1.46957615897682E-16));
#3639=DIRECTION('center_axis',(2.23252898584836E-16,1.,-2.01425106012666E-16));
#3640=DIRECTION('ref_axis',(1.,-2.20842850815564E-16,-6.12323399573677E-17));
#3641=DIRECTION('',(2.23252898584836E-16,1.,-2.01425106012666E-16));
#3642=DIRECTION('center_axis',(1.,6.15655461983862E-17,-3.97377536262155E-17));
#3643=DIRECTION('ref_axis',(6.09009371016175E-17,-1.,2.22044604925031E-16));
#3644=DIRECTION('',(1.,6.15655461983862E-17,-3.97377536262155E-17));
#3645=DIRECTION('center_axis',(1.,6.12323399573676E-17,-2.75545529808155E-16));
#3646=DIRECTION('ref_axis',(-2.75545529808155E-16,0.,-1.));
#3647=DIRECTION('',(-6.12323399573677E-17,1.,-2.22044604925031E-16));
#3648=DIRECTION('center_axis',(-1.46957615897682E-16,-2.22044604925031E-16,
-1.));
#3649=DIRECTION('ref_axis',(-1.,0.,1.46957615897682E-16));
#3650=DIRECTION('center_axis',(1.,4.76525928475065E-16,1.45263549164173E-16));
#3651=DIRECTION('ref_axis',(-9.71139390220984E-17,1.,-2.22044604925031E-16));
#3652=DIRECTION('center_axis',(1.,6.12323399573677E-17,9.18485099360515E-18));
#3653=DIRECTION('ref_axis',(-9.71139390220984E-17,1.,-2.22044604925031E-16));
#3654=DIRECTION('',(1.,4.76525928475065E-16,1.45263549164173E-16));
#3655=DIRECTION('center_axis',(-1.,-6.12323399573677E-17,-9.18485099360515E-18));
#3656=DIRECTION('ref_axis',(-9.71139390220984E-17,1.,-2.22044604925031E-16));
#3657=DIRECTION('center_axis',(1.,4.76525928475065E-16,1.45263549164173E-16));
#3658=DIRECTION('ref_axis',(-9.71139390220984E-17,1.,-2.22044604925031E-16));
#3659=DIRECTION('center_axis',(1.,6.12323399573677E-17,9.18485099360515E-18));
#3660=DIRECTION('ref_axis',(-9.71139390220984E-17,1.,-2.22044604925031E-16));
#3661=DIRECTION('',(1.,4.76525928475065E-16,1.45263549164173E-16));
#3662=DIRECTION('center_axis',(-1.,-6.12323399573677E-17,-9.18485099360515E-18));
#3663=DIRECTION('ref_axis',(-9.71139390220984E-17,1.,-2.22044604925031E-16));
#3664=DIRECTION('center_axis',(-1.,-6.12323399573677E-17,-9.18485099360515E-18));
#3665=DIRECTION('ref_axis',(-9.18485099360515E-18,0.,1.));
#3666=DIRECTION('',(-9.18485099360517E-18,2.22044604925031E-16,1.));
#3667=DIRECTION('',(9.18485099360517E-18,-2.22044604925031E-16,-1.));
#3668=DIRECTION('',(-6.12323399573677E-17,1.,-2.22044604925031E-16));
#3669=DIRECTION('center_axis',(-1.,-6.12323399573677E-17,-9.18485099360515E-18));
#3670=DIRECTION('ref_axis',(-9.18485099360515E-18,0.,1.));
#3671=DIRECTION('',(9.18485099360517E-18,-2.22044604925031E-16,-1.));
#3672=DIRECTION('',(6.12323399573677E-17,-1.,2.22044604925031E-16));
#3673=DIRECTION('',(-9.18485099360517E-18,2.22044604925031E-16,1.));
#3674=DIRECTION('center_axis',(-6.12323399573677E-17,1.,-2.22044604925031E-16));
#3675=DIRECTION('ref_axis',(0.,2.22044604925031E-16,1.));
#3676=DIRECTION('',(-1.,-6.12323399573678E-17,-4.08215599715785E-16));
#3677=DIRECTION('center_axis',(-4.08215599715785E-16,2.22044604925031E-16,
1.));
#3678=DIRECTION('ref_axis',(1.,0.,4.08215599715785E-16));
#3679=DIRECTION('',(-1.,-6.12323399573678E-17,-4.08215599715785E-16));
#3680=DIRECTION('center_axis',(6.12323399573677E-17,-1.,2.22044604925031E-16));
#3681=DIRECTION('ref_axis',(0.,-2.22044604925031E-16,-1.));
#3682=DIRECTION('center_axis',(1.,4.76525928475065E-16,1.45263549164173E-16));
#3683=DIRECTION('ref_axis',(-9.71139390220984E-17,1.,-2.22044604925031E-16));
#3684=DIRECTION('center_axis',(1.,6.12323399573677E-17,9.18485099360515E-18));
#3685=DIRECTION('ref_axis',(-9.71139390220984E-17,1.,-2.22044604925031E-16));
#3686=DIRECTION('',(1.,4.76525928475065E-16,1.45263549164173E-16));
#3687=DIRECTION('center_axis',(-1.,-6.12323399573677E-17,-9.18485099360515E-18));
#3688=DIRECTION('ref_axis',(-9.71139390220984E-17,1.,-2.22044604925031E-16));
#3689=DIRECTION('center_axis',(1.,4.76525928475066E-16,1.45263549164173E-16));
#3690=DIRECTION('ref_axis',(-9.71139390220984E-17,1.,-2.22044604925031E-16));
#3691=DIRECTION('center_axis',(1.,6.12323399573677E-17,9.18485099360515E-18));
#3692=DIRECTION('ref_axis',(-9.71139390220984E-17,1.,-2.22044604925031E-16));
#3693=DIRECTION('',(1.,4.76525928475066E-16,1.45263549164173E-16));
#3694=DIRECTION('center_axis',(-1.,-6.12323399573677E-17,-9.18485099360515E-18));
#3695=DIRECTION('ref_axis',(-9.71139390220984E-17,1.,-2.22044604925031E-16));
#3696=DIRECTION('center_axis',(-1.,-6.12323399573677E-17,-9.18485099360515E-18));
#3697=DIRECTION('ref_axis',(-9.18485099360515E-18,0.,1.));
#3698=DIRECTION('',(-9.18485099360517E-18,2.22044604925031E-16,1.));
#3699=DIRECTION('',(9.18485099360517E-18,-2.22044604925031E-16,-1.));
#3700=DIRECTION('',(-6.12323399573677E-17,1.,-2.22044604925031E-16));
#3701=DIRECTION('center_axis',(-1.,-6.12323399573677E-17,-9.18485099360515E-18));
#3702=DIRECTION('ref_axis',(-9.18485099360515E-18,0.,1.));
#3703=DIRECTION('',(9.18485099360517E-18,-2.22044604925031E-16,-1.));
#3704=DIRECTION('',(6.12323399573677E-17,-1.,2.22044604925031E-16));
#3705=DIRECTION('',(-9.18485099360517E-18,2.22044604925031E-16,1.));
#3706=DIRECTION('center_axis',(-6.12323399573677E-17,1.,-2.22044604925031E-16));
#3707=DIRECTION('ref_axis',(0.,2.22044604925031E-16,1.));
#3708=DIRECTION('',(-1.,-6.12323399573678E-17,-4.08215599715785E-16));
#3709=DIRECTION('center_axis',(-4.08215599715785E-16,2.22044604925031E-16,
1.));
#3710=DIRECTION('ref_axis',(1.,0.,4.08215599715785E-16));
#3711=DIRECTION('',(-1.,-6.12323399573678E-17,-4.08215599715785E-16));
#3712=DIRECTION('center_axis',(6.12323399573677E-17,-1.,2.22044604925031E-16));
#3713=DIRECTION('ref_axis',(0.,-2.22044604925031E-16,-1.));
#3714=DIRECTION('center_axis',(-1.,3.2866927783273E-17,-9.9579925010296E-17));
#3715=DIRECTION('ref_axis',(-9.9579925010296E-17,0.,1.));
#3716=DIRECTION('',(-9.9579925010296E-17,2.93300411080931E-16,1.));
#3717=DIRECTION('',(3.2866927783273E-17,1.,-2.74663467287649E-16));
#3718=DIRECTION('',(-9.9579925010296E-17,2.93300411080931E-16,1.));
#3719=DIRECTION('center_axis',(-1.19862820925717E-15,-1.,2.93300411080931E-16));
#3720=DIRECTION('ref_axis',(0.,-2.93300411080931E-16,-1.));
#3721=DIRECTION('',(-1.,1.19862820925717E-15,-9.95799250102963E-17));
#3722=DIRECTION('center_axis',(1.11626449292418E-15,1.,-2.54679303474269E-16));
#3723=DIRECTION('ref_axis',(1.,-1.10421425407782E-15,9.95799250102963E-17));
#3724=DIRECTION('center_axis',(1.19862820925717E-15,1.,-2.93300411080931E-16));
#3725=DIRECTION('ref_axis',(1.,-1.10421425407782E-15,9.95799250102963E-17));
#3726=DIRECTION('',(1.11626449292418E-15,1.,-2.54679303474269E-16));
#3727=DIRECTION('center_axis',(-1.10421425407782E-15,-1.,-1.354129181087E-15));
#3728=DIRECTION('ref_axis',(1.,-1.10421425407782E-15,9.95799250102963E-17));
#3729=DIRECTION('center_axis',(-1.10421425407782E-15,-1.,-1.354129181087E-15));
#3730=DIRECTION('ref_axis',(0.,1.354129181087E-15,-1.));
#3731=DIRECTION('center_axis',(9.9579925010296E-17,-2.74663467287649E-16,
-1.));
#3732=DIRECTION('ref_axis',(-1.,0.,-9.9579925010296E-17));
#3733=DIRECTION('',(1.,-1.19862820925717E-15,9.95799250102963E-17));
#3734=DIRECTION('center_axis',(1.19862820925717E-15,1.,-2.93300411080931E-16));
#3735=DIRECTION('ref_axis',(0.,2.93300411080931E-16,1.));
#3736=DIRECTION('center_axis',(1.,-3.2866927783273E-17,9.9579925010296E-17));
#3737=DIRECTION('ref_axis',(9.9579925010296E-17,0.,-1.));
#3738=DIRECTION('',(-9.9579925010296E-17,2.93300411080931E-16,1.));
#3739=DIRECTION('',(3.2866927783273E-17,1.,-2.74663467287649E-16));
#3740=DIRECTION('',(-9.9579925010296E-17,2.93300411080931E-16,1.));
#3741=DIRECTION('center_axis',(-1.19862820925717E-15,-1.,2.93300411080931E-16));
#3742=DIRECTION('ref_axis',(0.,-2.93300411080931E-16,-1.));
#3743=DIRECTION('',(1.,-1.19862820925717E-15,9.95799250102963E-17));
#3744=DIRECTION('center_axis',(1.11626449292418E-15,1.,-2.54679303474269E-16));
#3745=DIRECTION('ref_axis',(1.,-1.10421425407782E-15,9.95799250102963E-17));
#3746=DIRECTION('center_axis',(1.19862820925717E-15,1.,-2.93300411080931E-16));
#3747=DIRECTION('ref_axis',(1.,-1.10421425407782E-15,9.95799250102963E-17));
#3748=DIRECTION('',(1.11626449292418E-15,1.,-2.54679303474269E-16));
#3749=DIRECTION('center_axis',(-1.10421425407782E-15,-1.,-1.354129181087E-15));
#3750=DIRECTION('ref_axis',(1.,-1.10421425407782E-15,9.95799250102963E-17));
#3751=DIRECTION('center_axis',(-1.10421425407782E-15,-1.,-1.354129181087E-15));
#3752=DIRECTION('ref_axis',(0.,1.354129181087E-15,-1.));
#3753=DIRECTION('center_axis',(9.9579925010296E-17,-2.74663467287649E-16,
-1.));
#3754=DIRECTION('ref_axis',(-1.,0.,-9.9579925010296E-17));
#3755=DIRECTION('',(-1.,1.19862820925717E-15,-9.95799250102963E-17));
#3756=DIRECTION('center_axis',(1.19862820925717E-15,1.,-2.93300411080931E-16));
#3757=DIRECTION('ref_axis',(0.,2.93300411080931E-16,1.));
#3758=DIRECTION('center_axis',(-1.,3.2866927783273E-17,-9.9579925010296E-17));
#3759=DIRECTION('ref_axis',(-9.9579925010296E-17,0.,1.));
#3760=DIRECTION('',(-9.9579925010296E-17,2.93300411080931E-16,1.));
#3761=DIRECTION('',(-3.2866927783273E-17,-1.,2.74663467287649E-16));
#3762=DIRECTION('',(-9.9579925010296E-17,2.93300411080931E-16,1.));
#3763=DIRECTION('center_axis',(1.19862820925717E-15,1.,-2.93300411080931E-16));
#3764=DIRECTION('ref_axis',(0.,2.93300411080931E-16,1.));
#3765=DIRECTION('',(-1.,1.19862820925717E-15,-9.95799250102963E-17));
#3766=DIRECTION('center_axis',(1.19862820925717E-15,1.,-2.93300411080931E-16));
#3767=DIRECTION('ref_axis',(1.,-1.10421425407782E-15,9.95799250102963E-17));
#3768=DIRECTION('center_axis',(1.11626449292418E-15,1.,-2.54679303474269E-16));
#3769=DIRECTION('ref_axis',(1.,-1.10421425407782E-15,9.95799250102963E-17));
#3770=DIRECTION('',(1.11626449292418E-15,1.,-2.54679303474269E-16));
#3771=DIRECTION('center_axis',(-1.10421425407782E-15,-1.,-1.354129181087E-15));
#3772=DIRECTION('ref_axis',(1.,-1.10421425407782E-15,9.95799250102963E-17));
#3773=DIRECTION('center_axis',(-1.10421425407782E-15,-1.,-1.354129181087E-15));
#3774=DIRECTION('ref_axis',(0.,1.354129181087E-15,-1.));
#3775=DIRECTION('center_axis',(9.9579925010296E-17,-2.74663467287649E-16,
-1.));
#3776=DIRECTION('ref_axis',(-1.,0.,-9.9579925010296E-17));
#3777=DIRECTION('',(1.,-1.19862820925717E-15,9.95799250102963E-17));
#3778=DIRECTION('center_axis',(-1.19862820925717E-15,-1.,2.93300411080931E-16));
#3779=DIRECTION('ref_axis',(0.,-2.93300411080931E-16,-1.));
#3780=DIRECTION('center_axis',(1.,-3.2866927783273E-17,9.9579925010296E-17));
#3781=DIRECTION('ref_axis',(9.9579925010296E-17,0.,-1.));
#3782=DIRECTION('',(-9.9579925010296E-17,2.93300411080931E-16,1.));
#3783=DIRECTION('',(-3.2866927783273E-17,-1.,2.74663467287649E-16));
#3784=DIRECTION('',(-9.9579925010296E-17,2.93300411080931E-16,1.));
#3785=DIRECTION('center_axis',(1.19862820925717E-15,1.,-2.93300411080931E-16));
#3786=DIRECTION('ref_axis',(0.,2.93300411080931E-16,1.));
#3787=DIRECTION('',(1.,-1.19862820925717E-15,9.95799250102963E-17));
#3788=DIRECTION('center_axis',(1.19862820925717E-15,1.,-2.93300411080931E-16));
#3789=DIRECTION('ref_axis',(1.,-1.10421425407782E-15,9.95799250102963E-17));
#3790=DIRECTION('center_axis',(1.11626449292418E-15,1.,-2.54679303474269E-16));
#3791=DIRECTION('ref_axis',(1.,-1.10421425407782E-15,9.95799250102963E-17));
#3792=DIRECTION('',(1.11626449292418E-15,1.,-2.54679303474269E-16));
#3793=DIRECTION('center_axis',(-1.10421425407782E-15,-1.,-1.354129181087E-15));
#3794=DIRECTION('ref_axis',(1.,-1.10421425407782E-15,9.95799250102963E-17));
#3795=DIRECTION('center_axis',(-1.10421425407782E-15,-1.,-1.354129181087E-15));
#3796=DIRECTION('ref_axis',(0.,1.354129181087E-15,-1.));
#3797=DIRECTION('center_axis',(9.9579925010296E-17,-2.74663467287649E-16,
-1.));
#3798=DIRECTION('ref_axis',(-1.,0.,-9.9579925010296E-17));
#3799=DIRECTION('',(-1.,1.19862820925717E-15,-9.95799250102963E-17));
#3800=DIRECTION('center_axis',(-1.19862820925717E-15,-1.,2.93300411080931E-16));
#3801=DIRECTION('ref_axis',(0.,-2.93300411080931E-16,-1.));
#3802=DIRECTION('center_axis',(9.1731651410251E-17,2.22044604925031E-16,
1.));
#3803=DIRECTION('ref_axis',(1.,0.,-9.1731651410251E-17));
#3804=DIRECTION('',(6.12323399573677E-17,-1.,2.22044604925031E-16));
#3805=DIRECTION('',(-1.,-6.11544342735002E-17,9.17316514102511E-17));
#3806=DIRECTION('',(-6.12323399573677E-17,1.,-2.22044604925031E-16));
#3807=DIRECTION('',(1.,6.12323399573676E-17,-9.17316514102511E-17));
#3808=DIRECTION('center_axis',(-9.1731651410251E-17,-2.22044604925031E-16,
-1.));
#3809=DIRECTION('ref_axis',(6.12323399573677E-17,-1.,2.20842850815564E-16));
#3810=DIRECTION('center_axis',(6.11544342735002E-17,-1.,2.22044604925031E-16));
#3811=DIRECTION('ref_axis',(0.,-2.22044604925031E-16,-1.));
#3812=DIRECTION('',(-3.67394039744207E-17,2.22044604925031E-16,1.));
#3813=DIRECTION('',(-1.,-6.11544342735002E-17,9.18485099360522E-17));
#3814=DIRECTION('',(3.67394039744207E-17,-2.22044604925031E-16,-1.));
#3815=DIRECTION('center_axis',(6.11544342735002E-17,-1.,2.22044604925031E-16));
#3816=DIRECTION('ref_axis',(-1.22464679914735E-16,-6.09009371016176E-17,
1.));
#3817=DIRECTION('center_axis',(-6.12323399573677E-17,1.,-2.22044604925031E-16));
#3818=DIRECTION('ref_axis',(0.,2.22044604925031E-16,1.));
#3819=DIRECTION('',(3.67394039744207E-17,-2.22044604925031E-16,-1.));
#3820=DIRECTION('',(1.,6.12323399573676E-17,-9.18485099360522E-17));
#3821=DIRECTION('',(3.67394039744207E-17,-2.22044604925031E-16,-1.));
#3822=DIRECTION('center_axis',(-1.,-6.12323399573677E-17,-3.67394039744207E-17));
#3823=DIRECTION('ref_axis',(-3.67394039744207E-17,0.,1.));
#3824=DIRECTION('',(6.12323399573677E-17,-1.,2.22044604925031E-16));
#3825=DIRECTION('',(3.67394039744207E-17,-2.22044604925031E-16,-1.));
#3826=DIRECTION('',(-6.12323399573677E-17,1.,-2.22044604925031E-16));
#3827=DIRECTION('center_axis',(-8.33933387705569E-17,1.,6.15655461983862E-17));
#3828=DIRECTION('ref_axis',(-1.22464679914735E-16,-6.09009371016176E-17,
1.));
#3829=DIRECTION('',(-8.33933387705569E-17,1.,6.15655461983862E-17));
#3830=DIRECTION('center_axis',(6.12323399573677E-17,-1.,2.22044604925031E-16));
#3831=DIRECTION('ref_axis',(-1.22464679914735E-16,-6.09009371016176E-17,
1.));
#3832=DIRECTION('center_axis',(-1.44958884968943E-16,2.23252898584836E-16,
1.));
#3833=DIRECTION('ref_axis',(6.12323399573677E-17,-1.,2.20842850815564E-16));
#3834=DIRECTION('',(-1.44958884968943E-16,2.23252898584836E-16,1.));
#3835=DIRECTION('center_axis',(-9.18485099360522E-17,-2.22044604925031E-16,
-1.));
#3836=DIRECTION('ref_axis',(6.12323399573677E-17,-1.,2.20842850815564E-16));
#3837=DIRECTION('center_axis',(9.18485099360522E-17,2.22044604925031E-16,
1.));
#3838=DIRECTION('ref_axis',(1.,0.,-9.18485099360522E-17));
#3839=DIRECTION('',(-1.,-6.12323399573676E-17,9.18485099360522E-17));
#3840=DIRECTION('',(6.12323399573677E-17,-1.,2.22044604925031E-16));
#3841=DIRECTION('center_axis',(9.18485099360522E-17,2.22044604925031E-16,
1.));
#3842=DIRECTION('ref_axis',(1.,0.,-9.18485099360522E-17));
#3843=DIRECTION('',(-6.12323399573677E-17,1.,-2.22044604925031E-16));
#3844=DIRECTION('',(1.,6.12323399573676E-17,-9.18485099360522E-17));
#3845=DIRECTION('center_axis',(1.,6.12323399573677E-17,3.67394039744207E-17));
#3846=DIRECTION('ref_axis',(3.67394039744207E-17,0.,-1.));
#3847=DIRECTION('',(3.67394039744207E-17,-2.22044604925031E-16,-1.));
#3848=DIRECTION('center_axis',(6.12323399573677E-17,-1.,2.22044604925031E-16));
#3849=DIRECTION('ref_axis',(0.,-2.22044604925031E-16,-1.));
#3850=DIRECTION('',(0.,0.,1.));
#3851=DIRECTION('',(1.,0.,0.));
#3852=CARTESIAN_POINT('',(0.,0.,0.));
#3853=CARTESIAN_POINT('',(0.,0.,0.));
#3854=CARTESIAN_POINT('Origin',(10.0240000000001,-2.19944532287537,4.78503067060032));
#3855=CARTESIAN_POINT('',(10.0240000000001,-0.81850006103513,0.597521147024959));
#3856=CARTESIAN_POINT('',(10.0240000000001,-0.81850006103513,0.102499999403958));
#3857=CARTESIAN_POINT('',(10.0240000000001,-0.818500061035129,2.56627590881264));
#3858=CARTESIAN_POINT('',(10.0240000000001,-3.49499999999998,0.59752114702496));
#3859=CARTESIAN_POINT('',(10.0240000000001,-2.17809767669646,0.597521147024959));
#3860=CARTESIAN_POINT('',(10.0240000000001,-3.49499999999998,0.102499999403958));
#3861=CARTESIAN_POINT('',(10.0240000000001,-3.49499999999997,2.56627590881264));
#3862=CARTESIAN_POINT('',(10.0240000000001,-3.59944532287536,0.102499999403959));
#3863=CARTESIAN_POINT('',(10.0240000000001,-2.19944532287537,0.102499999403958));
#3864=CARTESIAN_POINT('',(10.0240000000001,-3.59944532287535,9.48283946516497));
#3865=CARTESIAN_POINT('',(10.0240000000001,-3.59944532287537,4.78503067060032));
#3866=CARTESIAN_POINT('',(10.0240000000001,-3.49499999999997,9.48283946516497));
#3867=CARTESIAN_POINT('',(10.0240000000001,-2.19944532287537,9.48283946516497));
#3868=CARTESIAN_POINT('',(10.0240000000001,-3.49499999999997,9.02252114702496));
#3869=CARTESIAN_POINT('',(10.0240000000001,-3.49499999999997,7.02877590881264));
#3870=CARTESIAN_POINT('',(10.0240000000001,-0.818500061035127,9.02252114702496));
#3871=CARTESIAN_POINT('',(10.0240000000001,-2.17809767669646,9.02252114702496));
#3872=CARTESIAN_POINT('',(10.0240000000001,-0.818500061035127,9.48283946516497));
#3873=CARTESIAN_POINT('',(10.0240000000001,-0.818500061035128,7.02877590881264));
#3874=CARTESIAN_POINT('',(10.0240000000001,-0.799445322875375,9.48283946516497));
#3875=CARTESIAN_POINT('',(10.0240000000001,-2.19944532287537,9.48283946516497));
#3876=CARTESIAN_POINT('',(10.0240000000001,-0.799445322875375,0.102499999403958));
#3877=CARTESIAN_POINT('',(10.0240000000001,-0.799445322875378,4.78503067060032));
#3878=CARTESIAN_POINT('',(10.0240000000001,-2.19944532287537,0.102499999403958));
#3879=CARTESIAN_POINT('',(10.0240000000001,-2.88499999999997,3.12249999940396));
#3880=CARTESIAN_POINT('',(10.0240000000001,-2.88499999999997,3.92249999940396));
#3881=CARTESIAN_POINT('',(10.0240000000001,-2.88499999999997,4.15376533500214));
#3882=CARTESIAN_POINT('',(10.0240000000001,-0.884999999999968,3.12249999940396));
#3883=CARTESIAN_POINT('',(10.0240000000001,-2.04222266143767,3.12249999940396));
#3884=CARTESIAN_POINT('',(10.0240000000001,-0.884999999999968,3.92249999940396));
#3885=CARTESIAN_POINT('',(10.0240000000001,-0.884999999999968,4.15376533500214));
#3886=CARTESIAN_POINT('',(10.0240000000001,-2.04222266143767,3.92249999940396));
#3887=CARTESIAN_POINT('',(10.0240000000001,-2.88499999999997,5.86499999940397));
#3888=CARTESIAN_POINT('',(10.0240000000001,-2.88499999999997,6.66499999940397));
#3889=CARTESIAN_POINT('',(10.0240000000001,-2.88499999999997,5.52501533500215));
#3890=CARTESIAN_POINT('',(10.0240000000001,-0.884999999999966,5.86499999940397));
#3891=CARTESIAN_POINT('',(10.0240000000001,-2.04222266143767,5.86499999940397));
#3892=CARTESIAN_POINT('',(10.0240000000001,-0.884999999999965,6.66499999940397));
#3893=CARTESIAN_POINT('',(10.0240000000001,-0.884999999999965,5.52501533500214));
#3894=CARTESIAN_POINT('',(10.0240000000001,-2.04222266143767,6.66499999940397));
#3895=CARTESIAN_POINT('Origin',(-9.80599999999991,-2.19944532287537,4.78503067060032));
#3896=CARTESIAN_POINT('',(-9.80599999999991,-0.818500061035128,8.99752114702496));
#3897=CARTESIAN_POINT('',(-9.80599999999991,-0.818500061035128,9.48283946516497));
#3898=CARTESIAN_POINT('',(-9.80599999999991,-0.818500061035129,7.01627590881264));
#3899=CARTESIAN_POINT('',(-9.80599999999991,-3.49499999999997,8.99752114702496));
#3900=CARTESIAN_POINT('',(-9.80599999999991,-2.17809767669646,8.99752114702496));
#3901=CARTESIAN_POINT('',(-9.80599999999991,-3.49499999999997,9.48283946516497));
#3902=CARTESIAN_POINT('',(-9.80599999999991,-3.49499999999997,7.01627590881264));
#3903=CARTESIAN_POINT('',(-9.80599999999991,-3.59944532287536,9.48283946516497));
#3904=CARTESIAN_POINT('',(-9.80599999999991,-2.19944532287536,9.48283946516497));
#3905=CARTESIAN_POINT('',(-9.80599999999991,-3.59944532287537,0.102499999403958));
#3906=CARTESIAN_POINT('',(-9.80599999999991,-3.59944532287536,4.78503067060032));
#3907=CARTESIAN_POINT('',(-9.80599999999991,-3.49499999999997,0.102499999403958));
#3908=CARTESIAN_POINT('',(-9.80599999999991,-2.19944532287537,0.102499999403958));
#3909=CARTESIAN_POINT('',(-9.80599999999991,-3.49499999999997,0.597521147024956));
#3910=CARTESIAN_POINT('',(-9.80599999999991,-3.49499999999997,2.56627590881264));
#3911=CARTESIAN_POINT('',(-9.80599999999991,-0.818500061035128,0.597521147024955));
#3912=CARTESIAN_POINT('',(-9.80599999999991,-2.17809767669646,0.597521147024955));
#3913=CARTESIAN_POINT('',(-9.80599999999991,-0.818500061035128,0.102499999403957));
#3914=CARTESIAN_POINT('',(-9.80599999999991,-0.818500061035127,2.56627590881264));
#3915=CARTESIAN_POINT('',(-9.80599999999991,-0.79944532287538,0.102499999403957));
#3916=CARTESIAN_POINT('',(-9.80599999999991,-2.19944532287537,0.102499999403958));
#3917=CARTESIAN_POINT('',(-9.80599999999991,-0.799445322875368,9.48283946516497));
#3918=CARTESIAN_POINT('',(-9.80599999999991,-0.799445322875371,4.78503067060032));
#3919=CARTESIAN_POINT('',(-9.80599999999991,-2.19944532287536,9.48283946516497));
#3920=CARTESIAN_POINT('',(-9.80599999999991,-2.88499999999997,5.86499999940396));
#3921=CARTESIAN_POINT('',(-9.80599999999991,-2.88499999999997,6.66499999940396));
#3922=CARTESIAN_POINT('',(-9.80599999999991,-2.88499999999997,5.52501533500214));
#3923=CARTESIAN_POINT('',(-9.80599999999991,-0.884999999999968,6.66499999940396));
#3924=CARTESIAN_POINT('',(-9.80599999999991,-2.04222266143767,6.66499999940396));
#3925=CARTESIAN_POINT('',(-9.80599999999991,-0.884999999999968,5.86499999940396));
#3926=CARTESIAN_POINT('',(-9.80599999999991,-0.884999999999968,5.52501533500214));
#3927=CARTESIAN_POINT('',(-9.80599999999991,-2.04222266143767,5.86499999940396));
#3928=CARTESIAN_POINT('',(-9.80599999999991,-2.88499999999997,3.12249999940396));
#3929=CARTESIAN_POINT('',(-9.80599999999991,-2.88499999999997,3.92249999940395));
#3930=CARTESIAN_POINT('',(-9.80599999999991,-2.88499999999997,4.15376533500214));
#3931=CARTESIAN_POINT('',(-9.80599999999991,-0.884999999999968,3.92249999940395));
#3932=CARTESIAN_POINT('',(-9.80599999999991,-2.04222266143767,3.92249999940395));
#3933=CARTESIAN_POINT('',(-9.80599999999991,-0.884999999999968,3.12249999940395));
#3934=CARTESIAN_POINT('',(-9.80599999999991,-0.884999999999968,4.15376533500214));
#3935=CARTESIAN_POINT('',(-9.80599999999991,-2.04222266143767,3.12249999940395));
#3936=CARTESIAN_POINT('Origin',(0.0840000000000916,-2.19944532287537,0.102499999403958));
#3937=CARTESIAN_POINT('',(9.52707401396611,-0.818500061035129,0.102499999403958));
#3938=CARTESIAN_POINT('',(4.9305370069831,-0.818500061035124,0.102499999403958));
#3939=CARTESIAN_POINT('',(0.0840000000000909,-0.799445322875378,0.102499999403958));
#3940=CARTESIAN_POINT('',(-9.3729259860339,-0.818500061035129,0.102499999403957));
#3941=CARTESIAN_POINT('',(-4.7694629930169,-0.818500061035134,0.102499999403958));
#3942=CARTESIAN_POINT('',(-9.3729259860339,-3.49499999999997,0.102499999403958));
#3943=CARTESIAN_POINT('',(-9.3729259860339,-2.17809767669646,0.102499999403958));
#3944=CARTESIAN_POINT('',(-4.7694629930169,-3.49499999999998,0.102499999403958));
#3945=CARTESIAN_POINT('',(0.0840000000000923,-3.59944532287537,0.102499999403958));
#3946=CARTESIAN_POINT('',(9.52707401396611,-3.49499999999997,0.102499999403959));
#3947=CARTESIAN_POINT('',(4.9305370069831,-3.49499999999997,0.102499999403958));
#3948=CARTESIAN_POINT('',(9.52707401396611,-2.17809767669646,0.102499999403958));
#3949=CARTESIAN_POINT('',(-9.0339271365879,-2.89499999999998,0.102500000596048));
#3950=CARTESIAN_POINT('',(-9.0339271365879,-0.837473774439541,0.102500000596047));
#3951=CARTESIAN_POINT('',(-9.0339271365879,-1.86623688721976,0.102500000596047));
#3952=CARTESIAN_POINT('',(-8.7339271365879,-0.837473774439541,0.102500000596047));
#3953=CARTESIAN_POINT('',(-8.8839271365879,-0.837473774439541,0.102500000596047));
#3954=CARTESIAN_POINT('',(-8.7339271365879,-2.89499999999998,0.102500000596048));
#3955=CARTESIAN_POINT('',(-8.7339271365879,-1.86623688721976,0.102500000596047));
#3956=CARTESIAN_POINT('',(-8.8839271365879,-2.89499999999998,0.102500000596048));
#3957=CARTESIAN_POINT('',(2.2160728634121,-2.89499999999998,0.102500000596047));
#3958=CARTESIAN_POINT('',(2.2160728634121,-0.837473774439541,0.102500000596047));
#3959=CARTESIAN_POINT('',(2.2160728634121,-1.86623688721976,0.102500000596047));
#3960=CARTESIAN_POINT('',(2.5160728634121,-0.837473774439541,0.102500000596047));
#3961=CARTESIAN_POINT('',(2.3660728634121,-0.837473774439541,0.102500000596047));
#3962=CARTESIAN_POINT('',(2.5160728634121,-2.89499999999998,0.102500000596047));
#3963=CARTESIAN_POINT('',(2.5160728634121,-1.86623688721976,0.102500000596047));
#3964=CARTESIAN_POINT('',(2.3660728634121,-2.89499999999998,0.102500000596047));
#3965=CARTESIAN_POINT('',(-4.68599999999997,-2.88499999999997,0.102499999403958));
#3966=CARTESIAN_POINT('',(-5.48599999999997,-2.88499999999997,0.102499999403958));
#3967=CARTESIAN_POINT('',(-2.50099999999994,-2.88499999999997,0.102499999403958));
#3968=CARTESIAN_POINT('',(-5.48599999999997,-0.884999999999969,0.102499999403957));
#3969=CARTESIAN_POINT('',(-5.48599999999997,-2.04222266143767,0.102499999403958));
#3970=CARTESIAN_POINT('',(-4.68599999999997,-0.884999999999969,0.102499999403957));
#3971=CARTESIAN_POINT('',(-2.50099999999994,-0.884999999999968,0.102499999403958));
#3972=CARTESIAN_POINT('',(-4.68599999999997,-2.04222266143767,0.102499999403958));
#3973=CARTESIAN_POINT('',(1.71400000000003,-2.88499999999997,0.102499999403958));
#3974=CARTESIAN_POINT('',(0.914000000000032,-2.88499999999997,0.102499999403958));
#3975=CARTESIAN_POINT('',(0.699000000000061,-2.88499999999997,0.102499999403958));
#3976=CARTESIAN_POINT('',(0.914000000000032,-0.884999999999969,0.102499999403958));
#3977=CARTESIAN_POINT('',(0.914000000000032,-2.04222266143767,0.102499999403958));
#3978=CARTESIAN_POINT('',(1.71400000000003,-0.884999999999969,0.102499999403958));
#3979=CARTESIAN_POINT('',(0.699000000000061,-0.884999999999968,0.102499999403958));
#3980=CARTESIAN_POINT('',(1.71400000000003,-2.04222266143767,0.102499999403958));
#3981=CARTESIAN_POINT('',(6.80400000000005,-2.88499999999997,0.102499999403958));
#3982=CARTESIAN_POINT('',(7.60400000000004,-2.88499999999997,0.102499999403958));
#3983=CARTESIAN_POINT('',(3.64400000000007,-2.88499999999997,0.102499999403958));
#3984=CARTESIAN_POINT('',(6.80400000000005,-0.884999999999969,0.102499999403958));
#3985=CARTESIAN_POINT('',(6.80400000000005,-2.04222266143767,0.102499999403958));
#3986=CARTESIAN_POINT('',(7.60400000000004,-0.884999999999969,0.102499999403958));
#3987=CARTESIAN_POINT('',(3.64400000000007,-0.884999999999969,0.102499999403958));
#3988=CARTESIAN_POINT('',(7.60400000000004,-2.04222266143767,0.102499999403958));
#3989=CARTESIAN_POINT('Origin',(-5.48599999999997,-1.88499999999997,1.08249999940397));
#3990=CARTESIAN_POINT('',(-5.48599999999997,-2.88499999999997,0.181649999403968));
#3991=CARTESIAN_POINT('',(-5.48599999999997,-2.88499999999997,1.08249999940397));
#3992=CARTESIAN_POINT('',(-5.48599999999997,-0.984149999999969,0.181649999403968));
#3993=CARTESIAN_POINT('',(-5.48599999999997,-1.93499999999997,0.181649999403968));
#3994=CARTESIAN_POINT('',(-5.48599999999997,-0.984149999999968,2.08249999940397));
#3995=CARTESIAN_POINT('',(-5.48599999999997,-0.984149999999968,1.13249999940397));
#3996=CARTESIAN_POINT('',(-5.48599999999997,-0.884999999999968,2.08249999940397));
#3997=CARTESIAN_POINT('',(-5.48599999999997,-1.88499999999997,2.08249999940397));
#3998=CARTESIAN_POINT('',(-5.48599999999997,-0.884999999999968,1.08249999940397));
#3999=CARTESIAN_POINT('Origin',(-5.08599999999997,-2.88499999999997,1.08249999940397));
#4000=CARTESIAN_POINT('',(-4.68599999999997,-2.88499999999997,0.181649999403968));
#4001=CARTESIAN_POINT('',(-4.68599999999997,-2.88499999999997,1.08249999940397));
#4002=CARTESIAN_POINT('',(-5.08599999999997,-2.88499999999997,0.181649999403968));
#4003=CARTESIAN_POINT('Origin',(-5.08599999999997,-1.98499999999997,0.181649999403968));
#4004=CARTESIAN_POINT('',(-4.68599999999997,-0.984149999999969,0.181649999403968));
#4005=CARTESIAN_POINT('',(-4.68599999999997,-1.93499999999997,0.181649999403968));
#4006=CARTESIAN_POINT('',(-5.08599999999997,-0.984149999999969,0.181649999403968));
#4007=CARTESIAN_POINT('',(-5.08646270935295,-1.94414999999997,0.181649999403968));
#4008=CARTESIAN_POINT('Origin',(-5.08646270935295,-2.07999999999997,0.181649999403968));
#4009=CARTESIAN_POINT('Origin',(-5.08599999999997,-0.984149999999968,1.18249999940397));
#4010=CARTESIAN_POINT('',(-4.68599999999997,-0.984149999999968,2.08249999940397));
#4011=CARTESIAN_POINT('',(-4.68599999999997,-0.984149999999968,1.13249999940397));
#4012=CARTESIAN_POINT('',(-5.08599999999997,-0.984149999999968,2.08249999940397));
#4013=CARTESIAN_POINT('',(-5.08646270935295,-0.984149999999968,1.35334999940396));
#4014=CARTESIAN_POINT('Origin',(-5.08646270935295,-0.984149999999968,1.21749999940396));
#4015=CARTESIAN_POINT('Origin',(-5.08646270935295,-0.499150000000003,1.21749999940396));
#4016=CARTESIAN_POINT('',(-5.08646270935295,-0.884999999999968,1.35334999940396));
#4017=CARTESIAN_POINT('',(-5.08646270935295,-0.499150000000003,1.35334999940396));
#4018=CARTESIAN_POINT('Origin',(-5.08646270935295,-0.884999999999968,1.21749999940396));
#4019=CARTESIAN_POINT('Origin',(-5.08599999999997,-1.88499999999997,2.08249999940397));
#4020=CARTESIAN_POINT('',(-4.68599999999997,-0.884999999999968,2.08249999940397));
#4021=CARTESIAN_POINT('',(-4.68599999999997,-1.88499999999997,2.08249999940397));
#4022=CARTESIAN_POINT('',(-5.08599999999997,-0.884999999999968,2.08249999940397));
#4023=CARTESIAN_POINT('Origin',(-4.68599999999997,-1.88499999999997,1.08249999940397));
#4024=CARTESIAN_POINT('',(-4.68599999999997,-0.884999999999968,1.08249999940397));
#4025=CARTESIAN_POINT('Origin',(-5.08599999999997,-0.884999999999968,1.08249999940397));
#4026=CARTESIAN_POINT('Origin',(0.914000000000032,-1.88499999999997,1.08249999940397));
#4027=CARTESIAN_POINT('',(0.914000000000032,-2.88499999999997,0.18164999940397));
#4028=CARTESIAN_POINT('',(0.914000000000032,-2.88499999999997,1.08249999940397));
#4029=CARTESIAN_POINT('',(0.914000000000032,-0.984149999999969,0.181649999403969));
#4030=CARTESIAN_POINT('',(0.914000000000032,-1.93499999999997,0.181649999403969));
#4031=CARTESIAN_POINT('',(0.914000000000032,-0.984149999999968,2.08249999940397));
#4032=CARTESIAN_POINT('',(0.914000000000032,-0.984149999999968,1.13249999940397));
#4033=CARTESIAN_POINT('',(0.914000000000032,-0.884999999999968,2.08249999940397));
#4034=CARTESIAN_POINT('',(0.914000000000032,-1.88499999999997,2.08249999940397));
#4035=CARTESIAN_POINT('',(0.914000000000032,-0.884999999999968,1.08249999940397));
#4036=CARTESIAN_POINT('Origin',(1.31400000000003,-2.88499999999997,1.08249999940397));
#4037=CARTESIAN_POINT('',(1.71400000000003,-2.88499999999997,0.18164999940397));
#4038=CARTESIAN_POINT('',(1.71400000000003,-2.88499999999997,1.08249999940397));
#4039=CARTESIAN_POINT('',(1.31400000000003,-2.88499999999997,0.18164999940397));
#4040=CARTESIAN_POINT('Origin',(1.31400000000003,-1.98499999999997,0.181649999403969));
#4041=CARTESIAN_POINT('',(1.71400000000003,-0.984149999999969,0.181649999403969));
#4042=CARTESIAN_POINT('',(1.71400000000003,-1.93499999999997,0.181649999403969));
#4043=CARTESIAN_POINT('',(1.31400000000003,-0.984149999999969,0.181649999403969));
#4044=CARTESIAN_POINT('',(1.31353729064705,-1.94414999999997,0.181649999403969));
#4045=CARTESIAN_POINT('Origin',(1.31353729064705,-2.07999999999997,0.181649999403969));
#4046=CARTESIAN_POINT('Origin',(1.31400000000003,-0.984149999999968,1.18249999940397));
#4047=CARTESIAN_POINT('',(1.71400000000003,-0.984149999999968,2.08249999940397));
#4048=CARTESIAN_POINT('',(1.71400000000003,-0.984149999999968,1.13249999940397));
#4049=CARTESIAN_POINT('',(1.31400000000003,-0.984149999999968,2.08249999940397));
#4050=CARTESIAN_POINT('',(1.31353729064705,-0.984149999999968,1.35334999940396));
#4051=CARTESIAN_POINT('Origin',(1.31353729064705,-0.984149999999968,1.21749999940396));
#4052=CARTESIAN_POINT('Origin',(1.31353729064705,-0.499150000000003,1.21749999940396));
#4053=CARTESIAN_POINT('',(1.31353729064705,-0.884999999999968,1.35334999940396));
#4054=CARTESIAN_POINT('',(1.31353729064705,-0.499150000000003,1.35334999940396));
#4055=CARTESIAN_POINT('Origin',(1.31353729064705,-0.884999999999968,1.21749999940396));
#4056=CARTESIAN_POINT('Origin',(1.31400000000003,-1.88499999999997,2.08249999940397));
#4057=CARTESIAN_POINT('',(1.71400000000003,-0.884999999999968,2.08249999940397));
#4058=CARTESIAN_POINT('',(1.71400000000003,-1.88499999999997,2.08249999940397));
#4059=CARTESIAN_POINT('',(1.31400000000003,-0.884999999999968,2.08249999940397));
#4060=CARTESIAN_POINT('Origin',(1.71400000000003,-1.88499999999997,1.08249999940397));
#4061=CARTESIAN_POINT('',(1.71400000000003,-0.884999999999968,1.08249999940397));
#4062=CARTESIAN_POINT('Origin',(1.31400000000003,-0.884999999999968,1.08249999940397));
#4063=CARTESIAN_POINT('Origin',(-5.08646270935295,-2.07999999999997,-0.403350000596045));
#4064=CARTESIAN_POINT('',(-5.08646270935295,-1.94414999999997,0.0224999994039567));
#4065=CARTESIAN_POINT('Origin',(-5.08646270935295,-2.07999999999997,0.0224999994039567));
#4066=CARTESIAN_POINT('',(-5.08646270935295,-1.94414999999997,-0.403350000596045));
#4067=CARTESIAN_POINT('Origin',(1.31353729064705,-2.07999999999997,-0.403350000596045));
#4068=CARTESIAN_POINT('',(1.31353729064705,-1.94414999999997,0.0224999994039568));
#4069=CARTESIAN_POINT('Origin',(1.31353729064705,-2.07999999999997,0.0224999994039569));
#4070=CARTESIAN_POINT('',(1.31353729064705,-1.94414999999997,-0.403350000596045));
#4071=CARTESIAN_POINT('Origin',(0.0840000000000936,-2.19944532287537,0.0224999994039568));
#4072=CARTESIAN_POINT('',(10.0240000000001,-3.59944532287536,0.0224999994039574));
#4073=CARTESIAN_POINT('',(10.0240000000001,-0.799445322875368,0.0224999994039568));
#4074=CARTESIAN_POINT('',(10.0240000000001,-2.19944532287537,0.0224999994039569));
#4075=CARTESIAN_POINT('',(-9.80599999999991,-3.59944532287536,0.0224999994039569));
#4076=CARTESIAN_POINT('',(0.0840000000000943,-3.59944532287536,0.0224999994039571));
#4077=CARTESIAN_POINT('',(-9.80599999999991,-0.799445322875373,0.0224999994039562));
#4078=CARTESIAN_POINT('',(-9.80599999999991,-2.19944532287537,0.0224999994039566));
#4079=CARTESIAN_POINT('',(0.0840000000000929,-0.799445322875371,0.0224999994039565));
#4080=CARTESIAN_POINT('',(7.20353729064706,-1.94414999999997,0.0224999994039569));
#4081=CARTESIAN_POINT('Origin',(7.20353729064706,-2.07999999999997,0.022499999403957));
#4082=CARTESIAN_POINT('Origin',(7.20400000000005,-0.884999999999968,1.09148675655451));
#4083=CARTESIAN_POINT('',(6.80400000000005,-0.884999999999968,2.09148675655451));
#4084=CARTESIAN_POINT('',(6.80400000000005,-0.884999999999968,1.09148675655451));
#4085=CARTESIAN_POINT('',(7.60400000000004,-0.884999999999968,2.09148675655451));
#4086=CARTESIAN_POINT('',(7.20400000000005,-0.884999999999968,2.09148675655451));
#4087=CARTESIAN_POINT('',(7.60400000000004,-0.884999999999968,1.09148675655451));
#4088=CARTESIAN_POINT('',(7.20353729064706,-0.884999999999968,1.3623367565545));
#4089=CARTESIAN_POINT('Origin',(7.20353729064706,-0.884999999999968,1.2264867565545));
#4090=CARTESIAN_POINT('Origin',(6.80400000000005,-1.88499999999997,1.09148675655451));
#4091=CARTESIAN_POINT('',(6.80400000000005,-2.88499999999997,0.190636756554515));
#4092=CARTESIAN_POINT('',(6.80400000000005,-2.88499999999997,1.09148675655451));
#4093=CARTESIAN_POINT('',(6.80400000000005,-0.984149999999969,0.190636756554514));
#4094=CARTESIAN_POINT('',(6.80400000000005,-1.93499999999997,0.190636756554515));
#4095=CARTESIAN_POINT('',(6.80400000000005,-0.984149999999968,2.09148675655451));
#4096=CARTESIAN_POINT('',(6.80400000000005,-0.984149999999968,1.14148675655451));
#4097=CARTESIAN_POINT('',(6.80400000000005,-1.88499999999997,2.09148675655451));
#4098=CARTESIAN_POINT('Origin',(7.20400000000005,-1.98499999999997,0.190636756554514));
#4099=CARTESIAN_POINT('',(7.60400000000004,-0.984149999999969,0.190636756554514));
#4100=CARTESIAN_POINT('',(7.60400000000004,-2.88499999999997,0.190636756554515));
#4101=CARTESIAN_POINT('',(7.60400000000004,-1.93499999999997,0.190636756554514));
#4102=CARTESIAN_POINT('',(7.20400000000005,-0.984149999999969,0.190636756554514));
#4103=CARTESIAN_POINT('',(7.20400000000005,-2.88499999999997,0.190636756554515));
#4104=CARTESIAN_POINT('',(7.20353729064706,-1.94414999999997,0.190636756554514));
#4105=CARTESIAN_POINT('Origin',(7.20353729064706,-2.07999999999997,0.190636756554515));
#4106=CARTESIAN_POINT('Origin',(7.20400000000005,-0.984149999999968,1.19148675655451));
#4107=CARTESIAN_POINT('',(7.60400000000004,-0.984149999999968,2.09148675655451));
#4108=CARTESIAN_POINT('',(7.60400000000004,-0.984149999999968,1.14148675655451));
#4109=CARTESIAN_POINT('',(7.20400000000005,-0.984149999999968,2.09148675655451));
#4110=CARTESIAN_POINT('',(7.20353729064706,-0.984149999999968,1.3623367565545));
#4111=CARTESIAN_POINT('Origin',(7.20353729064706,-0.984149999999968,1.2264867565545));
#4112=CARTESIAN_POINT('Origin',(7.20400000000005,-2.88499999999997,1.09148675655451));
#4113=CARTESIAN_POINT('',(7.60400000000004,-2.88499999999997,1.09148675655451));
#4114=CARTESIAN_POINT('Origin',(7.20353729064706,-0.499150000000003,1.2264867565545));
#4115=CARTESIAN_POINT('',(7.20353729064706,-0.499150000000003,1.3623367565545));
#4116=CARTESIAN_POINT('Origin',(7.20353729064706,-2.07999999999997,-0.394363243445498));
#4117=CARTESIAN_POINT('',(7.20353729064706,-1.94414999999997,-0.394363243445498));
#4118=CARTESIAN_POINT('Origin',(7.20400000000005,-1.88499999999997,2.09148675655451));
#4119=CARTESIAN_POINT('',(7.60400000000004,-1.88499999999997,2.09148675655451));
#4120=CARTESIAN_POINT('Origin',(7.60400000000004,-1.88499999999997,1.09148675655451));
#4121=CARTESIAN_POINT('Origin',(10.0240000000001,-2.19944532287537,4.78503067060032));
#4122=CARTESIAN_POINT('',(10.0240000000001,-0.799445322875381,3.06706003179613E-5));
#4123=CARTESIAN_POINT('',(10.0240000000001,-0.799445322875378,4.78503067060032));
#4124=CARTESIAN_POINT('',(10.0240000000001,-3.59944532287537,3.06706003193824E-5));
#4125=CARTESIAN_POINT('',(10.0240000000001,-2.19944532287538,3.06706003186719E-5));
#4126=CARTESIAN_POINT('',(10.0240000000001,-3.59944532287537,4.78503067060032));
#4127=CARTESIAN_POINT('Origin',(-8.81499999999999,-1.88499999999997,3.92249999940395));
#4128=CARTESIAN_POINT('',(-9.71584999999999,-2.88499999999997,3.92249999940395));
#4129=CARTESIAN_POINT('',(-8.81499999999999,-2.88499999999997,3.92249999940395));
#4130=CARTESIAN_POINT('',(-9.71584999999999,-0.984149999999968,3.92249999940395));
#4131=CARTESIAN_POINT('',(-9.71584999999999,-1.93499999999997,3.92249999940395));
#4132=CARTESIAN_POINT('',(-7.81499999999999,-0.984149999999968,3.92249999940395));
#4133=CARTESIAN_POINT('',(-8.76499999999999,-0.984149999999968,3.92249999940395));
#4134=CARTESIAN_POINT('',(-7.81499999999999,-0.884999999999968,3.92249999940395));
#4135=CARTESIAN_POINT('',(-7.81499999999999,-1.88499999999997,3.92249999940395));
#4136=CARTESIAN_POINT('',(-8.81499999999999,-0.884999999999968,3.92249999940395));
#4137=CARTESIAN_POINT('Origin',(-8.81499999999999,-2.88499999999997,3.52249999940395));
#4138=CARTESIAN_POINT('',(-9.71584999999999,-2.88499999999997,3.12249999940396));
#4139=CARTESIAN_POINT('',(-8.81499999999999,-2.88499999999997,3.12249999940396));
#4140=CARTESIAN_POINT('',(-9.71584999999999,-2.88499999999997,3.52249999940395));
#4141=CARTESIAN_POINT('Origin',(-9.71584999999999,-1.98499999999997,3.52249999940395));
#4142=CARTESIAN_POINT('',(-9.71584999999999,-0.984149999999968,3.12249999940395));
#4143=CARTESIAN_POINT('',(-9.71584999999999,-1.93499999999997,3.12249999940395));
#4144=CARTESIAN_POINT('',(-9.71584999999999,-0.984149999999968,3.52249999940395));
#4145=CARTESIAN_POINT('',(-9.71584999999999,-1.94414999999997,3.52296270875694));
#4146=CARTESIAN_POINT('Origin',(-9.71584999999999,-2.07999999999997,3.52296270875694));
#4147=CARTESIAN_POINT('Origin',(-8.71499999999999,-0.984149999999968,3.52249999940395));
#4148=CARTESIAN_POINT('',(-7.81499999999999,-0.984149999999968,3.12249999940395));
#4149=CARTESIAN_POINT('',(-8.76499999999999,-0.984149999999968,3.12249999940395));
#4150=CARTESIAN_POINT('',(-7.81499999999999,-0.984149999999968,3.52249999940395));
#4151=CARTESIAN_POINT('',(-8.54415,-0.984149999999968,3.52296270875694));
#4152=CARTESIAN_POINT('Origin',(-8.68,-0.984149999999968,3.52296270875694));
#4153=CARTESIAN_POINT('Origin',(-8.68,-0.499150000000003,3.52296270875694));
#4154=CARTESIAN_POINT('',(-8.54415,-0.884999999999968,3.52296270875694));
#4155=CARTESIAN_POINT('',(-8.54415,-0.499150000000003,3.52296270875694));
#4156=CARTESIAN_POINT('Origin',(-8.68,-0.884999999999968,3.52296270875694));
#4157=CARTESIAN_POINT('Origin',(-7.81499999999999,-1.88499999999997,3.52249999940395));
#4158=CARTESIAN_POINT('',(-7.81499999999999,-0.884999999999968,3.12249999940395));
#4159=CARTESIAN_POINT('',(-7.81499999999999,-1.88499999999997,3.12249999940395));
#4160=CARTESIAN_POINT('',(-7.81499999999999,-0.884999999999968,3.52249999940395));
#4161=CARTESIAN_POINT('Origin',(-8.81499999999999,-1.88499999999997,3.12249999940395));
#4162=CARTESIAN_POINT('',(-8.81499999999999,-0.884999999999968,3.12249999940395));
#4163=CARTESIAN_POINT('Origin',(-8.81499999999999,-0.884999999999968,3.52249999940395));
#4164=CARTESIAN_POINT('Origin',(10.0640000000001,-2.19944532287537,3.06706003193824E-5));
#4165=CARTESIAN_POINT('',(10.1040000000001,-0.799445322875374,3.06706003193824E-5));
#4166=CARTESIAN_POINT('',(10.1040000000001,-3.59944532287536,3.06706003200929E-5));
#4167=CARTESIAN_POINT('',(10.1040000000001,-2.19944532287537,3.06706003200929E-5));
#4168=CARTESIAN_POINT('',(10.0640000000001,-3.59944532287537,3.06706003200929E-5));
#4169=CARTESIAN_POINT('',(10.0640000000001,-0.799445322875377,3.06706003186719E-5));
#4170=CARTESIAN_POINT('Origin',(10.0640000000001,-2.19944532287537,9.57003067060032));
#4171=CARTESIAN_POINT('',(10.1040000000001,-3.59944532287536,9.57003067060033));
#4172=CARTESIAN_POINT('',(10.1040000000001,-0.799445322875368,9.57003067060032));
#4173=CARTESIAN_POINT('',(10.1040000000001,-2.19944532287536,9.57003067060033));
#4174=CARTESIAN_POINT('',(10.0240000000001,-0.799445322875375,9.57003067060032));
#4175=CARTESIAN_POINT('',(10.0640000000001,-0.799445322875371,9.57003067060032));
#4176=CARTESIAN_POINT('',(10.0240000000001,-3.59944532287536,9.57003067060032));
#4177=CARTESIAN_POINT('',(10.0240000000001,-2.19944532287537,9.57003067060032));
#4178=CARTESIAN_POINT('',(10.0640000000001,-3.59944532287536,9.57003067060033));
#4179=CARTESIAN_POINT('Origin',(10.0240000000001,-2.19944532287537,4.78503067060032));
#4180=CARTESIAN_POINT('',(10.0240000000001,-3.59944532287536,9.56283946516497));
#4181=CARTESIAN_POINT('',(10.0240000000001,-0.799445322875375,9.56283946516497));
#4182=CARTESIAN_POINT('',(10.0240000000001,-2.19944532287537,9.56283946516497));
#4183=CARTESIAN_POINT('',(10.0240000000001,-3.59944532287537,4.78503067060032));
#4184=CARTESIAN_POINT('',(10.0240000000001,-0.799445322875378,4.78503067060032));
#4185=CARTESIAN_POINT('Origin',(10.1040000000001,-2.19944532287537,4.78503067060032));
#4186=CARTESIAN_POINT('',(10.1040000000001,-0.799445322875371,4.78503067060032));
#4187=CARTESIAN_POINT('',(10.1040000000001,-3.59944532287536,4.78503067060032));
#4188=CARTESIAN_POINT('',(10.1040000000001,-1.94414999999997,6.26453729005099));
#4189=CARTESIAN_POINT('Origin',(10.1040000000001,-2.07999999999997,6.26453729005099));
#4190=CARTESIAN_POINT('',(10.1040000000001,-1.94414999999997,3.52203729005098));
#4191=CARTESIAN_POINT('Origin',(10.1040000000001,-2.07999999999997,3.52203729005098));
#4192=CARTESIAN_POINT('Origin',(0.134000000000092,-2.19944532287537,9.56283946516497));
#4193=CARTESIAN_POINT('',(-9.80599999999991,-0.799445322875368,9.56283946516497));
#4194=CARTESIAN_POINT('',(0.134000000000092,-0.799445322875375,9.56283946516497));
#4195=CARTESIAN_POINT('',(-9.80599999999991,-3.59944532287536,9.56283946516497));
#4196=CARTESIAN_POINT('',(-9.80599999999991,-2.19944532287537,9.56283946516497));
#4197=CARTESIAN_POINT('',(0.134000000000093,-3.59944532287536,9.56283946516497));
#4198=CARTESIAN_POINT('',(-5.10553729064699,-1.94414999999997,9.56283946516497));
#4199=CARTESIAN_POINT('Origin',(-5.10553729064699,-2.07999999999997,9.56283946516497));
#4200=CARTESIAN_POINT('',(1.31446270935301,-1.94414999999997,9.56283946516497));
#4201=CARTESIAN_POINT('Origin',(1.31446270935301,-2.07999999999997,9.56283946516497));
#4202=CARTESIAN_POINT('',(7.21446270935301,-1.94414999999997,9.56283946516498));
#4203=CARTESIAN_POINT('Origin',(7.21446270935301,-2.07999999999997,9.56283946516498));
#4204=CARTESIAN_POINT('Origin',(0.134000000000093,-0.799445322875371,9.52283946516497));
#4205=CARTESIAN_POINT('',(-9.80599999999991,-0.799445322875374,3.06706003144086E-5));
#4206=CARTESIAN_POINT('',(-9.80599999999991,-0.799445322875371,4.78503067060032));
#4207=CARTESIAN_POINT('',(-9.88599999999991,-0.799445322875381,3.06706003129875E-5));
#4208=CARTESIAN_POINT('',(-9.84599999999991,-0.799445322875377,3.06706003136981E-5));
#4209=CARTESIAN_POINT('',(-9.88599999999991,-0.799445322875375,9.57003067060032));
#4210=CARTESIAN_POINT('',(-9.88599999999991,-0.799445322875378,4.78503067060032));
#4211=CARTESIAN_POINT('',(-9.80599999999991,-0.799445322875368,9.57003067060032));
#4212=CARTESIAN_POINT('',(-9.84599999999991,-0.799445322875371,9.57003067060032));
#4213=CARTESIAN_POINT('',(-9.80599999999991,-0.799445322875371,4.78503067060032));
#4214=CARTESIAN_POINT('',(0.134000000000094,-0.799445322875368,9.48283946516497));
#4215=CARTESIAN_POINT('Origin',(-8.8075,-1.88499999999997,6.66499999940396));
#4216=CARTESIAN_POINT('',(-9.70834999999999,-2.88499999999997,6.66499999940396));
#4217=CARTESIAN_POINT('',(-8.8075,-2.88499999999997,6.66499999940396));
#4218=CARTESIAN_POINT('',(-9.70834999999999,-0.984149999999968,6.66499999940396));
#4219=CARTESIAN_POINT('',(-9.70834999999999,-1.93499999999997,6.66499999940396));
#4220=CARTESIAN_POINT('',(-7.80749999999999,-0.984149999999968,6.66499999940396));
#4221=CARTESIAN_POINT('',(-8.75749999999999,-0.984149999999968,6.66499999940396));
#4222=CARTESIAN_POINT('',(-7.80749999999999,-0.884999999999968,6.66499999940396));
#4223=CARTESIAN_POINT('',(-7.80749999999999,-1.88499999999997,6.66499999940396));
#4224=CARTESIAN_POINT('',(-8.8075,-0.884999999999968,6.66499999940396));
#4225=CARTESIAN_POINT('Origin',(-8.8075,-2.88499999999997,6.26499999940396));
#4226=CARTESIAN_POINT('',(-9.70834999999999,-2.88499999999997,5.86499999940396));
#4227=CARTESIAN_POINT('',(-8.8075,-2.88499999999997,5.86499999940396));
#4228=CARTESIAN_POINT('',(-9.70834999999999,-2.88499999999997,6.26499999940396));
#4229=CARTESIAN_POINT('Origin',(-9.70834999999999,-1.98499999999997,6.26499999940396));
#4230=CARTESIAN_POINT('',(-9.70834999999999,-0.984149999999968,5.86499999940396));
#4231=CARTESIAN_POINT('',(-9.70834999999999,-1.93499999999997,5.86499999940396));
#4232=CARTESIAN_POINT('',(-9.70834999999999,-0.984149999999968,6.26499999940396));
#4233=CARTESIAN_POINT('',(-9.70834999999999,-1.94414999999997,6.26546270875695));
#4234=CARTESIAN_POINT('Origin',(-9.70834999999999,-2.07999999999997,6.26546270875695));
#4235=CARTESIAN_POINT('Origin',(-8.70749999999999,-0.984149999999968,6.26499999940396));
#4236=CARTESIAN_POINT('',(-7.80749999999999,-0.984149999999968,5.86499999940396));
#4237=CARTESIAN_POINT('',(-8.75749999999999,-0.984149999999968,5.86499999940396));
#4238=CARTESIAN_POINT('',(-7.80749999999999,-0.984149999999968,6.26499999940396));
#4239=CARTESIAN_POINT('',(-8.53665000000001,-0.984149999999968,6.26546270875695));
#4240=CARTESIAN_POINT('Origin',(-8.67250000000001,-0.984149999999968,6.26546270875695));
#4241=CARTESIAN_POINT('Origin',(-8.67250000000001,-0.499150000000003,6.26546270875695));
#4242=CARTESIAN_POINT('',(-8.53665000000001,-0.884999999999968,6.26546270875695));
#4243=CARTESIAN_POINT('',(-8.53665000000001,-0.499150000000003,6.26546270875695));
#4244=CARTESIAN_POINT('Origin',(-8.67250000000001,-0.884999999999968,6.26546270875695));
#4245=CARTESIAN_POINT('Origin',(-7.80749999999999,-1.88499999999997,6.26499999940396));
#4246=CARTESIAN_POINT('',(-7.80749999999999,-0.884999999999968,5.86499999940396));
#4247=CARTESIAN_POINT('',(-7.80749999999999,-1.88499999999997,5.86499999940396));
#4248=CARTESIAN_POINT('',(-7.80749999999999,-0.884999999999968,6.26499999940396));
#4249=CARTESIAN_POINT('Origin',(-8.8075,-1.88499999999997,5.86499999940396));
#4250=CARTESIAN_POINT('',(-8.8075,-0.884999999999968,5.86499999940396));
#4251=CARTESIAN_POINT('Origin',(-8.8075,-0.884999999999968,6.26499999940396));
#4252=CARTESIAN_POINT('Origin',(-9.80599999999991,-2.19944532287537,4.78503067060032));
#4253=CARTESIAN_POINT('',(-9.80599999999991,-3.59944532287536,3.06706003151192E-5));
#4254=CARTESIAN_POINT('',(-9.80599999999991,-3.59944532287536,4.78503067060032));
#4255=CARTESIAN_POINT('',(-9.80599999999991,-2.19944532287537,3.06706003151192E-5));
#4256=CARTESIAN_POINT('Origin',(-10.30085,-2.07999999999997,3.52296270875694));
#4257=CARTESIAN_POINT('',(-9.88599999999991,-1.94414999999997,3.52296270875694));
#4258=CARTESIAN_POINT('Origin',(-9.88599999999991,-2.07999999999997,3.52296270875694));
#4259=CARTESIAN_POINT('',(-10.30085,-1.94414999999997,3.52296270875694));
#4260=CARTESIAN_POINT('Origin',(-10.29335,-2.07999999999997,6.26546270875695));
#4261=CARTESIAN_POINT('',(-9.88599999999991,-1.94414999999997,6.26546270875695));
#4262=CARTESIAN_POINT('Origin',(-9.88599999999991,-2.07999999999997,6.26546270875695));
#4263=CARTESIAN_POINT('',(-10.29335,-1.94414999999997,6.26546270875695));
#4264=CARTESIAN_POINT('Origin',(-9.84599999999991,-2.19944532287537,3.06706003144086E-5));
#4265=CARTESIAN_POINT('',(-9.88599999999991,-3.59944532287537,3.06706003144086E-5));
#4266=CARTESIAN_POINT('',(-9.84599999999991,-3.59944532287537,3.06706003151192E-5));
#4267=CARTESIAN_POINT('',(-9.88599999999991,-2.19944532287538,3.06706003136981E-5));
#4268=CARTESIAN_POINT('Origin',(-9.84599999999991,-2.19944532287537,9.57003067060032));
#4269=CARTESIAN_POINT('',(-9.80599999999991,-3.59944532287536,9.57003067060032));
#4270=CARTESIAN_POINT('',(-9.80599999999991,-2.19944532287536,9.57003067060032));
#4271=CARTESIAN_POINT('',(-9.88599999999991,-3.59944532287536,9.57003067060032));
#4272=CARTESIAN_POINT('',(-9.88599999999991,-2.19944532287537,9.57003067060032));
#4273=CARTESIAN_POINT('',(-9.84599999999991,-3.59944532287536,9.57003067060032));
#4274=CARTESIAN_POINT('Origin',(-9.88599999999991,-2.19944532287537,4.78503067060032));
#4275=CARTESIAN_POINT('',(-9.88599999999991,-3.59944532287537,4.78503067060032));
#4276=CARTESIAN_POINT('Origin',(-9.80599999999991,-2.19944532287537,4.78503067060032));
#4277=CARTESIAN_POINT('',(-9.80599999999991,-3.59944532287536,4.78503067060032));
#4278=CARTESIAN_POINT('Origin',(0.134000000000094,-3.59944532287536,9.52283946516497));
#4279=CARTESIAN_POINT('',(0.134000000000095,-3.59944532287536,9.48283946516497));
#4280=CARTESIAN_POINT('Origin',(1.71400000000003,-1.88499999999997,8.52249999940396));
#4281=CARTESIAN_POINT('',(1.71400000000003,-2.88499999999997,9.48283946516497));
#4282=CARTESIAN_POINT('',(1.71400000000003,-0.884999999999965,9.48283946516497));
#4283=CARTESIAN_POINT('',(1.71400000000003,-2.04222266143766,9.48283946516497));
#4284=CARTESIAN_POINT('',(1.71400000000003,-2.88499999999997,9.42334999940396));
#4285=CARTESIAN_POINT('',(1.71400000000003,-2.88499999999997,8.52249999940396));
#4286=CARTESIAN_POINT('',(1.71400000000003,-0.984149999999965,9.42334999940396));
#4287=CARTESIAN_POINT('',(1.71400000000003,-1.93499999999997,9.42334999940396));
#4288=CARTESIAN_POINT('',(1.71400000000003,-0.984149999999966,7.52249999940396));
#4289=CARTESIAN_POINT('',(1.71400000000003,-0.984149999999965,8.47249999940396));
#4290=CARTESIAN_POINT('',(1.71400000000003,-0.884999999999966,7.52249999940396));
#4291=CARTESIAN_POINT('',(1.71400000000003,-1.88499999999997,7.52249999940396));
#4292=CARTESIAN_POINT('',(1.71400000000003,-0.884999999999965,8.52249999940396));
#4293=CARTESIAN_POINT('Origin',(1.31400000000003,-2.88499999999997,8.52249999940396));
#4294=CARTESIAN_POINT('',(0.91400000000003,-2.88499999999997,9.48283946516497));
#4295=CARTESIAN_POINT('',(0.724000000000061,-2.88499999999997,9.48283946516497));
#4296=CARTESIAN_POINT('',(0.91400000000003,-2.88499999999997,9.42334999940396));
#4297=CARTESIAN_POINT('',(0.91400000000003,-2.88499999999997,8.52249999940396));
#4298=CARTESIAN_POINT('',(1.31400000000003,-2.88499999999997,9.42334999940396));
#4299=CARTESIAN_POINT('Origin',(1.31400000000003,-1.98499999999997,9.42334999940396));
#4300=CARTESIAN_POINT('',(0.91400000000003,-0.984149999999965,9.42334999940396));
#4301=CARTESIAN_POINT('',(0.91400000000003,-1.93499999999997,9.42334999940396));
#4302=CARTESIAN_POINT('',(1.31400000000003,-0.984149999999965,9.42334999940396));
#4303=CARTESIAN_POINT('',(1.31446270935301,-1.94414999999997,9.42334999940396));
#4304=CARTESIAN_POINT('Origin',(1.31446270935301,-2.07999999999997,9.42334999940396));
#4305=CARTESIAN_POINT('Origin',(1.31400000000003,-0.984149999999966,8.42249999940396));
#4306=CARTESIAN_POINT('',(0.91400000000003,-0.984149999999966,7.52249999940396));
#4307=CARTESIAN_POINT('',(0.91400000000003,-0.984149999999965,8.47249999940396));
#4308=CARTESIAN_POINT('',(1.31400000000003,-0.984149999999966,7.52249999940396));
#4309=CARTESIAN_POINT('',(1.31446270935301,-0.984149999999966,8.25164999940397));
#4310=CARTESIAN_POINT('Origin',(1.31446270935301,-0.984149999999966,8.38749999940397));
#4311=CARTESIAN_POINT('Origin',(1.31446270935301,-0.49915,8.38749999940397));
#4312=CARTESIAN_POINT('',(1.31446270935301,-0.884999999999965,8.25164999940397));
#4313=CARTESIAN_POINT('',(1.31446270935301,-0.49915,8.25164999940397));
#4314=CARTESIAN_POINT('Origin',(1.31446270935301,-0.884999999999965,8.38749999940397));
#4315=CARTESIAN_POINT('Origin',(1.31400000000003,-1.88499999999997,7.52249999940396));
#4316=CARTESIAN_POINT('',(0.91400000000003,-0.884999999999966,7.52249999940396));
#4317=CARTESIAN_POINT('',(0.91400000000003,-1.88499999999997,7.52249999940396));
#4318=CARTESIAN_POINT('',(1.31400000000003,-0.884999999999966,7.52249999940396));
#4319=CARTESIAN_POINT('Origin',(0.91400000000003,-1.88499999999997,8.52249999940396));
#4320=CARTESIAN_POINT('',(0.91400000000003,-0.884999999999965,9.48283946516497));
#4321=CARTESIAN_POINT('',(0.91400000000003,-2.04222266143766,9.48283946516497));
#4322=CARTESIAN_POINT('',(0.91400000000003,-0.884999999999965,8.52249999940396));
#4323=CARTESIAN_POINT('Origin',(1.31400000000003,-0.884999999999965,8.52249999940396));
#4324=CARTESIAN_POINT('',(0.724000000000061,-0.884999999999965,9.48283946516497));
#4325=CARTESIAN_POINT('Origin',(0.134000000000094,-2.19944532287536,9.48283946516497));
#4326=CARTESIAN_POINT('',(-9.37292598603389,-0.818500061035129,9.48283946516497));
#4327=CARTESIAN_POINT('',(-4.7444629930169,-0.818500061035134,9.48283946516497));
#4328=CARTESIAN_POINT('',(9.52707401396611,-0.818500061035126,9.48283946516497));
#4329=CARTESIAN_POINT('',(4.9555370069831,-0.818500061035121,9.48283946516497));
#4330=CARTESIAN_POINT('',(9.52707401396611,-3.49499999999997,9.48283946516497));
#4331=CARTESIAN_POINT('',(9.52707401396611,-2.17809767669646,9.48283946516497));
#4332=CARTESIAN_POINT('',(4.9555370069831,-3.49499999999997,9.48283946516497));
#4333=CARTESIAN_POINT('',(-9.37292598603389,-3.49499999999997,9.48283946516497));
#4334=CARTESIAN_POINT('',(-4.7444629930169,-3.49499999999998,9.48283946516497));
#4335=CARTESIAN_POINT('',(-9.37292598603389,-2.17809767669646,9.48283946516497));
#4336=CARTESIAN_POINT('',(-5.10553729064699,-1.94414999999997,9.48283946516497));
#4337=CARTESIAN_POINT('Origin',(-5.10553729064699,-2.07999999999997,9.48283946516497));
#4338=CARTESIAN_POINT('',(7.61400000000003,-2.88499999999997,9.48283946516497));
#4339=CARTESIAN_POINT('',(6.81400000000003,-2.88499999999997,9.48283946516497));
#4340=CARTESIAN_POINT('',(3.67400000000006,-2.88499999999997,9.48283946516497));
#4341=CARTESIAN_POINT('',(7.61400000000003,-0.884999999999965,9.48283946516497));
#4342=CARTESIAN_POINT('',(7.61400000000003,-2.04222266143766,9.48283946516497));
#4343=CARTESIAN_POINT('',(6.81400000000003,-0.884999999999965,9.48283946516497));
#4344=CARTESIAN_POINT('',(3.67400000000006,-0.884999999999965,9.48283946516497));
#4345=CARTESIAN_POINT('',(6.81400000000003,-2.04222266143766,9.48283946516497));
#4346=CARTESIAN_POINT('Origin',(-5.10553729064699,-2.07999999999997,9.96834999940397));
#4347=CARTESIAN_POINT('',(-5.10553729064699,-1.94414999999997,9.96834999940397));
#4348=CARTESIAN_POINT('Origin',(1.31446270935301,-2.07999999999997,10.008349999404));
#4349=CARTESIAN_POINT('',(1.31446270935301,-1.94414999999997,10.008349999404));
#4350=CARTESIAN_POINT('Origin',(7.21400000000003,-0.884999999999965,8.52249999940396));
#4351=CARTESIAN_POINT('',(7.61400000000003,-0.884999999999966,7.52249999940396));
#4352=CARTESIAN_POINT('',(7.61400000000003,-0.884999999999965,8.52249999940396));
#4353=CARTESIAN_POINT('',(6.81400000000003,-0.884999999999966,7.52249999940396));
#4354=CARTESIAN_POINT('',(7.21400000000003,-0.884999999999966,7.52249999940396));
#4355=CARTESIAN_POINT('',(6.81400000000003,-0.884999999999965,8.52249999940396));
#4356=CARTESIAN_POINT('',(7.21446270935301,-0.884999999999965,8.25164999940397));
#4357=CARTESIAN_POINT('Origin',(7.21446270935301,-0.884999999999965,8.38749999940397));
#4358=CARTESIAN_POINT('Origin',(7.61400000000003,-1.88499999999997,8.52249999940396));
#4359=CARTESIAN_POINT('',(7.61400000000003,-2.88499999999997,9.42334999940396));
#4360=CARTESIAN_POINT('',(7.61400000000003,-2.88499999999997,8.52249999940396));
#4361=CARTESIAN_POINT('',(7.61400000000003,-0.984149999999965,9.42334999940396));
#4362=CARTESIAN_POINT('',(7.61400000000003,-1.93499999999997,9.42334999940396));
#4363=CARTESIAN_POINT('',(7.61400000000003,-0.984149999999966,7.52249999940396));
#4364=CARTESIAN_POINT('',(7.61400000000003,-0.984149999999965,8.47249999940396));
#4365=CARTESIAN_POINT('',(7.61400000000003,-1.88499999999997,7.52249999940396));
#4366=CARTESIAN_POINT('Origin',(7.21400000000003,-1.98499999999997,9.42334999940396));
#4367=CARTESIAN_POINT('',(6.81400000000003,-0.984149999999965,9.42334999940396));
#4368=CARTESIAN_POINT('',(6.81400000000003,-2.88499999999997,9.42334999940396));
#4369=CARTESIAN_POINT('',(6.81400000000003,-1.93499999999997,9.42334999940396));
#4370=CARTESIAN_POINT('',(7.21400000000003,-0.984149999999965,9.42334999940396));
#4371=CARTESIAN_POINT('',(7.21400000000003,-2.88499999999997,9.42334999940396));
#4372=CARTESIAN_POINT('',(7.21446270935301,-1.94414999999997,9.42334999940396));
#4373=CARTESIAN_POINT('Origin',(7.21446270935301,-2.07999999999997,9.42334999940396));
#4374=CARTESIAN_POINT('Origin',(7.21400000000003,-0.984149999999966,8.42249999940396));
#4375=CARTESIAN_POINT('',(6.81400000000003,-0.984149999999966,7.52249999940396));
#4376=CARTESIAN_POINT('',(6.81400000000003,-0.984149999999965,8.47249999940396));
#4377=CARTESIAN_POINT('',(7.21400000000003,-0.984149999999966,7.52249999940396));
#4378=CARTESIAN_POINT('',(7.21446270935301,-0.984149999999966,8.25164999940397));
#4379=CARTESIAN_POINT('Origin',(7.21446270935301,-0.984149999999966,8.38749999940397));
#4380=CARTESIAN_POINT('Origin',(7.21400000000003,-2.88499999999997,8.52249999940396));
#4381=CARTESIAN_POINT('',(6.81400000000003,-2.88499999999997,8.52249999940396));
#4382=CARTESIAN_POINT('Origin',(7.21446270935301,-0.49915,8.38749999940397));
#4383=CARTESIAN_POINT('',(7.21446270935301,-0.49915,8.25164999940397));
#4384=CARTESIAN_POINT('Origin',(7.21446270935301,-2.07999999999997,10.008349999404));
#4385=CARTESIAN_POINT('',(7.21446270935301,-1.94414999999997,10.008349999404));
#4386=CARTESIAN_POINT('Origin',(7.21400000000003,-1.88499999999997,7.52249999940396));
#4387=CARTESIAN_POINT('',(6.81400000000003,-1.88499999999997,7.52249999940396));
#4388=CARTESIAN_POINT('Origin',(6.81400000000003,-1.88499999999997,8.52249999940396));
#4389=CARTESIAN_POINT('Origin',(9.04250000000001,-0.884999999999968,3.52249999940396));
#4390=CARTESIAN_POINT('',(8.04250000000001,-0.884999999999968,3.12249999940396));
#4391=CARTESIAN_POINT('',(9.04250000000001,-0.884999999999968,3.12249999940396));
#4392=CARTESIAN_POINT('',(8.04250000000001,-0.884999999999968,3.92249999940396));
#4393=CARTESIAN_POINT('',(8.04250000000001,-0.884999999999968,3.52249999940396));
#4394=CARTESIAN_POINT('',(9.04250000000001,-0.884999999999968,3.92249999940396));
#4395=CARTESIAN_POINT('',(8.77165000000002,-0.884999999999968,3.52203729005098));
#4396=CARTESIAN_POINT('Origin',(8.90750000000002,-0.884999999999968,3.52203729005098));
#4397=CARTESIAN_POINT('Origin',(9.04250000000001,-1.88499999999997,3.12249999940396));
#4398=CARTESIAN_POINT('',(9.94335000000001,-2.88499999999997,3.12249999940396));
#4399=CARTESIAN_POINT('',(9.04250000000001,-2.88499999999997,3.12249999940396));
#4400=CARTESIAN_POINT('',(9.94335000000001,-0.984149999999969,3.12249999940396));
#4401=CARTESIAN_POINT('',(9.94335000000001,-1.93499999999997,3.12249999940396));
#4402=CARTESIAN_POINT('',(8.04250000000001,-0.984149999999969,3.12249999940396));
#4403=CARTESIAN_POINT('',(8.99250000000001,-0.984149999999969,3.12249999940396));
#4404=CARTESIAN_POINT('',(8.04250000000001,-1.88499999999997,3.12249999940396));
#4405=CARTESIAN_POINT('Origin',(9.94335000000001,-1.98499999999997,3.52249999940396));
#4406=CARTESIAN_POINT('',(9.94335000000001,-0.984149999999968,3.92249999940396));
#4407=CARTESIAN_POINT('',(9.94335000000001,-2.88499999999997,3.92249999940396));
#4408=CARTESIAN_POINT('',(9.94335000000001,-1.93499999999997,3.92249999940396));
#4409=CARTESIAN_POINT('',(9.94335000000001,-0.984149999999969,3.52249999940396));
#4410=CARTESIAN_POINT('',(9.94335000000001,-2.88499999999997,3.52249999940396));
#4411=CARTESIAN_POINT('',(9.94335000000001,-1.94414999999997,3.52203729005098));
#4412=CARTESIAN_POINT('Origin',(9.94335000000001,-2.07999999999997,3.52203729005098));
#4413=CARTESIAN_POINT('Origin',(8.94250000000001,-0.984149999999969,3.52249999940396));
#4414=CARTESIAN_POINT('',(8.04250000000001,-0.984149999999968,3.92249999940396));
#4415=CARTESIAN_POINT('',(8.99250000000001,-0.984149999999969,3.92249999940396));
#4416=CARTESIAN_POINT('',(8.04250000000001,-0.984149999999969,3.52249999940396));
#4417=CARTESIAN_POINT('',(8.77165000000002,-0.984149999999969,3.52203729005098));
#4418=CARTESIAN_POINT('Origin',(8.90750000000002,-0.984149999999969,3.52203729005098));
#4419=CARTESIAN_POINT('Origin',(9.04250000000001,-2.88499999999997,3.52249999940396));
#4420=CARTESIAN_POINT('',(9.04250000000001,-2.88499999999997,3.92249999940396));
#4421=CARTESIAN_POINT('Origin',(8.90750000000002,-0.499150000000003,3.52203729005098));
#4422=CARTESIAN_POINT('',(8.77165000000002,-0.499150000000003,3.52203729005098));
#4423=CARTESIAN_POINT('Origin',(10.52835,-2.07999999999997,3.52203729005098));
#4424=CARTESIAN_POINT('',(10.52835,-1.94414999999997,3.52203729005098));
#4425=CARTESIAN_POINT('Origin',(8.04250000000001,-1.88499999999997,3.52249999940396));
#4426=CARTESIAN_POINT('',(8.04250000000001,-1.88499999999997,3.92249999940396));
#4427=CARTESIAN_POINT('Origin',(9.04250000000001,-1.88499999999997,3.92249999940396));
#4428=CARTESIAN_POINT('Origin',(9.05,-0.884999999999965,6.26499999940397));
#4429=CARTESIAN_POINT('',(8.05,-0.884999999999966,5.86499999940397));
#4430=CARTESIAN_POINT('',(9.05,-0.884999999999966,5.86499999940397));
#4431=CARTESIAN_POINT('',(8.05,-0.884999999999965,6.66499999940397));
#4432=CARTESIAN_POINT('',(8.05,-0.884999999999965,6.26499999940397));
#4433=CARTESIAN_POINT('',(9.05,-0.884999999999965,6.66499999940397));
#4434=CARTESIAN_POINT('',(8.77915000000002,-0.884999999999965,6.26453729005099));
#4435=CARTESIAN_POINT('Origin',(8.91500000000002,-0.884999999999965,6.26453729005099));
#4436=CARTESIAN_POINT('Origin',(9.05,-1.88499999999997,5.86499999940397));
#4437=CARTESIAN_POINT('',(9.95085,-2.88499999999997,5.86499999940397));
#4438=CARTESIAN_POINT('',(9.05,-2.88499999999997,5.86499999940397));
#4439=CARTESIAN_POINT('',(9.95085,-0.984149999999966,5.86499999940397));
#4440=CARTESIAN_POINT('',(9.95085,-1.93499999999997,5.86499999940397));
#4441=CARTESIAN_POINT('',(8.05,-0.984149999999966,5.86499999940397));
#4442=CARTESIAN_POINT('',(9.,-0.984149999999966,5.86499999940397));
#4443=CARTESIAN_POINT('',(8.05,-1.88499999999997,5.86499999940397));
#4444=CARTESIAN_POINT('Origin',(9.95085,-1.98499999999997,6.26499999940397));
#4445=CARTESIAN_POINT('',(9.95085,-0.984149999999966,6.66499999940397));
#4446=CARTESIAN_POINT('',(9.95085,-2.88499999999997,6.66499999940397));
#4447=CARTESIAN_POINT('',(9.95085,-1.93499999999997,6.66499999940397));
#4448=CARTESIAN_POINT('',(9.95085,-0.984149999999966,6.26499999940397));
#4449=CARTESIAN_POINT('',(9.95085,-2.88499999999997,6.26499999940397));
#4450=CARTESIAN_POINT('',(9.95085,-1.94414999999997,6.26453729005099));
#4451=CARTESIAN_POINT('Origin',(9.95085,-2.07999999999997,6.26453729005099));
#4452=CARTESIAN_POINT('Origin',(8.95,-0.984149999999966,6.26499999940397));
#4453=CARTESIAN_POINT('',(8.05,-0.984149999999966,6.66499999940397));
#4454=CARTESIAN_POINT('',(9.,-0.984149999999966,6.66499999940397));
#4455=CARTESIAN_POINT('',(8.05,-0.984149999999966,6.26499999940397));
#4456=CARTESIAN_POINT('',(8.77915000000002,-0.984149999999966,6.26453729005099));
#4457=CARTESIAN_POINT('Origin',(8.91500000000002,-0.984149999999966,6.26453729005099));
#4458=CARTESIAN_POINT('Origin',(9.05,-2.88499999999997,6.26499999940397));
#4459=CARTESIAN_POINT('',(9.05,-2.88499999999997,6.66499999940397));
#4460=CARTESIAN_POINT('Origin',(8.91500000000002,-0.499150000000003,6.26453729005099));
#4461=CARTESIAN_POINT('',(8.77915000000002,-0.499150000000003,6.26453729005099));
#4462=CARTESIAN_POINT('Origin',(10.53585,-2.07999999999997,6.26453729005099));
#4463=CARTESIAN_POINT('',(10.53585,-1.94414999999997,6.26453729005099));
#4464=CARTESIAN_POINT('Origin',(8.05,-1.88499999999997,6.26499999940397));
#4465=CARTESIAN_POINT('',(8.05,-1.88499999999997,6.66499999940397));
#4466=CARTESIAN_POINT('Origin',(9.05,-1.88499999999997,6.66499999940397));
#4467=CARTESIAN_POINT('Origin',(2.13715884691768,-1.41361639709108,1.63749999940396));
#4468=CARTESIAN_POINT('',(2.2160728634121,-1.54946639709108,1.63749999940396));
#4469=CARTESIAN_POINT('Origin',(2.2160728634121,-1.41361639709108,1.63749999940396));
#4470=CARTESIAN_POINT('',(2.5160728634121,-1.54946639709108,1.63749999940396));
#4471=CARTESIAN_POINT('',(2.13715884691768,-1.54946639709108,1.63749999940396));
#4472=CARTESIAN_POINT('Origin',(2.5160728634121,-1.41361639709108,1.63749999940396));
#4473=CARTESIAN_POINT('Origin',(2.13715884691768,-1.40861639709108,0.407499999403957));
#4474=CARTESIAN_POINT('',(2.2160728634121,-1.54446639709108,0.407499999403957));
#4475=CARTESIAN_POINT('Origin',(2.2160728634121,-1.40861639709108,0.407499999403957));
#4476=CARTESIAN_POINT('',(2.5160728634121,-1.54446639709108,0.407499999403957));
#4477=CARTESIAN_POINT('',(2.13715884691768,-1.54446639709108,0.407499999403957));
#4478=CARTESIAN_POINT('Origin',(2.5160728634121,-1.40861639709108,0.407499999403957));
#4479=CARTESIAN_POINT('Origin',(2.5160728634121,-1.86623688721976,1.10250000059605));
#4480=CARTESIAN_POINT('',(2.5160728634121,-2.89499999999997,2.10250000059605));
#4481=CARTESIAN_POINT('',(2.5160728634121,-2.89499999999998,1.10250000059605));
#4482=CARTESIAN_POINT('',(2.5160728634121,-0.83747377443954,2.10250000059605));
#4483=CARTESIAN_POINT('',(2.5160728634121,-0.83747377443954,1.10250000059605));
#4484=CARTESIAN_POINT('',(2.5160728634121,-1.86623688721976,2.10250000059605));
#4485=CARTESIAN_POINT('Origin',(2.2160728634121,-1.86623688721976,1.10250000059605));
#4486=CARTESIAN_POINT('',(2.2160728634121,-2.89499999999997,2.10250000059605));
#4487=CARTESIAN_POINT('',(2.2160728634121,-2.89499999999998,1.10250000059605));
#4488=CARTESIAN_POINT('',(2.2160728634121,-0.83747377443954,2.10250000059605));
#4489=CARTESIAN_POINT('',(2.2160728634121,-1.86623688721976,2.10250000059605));
#4490=CARTESIAN_POINT('',(2.2160728634121,-0.83747377443954,1.10250000059605));
#4491=CARTESIAN_POINT('Origin',(2.3660728634121,-0.83747377443954,1.10250000059605));
#4492=CARTESIAN_POINT('',(2.3660728634121,-0.83747377443954,2.10250000059605));
#4493=CARTESIAN_POINT('Origin',(2.3660728634121,-1.86623688721976,2.10250000059605));
#4494=CARTESIAN_POINT('',(2.3660728634121,-2.89499999999997,2.10250000059605));
#4495=CARTESIAN_POINT('Origin',(2.3660728634121,-2.89499999999998,1.10250000059605));
#4496=CARTESIAN_POINT('Origin',(-9.16284115308232,-1.41361639709108,1.63749999940395));
#4497=CARTESIAN_POINT('',(-9.0339271365879,-1.54946639709108,1.63749999940395));
#4498=CARTESIAN_POINT('Origin',(-9.0339271365879,-1.41361639709108,1.63749999940395));
#4499=CARTESIAN_POINT('',(-8.7339271365879,-1.54946639709108,1.63749999940395));
#4500=CARTESIAN_POINT('',(-9.16284115308232,-1.54946639709108,1.63749999940395));
#4501=CARTESIAN_POINT('Origin',(-8.7339271365879,-1.41361639709108,1.63749999940395));
#4502=CARTESIAN_POINT('Origin',(-9.17284115308233,-1.40361639709107,0.407499999403956));
#4503=CARTESIAN_POINT('',(-9.0339271365879,-1.53946639709107,0.407499999403956));
#4504=CARTESIAN_POINT('Origin',(-9.0339271365879,-1.40361639709107,0.407499999403956));
#4505=CARTESIAN_POINT('',(-8.7339271365879,-1.53946639709107,0.407499999403956));
#4506=CARTESIAN_POINT('',(-9.17284115308233,-1.53946639709107,0.407499999403956));
#4507=CARTESIAN_POINT('Origin',(-8.7339271365879,-1.40361639709107,0.407499999403956));
#4508=CARTESIAN_POINT('Origin',(-8.7339271365879,-1.86623688721976,1.10250000059605));
#4509=CARTESIAN_POINT('',(-8.7339271365879,-2.89499999999997,2.10250000059605));
#4510=CARTESIAN_POINT('',(-8.7339271365879,-2.89499999999998,1.10250000059605));
#4511=CARTESIAN_POINT('',(-8.7339271365879,-0.83747377443954,2.10250000059605));
#4512=CARTESIAN_POINT('',(-8.7339271365879,-0.83747377443954,1.10250000059605));
#4513=CARTESIAN_POINT('',(-8.7339271365879,-1.86623688721976,2.10250000059605));
#4514=CARTESIAN_POINT('Origin',(-9.0339271365879,-1.86623688721976,1.10250000059605));
#4515=CARTESIAN_POINT('',(-9.0339271365879,-2.89499999999997,2.10250000059605));
#4516=CARTESIAN_POINT('',(-9.0339271365879,-2.89499999999998,1.10250000059605));
#4517=CARTESIAN_POINT('',(-9.0339271365879,-0.83747377443954,2.10250000059605));
#4518=CARTESIAN_POINT('',(-9.0339271365879,-1.86623688721976,2.10250000059605));
#4519=CARTESIAN_POINT('',(-9.0339271365879,-0.83747377443954,1.10250000059605));
#4520=CARTESIAN_POINT('Origin',(-8.8839271365879,-0.83747377443954,1.10250000059605));
#4521=CARTESIAN_POINT('',(-8.8839271365879,-0.83747377443954,2.10250000059605));
#4522=CARTESIAN_POINT('Origin',(-8.8839271365879,-1.86623688721976,2.10250000059605));
#4523=CARTESIAN_POINT('',(-8.8839271365879,-2.89499999999997,2.10250000059605));
#4524=CARTESIAN_POINT('Origin',(-8.8839271365879,-2.89499999999998,1.10250000059605));
#4525=CARTESIAN_POINT('Origin',(-9.3729259860339,-2.15675003051755,0.347521147024955));
#4526=CARTESIAN_POINT('',(-9.3729259860339,-0.818500061035128,0.597521147024955));
#4527=CARTESIAN_POINT('',(-9.3729259860339,-0.818500061035129,0.347521147024955));
#4528=CARTESIAN_POINT('',(-9.3729259860339,-3.49499999999997,0.597521147024956));
#4529=CARTESIAN_POINT('',(-9.3729259860339,-2.15675003051755,0.597521147024955));
#4530=CARTESIAN_POINT('',(-9.3729259860339,-3.49499999999997,0.347521147024956));
#4531=CARTESIAN_POINT('Origin',(-9.6229259860339,-0.818500061035128,0.347521147024955));
#4532=CARTESIAN_POINT('',(-9.6229259860339,-0.818500061035128,0.597521147024955));
#4533=CARTESIAN_POINT('Origin',(-9.5849992151223,-2.39414999999997,0.349811908013304));
#4534=CARTESIAN_POINT('',(-9.7208492151223,-3.49499999999997,0.349811908013304));
#4535=CARTESIAN_POINT('Origin',(-9.5849992151223,-3.49499999999997,0.349811908013304));
#4536=CARTESIAN_POINT('',(-9.7208492151223,-2.39414999999997,0.349811908013304));
#4537=CARTESIAN_POINT('',(-9.7208492151223,-2.39414999999997,0.349811908013304));
#4538=CARTESIAN_POINT('Origin',(-9.5849992151223,-2.39414999999997,0.349811908013304));
#4539=CARTESIAN_POINT('Origin',(-9.5849992151223,-2.39414999999997,0.349811908013304));
#4540=CARTESIAN_POINT('Origin',(-9.6229259860339,-2.15675003051755,0.597521147024955));
#4541=CARTESIAN_POINT('',(-9.6229259860339,-3.49499999999997,0.597521147024956));
#4542=CARTESIAN_POINT('Origin',(-9.6229259860339,-3.49499999999997,0.347521147024956));
#4543=CARTESIAN_POINT('Origin',(9.52707401396611,-2.15675003051755,9.27252114702496));
#4544=CARTESIAN_POINT('',(9.52707401396611,-0.818500061035127,9.02252114702496));
#4545=CARTESIAN_POINT('',(9.52707401396611,-0.818500061035127,9.27252114702496));
#4546=CARTESIAN_POINT('',(9.52707401396611,-3.49499999999997,9.02252114702496));
#4547=CARTESIAN_POINT('',(9.52707401396611,-2.15675003051755,9.02252114702496));
#4548=CARTESIAN_POINT('',(9.52707401396611,-3.49499999999997,9.27252114702496));
#4549=CARTESIAN_POINT('Origin',(9.77707401396611,-0.818500061035127,9.27252114702496));
#4550=CARTESIAN_POINT('',(9.77707401396611,-0.818500061035127,9.02252114702496));
#4551=CARTESIAN_POINT('Origin',(9.81500078487771,-2.39414999999997,9.27481190801331));
#4552=CARTESIAN_POINT('',(9.67915078487771,-3.49499999999997,9.27481190801331));
#4553=CARTESIAN_POINT('Origin',(9.81500078487771,-3.49499999999997,9.27481190801331));
#4554=CARTESIAN_POINT('',(9.67915078487771,-2.39414999999997,9.27481190801331));
#4555=CARTESIAN_POINT('',(9.67915078487771,-2.39414999999997,9.27481190801331));
#4556=CARTESIAN_POINT('Origin',(9.81500078487771,-2.39414999999997,9.27481190801331));
#4557=CARTESIAN_POINT('Origin',(9.81500078487771,-2.39414999999997,9.27481190801331));
#4558=CARTESIAN_POINT('Origin',(9.77707401396611,-2.15675003051755,9.02252114702496));
#4559=CARTESIAN_POINT('',(9.77707401396611,-3.49499999999997,9.02252114702496));
#4560=CARTESIAN_POINT('Origin',(9.77707401396611,-3.49499999999997,9.27252114702496));
#4561=CARTESIAN_POINT('Origin',(-9.37292598603389,-2.15675003051755,9.24752114702496));
#4562=CARTESIAN_POINT('',(-9.37292598603389,-3.49499999999997,8.99752114702496));
#4563=CARTESIAN_POINT('',(-9.37292598603389,-3.49499999999997,9.24752114702496));
#4564=CARTESIAN_POINT('',(-9.37292598603389,-0.818500061035129,8.99752114702496));
#4565=CARTESIAN_POINT('',(-9.37292598603389,-2.15675003051755,8.99752114702496));
#4566=CARTESIAN_POINT('',(-9.37292598603389,-0.818500061035129,9.24752114702496));
#4567=CARTESIAN_POINT('Origin',(-9.62292598603389,-3.49499999999997,9.24752114702496));
#4568=CARTESIAN_POINT('',(-9.62292598603389,-3.49499999999997,8.99752114702496));
#4569=CARTESIAN_POINT('',(-9.7208492151223,-3.49499999999997,9.24981190801331));
#4570=CARTESIAN_POINT('Origin',(-9.5849992151223,-3.49499999999997,9.24981190801331));
#4571=CARTESIAN_POINT('Origin',(-9.58499921512229,-2.39414999999997,9.24981190801331));
#4572=CARTESIAN_POINT('',(-9.7208492151223,-2.39414999999997,9.24981190801331));
#4573=CARTESIAN_POINT('',(-9.72084921512229,-2.39414999999997,9.24981190801331));
#4574=CARTESIAN_POINT('Origin',(-9.58499921512229,-2.39414999999997,9.24981190801331));
#4575=CARTESIAN_POINT('Origin',(-9.58499921512229,-2.39414999999997,9.24981190801331));
#4576=CARTESIAN_POINT('Origin',(-9.62292598603389,-2.15675003051755,8.99752114702496));
#4577=CARTESIAN_POINT('',(-9.62292598603389,-0.818500061035128,8.99752114702496));
#4578=CARTESIAN_POINT('Origin',(-9.62292598603389,-0.818500061035128,9.24752114702496));
#4579=CARTESIAN_POINT('Origin',(9.52707401396611,-2.15675003051755,0.347521147024959));
#4580=CARTESIAN_POINT('',(9.52707401396611,-3.49499999999997,0.59752114702496));
#4581=CARTESIAN_POINT('',(9.52707401396611,-3.49499999999997,0.34752114702496));
#4582=CARTESIAN_POINT('',(9.52707401396611,-0.818500061035129,0.597521147024959));
#4583=CARTESIAN_POINT('',(9.52707401396611,-2.15675003051755,0.59752114702496));
#4584=CARTESIAN_POINT('',(9.52707401396611,-0.818500061035129,0.347521147024959));
#4585=CARTESIAN_POINT('Origin',(9.77707401396611,-3.49499999999998,0.34752114702496));
#4586=CARTESIAN_POINT('',(9.77707401396611,-3.49499999999998,0.59752114702496));
#4587=CARTESIAN_POINT('',(9.67915078487771,-3.49499999999998,0.349811908013308));
#4588=CARTESIAN_POINT('Origin',(9.81500078487771,-3.49499999999998,0.349811908013308));
#4589=CARTESIAN_POINT('Origin',(9.81500078487771,-2.39414999999997,0.349811908013308));
#4590=CARTESIAN_POINT('',(9.67915078487771,-2.39414999999997,0.349811908013308));
#4591=CARTESIAN_POINT('',(9.67915078487771,-2.39414999999997,0.349811908013308));
#4592=CARTESIAN_POINT('Origin',(9.81500078487771,-2.39414999999997,0.349811908013308));
#4593=CARTESIAN_POINT('Origin',(9.81500078487771,-2.39414999999997,0.349811908013308));
#4594=CARTESIAN_POINT('Origin',(9.77707401396611,-2.15675003051755,0.59752114702496));
#4595=CARTESIAN_POINT('',(9.77707401396611,-0.81850006103513,0.597521147024959));
#4596=CARTESIAN_POINT('Origin',(9.77707401396611,-0.81850006103513,0.347521147024959));
#4597=CARTESIAN_POINT('Origin',(-5.10599999999997,-1.98499999999997,9.38334999940395));
#4598=CARTESIAN_POINT('',(-5.50599999999997,-0.984149999999965,9.38334999940395));
#4599=CARTESIAN_POINT('',(-5.50599999999997,-2.88499999999997,9.38334999940395));
#4600=CARTESIAN_POINT('',(-5.50599999999997,-1.93499999999997,9.38334999940395));
#4601=CARTESIAN_POINT('',(-4.70599999999998,-0.984149999999965,9.38334999940395));
#4602=CARTESIAN_POINT('',(-5.10599999999997,-0.984149999999965,9.38334999940395));
#4603=CARTESIAN_POINT('',(-4.70599999999998,-2.88499999999997,9.38334999940395));
#4604=CARTESIAN_POINT('',(-4.70599999999998,-1.93499999999997,9.38334999940395));
#4605=CARTESIAN_POINT('',(-5.10599999999997,-2.88499999999997,9.38334999940396));
#4606=CARTESIAN_POINT('',(-5.10553729064699,-1.94414999999997,9.38334999940395));
#4607=CARTESIAN_POINT('Origin',(-5.10553729064699,-2.07999999999997,9.38334999940395));
#4608=CARTESIAN_POINT('Origin',(-5.10599999999997,-0.984149999999966,8.38249999940395));
#4609=CARTESIAN_POINT('',(-5.50599999999997,-0.984149999999966,7.48249999940395));
#4610=CARTESIAN_POINT('',(-5.50599999999997,-0.984149999999965,8.43249999940396));
#4611=CARTESIAN_POINT('',(-4.70599999999998,-0.984149999999966,7.48249999940395));
#4612=CARTESIAN_POINT('',(-5.10599999999997,-0.984149999999966,7.48249999940395));
#4613=CARTESIAN_POINT('',(-4.70599999999998,-0.984149999999965,8.43249999940396));
#4614=CARTESIAN_POINT('',(-5.10553729064699,-0.984149999999966,8.21164999940397));
#4615=CARTESIAN_POINT('Origin',(-5.10553729064699,-0.984149999999966,8.34749999940397));
#4616=CARTESIAN_POINT('Origin',(-5.10599999999997,-2.88499999999997,8.48249999940395));
#4617=CARTESIAN_POINT('',(-4.70599999999998,-2.88499999999997,9.48249999940395));
#4618=CARTESIAN_POINT('',(-4.70599999999998,-2.88499999999997,8.48249999940395));
#4619=CARTESIAN_POINT('',(-5.50599999999997,-2.88499999999997,9.48249999940395));
#4620=CARTESIAN_POINT('',(-5.10599999999997,-2.88499999999997,9.48249999940395));
#4621=CARTESIAN_POINT('',(-5.50599999999997,-2.88499999999997,8.48249999940395));
#4622=CARTESIAN_POINT('Origin',(-4.70599999999998,-1.88499999999997,8.48249999940395));
#4623=CARTESIAN_POINT('',(-4.70599999999998,-0.884999999999966,7.48249999940395));
#4624=CARTESIAN_POINT('',(-4.70599999999998,-1.88499999999997,7.48249999940395));
#4625=CARTESIAN_POINT('',(-4.70599999999998,-0.884999999999965,9.48249999940395));
#4626=CARTESIAN_POINT('',(-4.70599999999998,-0.884999999999965,8.48249999940395));
#4627=CARTESIAN_POINT('',(-4.70599999999998,-1.88499999999997,9.48249999940395));
#4628=CARTESIAN_POINT('Origin',(-5.10553729064699,-0.49915,8.34749999940397));
#4629=CARTESIAN_POINT('',(-5.10553729064699,-0.884999999999965,8.21164999940397));
#4630=CARTESIAN_POINT('',(-5.10553729064699,-0.49915,8.21164999940397));
#4631=CARTESIAN_POINT('Origin',(-5.10553729064699,-0.884999999999965,8.34749999940397));
#4632=CARTESIAN_POINT('Origin',(-5.10553729064699,-2.07999999999997,9.96834999940397));
#4633=CARTESIAN_POINT('',(-5.10553729064699,-1.94414999999997,9.48249999940395));
#4634=CARTESIAN_POINT('',(-5.10553729064699,-1.94414999999997,9.96834999940397));
#4635=CARTESIAN_POINT('Origin',(-5.10553729064699,-2.07999999999997,9.48249999940395));
#4636=CARTESIAN_POINT('Origin',(-5.10599999999997,-1.88499999999997,9.48249999940395));
#4637=CARTESIAN_POINT('',(-5.50599999999997,-0.884999999999965,9.48249999940395));
#4638=CARTESIAN_POINT('',(-5.10599999999997,-0.884999999999965,9.48249999940395));
#4639=CARTESIAN_POINT('',(-5.50599999999997,-1.88499999999997,9.48249999940395));
#4640=CARTESIAN_POINT('Origin',(-5.10599999999997,-1.88499999999997,7.48249999940395));
#4641=CARTESIAN_POINT('',(-5.50599999999997,-0.884999999999966,7.48249999940395));
#4642=CARTESIAN_POINT('',(-5.50599999999997,-1.88499999999997,7.48249999940395));
#4643=CARTESIAN_POINT('',(-5.10599999999997,-0.884999999999966,7.48249999940395));
#4644=CARTESIAN_POINT('Origin',(-5.50599999999997,-1.88499999999997,8.48249999940395));
#4645=CARTESIAN_POINT('',(-5.50599999999997,-0.884999999999965,8.48249999940395));
#4646=CARTESIAN_POINT('Origin',(-5.10599999999997,-0.884999999999965,8.48249999940395));
#4647=CARTESIAN_POINT('',(0.,0.,0.));
#4648=UNCERTAINTY_MEASURE_WITH_UNIT(LENGTH_MEASURE(0.001),#4654,
'DISTANCE_ACCURACY_VALUE',
'Maximum model space distance between geometric entities at asserted c
onnectivities');
#4649=UNCERTAINTY_MEASURE_WITH_UNIT(LENGTH_MEASURE(0.001),#4654,
'DISTANCE_ACCURACY_VALUE',
'Maximum model space distance between geometric entities at asserted c
onnectivities');
#4650=UNCERTAINTY_MEASURE_WITH_UNIT(LENGTH_MEASURE(0.001),#4654,
'DISTANCE_ACCURACY_VALUE',
'Maximum model space distance between geometric entities at asserted c
onnectivities');
#4651=(
GEOMETRIC_REPRESENTATION_CONTEXT(3)
GLOBAL_UNCERTAINTY_ASSIGNED_CONTEXT((#4648))
GLOBAL_UNIT_ASSIGNED_CONTEXT((#4654,#4656,#4657))
REPRESENTATION_CONTEXT('','3D')
);
#4652=(
GEOMETRIC_REPRESENTATION_CONTEXT(3)
GLOBAL_UNCERTAINTY_ASSIGNED_CONTEXT((#4649))
GLOBAL_UNIT_ASSIGNED_CONTEXT((#4654,#4656,#4657))
REPRESENTATION_CONTEXT('','3D')
);
#4653=(
GEOMETRIC_REPRESENTATION_CONTEXT(3)
GLOBAL_UNCERTAINTY_ASSIGNED_CONTEXT((#4650))
GLOBAL_UNIT_ASSIGNED_CONTEXT((#4654,#4656,#4657))
REPRESENTATION_CONTEXT('','3D')
);
#4654=(
LENGTH_UNIT()
NAMED_UNIT(*)
SI_UNIT(.CENTI.,.METRE.)
);
#4655=(
LENGTH_UNIT()
NAMED_UNIT(*)
SI_UNIT($,.METRE.)
);
#4656=(
NAMED_UNIT(*)
PLANE_ANGLE_UNIT()
SI_UNIT($,.RADIAN.)
);
#4657=(
NAMED_UNIT(*)
SI_UNIT($,.STERADIAN.)
SOLID_ANGLE_UNIT()
);
#4658=SHAPE_DEFINITION_REPRESENTATION(#4660,#4663);
#4659=SHAPE_DEFINITION_REPRESENTATION(#4661,#4664);
#4660=PRODUCT_DEFINITION_SHAPE('',$,#4666);
#4661=PRODUCT_DEFINITION_SHAPE('',$,#4667);
#4662=PRODUCT_DEFINITION_SHAPE($,$,#14);
#4663=SHAPE_REPRESENTATION('',(#2896,#3104),#4651);
#4664=SHAPE_REPRESENTATION('',(#2897),#4652);
#4665=PRODUCT_DEFINITION_CONTEXT('part definition',#4673,'design');
#4666=PRODUCT_DEFINITION('2026-06-09-11-44-54-264','(Unsaved)',#4668,#4665);
#4667=PRODUCT_DEFINITION('2026-06-09-11-44-59-925','Component1',#4669,#4665);
#4668=PRODUCT_DEFINITION_FORMATION('',$,#4675);
#4669=PRODUCT_DEFINITION_FORMATION('',$,#4676);
#4670=PRODUCT_RELATED_PRODUCT_CATEGORY('(Unsaved)','(Unsaved)',(#4675));
#4671=PRODUCT_RELATED_PRODUCT_CATEGORY('Component1','Component1',(#4676));
#4672=APPLICATION_PROTOCOL_DEFINITION('international standard',
'automotive_design',2009,#4673);
#4673=APPLICATION_CONTEXT(
'Core Data for Automotive Mechanical Design Process');
#4674=PRODUCT_CONTEXT('part definition',#4673,'mechanical');
#4675=PRODUCT('2026-06-09-11-44-54-264','(Unsaved)',$,(#4674));
#4676=PRODUCT('2026-06-09-11-44-59-925','Component1',$,(#4674));
#4677=PRESENTATION_STYLE_ASSIGNMENT((#4679));
#4678=PRESENTATION_STYLE_ASSIGNMENT((#4680));
#4679=SURFACE_STYLE_USAGE(.BOTH.,#4681);
#4680=SURFACE_STYLE_USAGE(.BOTH.,#4682);
#4681=SURFACE_SIDE_STYLE('',(#4683));
#4682=SURFACE_SIDE_STYLE('',(#4684));
#4683=SURFACE_STYLE_FILL_AREA(#4685);
#4684=SURFACE_STYLE_FILL_AREA(#4686);
#4685=FILL_AREA_STYLE('Steel - Satin',(#4687));
#4686=FILL_AREA_STYLE('Base Material - Opaque',(#4688));
#4687=FILL_AREA_STYLE_COLOUR('Steel - Satin',#4689);
#4688=FILL_AREA_STYLE_COLOUR('Base Material - Opaque',#4690);
#4689=COLOUR_RGB('Steel - Satin',0.627450980392157,0.627450980392157,0.627450980392157);
#4690=COLOUR_RGB('Base Material - Opaque',0.380392156862745,0.403921568627451,
0.415686274509804);
ENDSEC;
END-ISO-10303-21;
